id,sales
3000888,3.452433801463881
3000889,0.019444087114667608
3000890,4.33085911504709
3000891,2268.9958526651635
3000892,0.01873097708282679
3000893,394.8288593134859
3000894,9.364525650961447
3000895,767.3843787074587
3000896,798.0304889338945
3000897,146.43458807120965
3000898,137.9768784019871
3000899,136.19618449736723
3000900,2802.7704947727284
3000901,19.056331234553756
3000902,1.2669515626009238
3000903,27.67096755947295
3000904,30.17269995383
3000905,0.03278187398002303
3000906,193.89401371226222
3000907,11.604129188225272
3000908,27.17014271097052
3000909,10.995996226384971
3000910,104.029801137255
3000911,4.560191239135406
3000912,289.77222689838794
3000913,197.7699280030568
3000914,3.2497029331688827
3000915,9.224029773252
3000916,294.75104183070636
3000917,59.41053800894272
3000918,4111.530977336462
3000919,242.07439273189578
3000920,22.13087457274521
3000921,1.312293855840077
3000922,0.001207603765528142
3000923,3.2013269072237485
3000924,1144.1771224822471
3000925,0.0005072503128721455
3000926,89.96580119317237
3000927,2.632975155731846
3000928,675.2048620441915
3000929,390.6842526147348
3000930,223.94358610156777
3000931,35.0894766224399
3000932,28.654541764896056
3000933,2535.802286344712
3000934,2.9384959384664815
3000935,0.284490475141592
3000936,8.144466064920524
3000937,10.801724056412617
3000938,0.11885057357568636
3000939,164.73802930970672
3000940,2.9561982525510704
3000941,441.55137370604956
3000942,6.0311430113567255
3000943,19.440509721988047
3000944,0.3142686097405851
3000945,163.7703688217057
3000946,164.96904988097023
3000947,0.5735555416918743
3000948,2.1569016419788904
3000949,124.55961566767418
3000950,20.19578169286718
3000951,254.73056221350274
3000952,17.448692627096946
3000953,2.65352263729032
3000954,4.724168980947659
3000955,0.18192557665736125
3000956,4.7288735744205335
3000957,4158.858779657288
3000958,0.0005068116449954122
3000959,808.0140778089154
3000960,11.708537067169138
3000961,1913.2399269267496
3000962,668.2908058529837
3000963,461.5451560395885
3000964,207.03813819106873
3000965,71.17425062487301
3000966,7446.57451897837
3000967,20.351636339835558
3000968,0.49531549610299086
3000969,24.325572071378062
3000970,19.089961202144547
3000971,0.033825259280191346
3000972,495.8886732560201
3000973,6.04981870584313
3000974,8.607732371582095
3000975,9.125782137452378
3000976,39.57939324343658
3000977,1.843525907999986
3000978,673.6679560399155
3000979,392.0658360552833
3000980,1.6887839281626862
3000981,14.441571114881986
3000982,420.2885166524436
3000983,99.3741750463908
3000984,1573.867430572621
3000985,28.26312416781244
3000986,6.104863810378704
3000987,4.347990006497164
3000988,0.0020839603532875235
3000989,2.539450817018266
3000990,1442.6412650887019
3000991,0.0013933631256577968
3000992,188.94448621385698
3000993,8.360388929982513
3000994,787.8351346885041
3000995,443.3651624303357
3000996,188.96502346545307
3000997,39.993220494657784
3000998,30.340765493291695
3000999,2699.9968476682575
3001000,6.066762327797068
3001001,0.26789790037055705
3001002,12.30235687189433
3001003,21.56559435085795
3001004,0.024947859865320745
3001005,169.13018038274848
3001006,5.687571972688602
3001007,463.60898474924386
3001008,8.176071432049914
3001009,40.63249062945659
3001010,1.4795833941824057
3001011,132.30243588570002
3001012,177.94350297732825
3001013,1.1174911082421848
3001014,5.2736882389814905
3001015,142.8501954352565
3001016,33.50078102103728
3001017,374.46107685959873
3001018,16.43617757531852
3001019,2.2309061802285775
3001020,3.136148597439675
3001021,6.962632354359158e-05
3001022,4.286881912390649
3001023,1336.421928624662
3001024,0.0
3001025,106.75767351656165
3001026,4.512809807199774
3001027,632.6437217699389
3001028,306.1623290126866
3001029,151.89060865047134
3001030,44.468671619022274
3001031,26.515336861693523
3001032,2710.7716003352116
3001033,5.829796459713272
3001034,0.14115648882994516
3001035,10.762738107323239
3001036,10.762969271544604
3001037,0.010124672797610687
3001038,134.7158305149307
3001039,0.8417556371348984
3001040,463.6665292646882
3001041,4.090289863186332
3001042,36.88179815761021
3001043,0.6974142898125797
3001044,110.5665108909994
3001045,185.61682979733527
3001046,0.3885641271373572
3001047,3.8892131137582666
3001048,60.52900598328107
3001049,18.392561602510206
3001050,211.7062971926637
3001051,17.119203261474212
3001052,0.810660774863909
3001053,2.786921188460002
3001054,0.0
3001055,2.926212413774499
3001056,1656.2420852632615
3001057,0.0
3001058,170.04967135299344
3001059,6.793128594025244
3001060,861.4453992752749
3001061,487.7188376260961
3001062,244.33299579551732
3001063,29.93883948374119
3001064,32.17577929503411
3001065,2911.6269503222193
3001066,3.4410865928350143
3001067,0.060770450413268624
3001068,8.641124741196563
3001069,19.890721160913593
3001070,0.007599665225217438
3001071,182.71855838526545
3001072,0.7081206434991034
3001073,485.86837356616354
3001074,5.665322372509666
3001075,25.08243596390482
3001076,2.1986344751792277
3001077,139.67144219071824
3001078,274.11239035969083
3001079,0.6679797101865923
3001080,4.410370788445268
3001081,65.43207974149676
3001082,83.52972196978703
3001083,432.5887739502161
3001084,13.147976270824644
3001085,3.6560137824877064
3001086,2.9961113045224956
3001087,0.8178080565202481
3001088,4.346510261128793
3001089,1576.8723363843628
3001090,0.00856586338569185
3001091,147.89733600963365
3001092,3.234330911977377
3001093,777.4464007719729
3001094,418.7080750057381
3001095,238.8328453487479
3001096,94.19725811614138
3001097,56.092604544204164
3001098,2892.0955975666543
3001099,5.0205881707684625
3001100,0.8723244115361741
3001101,12.863258110211325
3001102,20.931522190709202
3001103,0.03407559977280208
3001104,210.09221707450362
3001105,7.186489352477585
3001106,459.5698873033211
3001107,8.123210117247938
3001108,25.788221697646357
3001109,1.3594491717636275
3001110,129.56787396566497
3001111,181.96281272415553
3001112,0.7175851224254883
3001113,4.65484139576332
3001114,104.81325787963041
3001115,43.000765221835316
3001116,778.1040235491533
3001117,16.022710707265976
3001118,3.8863345411758043
3001119,3.3341664343308164
3001120,0.18059534708541725
3001121,1.9733449964852534
3001122,1231.6829789615826
3001123,0.0
3001124,144.61652014077603
3001125,3.3889051280680302
3001126,724.1618544243789
3001127,259.7164948349474
3001128,146.50557612986339
3001129,104.58903775380895
3001130,26.983005776757736
3001131,2095.2765240525414
3001132,4.06813844151391
3001133,0.04896773214085013
3001134,13.850220673326934
3001135,17.100192817223466
3001136,0.024372211312136762
3001137,146.72819023727118
3001138,0.0
3001139,441.44777982760894
3001140,6.746155703261993
3001141,24.22231899311642
3001142,0.787909822820734
3001143,54.35931386084833
3001144,132.58921258177577
3001145,0.8105276986209726
3001146,2.072869889087627
3001147,63.963667751878205
3001148,33.1610139621219
3001149,528.6007363109766
3001150,205.23344066452063
3001151,0.9410140017470774
3001152,5.2064990447746595
3001153,0.2957802546979754
3001154,3.5443469950501987
3001155,2474.4168880025495
3001156,0.00013183459095356952
3001157,312.0630092042123
3001158,3.9321293645673716
3001159,1041.719951019713
3001160,984.0757661444986
3001161,434.62156779072785
3001162,148.25098957232635
3001163,86.53044498078688
3001164,3981.231470185359
3001165,9.335593405992642
3001166,0.7155494258825428
3001167,23.506346874801686
3001168,25.0385875076196
3001169,0.009649545831324468
3001170,255.49207707125328
3001171,0.028050032269591
3001172,475.62409866514867
3001173,13.276621194353597
3001174,37.03098265079871
3001175,3.342837036177153
3001176,237.36645478609762
3001177,234.6502542619547
3001178,1.8121381700314427
3001179,6.865653520371443
3001180,285.9063751047541
3001181,49.19200925881132
3001182,1525.2395738647342
3001183,54.68972719206993
3001184,8.5153155751712
3001185,2.7879594340091884
3001186,0.7105243343090863
3001187,3.9792487633027323
3001188,1833.6916247333302
3001189,0.0
3001190,498.5799034088851
3001191,6.119439133114863
3001192,504.1496878124116
3001193,630.3049773104827
3001194,190.04882100031082
3001195,141.28676729534453
3001196,41.95625593168673
3001197,2601.1079566064586
3001198,9.152223770811089
3001199,0.6561781819142829
3001200,17.382365348214226
3001201,23.283908552120348
3001202,0.010564322251025745
3001203,168.50022801215673
3001204,6.1847117102256775
3001205,11.377592245002447
3001206,9.728555315558113
3001207,58.740958678699
3001208,1.864455032271883
3001209,74.65959393522775
3001210,144.54649484216046
3001211,2.3724902174594935
3001212,4.794787996828097
3001213,140.76849279919912
3001214,55.51843205641449
3001215,1787.370011798578
3001216,33.42832798670313
3001217,9.356017994935897
3001218,4.841275593409584
3001219,0.30931734315157444
3001220,3.505030392382185
3001221,2303.0914436222192
3001222,0.0014736818932773105
3001223,152.0439299237261
3001224,5.789999945975575
3001225,768.732070160132
3001226,357.0640200198701
3001227,270.8023121695335
3001228,47.4301143806126
3001229,37.52245902872281
3001230,2964.484496715806
3001231,8.747248095006254
3001232,0.8977379905162499
3001233,12.713930783535286
3001234,16.17833321192518
3001235,0.16516142372587578
3001236,166.71159798761605
3001237,5.1071632325919625
3001238,454.6225955679078
3001239,6.836673557021803
3001240,33.98815949955442
3001241,2.4917540644425973
3001242,117.66593062914633
3001243,165.12689878657554
3001244,1.083183468935463
3001245,4.315546331652895
3001246,76.66340639935953
3001247,21.96917485038021
3001248,447.58957799891226
3001249,15.904325363165405
3001250,3.8860679776096116
3001251,5.008642659400771
3001252,0.002224315495467806
3001253,7.6246811046249015
3001254,2515.7600757419627
3001255,0.001533621540541859
3001256,628.7107489819714
3001257,8.85731708452726
3001258,786.8789991208879
3001259,775.4602017808435
3001260,214.66911671977695
3001261,149.28536841015747
3001262,93.79444877216105
3001263,3401.7642774317583
3001264,29.201100194348786
3001265,0.9307676220553236
3001266,18.553038831405882
3001267,44.11796131101848
3001268,0.01711551236148945
3001269,236.2270294289999
3001270,15.190159154166004
3001271,23.008414953338402
3001272,9.044995493049484
3001273,74.08380901504404
3001274,8.966070389152453
3001275,383.0533735632895
3001276,253.2869837144817
3001277,6.812146394478733
3001278,6.419179170543619
3001279,413.1573827616656
3001280,110.43872142844289
3001281,3316.9233210568545
3001282,233.43188646282755
3001283,29.16173874172986
3001284,6.350173414712796
3001285,0.14715280980415785
3001286,5.060317012103093
3001287,3288.5821366784085
3001288,0.0
3001289,410.5792828060255
3001290,4.728289780928723
3001291,993.5121319265621
3001292,774.1892585613026
3001293,516.3559139162238
3001294,65.31423204553053
3001295,57.51304859198142
3001296,4602.541097293042
3001297,10.128466707915495
3001298,0.47994715651749764
3001299,16.855320985407985
3001300,15.505347405599853
3001301,0.0
3001302,282.29580696491035
3001303,0.6585099367638472
3001304,12.822644877723368
3001305,8.732003098674529
3001306,40.16688795088099
3001307,1.2447075206215317
3001308,237.05566320114764
3001309,322.40832584102714
3001310,2.4248852077223515
3001311,5.315014575873616
3001312,209.21615117741874
3001313,53.11607560066091
3001314,1044.6865776077254
3001315,78.38617109754554
3001316,9.268900839056238
3001317,7.503920407926776
3001318,0.26085588919092884
3001319,4.4803977404727835
3001320,2729.3196004580655
3001321,2.8351989680238244e-05
3001322,379.64635008371624
3001323,5.614769141408453
3001324,1005.2096948457502
3001325,631.8571641697187
3001326,278.67869640194147
3001327,246.14853786243899
3001328,72.85234653597081
3001329,3586.094578176578
3001330,12.327495286720731
3001331,0.47850228396684125
3001332,34.06903147204438
3001333,31.387542131461338
3001334,0.03621044699033213
3001335,271.7657077892105
3001336,2.5979331414069327
3001337,8.594852278856282
3001338,10.627103317957726
3001339,88.14557140600184
3001340,1.890603196328076
3001341,105.62343953438888
3001342,234.58070560325277
3001343,2.258059936925131
3001344,5.9262685287036065
3001345,138.69450231995683
3001346,118.50112321230182
3001347,1463.9985708830304
3001348,100.365311595033
3001349,3.13078095463439
3001350,3.1209115319150325
3001351,0.02082843752149573
3001352,3.7191570612657943
3001353,1683.9471865503394
3001354,0.0
3001355,133.6559276088179
3001356,4.062986065662541
3001357,680.5048925261212
3001358,347.1033456303226
3001359,144.5625285512166
3001360,42.28099311822735
3001361,40.81032856583166
3001362,2388.6802291456083
3001363,5.92680371203143
3001364,0.5957175696140067
3001365,23.963647001824814
3001366,22.19217153769321
3001367,0.0
3001368,161.32124652164651
3001369,0.47536146338626545
3001370,485.9669309885574
3001371,5.544841854196041
3001372,48.99300491257309
3001373,2.2774334408078087
3001374,105.82529065540345
3001375,146.3384947551776
3001376,0.7429140752695675
3001377,4.800151943935347
3001378,126.26820269442605
3001379,30.402520340146626
3001380,487.8203742286127
3001381,14.648633786983165
3001382,1.3988288311477328
3001383,1.8621768764556816
3001384,0.0008554339367027997
3001385,2.931485817016338
3001386,1365.0741425110107
3001387,0.1873662063901661
3001388,274.3446276407543
3001389,7.151906664027901
3001390,560.3984175724052
3001391,482.98114453908187
3001392,127.4144065155524
3001393,46.18427872960693
3001394,51.09003748097951
3001395,2069.9388298129375
3001396,22.952384201502188
3001397,0.3507626406592102
3001398,12.584354787503585
3001399,15.217385108550289
3001400,0.17342853808866837
3001401,134.1350340244304
3001402,11.792234053014004
3001403,9.691315108283842
3001404,9.661134887434548
3001405,52.83139071771181
3001406,3.566215627520182
3001407,753.1734510463646
3001408,160.48371694822498
3001409,3.2099756400899304
3001410,4.910017676091814
3001411,332.3525496702799
3001412,30.375932974744988
3001413,1650.379931229459
3001414,227.81024169625775
3001415,5.083859851442383
3001416,2.0638602572359117
3001417,0.026663939655462918
3001418,5.15771903196461
3001419,3225.6706416804363
3001420,0.009826685534892991
3001421,740.3752814402665
3001422,10.312371294617076
3001423,1135.7996343156594
3001424,1273.5420720857276
3001425,283.53078530483634
3001426,228.17023187536972
3001427,162.02229666268715
3001428,4088.086073486866
3001429,32.35570932336875
3001430,0.7729260124618806
3001431,18.884058663973946
3001432,33.30772528103442
3001433,0.014276713359431842
3001434,272.749056350308
3001435,6.848149964383366
3001436,43.4282357723141
3001437,11.469410396137805
3001438,93.54180058853456
3001439,11.11170871436338
3001440,398.4117426514928
3001441,277.7487730731293
3001442,17.06880565579841
3001443,9.283812764018093
3001444,541.2263246637505
3001445,112.98210173657492
3001446,5640.953693407212
3001447,242.45524487501643
3001448,23.63529175271247
3001449,2.054973524814858
3001450,0.010744395896652922
3001451,5.023729833375221
3001452,1810.2544062085526
3001453,0.0
3001454,379.95235937588774
3001455,6.164363042755851
3001456,380.1032364102383
3001457,549.2205194816163
3001458,142.3746713946638
3001459,107.011133575626
3001460,78.38875241101408
3001461,1763.1123818005512
3001462,15.39975559730501
3001463,0.8490176049718914
3001464,19.685630601530633
3001465,18.10053328923831
3001466,0.0034074035908662867
3001467,104.40175638324993
3001468,0.0
3001469,28.559897130446714
3001470,8.986112993601767
3001471,167.87056651471826
3001472,8.538107737285937
3001473,209.60189930124116
3001474,96.74353543962147
3001475,4.041019760419059
3001476,4.09805033053396
3001477,172.93351107435868
3001478,37.13144298424216
3001479,2535.324607318058
3001480,9.187436029103448
3001481,4.037900946843463
3001482,2.454224711149611
3001483,0.0
3001484,3.295253695060409
3001485,790.8665636555531
3001486,0.0
3001487,196.06469911376357
3001488,3.5611759958094398
3001489,269.40117008750815
3001490,237.06481492701212
3001491,76.66746249687384
3001492,28.255944286074545
3001493,23.338908694294332
3001494,1185.8859954188933
3001495,3.1765257588807465
3001496,0.414112670338653
3001497,8.345406281325419
3001498,9.438310011898615
3001499,0.12437358827252588
3001500,68.42768631683214
3001501,0.024151860577128682
3001502,12.923890295860009
3001503,15.009844896078395
3001504,24.919582369176215
3001505,0.18986989539963703
3001506,205.53228178478093
3001507,99.57025890362523
3001508,1.4832427048251997
3001509,0.9036081206787046
3001510,113.91527203132875
3001511,17.34228418766481
3001512,844.5206827682141
3001513,7.457949998897043
3001514,1.4400281940949675
3001515,4.628597632600275
3001516,0.3985422231460976
3001517,3.146746113165584
3001518,2716.616267117883
3001519,0.13945807522676987
3001520,631.5107303605135
3001521,10.571206275723155
3001522,860.2682116997463
3001523,877.3582596196163
3001524,286.15855961401684
3001525,222.19093510564818
3001526,107.09006874373344
3001527,3484.5779772935994
3001528,27.974188459548994
3001529,2.164493118662602
3001530,19.976437582709995
3001531,29.081647789127956
3001532,0.04732383554462538
3001533,201.93456515983686
3001534,4.423133170730554
3001535,38.10391851028446
3001536,13.27261266814707
3001537,100.49771246516887
3001538,3.1442570113869035
3001539,266.6268437680135
3001540,220.86496932525142
3001541,8.8891359128553
3001542,7.73334891228814
3001543,356.2024665516647
3001544,74.17476041296426
3001545,3931.7786458940277
3001546,9.150563096139429
3001547,17.035388842849894
3001548,4.539661430122471
3001549,0.0010136242876784
3001550,3.590291437309393
3001551,2699.973901742939
3001552,0.00031340652535929726
3001553,524.3602986838666
3001554,12.805731717528275
3001555,818.0278362928193
3001556,850.8777302654995
3001557,318.37346645009836
3001558,193.28097683979058
3001559,54.97468282096428
3001560,4183.68744497306
3001561,13.292004187012958
3001562,0.4123574632128896
3001563,27.387903754040735
3001564,17.22429688219675
3001565,0.4474938942683209
3001566,224.85841115003052
3001567,0.0
3001568,12.595061572143013
3001569,5.972427369074458
3001570,36.60698929818049
3001571,0.7351291339562955
3001572,180.37216418454508
3001573,316.9041987707657
3001574,3.480182185436175
3001575,3.1707413913693268
3001576,163.29457963015267
3001577,64.72853585427676
3001578,1800.0134565192297
3001579,9.378808661699342
3001580,3.13191417149888
3001581,4.080413503477256
3001582,0.30869743193015325
3001583,3.588980782942384
3001584,2763.057449703686
3001585,0.0
3001586,597.1355682835037
3001587,8.36053234578196
3001588,811.7626834790284
3001589,752.3675666399919
3001590,253.5295078471583
3001591,152.7259498345759
3001592,54.27206525838231
3001593,3731.639166833322
3001594,12.09613355966804
3001595,0.8791295223999636
3001596,22.225567815109304
3001597,20.642239712304008
3001598,0.010354449339563504
3001599,203.6632797384201
3001600,0.0
3001601,12.8479847572987
3001602,8.268259129023356
3001603,67.47603084331955
3001604,1.150213778702739
3001605,103.42530366927178
3001606,191.34793866211103
3001607,2.7301555063835083
3001608,3.6142971558667103
3001609,139.741837030771
3001610,61.60082438205375
3001611,1381.1924686670893
3001612,9.288591008100534
3001613,4.83803165506614
3001614,7.487393044094961
3001615,0.1112454015343877
3001616,13.39077361134778
3001617,7553.013854564338
3001618,0.006644930788591061
3001619,1199.5737433692223
3001620,30.074328905061115
3001621,1879.3358248454342
3001622,1998.5317986703365
3001623,318.9283369355651
3001624,427.88646508536686
3001625,309.09126244345737
3001626,7763.718473867994
3001627,82.7811961896675
3001628,2.036341033407341
3001629,57.83727697627229
3001630,45.84910626057423
3001631,0.05283772267886817
3001632,461.9515910619054
3001633,34.40918853434725
3001634,73.47043003561703
3001635,27.26977726538705
3001636,193.16199281993687
3001637,23.73119318303997
3001638,654.4896441248476
3001639,481.25646610980283
3001640,14.403568308148225
3001641,23.65823034676281
3001642,998.4906555424267
3001643,231.6165435635456
3001644,11309.555588968706
3001645,7.622271980181125
3001646,73.73765666223393
3001647,2.507876705622503
3001648,0.22666500630085137
3001649,3.9749543762846145
3001650,2003.7698685385767
3001651,0.0
3001652,148.1371514226151
3001653,4.231372126069566
3001654,529.6538385031196
3001655,323.12188624750956
3001656,121.34802379846079
3001657,91.4009925599624
3001658,41.59541610516711
3001659,2308.001509620703
3001660,4.516193818833682
3001661,0.2730715534084583
3001662,10.691250348643502
3001663,10.02696591163709
3001664,0.00469633081375391
3001665,146.06080472474443
3001666,0.3187737341953301
3001667,452.8688494645204
3001668,5.93880394208499
3001669,26.69567575397249
3001670,0.6380789875003647
3001671,56.31737086423068
3001672,94.94998945023855
3001673,1.6835375713281797
3001674,3.4697504471553984
3001675,93.35590696389544
3001676,20.54989169788024
3001677,657.073362822364
3001678,95.68041155551225
3001679,3.1310951776103755
3001680,6.832194403806923
3001681,0.030557818248010238
3001682,2.8317696313686413
3001683,2913.61463982262
3001684,0.0
3001685,471.79223276169904
3001686,7.213117517193057
3001687,947.9483897280356
3001688,721.7964400134089
3001689,204.26386685092842
3001690,229.1115755789394
3001691,68.9823364323288
3001692,4389.8164809049185
3001693,9.74813280709968
3001694,0.43370806966013453
3001695,19.998984877177943
3001696,19.517258232115953
3001697,0.010808057732287041
3001698,234.22613454780924
3001699,0.6181687915396212
3001700,12.817736990325653
3001701,9.435289510878999
3001702,23.184733489568675
3001703,0.8639512758427266
3001704,289.0306992107118
3001705,219.9226081992265
3001706,3.6632132223397758
3001707,4.376436563113217
3001708,106.20872883104943
3001709,58.58074922602719
3001710,1621.5445727318333
3001711,10.62316648387232
3001712,3.9906899974212244
3001713,1.2646528849928371
3001714,0.0
3001715,1.8351633132568375
3001716,892.2012232289474
3001717,0.0
3001718,118.40648810794681
3001719,2.2039537233222957
3001720,501.1956610933315
3001721,189.23915211507625
3001722,93.57985663041829
3001723,149.5645363848134
3001724,15.143560424686509
3001725,1861.318039661087
3001726,1.1867997002480553
3001727,0.20736004575181807
3001728,9.070007501138141
3001729,8.722916343782328
3001730,0.1194528953697829
3001731,82.21310034870717
3001732,0.0
3001733,442.74051437308157
3001734,6.752715494662236
3001735,25.13446411526762
3001736,0.25615810458702115
3001737,59.24953473922706
3001738,80.52540742346972
3001739,0.42727233737042536
3001740,1.0313099258036997
3001741,46.06093159029038
3001742,10.33554301112663
3001743,258.9315651602928
3001744,200.316895595934
3001745,1.1273905256455081
3001746,5.402233384083397
3001747,0.0004996895157969245
3001748,3.079936802927592
3001749,2014.1364910127961
3001750,0.0
3001751,197.96479950797058
3001752,6.24167938458445
3001753,825.5157698525516
3001754,525.1145973764759
3001755,176.6482069424455
3001756,112.0514349625022
3001757,39.645216897592036
3001758,2765.5196545690687
3001759,2.662955999594112
3001760,0.3336057597207598
3001761,23.445404824907104
3001762,18.925378125111653
3001763,0.016019328689613106
3001764,193.21799708476308
3001765,0.0
3001766,442.36446764649145
3001767,12.596306164970503
3001768,43.735379734063635
3001769,0.9835539000090618
3001770,248.2227245880481
3001771,179.28929489600372
3001772,1.7138047395364149
3001773,2.9246210017352587
3001774,201.40831895427505
3001775,28.759732053339242
3001776,1502.9933303845587
3001777,203.17199979512492
3001778,0.4850368139397691
3001779,2.777801184300776
3001780,0.2394929713470889
3001781,2.855074437297878
3001782,2058.089689962068
3001783,0.004869710466698391
3001784,590.5044448223283
3001785,8.671904431308677
3001786,800.5815025730669
3001787,747.4949684653544
3001788,217.63863667909266
3001789,90.6081149703818
3001790,64.49665437838689
3001791,3727.6265485037943
3001792,6.429793685458884
3001793,2.4905751472284763
3001794,23.26781522363425
3001795,38.901439281016785
3001796,0.027954828333884723
3001797,193.15392558026852
3001798,1.3776823447596014
3001799,12.069651452628179
3001800,8.747995820018346
3001801,32.09122952925467
3001802,2.1910775823596578
3001803,167.31907381943088
3001804,259.35678794004457
3001805,2.9331265696279236
3001806,4.714574762748467
3001807,135.71169379531176
3001808,26.736691910580777
3001809,761.7413125839537
3001810,11.192707558177899
3001811,2.4228781120491303
3001812,2.736311207450549
3001813,0.0
3001814,1.8168559393582928
3001815,1158.7527412460056
3001816,0.0
3001817,95.03500646932417
3001818,1.2897733484757388
3001819,403.4066467501983
3001820,174.6177699369869
3001821,88.14662540479236
3001822,131.9964096395131
3001823,34.19843814626662
3001824,1616.7607453378705
3001825,3.37374803960818
3001826,0.33737605787263053
3001827,8.853522928187084
3001828,9.369368821722999
3001829,0.17639749913760594
3001830,83.83889845484424
3001831,0.0
3001832,442.95702314617876
3001833,18.092315624458394
3001834,46.72758060919272
3001835,0.571961234922084
3001836,150.45575549318474
3001837,80.97549724865156
3001838,0.6028107889690266
3001839,0.753251062735522
3001840,37.049022377505125
3001841,15.248305954454715
3001842,409.9819848496727
3001843,107.69231670673733
3001844,1.112676455099899
3001845,3.1513556187036285
3001846,0.0006111815504277667
3001847,2.019105116768456
3001848,3520.477665845656
3001849,0.0
3001850,488.76398397702434
3001851,7.382790833995038
3001852,801.8612337010653
3001853,636.8643630094056
3001854,189.59782891269893
3001855,96.7523284147803
3001856,64.65315065113217
3001857,3835.964744992721
3001858,6.0260323589128655
3001859,0.34488322036258745
3001860,21.509942951754287
3001861,10.82513785018148
3001862,0.0039419651925872955
3001863,188.5479486024356
3001864,0.0
3001865,27.842111456082325
3001866,9.662584436514107
3001867,54.775502712933026
3001868,1.2320907027730876
3001869,201.77445599527724
3001870,193.93951421193393
3001871,3.321741766241831
3001872,2.7399787852108144
3001873,104.5625971836165
3001874,49.188704384517905
3001875,1633.2324181929393
3001876,9.972848066780088
3001877,0.6341191050317823
3001878,3.025002395536738
3001879,0.01203750729623174
3001880,7.893230219691192
3001881,2681.861021374344
3001882,0.011329578231583653
3001883,529.1036218947706
3001884,5.6361514336131995
3001885,978.1581415363348
3001886,877.1958762869366
3001887,158.76763667091868
3001888,125.82231104549467
3001889,115.97297100944994
3001890,3751.940569649826
3001891,51.98149606906319
3001892,1.299074541658118
3001893,28.57136797071431
3001894,28.512209460384327
3001895,0.0256915214656815
3001896,255.15086187415142
3001897,19.07715850172182
3001898,26.91481691396548
3001899,5.062163518513455
3001900,103.48275183044014
3001901,9.435950807312347
3001902,226.6815605580645
3001903,266.26709392636377
3001904,10.812001093354358
3001905,16.144516375501084
3001906,251.11599051935858
3001907,78.58720791848938
3001908,3740.4858473301224
3001909,213.02201368659567
3001910,12.29899819777542
3001911,4.679840749637658
3001912,0.0020530887048863336
3001913,6.785750844801347
3001914,2364.532476351074
3001915,0.001362512752794028
3001916,452.08267060649194
3001917,9.311737629321224
3001918,915.683404072795
3001919,814.427355496009
3001920,130.36899176391964
3001921,84.90320724139129
3001922,130.86657903174762
3001923,3518.0817539097166
3001924,23.40688409558633
3001925,0.6038938481689282
3001926,37.4089898804943
3001927,27.720433678533933
3001928,0.012654824996353509
3001929,284.1846565267555
3001930,20.283574944114527
3001931,24.612181912935792
3001932,13.085775880549544
3001933,92.34114654161532
3001934,9.041661642767462
3001935,161.48953034505186
3001936,350.74855034820916
3001937,7.446674635468968
3001938,9.040334023674765
3001939,122.07168344497549
3001940,68.09562098341293
3001941,3112.2405363165317
3001942,39.88599387397531
3001943,13.03609316351975
3001944,5.39670520314711
3001945,0.1875649120719419
3001946,3.83614411987762
3001947,2820.003728297219
3001948,0.00077845392537453
3001949,635.60606517469
3001950,4.861448452915409
3001951,1108.8178233748195
3001952,661.2772826854496
3001953,197.16663115384716
3001954,265.37776005815704
3001955,57.19872898527595
3001956,4796.5479252394925
3001957,25.734648851817237
3001958,1.1475935833339137
3001959,24.045075653798087
3001960,20.119866722056056
3001961,0.026554202596907543
3001962,300.6629953172078
3001963,3.735826001245198
3001964,18.640159082044043
3001965,8.518506158861657
3001966,51.96914671662841
3001967,4.426708875004684
3001968,160.46355415973576
3001969,284.7661791612889
3001970,5.14710645283021
3001971,6.626374139968103
3001972,181.42353614906537
3001973,54.22885817172623
3001974,1964.3976851845594
3001975,16.721063122357318
3001976,10.811486515609168
3001977,3.3309253082014685
3001978,0.0698615363303976
3001979,5.304203263925066
3001980,2090.4880599604876
3001981,0.0
3001982,343.69577475066825
3001983,5.535477788451923
3001984,725.4716473977636
3001985,676.5729619839892
3001986,178.24683625794853
3001987,119.66598096192955
3001988,77.18068719069748
3001989,2870.2706207447604
3001990,22.14514869242098
3001991,0.8496872321430611
3001992,15.028091228933778
3001993,12.332051576236577
3001994,0.12339625692455176
3001995,199.02326822318662
3001996,14.970292820013142
3001997,25.330320563939594
3001998,5.590870340223612
3001999,68.54196053671036
3002000,6.354899920179538
3002001,301.9410755549182
3002002,217.47640799362148
3002003,5.018991342819573
3002004,6.860211360178119
3002005,327.1414879351075
3002006,53.956273663795706
3002007,3135.9739978511006
3002008,36.017270651846864
3002009,20.644940086357703
3002010,2.1982303492479587
3002011,0.01734069446966291
3002012,3.650371819771366
3002013,5060.9620543339115
3002014,0.0023894221156136584
3002015,419.09433177964354
3002016,9.207824633922119
3002017,1585.4466987506362
3002018,836.8013997156628
3002019,267.0465654694891
3002020,160.17418030084326
3002021,53.012273083252076
3002022,5454.860463938418
3002023,8.093506361176
3002024,1.7425456113946192
3002025,24.808552179389633
3002026,24.47977018962864
3002027,0.03632005384710081
3002028,314.52399221662625
3002029,0.0
3002030,26.13804816933645
3002031,10.652613941218519
3002032,29.673216801202045
3002033,1.901597429416059
3002034,129.0316922509456
3002035,278.09550000553855
3002036,2.678775896552554
3002037,7.915799860117376
3002038,147.64180809868145
3002039,56.8715956599864
3002040,1441.0426643803314
3002041,210.90656025213
3002042,3.7087807772360675
3002043,6.153348897279079
3002044,0.0012458982343889627
3002045,8.78834274898422
3002046,2190.3983077937078
3002047,0.0005558785665234779
3002048,470.74358298107586
3002049,7.9666719773153964
3002050,860.0321270278524
3002051,695.2378591119184
3002052,206.1953707479819
3002053,119.16039847546611
3002054,96.64413203268793
3002055,3529.7979527486887
3002056,24.29703788688779
3002057,1.080632775958862
3002058,26.481988407266154
3002059,32.09784301108384
3002060,0.0163193308583911
3002061,233.21220952454587
3002062,15.21423137409121
3002063,24.766879511112208
3002064,11.90853847567364
3002065,61.91627354007922
3002066,9.205792512020476
3002067,194.07847606642198
3002068,289.4698244460633
3002069,12.12256056266684
3002070,7.871101796969507
3002071,177.68235613104423
3002072,72.64446503066793
3002073,2805.589116683801
3002074,7.898972903288609
3002075,5.903009340384405
3002076,2.830036162541575
3002077,0.0005101633750243466
3002078,5.322224752905401
3002079,2242.695257641837
3002080,0.0
3002081,445.1063408765819
3002082,6.615967766845802
3002083,714.8374358672127
3002084,763.7016173950046
3002085,152.05926400758963
3002086,112.7462488482052
3002087,100.60277566028358
3002088,2794.6709889105623
3002089,29.090580476240408
3002090,0.7628955325893008
3002091,25.28116688656286
3002092,32.40808611620852
3002093,0.017822545879700575
3002094,208.90894540067924
3002095,11.036941284044588
3002096,39.02084396091363
3002097,7.884837419003391
3002098,61.84255312451105
3002099,7.981030759773359
3002100,210.01590353997233
3002101,217.83093878326298
3002102,8.317076009201807
3002103,7.5099639375383695
3002104,219.94217175360166
3002105,53.374240099341385
3002106,3182.806615816911
3002107,11.951467046666302
3002108,10.26855179324086
3002109,4.642129132944099
3002110,0.008727150671084668
3002111,4.851894559987561
3002112,4359.2656646898695
3002113,0.0
3002114,486.27616037531214
3002115,12.65872595475064
3002116,1041.6434758006656
3002117,707.8105684109634
3002118,270.3703742173463
3002119,149.768345409556
3002120,57.846509885128036
3002121,4145.884971347142
3002122,9.879993153598472
3002123,0.1681535949573371
3002124,15.242070735426985
3002125,22.13918676362621
3002126,0.1298973375531722
3002127,229.947230845051
3002128,0.0
3002129,14.041931773424958
3002130,6.714236447610284
3002131,57.22675583890854
3002132,2.7725514318128854
3002133,189.27080913646273
3002134,255.30214606728111
3002135,2.831592373049005
3002136,1.6066536591156146
3002137,223.46145478697542
3002138,104.65859627662253
3002139,1400.1065146761098
3002140,12.260044292572307
3002141,0.4644426878498433
3002142,12.837645246951373
3002143,0.0073495806076263335
3002144,14.481082843364167
3002145,8494.497252046445
3002146,0.006644930788591061
3002147,1348.045044623661
3002148,28.804015272896876
3002149,2224.9120288486606
3002150,2173.8728591350623
3002151,471.5376113108161
3002152,522.0225338666683
3002153,369.35090514725874
3002154,9339.053780886981
3002155,96.81993502650278
3002156,3.436061064536304
3002157,105.94465377774289
3002158,136.97402937284684
3002159,0.08138072834131445
3002160,596.1368048289419
3002161,26.526887381259954
3002162,32.131320870244366
3002163,48.14686753294032
3002164,285.8544458033408
3002165,21.09867135726338
3002166,754.4856168142724
3002167,504.34695406283754
3002168,28.086558494822256
3002169,33.241223789214665
3002170,1022.8495566957939
3002171,315.07439109023403
3002172,12067.324501560139
3002173,287.4714035186708
3002174,73.09123863708054
3002175,14.379442626808236
3002176,0.005121970117201569
3002177,11.822396144616448
3002178,7977.541559073157
3002179,0.004429279211593265
3002180,1105.4884461664926
3002181,25.1935528180377
3002182,2233.6323371256194
3002183,1981.7848899679962
3002184,604.8238053478093
3002185,318.323704339519
3002186,260.4989348594223
3002187,10261.76678475022
3002188,104.69819052836091
3002189,1.1375441971470295
3002190,60.200475484987386
3002191,77.80048925943332
3002192,0.612116920504628
3002193,575.8177996886207
3002194,19.256428875378237
3002195,41.44631385510653
3002196,10.934972784282673
3002197,196.05292971112112
3002198,16.601290529290342
3002199,868.6943782026522
3002200,689.8105138470277
3002201,17.775327301587307
3002202,25.337610085516964
3002203,1066.214383534292
3002204,234.0767049658469
3002205,8683.312142698833
3002206,469.4651472904746
3002207,70.60207261263973
3002208,10.6871889434387
3002209,0.002352265621847883
3002210,17.838297915795984
3002211,4739.9365529138595
3002212,0.03243378493848139
3002213,794.3452473420551
3002214,10.938551675649288
3002215,1772.8842082309097
3002216,1232.9934045536731
3002217,626.6872887157757
3002218,109.8017535050773
3002219,197.2231181302869
3002220,7814.0325823011735
3002221,34.59740086815439
3002222,2.1663210078575883
3002223,38.9492657472006
3002224,26.00092117013748
3002225,0.3840733223529567
3002226,512.9164431138232
3002227,23.981283010515952
3002228,30.83420882447772
3002229,11.10681652094581
3002230,102.64110695458082
3002231,11.65149506246264
3002232,872.4632364881185
3002233,635.5059679561258
3002234,19.012159413411908
3002235,37.3117757780699
3002236,578.406012820296
3002237,123.16298930905872
3002238,3284.969481940686
3002239,267.60201224673847
3002240,39.07079958812229
3002241,11.181814418624185
3002242,0.003125427132795262
3002243,21.115971348968934
3002244,7323.114254478082
3002245,0.00243411216683317
3002246,1009.2622616368168
3002247,18.285672570825092
3002248,1996.3194497458078
3002249,1944.580237226662
3002250,518.6162454306098
3002251,294.8355850668301
3002252,223.44075089707005
3002253,9660.909629512404
3002254,42.61498643618282
3002255,0.8870799668002569
3002256,72.25580965178513
3002257,61.016831480940326
3002258,0.5946872733142587
3002259,528.1435210634222
3002260,20.075404897406212
3002261,38.06821393214262
3002262,23.757734916521642
3002263,183.43290521601855
3002264,13.86580014368404
3002265,708.4244242377492
3002266,616.5379299218725
3002267,18.948723528586537
3002268,25.287377374222025
3002269,872.6978190847746
3002270,211.2699263447521
3002271,7339.432160100133
3002272,365.19359216816196
3002273,57.64191013668686
3002274,8.706676140432208
3002275,0.001907222193562481
3002276,16.999479681380173
3002277,3453.1647111576126
3002278,0.0012063793517131007
3002279,664.4755002007203
3002280,13.806206377728206
3002281,1536.9085526453644
3002282,962.0748265755915
3002283,490.10659074534453
3002284,85.88102181196419
3002285,137.2128858921285
3002286,6610.764814750082
3002287,33.18946887320736
3002288,0.2467384671822067
3002289,29.861078454950473
3002290,29.23176968749942
3002291,0.042851299040319195
3002292,454.3367565044684
3002293,23.35509579782429
3002294,17.284081382256325
3002295,8.270795432021906
3002296,95.35527728449446
3002297,4.8026478042040335
3002298,628.7626907374307
3002299,642.0438336486255
3002300,13.246698987625907
3002301,21.34133950653204
3002302,627.9533637780276
3002303,76.36536798144627
3002304,2397.550803851051
3002305,302.04240107115044
3002306,17.644543635216984
3002307,8.176875336976577
3002308,0.006330051381491739
3002309,14.028204765316845
3002310,5900.545884950289
3002311,0.005626114732043792
3002312,1164.875912238946
3002313,21.927569628813327
3002314,1864.1852792628806
3002315,2051.443546377807
3002316,388.83000066565586
3002317,433.6921725478439
3002318,310.16744907450214
3002319,7644.274440157568
3002320,72.55681744214466
3002321,1.145822363382512
3002322,41.96657553845236
3002323,50.80063793515988
3002324,0.45711717880438163
3002325,429.5949923060408
3002326,10.138349558937511
3002327,35.202760655727715
3002328,10.924146489252923
3002329,207.18757735391398
3002330,16.366648259711848
3002331,674.9728248963247
3002332,489.0075386715534
3002333,15.213709595436768
3002334,28.090879546238096
3002335,861.8112194758961
3002336,225.52855045078203
3002337,10821.384223779456
3002338,239.410525010463
3002339,70.43440180114419
3002340,5.3594973356353455
3002341,0.1461201561818603
3002342,5.71960488046794
3002343,1857.0585808687056
3002344,0.0011800564063432022
3002345,342.92330101860523
3002346,20.313466493638526
3002347,789.0159684119623
3002348,557.5024666802127
3002349,210.35722879463233
3002350,80.77337490008821
3002351,75.98358405062812
3002352,2799.4144305236227
3002353,20.364882422291103
3002354,1.0359016582138154
3002355,28.472539904040676
3002356,24.324774060243456
3002357,0.018885549302551423
3002358,191.68674242328373
3002359,9.65013496950756
3002360,14.198614909634191
3002361,12.619861653605815
3002362,49.760233797170336
3002363,7.754417985552308
3002364,212.570605235876
3002365,222.06475673938203
3002366,2.479262593172601
3002367,6.423375739340386
3002368,212.46134199164382
3002369,52.0536473017696
3002370,2122.133860365731
3002371,10.523481138233274
3002372,8.33934138915088
3002373,9.218517725606972
3002374,0.00152204843882289
3002375,12.341779790614643
3002376,3714.987224929554
3002377,0.0008318384589943992
3002378,537.6362921817903
3002379,28.988898840530123
3002380,1364.461596461497
3002381,989.6300072540694
3002382,428.5450310816974
3002383,93.51385170000734
3002384,122.06572572295316
3002385,6089.563477435558
3002386,65.9707468667282
3002387,1.1347895251156337
3002388,46.73316721284288
3002389,36.33976151814418
3002390,0.04695341176599727
3002391,339.4883156929084
3002392,10.73111489907861
3002393,14.703562799967564
3002394,9.963544478083795
3002395,130.45750202364226
3002396,8.216602700059997
3002397,518.3210546329416
3002398,440.6356190303561
3002399,9.173435842065622
3002400,21.287754933953458
3002401,369.3044692736633
3002402,78.65351087330662
3002403,2790.2152562267233
3002404,311.35720845753036
3002405,14.176638532052044
3002406,6.052757169632789
3002407,0.004053463593165318
3002408,5.840565835918829
3002409,4196.841943564307
3002410,0.003351119436734633
3002411,884.1660526727273
3002412,10.608962139812524
3002413,1424.1020268183495
3002414,1599.2641536130407
3002415,232.2276181105137
3002416,346.89957323612305
3002417,228.49310310003457
3002418,5086.078103486458
3002419,46.46765747629535
3002420,1.362754043789045
3002421,28.868912278607063
3002422,32.65578097316958
3002423,0.05974078539372904
3002424,316.2564925003612
3002425,2.2136596079643884
3002426,50.88311023136193
3002427,8.542283048328859
3002428,134.39944636953945
3002429,10.311995277988972
3002430,581.95648704871
3002431,289.5428773639646
3002432,16.75917750187039
3002433,9.959322611895113
3002434,702.1816372150894
3002435,123.24454678321756
3002436,8742.470462082454
3002437,12.354121373137339
3002438,45.20875985176704
3002439,6.859159287024391
3002440,0.0
3002441,7.6554365113120255
3002442,4016.833367879399
3002443,0.0
3002444,806.0823284635131
3002445,12.374273427381807
3002446,1538.076126769174
3002447,1152.924947198811
3002448,312.4638237437868
3002449,211.45793647269105
3002450,256.16520998165316
3002451,5579.918621557876
3002452,31.098561823382582
3002453,2.325426822310807
3002454,44.32867373456346
3002455,44.6947477519003
3002456,0.0309775000081126
3002457,313.234901616974
3002458,6.169190194598471
3002459,59.879767393126734
3002460,11.817282729020464
3002461,215.87446865882805
3002462,10.030323847389615
3002463,411.9286704298746
3002464,325.8576056869644
3002465,11.275954416211963
3002466,23.6761109506328
3002467,415.11495549448233
3002468,130.80162044817706
3002469,6947.77305777925
3002470,12.909511750930907
3002471,6.748489535475633
3002472,6.601552385815558
3002473,0.0
3002474,4.416141622116538
3002475,2065.886912250601
3002476,0.0
3002477,457.8008968503821
3002478,5.437251934854299
3002479,958.1694763177896
3002480,522.8029235451019
3002481,219.57095614334028
3002482,91.70090779026515
3002483,102.36440123555882
3002484,2962.766786940534
3002485,13.045782117276923
3002486,1.128734031044523
3002487,24.964175130705996
3002488,24.86502781690891
3002489,0.00011905653198088642
3002490,202.40497339505916
3002491,6.041100383648091
3002492,19.502752368935145
3002493,10.478210560823936
3002494,59.5955690846124
3002495,3.4468419289649743
3002496,236.80323186617503
3002497,221.8490046260324
3002498,3.774589750981992
3002499,4.7132369569225485
3002500,169.06256417336257
3002501,82.37319556561518
3002502,2889.0251096393054
3002503,21.0450701626202
3002504,3.3025297775344953
3002505,5.109716577289891
3002506,0.0001927639424665776
3002507,12.948964755801201
3002508,2703.90984198255
3002509,0.0
3002510,215.41334466725826
3002511,3.2613626868853354
3002512,898.7854984793196
3002513,258.6446819212578
3002514,201.42868313205628
3002515,56.196663239212505
3002516,26.912765549879573
3002517,3213.1526615158355
3002518,9.919040082256391
3002519,0.6016518140740967
3002520,18.298839546186358
3002521,11.503137450225195
3002522,0.11288625815785369
3002523,177.56234564606925
3002524,0.0
3002525,440.6464500822023
3002526,6.658806553705337
3002527,26.52940055112607
3002528,0.8004275763602273
3002529,46.66064305413807
3002530,158.7931156075729
3002531,0.01209863127363806
3002532,1.5220940506734593
3002533,45.700343487529764
3002534,78.64859998465319
3002535,694.2357287942496
3002536,200.49497738736844
3002537,1.5264553408094872
3002538,5.621424620136519
3002539,0.0019685538006593882
3002540,7.141169154629784
3002541,2954.5641289329023
3002542,0.0012780361067298786
3002543,518.1933822531004
3002544,8.985496129815335
3002545,1089.7766211727867
3002546,904.7567176394908
3002547,321.482595776003
3002548,159.26490929223579
3002549,121.8595879996153
3002550,4304.159048176322
3002551,31.104910978521332
3002552,0.6252513680239133
3002553,21.943429100563186
3002554,38.65543917359589
3002555,0.00018811419542777194
3002556,275.3450541316537
3002557,16.235862681426063
3002558,22.013377959381405
3002559,12.620579512005683
3002560,74.95787223877872
3002561,5.312338913984077
3002562,403.05198489859924
3002563,306.15918700286886
3002564,7.9098804877505735
3002565,13.349871184747123
3002566,438.7819495720019
3002567,91.6217153895821
3002568,3515.0043768223745
3002569,256.87786578959197
3002570,32.90287461032458
3002571,4.531346029548106
3002572,0.011130198038586647
3002573,6.955352674208863
3002574,4024.7866270229965
3002575,0.04701005359215085
3002576,663.261187418225
3002577,16.710166746519178
3002578,1116.4662204153037
3002579,1351.7890995571463
3002580,193.85609783277823
3002581,288.8242767049743
3002582,200.594877903109
3002583,3933.571588957843
3002584,40.87294780076226
3002585,2.7367602688530104
3002586,29.214454241287704
3002587,36.49055217573695
3002588,0.6586309632734753
3002589,261.4324198559078
3002590,13.448106339759173
3002591,45.660330720304934
3002592,9.942826410063683
3002593,145.8008718887638
3002594,16.062301467789382
3002595,452.126087133202
3002596,261.4739051579954
3002597,5.869229889004178
3002598,13.573264610439711
3002599,650.2989350425734
3002600,136.26905562187005
3002601,6972.3055106734255
3002602,10.089750557707099
3002603,45.79577630793187
3002604,3.39401052316839
3002605,0.6554863102191546
3002606,9.681881973774889
3002607,4179.179615920486
3002608,0.006532235377724538
3002609,789.9474584667666
3002610,16.75187167979217
3002611,1237.3365272834067
3002612,1359.839540252104
3002613,266.7226450599107
3002614,298.45399539774525
3002615,160.72058366234833
3002616,4575.0040333031675
3002617,33.242211036914796
3002618,2.3925204404426346
3002619,38.34608660479122
3002620,57.564497861358994
3002621,0.03195559221722669
3002622,345.39876531574026
3002623,26.84198550296363
3002624,46.39981765519457
3002625,19.891615309188683
3002626,137.60508588806658
3002627,16.23093896968619
3002628,397.9736199452102
3002629,320.845353724688
3002630,15.409542075683333
3002631,18.727565438768497
3002632,506.6636439808331
3002633,152.626431369493
3002634,6267.715040411344
3002635,7.8773995397758885
3002636,34.12434299189642
3002637,8.702588530233518
3002638,0.22856526342985736
3002639,8.249428258350662
3002640,2978.841063062818
3002641,0.001124310428104673
3002642,434.9125248652254
3002643,11.884655169994776
3002644,1321.6016182416815
3002645,834.162643292924
3002646,457.7551315245392
3002647,165.88083017263153
3002648,94.93899399557145
3002649,6069.806718893421
3002650,7.358447271154914
3002651,0.8150331101037709
3002652,41.89209258626679
3002653,43.518621729402675
3002654,0.015082495724344525
3002655,353.67406988871755
3002656,5.904814131201887
3002657,10.317382407964692
3002658,11.643069849292793
3002659,45.344440095444696
3002660,3.7206735636258648
3002661,315.53289318048155
3002662,426.0550148497684
3002663,5.5003543460753255
3002664,5.899074587365162
3002665,327.87001293707567
3002666,98.51999993089231
3002667,1623.97653660797
3002668,114.6496362989882
3002669,14.67969431829826
3002670,3.297703863364931
3002671,0.22547085721375293
3002672,4.148659358976912
3002673,2120.877873827816
3002674,0.23113015632529163
3002675,344.83373466796445
3002676,9.287735746791675
3002677,690.2906524076668
3002678,667.9590431492395
3002679,129.34511672545028
3002680,122.19417561759951
3002681,127.59037910077754
3002682,2550.7885644533853
3002683,17.870056944191354
3002684,1.2367462469931825
3002685,20.749377499585297
3002686,27.756411926760315
3002687,0.3010094438670781
3002688,171.7183451457751
3002689,10.185221516077847
3002690,14.687523519991878
3002691,5.221632661839357
3002692,112.90604562000856
3002693,4.745666692405071
3002694,251.4720402137517
3002695,158.5847801975461
3002696,3.302799132162912
3002697,7.240127718124349
3002698,274.7929618241063
3002699,64.42879632158848
3002700,2464.0416666908654
3002701,168.17931898991134
3002702,23.90935269232351
3002703,1.2451367414770314
3002704,0.16448483026157718
3002705,2.712432704812455
3002706,1329.2513508476159
3002707,0.15644026126480515
3002708,79.98810230386532
3002709,3.0845234488647435
3002710,623.9164451178056
3002711,259.0690004928588
3002712,181.56428741863888
3002713,25.304228309328842
3002714,26.784534244030848
3002715,2430.043731024518
3002716,3.0353987793404045
3002717,0.2833996183177722
3002718,7.0226506882097155
3002719,6.0755853512938
3002720,0.1557170482113026
3002721,141.0516601366311
3002722,2.519650278413276
3002723,171.02697767925133
3002724,1.6658668083126944
3002725,11.710008249213038
3002726,0.3716090060365183
3002727,228.4240306776683
3002728,149.74120502727692
3002729,0.7150216453693328
3002730,2.4548117891321697
3002731,114.86871637624267
3002732,24.116845138332263
3002733,201.37821522926018
3002734,5.165475257523599
3002735,1.5994664348372334
3002736,5.7638496264831
3002737,0.18446016188321554
3002738,4.440762465552533
3002739,4137.024194005898
3002740,0.20756188872866177
3002741,732.5407712156297
3002742,12.438742070178652
3002743,1639.8457038847173
3002744,564.6003509523857
3002745,428.7529237656907
3002746,187.3983154427383
3002747,62.51511974650202
3002748,6933.502916391242
3002749,25.198365312474877
3002750,0.4845364644005428
3002751,23.75220424030007
3002752,17.396678431209505
3002753,0.1821738716243224
3002754,418.80400956241647
3002755,6.385564879086
3002756,2.5818007607999567
3002757,6.798367307435987
3002758,38.67848203253204
3002759,1.4469508425682154
3002760,806.0008899708507
3002761,331.06772327494525
3002762,1.6111065276238787
3002763,12.651978567439663
3002764,316.35334641126593
3002765,112.81189784032985
3002766,1249.1498669832815
3002767,24.148534425930993
3002768,5.541482766948473
3002769,4.921851507517194
3002770,0.18662104820604195
3002771,1.0297439385209413
3002772,1411.3779544655047
3002773,0.18955885022483324
3002774,154.77051576026398
3002775,9.517382205302464
3002776,698.7183389415245
3002777,362.6472714134131
3002778,185.44492466022112
3002779,58.76274391144089
3002780,32.01595704997303
3002781,2571.354619352576
3002782,6.301279709325682
3002783,0.303138209907202
3002784,11.378122823310637
3002785,17.533818789625748
3002786,0.17978942612216514
3002787,157.2516487229064
3002788,4.6233579681476185
3002789,183.99681104753822
3002790,6.7016555088313225
3002791,43.53661476980097
3002792,1.2210549794940428
3002793,201.2087710783937
3002794,157.87438420864513
3002795,1.0721905508438137
3002796,6.040866340620787
3002797,149.8714781651567
3002798,35.97000303184816
3002799,320.4487490775391
3002800,8.3531172010653
3002801,1.971537034813911
3002802,3.2724737765707586
3002803,0.16857107418732173
3002804,2.204971197892794
3002805,1308.2927517045841
3002806,0.0
3002807,97.42659360636696
3002808,5.930890211490325
3002809,659.3290128967958
3002810,238.8454260693453
3002811,117.8778150632165
3002812,36.73729814695655
3002813,24.793246030030573
3002814,2410.0164369166755
3002815,6.633399817279967
3002816,0.17940302404476624
3002817,11.585854862262266
3002818,7.114634343432902
3002819,0.1600458014402558
3002820,120.44534476152302
3002821,0.9661709376242475
3002822,178.15600269485702
3002823,1.6820332393356234
3002824,31.93876292536806
3002825,0.5429216590053543
3002826,174.11778399461528
3002827,160.06182799516336
3002828,0.4434151504972981
3002829,3.897073012469783
3002830,87.92156136943619
3002831,18.09767153830532
3002832,170.86158793803168
3002833,7.687586140338283
3002834,0.731853151314112
3002835,2.771451841013736
3002836,0.0
3002837,2.2769648121371158
3002838,1400.0723982764325
3002839,0.0
3002840,158.15843816270322
3002841,8.397062564917213
3002842,833.5159737226498
3002843,352.8207478676997
3002844,225.2446367662197
3002845,31.129575055751637
3002846,37.99598972282762
3002847,2658.3283403698315
3002848,4.488265325567383
3002849,0.20829983338558042
3002850,7.627228753568923
3002851,18.03957353750304
3002852,0.1621340790850101
3002853,188.97860392754967
3002854,0.7584075704674067
3002855,181.29138927198292
3002856,2.5112217707972984
3002857,13.309090259938571
3002858,1.91258939657601
3002859,303.76193740454687
3002860,223.42676717985205
3002861,0.6288058117101727
3002862,4.17234568490042
3002863,83.77539112038743
3002864,93.79246236255095
3002865,359.72771556080244
3002866,7.446471633306244
3002867,3.3927448614173414
3002868,3.216592090258321
3002869,0.675005532129604
3002870,3.6344489181889115
3002871,1591.1470587723852
3002872,0.1793785762420695
3002873,161.45319651973975
3002874,3.375599195622372
3002875,841.2965486184471
3002876,339.7301616289098
3002877,241.01843046527827
3002878,92.88809240014058
3002879,62.97484877381094
3002880,2826.502070224958
3002881,4.616133685426722
3002882,1.744655213980273
3002883,10.18394283885637
3002884,17.039798129062884
3002885,0.19243237731845916
3002886,205.023697532216
3002887,6.392481047061765
3002888,187.7831627273651
3002889,3.3941709145012995
3002890,24.242541441380123
3002891,1.4394809767031194
3002892,162.67985126092566
3002893,168.57931902813272
3002894,0.7267929211680881
3002895,4.175618284968673
3002896,119.14199150848137
3002897,43.274119112306074
3002898,587.0135364961395
3002899,11.830444653480937
3002900,3.3622018986002145
3002901,3.297547858804527
3002902,0.21345898216727954
3002903,0.5488932653699536
3002904,1181.3898495763083
3002905,0.0
3002906,118.61920131446466
3002907,3.7148674683773715
3002908,604.5324377604863
3002909,198.4398148470645
3002910,125.65213960190482
3002911,103.2906219789997
3002912,24.992579516173727
3002913,1746.7385908688404
3002914,3.766249772332232
3002915,0.19345970901395512
3002916,10.050055007778377
3002917,10.921800013332783
3002918,0.16557593211157265
3002919,132.93527498083358
3002920,0.0
3002921,174.82170350638043
3002922,2.360879546589365
3002923,19.37878442196542
3002924,0.8227984843961964
3002925,58.00727612526503
3002926,114.9225805598736
3002927,0.6125283636994621
3002928,2.060342821566462
3002929,57.48051087997716
3002930,28.587622413693207
3002931,391.13821649837286
3002932,134.37121302413556
3002933,0.7060151690721364
3002934,5.174413346640803
3002935,0.350688309737288
3002936,2.864500942021129
3002937,2553.935277867755
3002938,0.17567766846534022
3002939,260.1784548251492
3002940,4.536148236958755
3002941,855.5062980992809
3002942,606.3550249506243
3002943,404.8807066049339
3002944,162.40412657327022
3002945,77.2082476024733
3002946,3781.578952855143
3002947,12.225219248103675
3002948,0.8595049326866293
3002949,20.297079418086795
3002950,21.42585304973254
3002951,0.17796779037851
3002952,227.98871989856806
3002953,0.3036391227315331
3002954,177.27940676018838
3002955,5.745867356396613
3002956,35.869759389844766
3002957,3.128179727960454
3002958,305.6405658448942
3002959,211.42116542313929
3002960,1.6137976955452267
3002961,6.094137162043031
3002962,280.1984105170977
3002963,55.45273140696041
3002964,1075.79000944909
3002965,22.0535503866106
3002966,8.982970595002206
3002967,2.6869593816013957
3002968,0.3866524514596444
3002969,3.7821711221259617
3002970,1721.0943332728575
3002971,0.0
3002972,480.54078642187346
3002973,7.254035728960119
3002974,461.1762198789247
3002975,507.1344650056007
3002976,158.09858299848477
3002977,123.7183202132143
3002978,40.047692235383934
3002979,2328.4942103629296
3002980,8.22636587975284
3002981,0.7588517778001078
3002982,16.147462214915613
3002983,16.807381877613416
3002984,0.18827324855151284
3002985,158.80330771593447
3002986,5.301504623834782
3002987,5.073935115880948
3002988,6.156807755631881
3002989,51.4292820965455
3002990,1.5391727569040072
3002991,158.30124861904588
3002992,122.0100523364397
3002993,2.8307973959552557
3002994,5.135973569244007
3002995,130.92004530043192
3002996,52.89874383679054
3002997,1297.876550584989
3002998,42.260942300819664
3002999,7.73353072582438
3003000,4.542729368326955
3003001,0.301924615454037
3003002,3.106545534864762
3003003,1942.021840669396
3003004,0.19022349584113118
3003005,131.7783441028644
3003006,5.615202617475804
3003007,725.0081393096121
3003008,267.3350335546511
3003009,225.8199583381615
3003010,47.356332769724155
3003011,41.52074479172923
3003012,2630.7025645083245
3003013,10.918092941594798
3003014,0.8610244758537973
3003015,10.485725693951375
3003016,9.440244154218783
3003017,0.18664632993208624
3003018,132.96237103776684
3003019,5.3990726764455585
3003020,185.18178272932235
3003021,3.4286599608823245
3003022,31.1960833004633
3003023,2.0628744533927366
3003024,134.63959025221848
3003025,151.93619045000614
3003026,0.9098443359658654
3003027,4.409967607549168
3003028,122.46430157181904
3003029,21.380045561475818
3003030,382.7162430837504
3003031,11.639283583977022
3003032,3.256133651402874
3003033,5.005479894485383
3003034,0.2072079031616858
3003035,7.346439865206047
3003036,2467.193636897625
3003037,0.21279542111181254
3003038,551.4328817015114
3003039,8.929966033125094
3003040,702.4992205379389
3003041,661.0938098863137
3003042,171.6225348271903
3003043,128.27999484948154
3003044,81.81294183406189
3003045,3043.714232129542
3003046,28.55468114247305
3003047,1.2424149896520489
3003048,14.987328219282512
3003049,27.006756969765206
3003050,0.19658754967257602
3003051,200.6410086017043
3003052,14.727482224598578
3003053,14.633174116852684
3003054,4.203309973923396
3003055,85.52734018597417
3003056,7.2667047014494575
3003057,414.18573907826004
3003058,194.26564766784796
3003059,6.187338417383272
3003060,5.5770444111652875
3003061,360.1219749774212
3003062,91.5117462702536
3003063,1970.076018463299
3003064,146.56672205573753
3003065,26.120874847044806
3003066,5.349521180060117
3003067,0.19069791165331507
3003068,4.156437246217696
3003069,3521.2562659929745
3003070,0.0
3003071,375.0372673698701
3003072,4.746672813949918
3003073,1051.1890790952693
3003074,603.2572785171822
3003075,468.71852040457117
3003076,65.8134108407273
3003077,66.20282667651176
3003078,4555.758429083209
3003079,9.928951567453774
3003080,0.49113443246229244
3003081,14.533351262164784
3003082,13.246958422434513
3003083,0.0
3003084,283.3388637837552
3003085,0.6634536036932912
3003086,4.559815474888453
3003087,4.177213387602984
3003088,43.65070494169961
3003089,1.1282356626032728
3003090,489.3301344503963
3003091,293.80187755321737
3003092,2.050943069045314
3003093,4.745436955246658
3003094,192.84069109237134
3003095,48.26024774255952
3003096,787.3689174887434
3003097,66.54278331366163
3003098,8.214439467680704
3003099,7.2247585955912275
3003100,0.27762373504623683
3003101,2.482394383274608
3003102,2249.379870525491
3003103,0.18882227026333998
3003104,314.904238175766
3003105,5.684929988544036
3003106,901.3353460752753
3003107,440.28144879783457
3003108,222.9316302758702
3003109,168.18881625823323
3003110,65.4539418486858
3003111,3173.112752290494
3003112,9.49383224592067
3003113,0.49565839594664857
3003114,25.880828232533045
3003115,25.836342350216057
3003116,0.18161863315887627
3003117,235.86006630599476
3003118,2.330074706787065
3003119,2.2867318133597023
3003120,7.015535676978075
3003121,75.81016282298488
3003122,1.5696785982410333
3003123,106.18262739598482
3003124,199.960892762913
3003125,2.1861072774739227
3003126,5.901293702406413
3003127,122.48648365868033
3003128,123.0663221157795
3003129,938.9298884756697
3003130,17.74587769201745
3003131,3.21062802773893
3003132,3.334935874277427
3003133,0.18592723515597337
3003134,2.2382874901921035
3003135,1638.9809891678992
3003136,0.0
3003137,109.70675372439568
3003138,5.583620755863769
3003139,608.7839367152959
3003140,282.55257244826976
3003141,137.92127237691918
3003142,36.749602615006765
3003143,40.72079018411317
3003144,2550.5514901286497
3003145,6.09573926320545
3003146,0.526818871657913
3003147,22.186423572245474
3003148,17.351339655485116
3003149,0.0
3003150,140.96054130664595
3003151,0.5256191194530964
3003152,183.69220365231493
3003153,3.799081642485902
3003154,62.579273548263075
3003155,2.294712678517949
3003156,127.39520573255615
3003157,132.78057960658475
3003158,0.796072300996808
3003159,4.844268544151574
3003160,110.41764254039353
3003161,28.049698915585957
3003162,362.3982939753149
3003163,11.291900429190848
3003164,1.2090935130725642
3003165,1.6464938386351156
3003166,0.1820432475763725
3003167,2.4599839619817705
3003168,1245.4403533082327
3003169,0.18559605090118989
3003170,249.35294418278727
3003171,7.34336489967583
3003172,468.434920950143
3003173,425.9000295976857
3003174,112.96549963257473
3003175,40.720886302732524
3003176,56.71648859593316
3003177,1797.2039196208325
3003178,23.469821762384143
3003179,0.47753339337926787
3003180,10.412671563055145
3003181,9.504800095360855
3003182,0.23071248277314224
3003183,117.90020679494486
3003184,8.725505908063006
3003185,2.2270295953810697
3003186,4.080271115508885
3003187,49.43983979266316
3003188,3.404511708980378
3003189,753.8193658425369
3003190,125.90417044001386
3003191,3.083959849475608
3003192,4.3703670863012345
3003193,266.9332437266735
3003194,25.943124494846167
3003195,1084.1220390092794
3003196,144.6982583439499
3003197,5.386465020575398
3003198,2.33834323243447
3003199,0.19995050850110258
3003200,3.0412874023860397
3003201,2717.437240784774
3003202,0.2418043674659211
3003203,671.4117848106193
3003204,12.769138142387245
3003205,919.7914579886758
3003206,1077.5265013628962
3003207,226.24092794216384
3003208,180.05512533430047
3003209,141.46636820189832
3003210,3034.552244677737
3003211,33.25340848041015
3003212,0.7939513036370711
3003213,19.12603861119632
3003214,26.4186809615252
3003215,0.24447811351624463
3003216,230.43062147631105
3003217,7.159158054811655
3003218,33.12009062614721
3003219,8.445155569921472
3003220,72.60666663296854
3003221,11.381109499814857
3003222,326.9791850627671
3003223,222.30894610304614
3003224,13.425250184652251
3003225,8.38330691010754
3003226,443.65258920182987
3003227,97.84512869012691
3003228,3155.883150952134
3003229,167.0501448282481
3003230,20.729428016954518
3003231,2.684124478086822
3003232,0.16999782248855044
3003233,2.5197059146083274
3003234,1926.6484638360716
3003235,0.0
3003236,358.6892650217021
3003237,6.5834598348568765
3003238,393.90471601137654
3003239,513.1498033846773
3003240,129.28690597858727
3003241,108.03119225038209
3003242,82.61845298768901
3003243,1647.2477852151671
3003244,17.291102149395822
3003245,0.8735773954607469
3003246,14.9031641058642
3003247,12.610291350992467
3003248,0.18183761888411967
3003249,95.56884591499602
3003250,0.0
3003251,18.80351854572548
3003252,3.843470587505024
3003253,214.0984585286555
3003254,8.690366857875143
3003255,173.17588940521878
3003256,95.06163164253462
3003257,3.8842724470376675
3003258,5.788020177418102
3003259,155.58525251193643
3003260,34.57016102673426
3003261,1610.4119051639527
3003262,1.8553511665577824
3003263,3.9423766658642467
3003264,2.3262479716993574
3003265,0.0017263186814893635
3003266,0.6735230685783078
3003267,603.1958701270656
3003268,0.0
3003269,149.54480215468496
3003270,3.754054072099752
3003271,252.5584249966637
3003272,167.13774521569388
3003273,53.66722970015565
3003274,23.11426563409726
3003275,26.736988385052783
3003276,1036.7901126829186
3003277,3.5406712642618725
3003278,0.41597809552289994
3003279,7.027524747494185
3003280,5.228903264574302
3003281,0.17048580498582794
3003282,58.01192950309231
3003283,0.2103572538264699
3003284,4.304382136481058
3003285,4.236218925534458
3003286,27.623925786120296
3003287,0.18212910388721218
3003288,187.44310824655116
3003289,83.16435236336166
3003290,1.5341845232481872
3003291,1.02387042072501
3003292,96.74702600378801
3003293,14.405779050511377
3003294,382.4515068378627
3003295,1.2809921054912032
3003296,1.5993690593749568
3003297,4.519270683033327
3003298,0.1899944714593215
3003299,2.654985419285009
3003300,2238.255032816985
3003301,0.18054943921098127
3003302,467.63266885258207
3003303,12.58694665522207
3003304,659.8926287100863
3003305,746.7402982481127
3003306,221.09846626099795
3003307,173.41128714469195
3003308,96.85697882376712
3003309,2867.5409973428673
3003310,24.193482724322354
3003311,2.083229746688905
3003312,16.976213149632354
3003313,25.854901834631715
3003314,0.19997741340156872
3003315,166.91620291269422
3003316,3.972597345531738
3003317,28.277444946406856
3003318,7.691066912545304
3003319,114.86559196512785
3003320,3.061383710264634
3003321,223.99151906322842
3003322,168.48629623536553
3003323,8.095501966439707
3003324,6.8016002776675935
3003325,279.24946421402245
3003326,68.41255872278266
3003327,2263.635808403253
3003328,1.913488289291025
3003329,11.61072435788959
3003330,4.070078711722084
3003331,0.1831895356410736
3003332,2.841513967742737
3003333,2583.091930142764
3003334,0.18785482873883816
3003335,447.9005541672669
3003336,8.938747478551619
3003337,886.8528533728482
3003338,631.7186780745786
3003339,273.63758161427205
3003340,170.34252655734127
3003341,61.40877494122372
3003342,3817.7381447920948
3003343,12.5051918825608
3003344,0.39611270312693764
3003345,27.930992182776276
3003346,14.637249011640431
3003347,0.47166838222505264
3003348,211.46693986495526
3003349,0.0
3003350,4.990794594860881
3003351,3.5301400174874873
3003352,41.93092074427304
3003353,0.7341324667804159
3003354,300.78900960824
3003355,216.4482057145066
3003356,3.3371232831924234
3003357,3.3151221973558034
3003358,156.7106064205652
3003359,63.03103198186032
3003360,1266.231909899676
3003361,2.318922288485649
3003362,2.3549565379625563
3003363,4.641200292867463
3003364,0.23957819117552234
3003365,2.973650912293912
3003366,2538.5773948218666
3003367,0.0
3003368,474.40210482000685
3003369,9.391677137196213
3003370,765.909060581669
3003371,528.4650712412422
3003372,215.96436660625346
3003373,135.55077870858412
3003374,56.46522990534813
3003375,3381.3460880041093
3003376,11.154933914486465
3003377,0.8983012262110319
3003378,23.14592093426432
3003379,17.369380577026003
3003380,0.19908122525870753
3003381,193.999985050167
3003382,0.0
3003383,4.213205805953118
3003384,4.208388638197884
3003385,82.12441424787427
3003386,0.9894572224376836
3003387,146.4432914856298
3003388,181.3870249092115
3003389,2.980489696609078
3003390,4.058534045166844
3003391,142.0875116819685
3003392,50.54758374935492
3003393,961.0001390846033
3003394,2.100371832686299
3003395,4.770319854512077
3003396,7.5913487691629165
3003397,0.3455147062200508
3003398,11.996276873657326
3003399,6861.475888698592
3003400,0.2312957398857607
3003401,1019.0003675738465
3003402,58.28312919075198
3003403,1495.4331071382767
3003404,1680.049639403617
3003405,294.3295716220879
3003406,363.9950452201889
3003407,279.81189792261875
3003408,6603.359907217007
3003409,64.99312465719514
3003410,1.90995453809612
3003411,41.96795750510475
3003412,44.04981748514513
3003413,0.299966616944155
3003414,377.49971753754613
3003415,30.00155615084624
3003416,38.33018863043038
3003417,23.985128095876522
3003418,218.94745390487768
3003419,22.630123826130752
3003420,546.4660059400087
3003421,396.55352571359714
3003422,15.291097233578192
3003423,22.451723903072246
3003424,870.8715927575473
3003425,220.9096688714921
3003426,6515.4760844571965
3003427,1.6908717912752649
3003428,63.961731033106446
3003429,2.4335094298179474
3003430,0.29941375926460195
3003431,0.7145536649980042
3003432,1404.9405260857263
3003433,0.0
3003434,152.7183397063084
3003435,4.258715916527911
3003436,545.6513547514934
3003437,231.85619538353546
3003438,98.82935338082758
3003439,99.92238299897835
3003440,42.885880319639064
3003441,2246.1695048919296
3003442,4.3294564995903135
3003443,0.39432988386838175
3003444,10.96857612596173
3003445,7.669195120936953
3003446,0.16467353735152887
3003447,164.66045862894302
3003448,0.5426670145704944
3003449,187.19195794003832
3003450,2.5286147733220594
3003451,26.81115218369713
3003452,0.6361273270864061
3003453,136.32011776932762
3003454,88.36738620429658
3003455,1.4037192556918843
3003456,3.793417683447524
3003457,105.35102429005288
3003458,20.606351876712402
3003459,492.6247242956665
3003460,31.687454419398712
3003461,2.9195646376847177
3003462,6.798785901169039
3003463,0.1820828725840542
3003464,1.2452992080163456
3003465,2663.9475771140546
3003466,0.0
3003467,455.1116785331201
3003468,8.390657601228334
3003469,982.8326246173383
3003470,525.3354711223387
3003471,190.72014891632782
3003472,202.11071398829966
3003473,78.7181217558285
3003474,3749.963637804811
3003475,9.768024481762083
3003476,0.42674616018310707
3003477,17.922189147391737
3003478,17.28034666288071
3003479,0.18484232187868763
3003480,243.24124273488977
3003481,0.5822572488193947
3003482,5.005753310911488
3003483,6.824393233127914
3003484,18.46354785819339
3003485,0.9095935594760842
3003486,516.2892276060448
3003487,199.64525837154417
3003488,3.387144574488949
3003489,4.245466924821265
3003490,133.4881994354399
3003491,50.9088859147206
3003492,1073.050403041841
3003493,2.4771565621156424
3003494,4.1296187183427575
3003495,1.1064364084615064
3003496,0.0
3003497,0.630203528567737
3003498,823.3518732047357
3003499,0.0
3003500,125.33630479895486
3003501,2.8908268335164173
3003502,484.9430422300018
3003503,133.99641576628756
3003504,77.6930491972445
3003505,173.083695551509
3003506,14.844646945502776
3003507,1645.0788815773951
3003508,1.0600420626611733
3003509,0.23827647941575522
3003510,6.571661081170399
3003511,4.631830842536579
3003512,0.16188573349405252
3003513,74.10940000623057
3003514,0.0
3003515,172.8250106513772
3003516,1.433095439940034
3003517,26.659926731180498
3003518,0.28315527697308923
3003519,108.76303388192233
3003520,63.18501690568927
3003521,0.4326044584460314
3003522,0.945973870095075
3003523,43.59361444170809
3003524,10.686235417769698
3003525,165.68482810552365
3003526,133.06531023259896
3003527,1.1533521404255933
3003528,5.214829421955885
3003529,0.16877232168033152
3003530,2.693741577997797
3003531,1540.1742225951655
3003532,0.0
3003533,186.97124090244435
3003534,5.651139850374568
3003535,748.5223075210221
3003536,351.54379515547123
3003537,152.6348794422734
3003538,103.49106570033179
3003539,42.300973810019464
3003540,2406.729225057727
3003541,2.5811484978962516
3003542,0.3259225203226583
3003543,20.53031289075757
3003544,12.395841782630544
3003545,0.1914614781861638
3003546,157.72329253643855
3003547,0.0
3003548,177.48979320252812
3003549,8.501706646622166
3003550,34.074400070205066
3003551,0.9875303288587742
3003552,331.65632704234696
3003553,160.4210164074665
3003554,1.6734204851711376
3003555,2.408218382010351
3003556,187.87977533229
3003557,20.034822436350833
3003558,1047.0946912299326
3003559,137.90023524442356
3003560,0.6763400958898578
3003561,2.3570580707746522
3003562,0.3796850974430976
3003563,2.208616517910455
3003564,2234.832602667661
3003565,0.20400371239884393
3003566,585.4364414763414
3003567,8.715780998395093
3003568,778.0418728856604
3003569,549.4796531772156
3003570,207.23825773191297
3003571,91.14980124888119
3003572,67.43179522793635
3003573,3579.5933917285474
3003574,6.445276616369221
3003575,2.501453916360416
3003576,21.5344394350274
3003577,34.489605758079186
3003578,0.1949778913950981
3003579,180.83032005933936
3003580,1.2598163058442005
3003581,5.186423696486978
3003582,3.4028978142922552
3003583,30.18106445621381
3003584,2.0191371889076897
3003585,232.37049752968193
3003586,231.02583166726933
3003587,2.7865756792116594
3003588,5.848091260301079
3003589,127.2395147769735
3003590,29.61414756161519
3003591,583.1492665574583
3003592,3.337913396086699
3003593,1.8717379734429835
3003594,2.7708237980720636
3003595,0.007437632121513385
3003596,0.5615330865947576
3003597,1275.0522587824878
3003598,0.0
3003599,89.34520538563326
3003600,1.6821525262316226
3003601,364.7647299035608
3003602,151.95026937124462
3003603,77.46188198405687
3003604,95.0066390748528
3003605,34.12004045139633
3003606,1673.443775825795
3003607,3.533048584672393
3003608,0.3451103635958025
3003609,8.174166366038445
3003610,4.6929841004519055
3003611,0.1647925864236002
3003612,82.70352433397481
3003613,0.0
3003614,170.14621480804104
3003615,4.780356267033932
3003616,30.516678782267583
3003617,0.6093120719059559
3003618,293.9188081307842
3003619,63.973847538066934
3003620,0.7349017648598635
3003621,0.6987868351745234
3003622,55.55813806369248
3003623,15.286270003596883
3003624,329.75592303893217
3003625,32.20262370252301
3003626,0.9059641159092222
3003627,3.780917737495934
3003628,0.18998824564161612
3003629,1.6312652964504935
3003630,2938.724631055344
3003631,0.0
3003632,443.7303120187007
3003633,9.288715646683707
3003634,759.6826440817548
3003635,488.84542979185505
3003636,154.84207609921958
3003637,145.686051248957
3003638,58.687558361776006
3003639,3243.9128759438086
3003640,6.390646710281414
3003641,0.3718332596068618
3003642,17.71796517925198
3003643,7.455966528781506
3003644,0.18491659430485685
3003645,160.83460596526652
3003646,0.0
3003647,22.72089549748763
3003648,3.5127767846892173
3003649,44.41583629083001
3003650,1.055371184252135
3003651,384.1248214520412
3003652,178.0896774885495
3003653,2.5666132058638924
3003654,2.201669708751038
3003655,112.15310386851145
3003656,39.44464653827675
3003657,1163.9617393631718
3003658,2.1046360649004043
3003659,0.7594729753881932
3003660,2.5641099899389994
3003661,0.21005691097772783
3003662,7.003242396218292
3003663,2451.551681419008
3003664,0.21359080236916736
3003665,481.8316505233323
3003666,5.555735234844567
3003667,874.9909586972989
3003668,773.9230599710369
3003669,154.2569163717312
3003670,112.98190703876212
3003671,108.172206004151
3003672,3306.2697755460417
3003673,54.39273497408993
3003674,1.1035968482406457
3003675,28.669459660497548
3003676,27.754415697049595
3003677,0.2091385276851816
3003678,216.9243926911113
3003679,16.231614797473746
3003680,19.16560875648854
3003681,1.6044206098046212
3003682,115.99251115212869
3003683,8.36597012357225
3003684,214.7329098728448
3003685,234.54962762335
3003686,10.483768190827277
3003687,11.744137248997344
3003688,222.77030257179172
3003689,76.89494089056537
3003690,2432.8151108014613
3003691,156.5765220504023
3003692,9.739123134305855
3003693,4.1806055796799635
3003694,0.20700165558654007
3003695,6.887942020758912
3003696,1973.12661220404
3003697,0.21258821892725346
3003698,387.9555314843498
3003699,10.721348180328391
3003700,759.1949372502966
3003701,634.8429339697745
3003702,118.03523545239118
3003703,66.84385116022989
3003704,95.87856681756335
3003705,3024.6445119505543
3003706,21.7765125273947
3003707,0.6381480249218123
3003708,31.17853868385179
3003709,22.903928434073936
3003710,0.2120817589002158
3003711,255.86187054348227
3003712,16.98436861106531
3003713,16.211359912967822
3003714,8.340633139081564
3003715,92.68194712082928
3003716,9.148334256242606
3003717,130.66388591817605
3003718,277.5809137521925
3003719,6.225804516216408
3003720,8.878085075023154
3003721,104.82322159696048
3003722,73.38221598511922
3003723,1876.3206978503872
3003724,16.510374060427022
3003725,14.073141995225539
3003726,5.521792173660968
3003727,0.19092949939395637
3003728,3.1623214749535222
3003729,2977.3639217191876
3003730,0.2044565466059143
3003731,631.3241905094633
3003732,5.252326422189326
3003733,1165.8066374849814
3003734,568.3639323586951
3003735,160.07181639433824
3003736,287.4774467734501
3003737,49.91881481552543
3003738,4679.046634523793
3003739,24.334705281748985
3003740,1.0070937170531127
3003741,20.777226475353974
3003742,12.809036065345007
3003743,0.2081592654952414
3003744,293.2865439722708
3003745,3.7258825473576422
3003746,11.421885144916585
3003747,4.865236635969321
3003748,59.437713689106516
3003749,4.01602550865023
3003750,234.65472275647372
3003751,263.73703692117994
3003752,5.903670280646983
3003753,6.987631910649269
3003754,209.21994572097745
3003755,50.3961845595583
3003756,1377.450280124349
3003757,11.058200659408627
3003758,10.707744216618169
3003759,3.03535847262492
3003760,0.21448293255456977
3003761,4.946723381443761
3003762,1830.8662139299363
3003763,0.0
3003764,308.8498787315817
3003765,6.019247528186575
3003766,600.8270122565339
3003767,613.4497425544981
3003768,156.1166658112759
3003769,99.87881380843343
3003770,61.70653794768628
3003771,2570.617944153181
3003772,19.665366765683334
3003773,0.8103461424076424
3003774,10.381843900878355
3003775,8.112672780912142
3003776,0.18288281590143785
3003777,169.29496064816536
3003778,13.352665128320892
3003779,15.228769023307112
3003780,1.805751189393019
3003781,71.49826951590669
3003782,5.809381781683375
3003783,265.0864882896832
3003784,179.80964299760225
3003785,5.1418398695105845
3003786,6.089821213713267
3003787,265.5254660607598
3003788,42.838301577102584
3003789,1792.8420281145013
3003790,13.339487136637176
3003791,19.83493389448577
3003792,2.0401466571753457
3003793,0.18047646202128131
3003794,2.9738514384009833
3003795,4507.16117000421
3003796,0.1829084481029953
3003797,355.26526737733616
3003798,8.237021193209733
3003799,1281.165520239093
3003800,525.1801891989684
3003801,218.14666477680692
3003802,128.98395039455158
3003803,55.45389487805386
3003804,4733.341048053072
3003805,6.875857544396391
3003806,1.5019439001266726
3003807,22.285780783660595
3003808,18.969675505801625
3003809,0.19470529764114336
3003810,356.1308785962277
3003811,0.0
3003812,5.7943214859242085
3003813,7.319708675170519
3003814,27.590567942757115
3003815,1.8635454033858765
3003816,158.10088672529758
3003817,247.21208188958227
3003818,2.599792018952079
3003819,8.662535067553854
3003820,142.66841623455863
3003821,49.61988873423327
3003822,980.3722407315282
3003823,146.66133867505346
3003824,3.5118194648542698
3003825,4.873114858953068
3003826,0.19448843820438644
3003827,7.399321149656508
3003828,1674.105022660799
3003829,0.20956402557887002
3003830,391.83650352270797
3003831,9.381169845909389
3003832,778.4766076144542
3003833,589.1534083666511
3003834,172.0014942125644
3003835,93.96106930318722
3003836,123.8731555586151
3003837,2911.721017085257
3003838,26.072957061792852
3003839,0.9203541324113267
3003840,22.50793920299892
3003841,22.46167505109431
3003842,0.19446352218099355
3003843,179.30731351817101
3003844,13.386215275975191
3003845,13.037990851355325
3003846,6.355400041400618
3003847,75.22846442031613
3003848,8.275431159546079
3003849,159.60155027337686
3003850,253.9511537426244
3003851,11.569704604541531
3003852,6.9388856753544195
3003853,137.60953320416806
3003854,48.80393355892822
3003855,1668.7677957843525
3003856,1.542323286981237
3003857,4.857946435074355
3003858,2.512791471840857
3003859,0.1835394316876602
3003860,3.7234432887993387
3003861,1829.2383983002278
3003862,0.0
3003863,376.97440927567965
3003864,6.828577682178148
3003865,558.1747924596579
3003866,669.146451241194
3003867,134.1033523584927
3003868,102.73799600708256
3003869,91.57291228418218
3003870,2267.8023470004277
3003871,24.379724304648363
3003872,0.6440792931209678
3003873,20.698634424543165
3003874,21.62834713039086
3003875,0.18576916832754012
3003876,165.07099361879114
3003877,9.441466143846776
3003878,29.29369468305493
3003879,3.3567424243199557
3003880,62.64341809223871
3003881,7.787914233486193
3003882,209.43214054300904
3003883,157.1263748055105
3003884,7.155925622935538
3003885,7.020611377578634
3003886,189.77154262114345
3003887,49.12154321928456
3003888,1960.020004652526
3003889,3.6807877443706607
3003890,9.022387753674176
3003891,5.122095793179741
3003892,0.1865083686952767
3003893,3.888268925298937
3003894,4109.610840114922
3003895,0.0
3003896,433.3773411361287
3003897,12.747576053750379
3003898,983.5109087407009
3003899,531.5517959603843
3003900,241.43857482209978
3003901,131.57265431702362
3003902,57.35891354646647
3003903,3907.4496821284483
3003904,9.13527139639382
3003905,0.19840799631196868
3003906,14.148430306303336
3003907,16.10215547586543
3003908,0.17050960959791142
3003909,199.16344679850906
3003910,0.0
3003911,7.603544690069064
3003912,1.9929396093507963
3003913,76.8065383307452
3003914,1.8724438946114925
3003915,242.10234471358558
3003916,249.15860391894407
3003917,2.5185898344549043
3003918,1.3023700272655123
3003919,195.41797079195177
3003920,102.69692058086488
3003921,1040.321213587121
3003922,2.5866185089864215
3003923,0.5857100241113
3003924,11.852553636768707
3003925,0.22438733257016316
3003926,11.412515336587452
3003927,7713.027566627998
3003928,0.2312957398857607
3003929,1255.7979272757316
3003930,26.323203527855497
3003931,1961.2247743765602
3003932,1934.1060185871927
3003933,397.9710336368162
3003934,406.7867695316935
3003935,358.0732073853156
3003936,7891.665586893425
3003937,79.78598508031276
3003938,3.1149519520211433
3003939,102.20708675064871
3003940,93.5727041454618
3003941,0.2416029213691124
3003942,498.6446515401588
3003943,25.022947724185805
3003944,23.252255169471525
3003945,42.54318842504291
3003946,341.48786851465536
3003947,19.35408180924406
3003948,681.2753192644251
3003949,400.95217412788367
3003950,27.958878450368303
3003951,32.22397680951839
3003952,867.8320010094376
3003953,317.78450820183787
3003954,7607.604424068065
3003955,280.68679831640225
3003956,64.34933515751719
3003957,10.317403059216378
3003958,0.22167977392430432
3003959,9.762664609316671
3003960,6839.315967437048
3003961,0.21682884372691907
3003962,983.0861872130097
3003963,27.89759201854601
3003964,1892.5564438488311
3003965,1693.3273752744228
3003966,513.4409308873269
3003967,264.04526844134733
3003968,252.88583467190423
3003969,8745.529394964686
3003970,91.92078171933332
3003971,1.1894367691501833
3003972,48.03904971635468
3003973,66.51169973463809
3003974,0.5697988224054054
3003975,473.2449238398247
3003976,21.185676747305198
3003977,30.577962318389684
3003978,5.832401944764466
3003979,225.966917477544
3003980,16.528974317951036
3003981,830.580771647433
3003982,529.0744881820535
3003983,18.721110152397454
3003984,22.461604795319598
3003985,892.5630314252387
3003986,210.5533150422424
3003987,5317.744847723226
3003988,318.25335800840423
3003989,60.11734736570959
3003990,10.473126928517605
3003991,0.2104722001855041
3003992,19.121371292212213
3003993,4368.481465587257
3003994,0.1816372320567538
3003995,717.3651887579172
3003996,14.441381132421613
3003997,1549.2480562296105
3003998,1148.2214906417512
3003999,582.1715212440762
3004000,96.21595793083549
3004001,174.54879112930936
3004002,6961.623800973963
3004003,32.758810953810084
3004004,2.1299694386195513
3004005,38.46758007944765
3004006,19.83285206577495
3004007,0.4004152580434938
3004008,454.07412097863727
3004009,23.203877984132724
3004010,19.424513575211396
3004011,10.939818137100842
3004012,125.69008984348842
3004013,10.778289592707571
3004014,728.4621875772493
3004015,521.9893750594166
3004016,17.821777286529716
3004017,32.53956815755721
3004018,550.1267452367781
3004019,110.78138281602433
3004020,2176.35760945686
3004021,222.17840504731643
3004022,34.18234072804014
3004023,14.6682857432509
3004024,0.22171320101419278
3004025,20.14706903413225
3004026,6265.326911768499
3004027,0.21686213808768878
3004028,904.9966934911657
3004029,18.480661944315692
3004030,1767.8389583953044
3004031,1646.7822385079694
3004032,494.92522053466513
3004033,248.0433750639934
3004034,200.45274594010155
3004035,8899.156448298116
3004036,45.70899745468505
3004037,1.0743024177902405
3004038,60.44292754120682
3004039,59.06178836381537
3004040,0.5222408465586841
3004041,484.593397462267
3004042,21.91332493407687
3004043,29.494031262859806
3004044,18.762970222850605
3004045,193.71688166336995
3004046,14.34460113702146
3004047,702.1255057786753
3004048,567.5039090083957
3004049,16.84405366692829
3004050,22.244006087002028
3004051,820.2037589848567
3004052,193.4929223718229
3004053,4638.890171162637
3004054,301.4391114708721
3004055,53.869863051599964
3004056,9.96864294512352
3004057,0.20901162877645466
3004058,18.106952054297462
3004059,3255.4658437711623
3004060,0.20943746135435778
3004061,627.2054351824914
3004062,12.934554594050775
3004063,1425.6356068018447
3004064,890.3039026636109
3004065,474.2144399553656
3004066,73.56689664870689
3004067,131.33881772006046
3004068,5710.647760225898
3004069,33.951929562455845
3004070,0.2450381923623645
3004071,27.958879497796175
3004072,23.27575835585715
3004073,0.1847792514780256
3004074,409.6802892664744
3004075,17.44332809248161
3004076,8.46352815443171
3004077,5.178755010037186
3004078,109.99333264993422
3004079,4.437180831244191
3004080,592.342085693263
3004081,549.8644564232691
3004082,13.545893861413084
3004083,16.840838122689984
3004084,580.1515010634466
3004085,70.5117421023822
3004086,1443.1640239878177
3004087,351.16066697280826
3004088,15.869657878718055
3004089,9.846577546311135
3004090,0.22314814143563041
3004091,10.488576059798612
3004092,5092.440774438911
3004093,0.23004955681585623
3004094,948.1265230519613
3004095,22.472905071680827
3004096,1482.454379770752
3004097,1783.7643693292946
3004098,309.0817558274671
3004099,348.4987667119365
3004100,285.2971541873195
3004101,6344.74647837791
3004102,59.951960303950585
3004103,1.1708778919870881
3004104,47.86751877165962
3004105,45.6345656304893
3004106,0.4134404582039965
3004107,353.0153587915853
3004108,14.00735710185278
3004109,27.028467379483423
3004110,8.572503350944066
3004111,242.81559326493175
3004112,14.303845106126534
3004113,612.5562815133742
3004114,382.7157695394003
3004115,15.26437332839582
3004116,26.607747778196227
3004117,736.4440151073339
3004118,182.67097202356678
3004119,6339.102404967991
3004120,186.16021890539008
3004121,59.9713233860183
3004122,5.104532765331475
3004123,0.2083388017543878
3004124,5.700247251479545
3004125,1545.732404027653
3004126,0.19288939968659452
3004127,307.7101994814517
3004128,23.22386946480288
3004129,790.5594579943763
3004130,484.9079148343601
3004131,192.46800840837028
3004132,63.78908679518598
3004133,74.41964381341577
3004134,2552.891722066103
3004135,23.659604071305193
3004136,0.7433348829697293
3004137,25.934284331931764
3004138,20.488934164872898
3004139,0.212060461136808
3004140,174.19979206806207
3004141,8.471911109561622
3004142,7.676304204656381
3004143,8.724645934206363
3004144,58.21473819094908
3004145,7.515474420338906
3004146,216.84108769700703
3004147,195.42032400810263
3004148,2.490243455007465
3004149,6.595228030473369
3004150,179.2951312285923
3004151,51.928338927791565
3004152,1375.9195217707481
3004153,2.4216661654815494
3004154,7.599396610623268
3004155,8.137879082993301
3004156,0.20533606987215733
3004157,11.83186556302118
3004158,3559.5509238251593
3004159,0.1985213183955897
3004160,506.6107222151453
3004161,26.0343279718605
3004162,1288.091011782576
3004163,913.4706649820893
3004164,374.6111169677527
3004165,78.07612220627499
3004166,154.6472897348478
3004167,5795.206250891232
3004168,64.60743324797967
3004169,1.0863029750981386
3004170,48.38113560610569
3004171,31.307731832121235
3004172,0.18306123956632966
3004173,297.9774835372637
3004174,9.694834768116898
3004175,6.980772175706363
3004176,3.808239835417403
3004177,137.45751620627144
3004178,8.07746588567547
3004179,441.9184626607208
3004180,418.12104043926644
3004181,9.074231056634126
3004182,17.640656250283264
3004183,313.30709864724224
3004184,79.10340283231534
3004185,1891.2906184939172
3004186,277.3306061993472
3004187,14.914307707463532
3004188,6.195456496898368
3004189,0.21509320032845625
3004190,4.2119120949293904
3004191,3501.6380796599938
3004192,0.221949167007449
3004193,703.4174380835752
3004194,9.23456858143599
3004195,1056.862028686013
3004196,1247.987977417898
3004197,188.10515056979364
3004198,242.51930005829328
3004199,200.13920122726387
3004200,4010.378891373034
3004201,34.46145722801752
3004202,1.285746090324393
3004203,20.95334642632692
3004204,32.60479932154899
3004205,0.2687393250810782
3004206,236.59538548577214
3004207,1.9693311211590774
3004208,45.93338618783574
3004209,4.3229460964513455
3004210,133.80781702125768
3004211,9.190028552119063
3004212,460.82670584005353
3004213,201.5699857736149
3004214,15.697578072641537
3004215,9.047507597007375
3004216,513.4604535203654
3004217,109.86758966092863
3004218,4898.994205598538
3004219,4.174051161601591
3004220,34.10663151983393
3004221,7.966693963913743
3004222,0.0
3004223,5.241493925732576
3004224,3560.1162710685944
3004225,0.0
3004226,688.7948846037492
3004227,11.43333580681603
3004228,1308.709248437746
3004229,978.4192916657881
3004230,297.2984828438996
3004231,161.20205570223305
3004232,273.4325172078913
3004233,4757.270256469458
3004234,32.84003241896272
3004235,2.1035176973749894
3004236,38.925976248436534
3004237,36.26186673684381
3004238,0.20544624013295792
3004239,279.4490210062256
3004240,6.512987710613793
3004241,51.109160749926964
3004242,8.005601850037406
3004243,236.18247795199062
3004244,9.417464882979353
3004245,394.36555352048134
3004246,275.7193095865154
3004247,13.315415921848034
3004248,21.660183029851577
3004249,374.48268306274207
3004250,106.6638585798775
3004251,4392.789483037441
3004252,3.917187480834654
3004253,6.97505172915572
3004254,4.651979598172462
3004255,0.0
3004256,2.3157028364692356
3004257,1699.7503308391838
3004258,0.0
3004259,398.8598770542061
3004260,6.0463905273829575
3004261,742.2727441463092
3004262,417.32023348720264
3004263,191.9017562298226
3004264,64.93908637222282
3004265,96.49109497091303
3004266,2459.8616965434953
3004267,12.550358781621346
3004268,0.8258577679155936
3004269,21.965141349070123
3004270,19.304715822548754
3004271,0.17618249139439868
3004272,161.92941387978684
3004273,5.530769699471549
3004274,8.742713807880204
3004275,6.372444595931197
3004276,72.02354547346735
3004277,3.3519766499075505
3004278,210.9225957902425
3004279,182.07295007667906
3004280,3.657327609549938
3004281,4.778204250827689
3004282,132.5073816751617
3004283,49.59373856514409
3004284,1688.1420653876355
3004285,3.4226369030365076
3004286,3.2107735668738204
3004287,4.9122480677469
3004288,0.16330449006574174
3004289,3.4130553411499918
3004290,2954.0117584676873
3004291,0.0
3004292,172.79884800423014
3004293,3.611028591280226
3004294,782.4404284667315
3004295,196.39640347436733
3004296,159.27738971974182
3004297,64.88746932798652
3004298,27.327932079029154
3004299,2624.3854574945985
3004300,10.599601893770581
3004301,0.49289018102180654
3004302,17.531515296370326
3004303,7.7961478033545255
3004304,0.15262102534542776
3004305,160.21978825274346
3004306,0.0
3004307,172.5106655678466
3004308,3.3489423545360655
3004309,18.81668239546673
3004310,0.7064185795831481
3004311,60.0795538375176
3004312,137.4459223712593
3004313,0.17607414649508796
3004314,1.4922398209974994
3004315,51.11509962937486
3004316,72.00076379998798
3004317,488.3025261487863
3004318,136.92917956003308
3004319,1.2509754313602115
3004320,5.088721499743943
3004321,0.19006354184889956
3004322,5.269460518967205
3004323,2579.988966734315
3004324,0.20508328279616245
3004325,440.7914899257822
3004326,9.905464762480246
3004327,955.7845747048906
3004328,765.1574213318985
3004329,242.26684144756865
3004330,120.3001954927645
3004331,98.50433185168367
3004332,3833.2866586583036
3004333,29.787309070489933
3004334,0.7548212757132506
3004335,20.80351142373595
3004336,36.96668413804851
3004337,0.2062154339243166
3004338,222.43594069039958
3004339,15.779476186587829
3004340,16.060085431641596
3004341,13.410947640649091
3004342,76.64896236746958
3004343,5.048098556508792
3004344,346.3548599954484
3004345,259.59822722290124
3004346,6.88028971261699
3004347,12.315770696493159
3004348,406.92067501283066
3004349,76.07796469888946
3004350,2021.4113021497185
3004351,186.15168258200845
3004352,26.45837893606726
3004353,4.107382102757778
3004354,0.20440724619447187
3004355,5.0080546742451375
3004356,3262.9230825711893
3004357,0.2193885008501459
3004358,578.6405927829635
3004359,15.4666718694783
3004360,851.7291884450767
3004361,1112.8239965119592
3004362,150.65883839756336
3004363,235.26055702309097
3004364,172.29491535460667
3004365,2930.3051488915776
3004366,33.81388704848626
3004367,1.9211314782310578
3004368,28.734903382803022
3004369,29.13603821379514
3004370,0.5591744733016863
3004371,202.62587276585884
3004372,10.654197050916885
3004373,34.77150044069973
3004374,7.084729548702221
3004375,117.44556448041962
3004376,14.183918904329191
3004377,389.0939048787239
3004378,191.5791986554425
3004379,5.99123631116619
3004380,11.864764338706202
3004381,528.2121484646168
3004382,112.28509586250826
3004383,4548.22689764629
3004384,2.9617575514211647
3004385,35.657985372135876
3004386,3.0102654811142067
3004387,0.5978919395488169
3004388,6.7936718281377635
3004389,3611.3710959601744
3004390,0.20685791124728795
3004391,703.8412789279512
3004392,18.73456956428218
3004393,914.1481035891982
3004394,1141.9914831272456
3004395,216.6154592389976
3004396,234.38351577497428
3004397,120.19407985070355
3004398,3599.82172280971
3004399,35.74411853450921
3004400,2.0973342870864706
3004401,30.78167548172659
3004402,35.93138455257994
3004403,0.24954441391836876
3004404,268.34963460913946
3004405,23.681668761964406
3004406,30.462453053807042
3004407,21.44776656480104
3004408,123.465514106239
3004409,14.790012924125115
3004410,379.64351381419215
3004411,252.11401875862558
3004412,14.994276723433009
3004413,17.717982903132246
3004414,435.67325985003424
3004415,134.38922347470447
3004416,3735.182521046204
3004417,1.7859388961198075
3004418,32.22177606166471
3004419,9.138014357757356
3004420,0.21240998682444928
3004421,7.098559286695961
3004422,2725.2056328415306
3004423,0.20927398017374452
3004424,398.7466847641211
3004425,8.623569875552192
3004426,1231.4705585638349
3004427,669.8364403922336
3004428,437.0905661333273
3004429,134.37804675049048
3004430,91.21890420804192
3004431,5593.183473575381
3004432,8.959710831785237
3004433,0.8924476951301099
3004434,40.25521390942692
3004435,35.071661577967404
3004436,0.21141463581290637
3004437,330.4142258246494
3004438,6.4468185268792375
3004439,4.547230138910691
3004440,8.325585943530518
3004441,39.183442588438474
3004442,3.1686779255552446
3004443,473.68410195371575
3004444,366.06943955043647
3004445,5.470199381981463
3004446,5.890215663944655
3004447,321.4981842867921
3004448,94.15028312051491
3004449,1209.8270519647137
3004450,133.70973779654818
3004451,12.756671584830487
3004452,4.059319711857385
3004453,0.23538200260095274
3004454,3.752021109008565
3004455,1736.3386473836665
3004456,0.24108707198597776
3004457,298.18322985370463
3004458,11.960371915074727
3004459,582.9549197444993
3004460,585.3655693789921
3004461,132.58941089602496
3004462,134.73017121804492
3004463,112.17375313439292
3004464,2018.3518936992261
3004465,17.415746631207668
3004466,1.3511216463810252
3004467,29.264919510649246
3004468,24.623835439000338
3004469,0.259177957845237
3004470,143.16963023865432
3004471,9.136446772343866
3004472,19.531077692600405
3004473,5.3324804569488435
3004474,122.8335057215428
3004475,4.901070270004596
3004476,475.5375465884944
3004477,118.3022812963568
3004478,3.512652130587428
3004479,8.224104659293998
3004480,394.3361243046307
3004481,52.57474784424917
3004482,1842.1419188989514
3004483,165.24502985684487
3004484,29.108715142459516
3004485,1.2510192838005305
3004486,0.17314008882680107
3004487,1.7608189322637764
3004488,1375.1951872481172
3004489,0.16503572701615676
3004490,84.92927687558605
3004491,3.4278746470549173
3004492,612.2402386958173
3004493,231.9318491566032
3004494,281.669587465001
3004495,29.263213860013913
3004496,30.88157095806941
3004497,2410.0058570842243
3004498,4.046842776269034
3004499,0.31047897432045013
3004500,7.412588967537326
3004501,7.854612754030102
3004502,0.16236629670444894
3004503,131.38705784747393
3004504,2.367744250588796
3004505,178.15968198753112
3004506,1.3070031296408886
3004507,21.411495883821704
3004508,0.3570728731867047
3004509,141.16316807566443
3004510,154.31754103750666
3004511,0.7069644370666559
3004512,2.703727469170125
3004513,140.15574685323858
3004514,21.93555260912591
3004515,220.13998000499146
3004516,7.801731077494919
3004517,1.047427863958279
3004518,7.019369743065294
3004519,0.198877382491711
3004520,4.143710553057487
3004521,5197.969596631219
3004522,0.20534909656650288
3004523,685.9742990792787
3004524,15.799174972774054
3004525,1732.494024224166
3004526,579.4816568094778
3004527,568.6871678504558
3004528,182.05127308489415
3004529,91.72637831327602
3004530,7162.4933245513585
3004531,22.968409874139567
3004532,0.4503423438486292
3004533,24.99404448984297
3004534,15.05564835288979
3004535,0.200172336151222
3004536,408.12040905380985
3004537,7.249899398505407
3004538,2.6181444462301946
3004539,6.691933493953632
3004540,60.56907126025897
3004541,1.8270274979162613
3004542,609.1104307274275
3004543,316.63861458576224
3004544,1.6942089822569821
3004545,13.12378171460997
3004546,509.8110679772141
3004547,94.78493865533639
3004548,1350.426491192754
3004549,19.040573246249412
3004550,5.159926393656885
3004551,4.827235790746122
3004552,0.201399581678731
3004553,1.9339165839328718
3004554,1570.790616573412
3004555,0.20696021602375456
3004556,151.45391674902507
3004557,15.212638741665348
3004558,673.8072155630764
3004559,328.3032011304239
3004560,247.7513601513974
3004561,50.46313219205355
3004562,44.47247660417938
3004563,2576.407861074895
3004564,7.713026861103252
3004565,0.4244098287883602
3004566,11.885239888422364
3004567,16.48733894090693
3004568,0.2144554018855348
3004569,144.4418454595713
3004570,4.4076757287594885
3004571,191.15744231123801
3004572,5.331692081024261
3004573,58.57222587603016
3004574,1.2355917803651506
3004575,120.31490333036233
3004576,149.42606529244335
3004577,1.1286067886866347
3004578,5.463311916855998
3004579,170.51271214299916
3004580,33.57357422209865
3004581,314.8167553124849
3004582,12.306252400029695
3004583,1.7035975673823125
3004584,4.076614730564509
3004585,0.17829774469311663
3004586,2.304731830499173
3004587,1612.2285682751558
3004588,0.0
3004589,102.81429816987902
3004590,6.357346670638672
3004591,651.4756188414631
3004592,232.13552219484913
3004593,169.32794855135606
3004594,36.722164454382295
3004595,30.116558074610197
3004596,2650.710557554663
3004597,9.667562899648576
3004598,0.1989376758964758
3004599,9.861248630212682
3004600,9.120170001086928
3004601,0.16899167562299336
3004602,127.95244968095218
3004603,1.089343612741366
3004604,189.58803679803663
3004605,1.5388983771124471
3004606,56.352844289906585
3004607,0.5472111937011293
3004608,131.69161244362613
3004609,156.37785846068354
3004610,0.5006360993702996
3004611,3.9358817182142882
3004612,94.04384022536802
3004613,20.156219996784248
3004614,184.94010862317845
3004615,8.160442586376998
3004616,0.968644745974613
3004617,2.896987024047912
3004618,0.0
3004619,1.9569763127122846
3004620,1555.0362165616377
3004621,0.0
3004622,155.1296501659236
3004623,11.247767221186411
3004624,832.7216334459009
3004625,352.9942549752152
3004626,333.3999665918639
3004627,28.58445350472563
3004628,50.7189286139273
3004629,2759.757060551897
3004630,5.3887176145293605
3004631,0.20694596141380053
3004632,6.731645638596495
3004633,19.151955149879285
3004634,0.17726437973148113
3004635,164.70364656530919
3004636,0.7666493534886485
3004637,198.04797507262765
3004638,2.6109921062363473
3004639,28.963025275837502
3004640,1.932558279812894
3004641,229.20527950505524
3004642,259.38171336835205
3004643,0.7135877849063954
3004644,4.550377048475947
3004645,71.74745929193054
3004646,77.31736683480072
3004647,319.82359309455484
3004648,3.7175294331991653
3004649,3.144567651126832
3004650,3.0508578293683613
3004651,0.6596032390096771
3004652,2.8301077018193976
3004653,1552.4960593998499
3004654,0.19305187376215216
3004655,143.303807324086
3004656,3.323372867320531
3004657,804.2015638875753
3004658,307.37400092417295
3004659,307.5359542172542
3004660,78.93211903519874
3004661,66.56489776558966
3004662,2469.086253200417
3004663,5.248544733686061
3004664,0.956853706882042
3004665,10.854424632264946
3004666,16.38332718739517
3004667,0.20625701598504112
3004668,199.66636275348742
3004669,6.987959640624131
3004670,193.55804527007305
3004671,3.0776796681054543
3004672,32.4687651859297
3004673,1.6873273753723752
3004674,125.35659428896699
3004675,150.47413361782745
3004676,0.6464205525393585
3004677,3.864537533731254
3004678,143.56228627449258
3004679,40.85899054933154
3004680,544.717183386058
3004681,11.74599262581007
3004682,2.9566797866824666
3004683,3.482572809192752
3004684,0.18073964557519528
3004685,0.7780328443334454
3004686,1343.2851958433428
3004687,0.0
3004688,114.37190846030079
3004689,4.553735236938408
3004690,581.8737234160435
3004691,211.35381427496546
3004692,155.51001172324047
3004693,89.5117294036444
3004694,34.54997679077817
3004695,1821.425075113901
3004696,4.5023572338455295
3004697,0.2093454285175662
3004698,11.753878900192575
3004699,11.196114752835854
3004700,0.1735267110249884
3004701,143.31435252307955
3004702,0.0
3004703,184.57101741347665
3004704,2.314508716443026
3004705,41.4818777134965
3004706,0.8321379369435704
3004707,45.294364314865
3004708,103.81023666162736
3004709,0.6715214775430538
3004710,1.9384354590377693
3004711,71.96105479769547
3004712,28.464066656193356
3004713,432.9996908318381
3004714,119.95344340478643
3004715,0.8286796466273831
3004716,6.385243294334198
3004717,0.3789780869024854
3004718,2.6451687479360455
3004719,2756.6189248919086
3004720,0.18441611996379492
3004721,265.34699664794226
3004722,6.225084446942545
3004723,906.6822509082272
3004724,558.1481616119809
3004725,566.6419590118999
3004726,141.17697245175015
3004727,94.9358276782566
3004728,3803.4072941056734
3004729,11.920366089269853
3004730,0.7275930630994056
3004731,23.229845369487133
3004732,19.76207030865419
3004733,0.18600309825541314
3004734,240.97690751945814
3004735,0.33220188422062286
3004736,194.9626879476703
3004737,4.826394180584021
3004738,62.39917726730769
3004739,3.37003599344557
3004740,211.94761649587514
3004741,212.1428911541654
3004742,1.5994728834325014
3004743,6.822220172452218
3004744,345.9089334671817
3004745,56.913900489973244
3004746,1124.6267090975007
3004747,21.276155704209824
3004748,8.906543278132768
3004749,2.976722948753104
3004750,0.3246169208767685
3004751,3.2373742498708227
3004752,1715.162434997309
3004753,0.0
3004754,455.8503073636959
3004755,9.660876435827669
3004756,484.8576374606303
3004757,463.182329981786
3004758,208.0843721804528
3004759,125.41323634425649
3004760,48.952207272195515
3004761,2304.3664002311825
3004762,8.313780903668953
3004763,0.7471550644731892
3004764,18.97672587008672
3004765,15.714590169362232
3004766,0.18794435848355304
3004767,141.2030809071638
3004768,5.033710410323789
3004769,2.7105776365786345
3004770,5.126289943337974
3004771,82.39457611627455
3004772,1.6866756693614176
3004773,79.5530312462092
3004774,120.56708855074473
3004775,2.60092840851488
3004776,4.870038105693015
3004777,191.7369728618935
3004778,52.39344403283625
3004779,1292.3820249484656
3004780,34.221822528047525
3004781,8.029139237593151
3004782,4.41749413586552
3004783,0.337507958834131
3004784,2.098052682650109
3004785,2491.132675196124
3004786,0.19541489377666346
3004787,130.05054506367514
3004788,6.052342848014661
3004789,792.1804549212011
3004790,291.1691262102085
3004791,273.30609627760543
3004792,45.0849988633841
3004793,42.32124087763072
3004794,2953.8974272695086
3004795,14.608122849573823
3004796,1.02603084234782
3004797,12.491903130017576
3004798,10.76218256811382
3004799,0.20350783955080748
3004800,159.98702917172722
3004801,5.314807944141298
3004802,190.96713877237417
3004803,3.9396499035218824
3004804,51.04409770387686
3004805,2.297586670089891
3004806,122.51469336000858
3004807,185.68801708378032
3004808,1.0616411025285428
3004809,4.767818490391739
3004810,126.34034934042019
3004811,20.958108837020934
3004812,383.43847854475166
3004813,5.733310675795859
3004814,3.1970312073729046
3004815,5.60470283782779
3004816,0.22680208299281182
3004817,7.133714553238052
3004818,2775.5615389584214
3004819,0.2324802918928882
3004820,631.8446070803021
3004821,11.075616645548923
3004822,828.875704328378
3004823,850.5278750727506
3004824,251.97528739188766
3004825,167.6622755338235
3004826,123.3527409349192
3004827,3718.337893299834
3004828,31.9438093546381
3004829,1.4177735595830878
3004830,21.169954877021002
3004831,25.228087284557265
3004832,0.23076250123152553
3004833,226.79881468004868
3004834,18.136934911357844
3004835,16.73386245600633
3004836,7.213344989242085
3004837,141.83958022236467
3004838,10.012200462660479
3004839,977.4732332758646
3004840,242.97381666781237
3004841,7.725761132293304
3004842,6.9729587568066265
3004843,627.2942544371645
3004844,100.6390803648074
3004845,2125.7225167504325
3004846,124.29075342492645
3004847,37.02817869609189
3004848,5.22927265776226
3004849,0.19496988748020827
3004850,3.7744335334511288
3004851,3758.113257440298
3004852,9.62873543218711e-05
3004853,368.7040058880678
3004854,7.144030561756123
3004855,1120.8580202101268
3004856,582.9538297618684
3004857,843.5446759429659
3004858,81.35474462322436
3004859,90.82078990221872
3004860,5749.754311619839
3004861,11.681029794378972
3004862,0.4448164454297313
3004863,18.33297014033618
3004864,13.089024428348052
3004865,0.0007633885485421005
3004866,273.2524957818868
3004867,1.1460990389670465
3004868,5.93473565882147
3004869,3.387502760520394
3004870,65.88955550640877
3004871,1.2688695545816806
3004872,272.019133943931
3004873,285.6625648440274
3004874,2.8989058797794334
3004875,4.841579948054971
3004876,451.1943252606048
3004877,66.19661898376005
3004878,806.9301715626949
3004879,62.8872886679697
3004880,9.519608415990762
3004881,8.626788424338523
3004882,0.3300766584193213
3004883,2.784511966214284
3004884,2910.7566199486487
3004885,0.20672950925868533
3004886,338.89089715387456
3004887,6.067774120767558
3004888,1117.2995616043563
3004889,467.3598558090625
3004890,311.1278443267357
3004891,194.69568318975897
3004892,86.74661743230975
3004893,3663.079039670318
3004894,10.182656962145034
3004895,0.44600986734970566
3004896,33.07514891654823
3004897,25.486084930708593
3004898,0.20045709861398522
3004899,244.45583305686645
3004900,2.91393134918989
3004901,2.8184174178821495
3004902,7.302662401833858
3004903,124.1601320480534
3004904,2.0239095146996187
3004905,98.09433784192923
3004906,224.11041900408333
3004907,2.186987266782895
3004908,6.4784113551952975
3004909,163.808041625937
3004910,133.5996628732213
3004911,1032.0975005121554
3004912,8.00464861639219
3004913,3.245381077176712
3004914,3.3012062853269475
3004915,0.1966472340549702
3004916,1.7953253332597092
3004917,1709.4114906179066
3004918,0.0
3004919,153.06149331611238
3004920,6.240637041109234
3004921,545.1613130261914
3004922,280.9538038497712
3004923,131.13077059490612
3004924,49.11382639149393
3004925,58.240615252707215
3004926,2357.392658459093
3004927,6.585670262811278
3004928,0.5995049516912039
3004929,21.612673384980674
3004930,16.661704922613666
3004931,0.0
3004932,162.5978643151392
3004933,0.5300695213272726
3004934,196.62737575418632
3004935,3.9459092904966813
3004936,103.44414742280652
3004937,2.383302280707063
3004938,80.98243505058068
3004939,137.32941344993912
3004940,0.8166055853792415
3004941,4.728547923564646
3004942,210.66074631993828
3004943,30.633317941932404
3004944,469.7748145826224
3004945,11.456780105061032
3004946,1.0506159054636317
3004947,1.7038608857760975
3004948,0.1800780143508081
3004949,2.2981597624452474
3004950,1301.7062719110575
3004951,0.19506088275879094
3004952,262.68393781146835
3004953,9.157523820659057
3004954,526.2672522044961
3004955,518.6130205333285
3004956,138.05412994768227
3004957,54.79862732974255
3004958,80.52634559158933
3004959,1925.6722521253998
3004960,24.269004318582965
3004961,0.4289718279168107
3004962,10.354992328101103
3004963,13.239359472310955
3004964,0.24085939272675438
3004965,114.18137826096736
3004966,9.327680839126884
3004967,2.1541518702489713
3004968,3.910491853050405
3004969,83.16024027429894
3004970,4.540251380154281
3004971,624.0700118809242
3004972,128.18250928128907
3004973,3.0761109009053156
3004974,4.796177955994513
3004975,393.83799968730125
3004976,31.07744552867095
3004977,1225.63856172312
3004978,121.42960831688093
3004979,8.602366168770297
3004980,2.32373856925066
3004981,0.2205772398547582
3004982,3.4000403154830465
3004983,3311.277121477874
3004984,0.25817585458529746
3004985,775.715683969153
3004986,17.39956610683358
3004987,1086.6584770001934
3004988,1283.0448254159573
3004989,321.88493610577973
3004990,251.49901094542173
3004991,210.514625179589
3004992,3954.6287979827466
3004993,39.28140000924062
3004994,0.9455474470038698
3004995,19.146573779451735
3004996,30.723749527493446
3004997,0.25563604835737713
3004998,245.01410991995448
3004999,8.519563992611769
3005000,37.96931367762936
3005001,8.920726250755243
3005002,140.43810202736194
3005003,14.011382894710481
3005004,682.5004567870725
3005005,252.3948182663571
3005006,13.740051459576003
3005007,8.34231855200128
3005008,753.7330840449345
3005009,122.77817548698053
3005010,3310.7094119963813
3005011,166.27659450593129
3005012,33.053331103768954
3005013,2.5703983814260276
3005014,0.22046248599682683
3005015,4.981191729164355
3005016,2859.809987273373
3005017,0.0020204627766930014
3005018,491.19554109921324
3005019,9.541900437094364
3005020,522.3239641953941
3005021,853.716611604971
3005022,194.90916782609287
3005023,172.43180980128608
3005024,136.41559537687587
3005025,2366.542391335063
3005026,20.59360155335009
3005027,1.080951934041738
3005028,19.23200586308076
3005029,15.580197350687726
3005030,0.22608383352076628
3005031,123.8419514192629
3005032,0.0010298027896395777
3005033,27.700654725576843
3005034,3.802271315629107
3005035,347.18472240180967
3005036,12.554275566251066
3005037,414.4225545744573
3005038,119.26835639751594
3005039,4.955365448981067
3005040,5.870597675210268
3005041,316.10133851184105
3005042,44.78021831303119
3005043,2210.072040928925
3005044,1.531533908927826
3005045,7.786660770320138
3005046,2.508242823502583
3005047,0.1822771655004257
3005048,1.2586274318055959
3005049,755.8071758856233
3005050,0.0
3005051,202.3911355430159
3005052,5.083977392072032
3005053,336.5661803245273
3005054,209.93284638675172
3005055,100.09753337479724
3005056,36.337309405047215
3005057,31.076520310927208
3005058,1333.8513760517985
3005059,4.409278481753505
3005060,0.5260323970875738
3005061,9.131692614060075
3005062,6.422047798878089
3005063,0.18088173210696148
3005064,64.14713448500687
3005065,0.2428050753817256
3005066,5.29760790094711
3005067,1.9036713198279358
3005068,37.95027566121229
3005069,0.20502282800694271
3005070,423.85219611289534
3005071,115.90005637631009
3005072,1.7729072962009051
3005073,1.0840357541644265
3005074,193.32520696582617
3005075,17.356374851310548
3005076,482.15951831413
3005077,1.1073200525896691
3005078,2.841339351888054
3005079,4.780733221928532
3005080,0.2577637942933521
3005081,2.6456615317632415
3005082,2746.425769104488
3005083,0.19871343910512207
3005084,527.4570293149952
3005085,17.083772136409785
3005086,756.6988741377536
3005087,875.4974054387106
3005088,281.1868999433827
3005089,223.20441872684052
3005090,149.50948482794206
3005091,3449.139947766034
3005092,26.071725106653115
3005093,2.1057951468799723
3005094,22.539760949756197
3005095,26.322640374349785
3005096,0.21260295835048795
3005097,175.38847678157904
3005098,4.0977731321211985
3005099,32.84228467625005
3005100,7.617594980752759
3005101,239.2334528701513
3005102,3.386013108641176
3005103,423.665198444103
3005104,186.26150757766692
3005105,9.737287842308362
3005106,9.157717539359398
3005107,487.11022742791044
3005108,68.15984599549311
3005109,2335.4572313526314
3005110,1.4086469855982706
3005111,23.973977153819483
3005112,4.129423734457368
3005113,0.2032579076906417
3005114,2.121470969822178
3005115,3090.376185606676
3005116,0.20800232998519677
3005117,474.72252740494343
3005118,13.65613438779769
3005119,987.5982750140568
3005120,636.2008436086795
3005121,426.2019617778529
3005122,169.74236140082053
3005123,77.30607378192033
3005124,4040.216245231082
3005125,14.047255677761278
3005126,0.6164661865184131
3005127,27.602868484117092
3005128,20.530259987017498
3005129,0.48341235625170215
3005130,203.2688478746635
3005131,0.0
3005132,5.352665967297101
3005133,4.273759495265211
3005134,65.60606331303313
3005135,0.7883662121600374
3005136,173.4214853598286
3005137,264.99549762550305
3005138,3.9189382647344635
3005139,3.52131403820124
3005140,238.98206756985516
3005141,77.57402056877628
3005142,1289.5939385897877
3005143,1.8569003843869365
3005144,2.5142384651603185
3005145,3.788302344583113
3005146,0.2921089734004861
3005147,3.1264441539561663
3005148,2808.929566335626
3005149,0.0
3005150,475.6333682461262
3005151,13.00715667651077
3005152,830.2915469976139
3005153,533.7444205012958
3005154,275.4074021220676
3005155,139.0951773129937
3005156,81.79736769646105
3005157,3357.7711834464412
3005158,12.404413719299942
3005159,1.0086705031574215
3005160,27.748659119110602
3005161,17.938799976560986
3005162,0.21151333871785463
3005163,190.15416815184298
3005164,0.0
3005165,4.684835995129654
3005166,3.695505015617737
3005167,134.36227868668715
3005168,1.054864927370256
3005169,104.93623322328403
3005170,177.41070332655386
3005171,3.1883123478931097
3005172,4.43982038718727
3005173,222.37141116629618
3005174,59.11055260633854
3005175,859.3574963223914
3005176,1.4477648706405262
3005177,4.466022050361139
3005178,8.47360853309167
3005179,0.37311078075956766
3005180,13.013402706607764
3005181,7950.49299991925
3005182,0.2526098164516751
3005183,1204.6621305899594
3005184,45.59136019739727
3005185,1901.070659063608
3005186,2094.603393979624
3005187,430.3460490822975
3005188,508.6530476314874
3005189,381.6914061791552
3005190,7869.97968018478
3005191,73.7351715846835
3005192,2.226193514976813
3005193,51.99847369148001
3005194,52.42341819054884
3005195,0.36371162488030095
3005196,471.51524778123866
3005197,37.49312621520266
3005198,57.96055949886794
3005199,26.512001630106447
3005200,357.4149532870729
3005201,32.60970437008376
3005202,1196.699821633652
3005203,472.9008979363605
3005204,18.66711874436147
3005205,24.441768627654298
3005206,1451.558737113217
3005207,261.66128449724954
3005208,7290.4245133776
3005209,1.3925537136400075
3005210,115.24688884993265
3005211,2.1959415194409755
3005212,0.33723538093059674
3005213,0.685272632232657
3005214,1329.9307216467257
3005215,0.0
3005216,133.03988537239692
3005217,4.1397364284815685
3005218,473.5194115653507
3005219,224.42740463186325
3005220,135.0761226610483
3005221,114.4740418297994
3005222,46.84324677620529
3005223,1875.3728403056375
3005224,4.500193974640373
3005225,0.36742482657988906
3005226,11.727112278266029
3005227,7.937980995033065
3005228,0.18847275037474784
3005229,116.24038850295683
3005230,0.6142849561367325
3005231,196.156244341108
3005232,2.4082073108447215
3005233,53.252928547613124
3005234,0.6668223917914029
3005235,58.24498655141708
3005236,84.43338905795393
3005237,1.7811732027147302
3005238,3.2944023830736766
3005239,133.88860564925847
3005240,21.101518575423427
3005241,439.5952083713866
3005242,24.50203087278646
3005243,2.8288241496090567
3005244,6.966625075539914
3005245,0.20048412673069627
3005246,1.4319346257460102
3005247,3206.414532543895
3005248,0.0
3005249,490.9278459846869
3005250,9.921758644485646
3005251,1045.4646442190306
3005252,570.2364261845019
3005253,313.37900202436106
3005254,273.8674779654961
3005255,87.94268534949902
3005256,4117.1884046803525
3005257,8.924141350325032
3005258,0.37803827057808764
3005259,21.0130924599358
3005260,18.21325663216075
3005261,0.1863026360019807
3005262,245.10653407432252
3005263,0.6005161834951003
3005264,5.08337081229242
3005265,6.885627626176187
3005266,27.04461150383143
3005267,1.0065609193600027
3005268,341.5455161960091
3005269,214.1929842182336
3005270,3.404054571047908
3005271,4.809096795761373
3005272,159.29926654311714
3005273,63.33921670177794
3005274,1101.2002288461435
3005275,1.5526171054273639
3005276,5.141763004346009
3005277,1.2535603993639262
3005278,0.0
3005279,0.6709159273476883
3005280,1172.0382871378272
3005281,0.0
3005282,88.6579333661049
3005283,3.1685402084432974
3005284,382.1192338243689
3005285,118.57663591773857
3005286,112.4938898869335
3005287,145.7332674338588
3005288,17.993792929745396
3005289,1548.8667794388407
3005290,1.2983218383361166
3005291,0.2835237814815732
3005292,6.2154543544162335
3005293,3.8699357542407906
3005294,0.1710361612057146
3005295,70.39470470438413
3005296,0.0
3005297,182.77765628807933
3005298,1.086055516095234
3005299,57.16542514406582
3005300,0.3350004476863458
3005301,60.48995221581239
3005302,58.91956970002513
3005303,0.5479629410357498
3005304,0.9868073125623393
3005305,62.33152594270667
3005306,9.484704882749122
3005307,177.40276459826978
3005308,108.79288857034543
3005309,1.0296379465240975
3005310,5.379291802685278
3005311,0.17790238529229896
3005312,1.7515285475342286
3005313,1726.3568308098393
3005314,0.0003466692427032788
3005315,179.64264807595333
3005316,6.641295007214794
3005317,826.5047387155281
3005318,350.63162142917025
3005319,182.1962601690216
3005320,102.6819711461971
3005321,68.07631126760101
3005322,2588.7204655783926
3005323,2.687522772300658
3005324,0.3253882845728533
3005325,26.48756909745129
3005326,13.917215307461731
3005327,0.17997826636213882
3005328,161.1068470494004
3005329,0.0
3005330,186.2197816786152
3005331,9.853635541228078
3005332,41.53124343691493
3005333,1.0197757726899424
3005334,209.29905735041376
3005335,162.56171313934925
3005336,1.4854869633053913
3005337,2.2960155224561616
3005338,257.7759059072952
3005339,26.661324577849623
3005340,1078.2012362314315
3005341,119.3477043752187
3005342,0.6844882847955964
3005343,2.7698417247230296
3005344,0.3309501827683073
3005345,2.323680715475003
3005346,2547.444970264167
3005347,0.21044705268267927
3005348,652.6971634985424
3005349,10.296901110673517
3005350,860.5566085200112
3005351,595.6149713659971
3005352,250.1331506811704
3005353,116.57414399985583
3005354,85.22704969364158
3005355,4039.1681478632095
3005356,6.487733053383159
3005357,2.542467965822358
3005358,24.243002106208138
3005359,35.604912240074256
3005360,0.214306414129536
3005361,209.25512414689
3005362,1.4551582732809911
3005363,6.107646300777433
3005364,2.8489510315043027
3005365,50.39382679749957
3005366,2.2306809058432187
3005367,184.83199247803358
3005368,248.80489795809603
3005369,2.6665466514219687
3005370,5.415262713176479
3005371,179.2008927340989
3005372,35.232310599469564
3005373,630.5308055459474
3005374,2.8657516691653866
3005375,1.269182870809625
3005376,2.658017390918695
3005377,0.1629467929053504
3005378,0.5482759422480572
3005379,1482.245180946698
3005380,0.0
3005381,94.69498893736898
3005382,2.477136025829286
3005383,438.1224650908046
3005384,144.57900652284815
3005385,100.99122588559882
3005386,126.17022454252171
3005387,50.239664224203686
3005388,1839.8914177286183
3005389,4.249375679308533
3005390,0.36218437265381953
3005391,8.590378251267495
3005392,4.611598338780791
3005393,0.16393788230974418
3005394,91.48703083968377
3005395,0.0
3005396,180.9159607418567
3005397,2.0065111121588783
3005398,39.999509489087686
3005399,0.7791719061306854
3005400,160.59660652174495
3005401,65.98917891559866
3005402,0.6007110727621345
3005403,0.8317092763540139
3005404,65.87916135102195
3005405,16.64841903543698
3005406,320.06867464859914
3005407,25.682101250753774
3005408,0.8005936132199336
3005409,4.264017288472772
3005410,0.2032058874680319
3005411,0.8101270255545172
3005412,3535.0439499174176
3005413,0.00041943487097246944
3005414,469.5540633772159
3005415,9.810402124026385
3005416,823.2556229134934
3005417,515.9052869803837
3005418,224.38054086944774
3005419,115.9892835337582
3005420,98.56743518044404
3005421,3606.9827320198333
3005422,6.966906691360716
3005423,0.43655602731326626
3005424,21.52856174972779
3005425,9.39525460902275
3005426,0.1876994808727512
3005427,192.72255491626925
3005428,0.0
3005429,32.86470632567641
3005430,2.7601265050348416
3005431,75.17964568671539
3005432,1.1666992747956413
3005433,229.2377111505519
3005434,188.29016495731895
3005435,2.8370062714084563
3005436,2.0212631458284838
3005437,139.96457989198606
3005438,41.522053049862166
3005439,1164.74962784542
3005440,1.4538450580041293
3005441,1.1140517655011615
3005442,2.3520506082444483
3005443,0.21257848715148253
3005444,6.727718291230021
3005445,2581.368931261497
3005446,0.2161197426398108
3005447,476.75705377791775
3005448,7.421347705569223
3005449,847.4498264810042
3005450,860.8839151767005
3005451,165.86754453517463
3005452,125.78432298784377
3005453,132.21499763374692
3005454,3256.2176347717505
3005455,54.17892419902083
3005456,1.2463967486209433
3005457,33.95011720446182
3005458,23.80096636256002
3005459,0.22282021127784934
3005460,193.1911587429079
3005461,16.56579010558785
3005462,21.85055231030604
3005463,1.5919949587933817
3005464,163.06356857402426
3005465,9.101867781070718
3005466,337.98360834985516
3005467,224.2499554290009
3005468,11.083517291894616
3005469,13.30487898730849
3005470,299.65358156000406
3005471,78.19777779429091
3005472,2431.336536869222
3005473,159.68236664838702
3005474,15.586316648636682
3005475,5.211702147227285
3005476,0.2199156346792767
3005477,7.009087571785656
3005478,2065.4374958936264
3005479,0.2255619699033576
3005480,397.4754191410161
3005481,13.704948931114206
3005482,817.2621014470704
3005483,750.7054107710593
3005484,157.0625776766077
3005485,83.44293166927889
3005486,117.50045210154447
3005487,3116.306031038102
3005488,21.519426737229878
3005489,0.74424963377947
3005490,31.564288611043224
3005491,23.27892585272362
3005492,0.2359956301570199
3005493,291.6652905497988
3005494,16.961437907694602
3005495,17.46387436688705
3005496,7.728353848007627
3005497,148.49466720387346
3005498,11.767744550711612
3005499,233.04949191826944
3005500,302.64459985416147
3005501,7.408402652246862
3005502,7.663117061601016
3005503,178.5064402573787
3005504,81.20700863693894
3005505,1871.3791787787163
3005506,9.28890962080423
3005507,17.36279952638059
3005508,6.7767102588823676
3005509,0.2052285884098999
3005510,2.5531990882946385
3005511,2800.8674553601663
3005512,0.2059232076159723
3005513,647.2533878533734
3005514,6.02716883946681
3005515,1134.8842189776653
3005516,615.4782472430949
3005517,193.70514829045194
3005518,214.59141404895067
3005519,67.53891423678951
3005520,4589.511707567148
3005521,25.1383870111789
3005522,0.9523919287625116
3005523,18.4924788390631
3005524,16.426634216509388
3005525,0.197650668778762
3005526,282.8428671411378
3005527,3.5061916323607303
3005528,12.714292784813013
3005529,7.92792607938302
3005530,79.02544721891731
3005531,4.242141428749472
3005532,151.7263939940966
3005533,257.0910195824884
3005534,5.405034824353875
3005535,8.654374051530938
3005536,290.5964125199343
3005537,61.58994729420898
3005538,1441.651379876796
3005539,8.373049445893045
3005540,11.72574661308136
3005541,3.5208022752242263
3005542,0.2670836618285533
3005543,4.369972689348667
3005544,2287.5769685041605
3005545,3.006566031967482e-06
3005546,351.70253943618457
3005547,8.065336641130534
3005548,727.5229351660748
3005549,736.2187545816455
3005550,233.65068860577156
3005551,142.98238441724692
3005552,101.60651957818405
3005553,3173.125749301823
3005554,23.036922545844703
3005555,1.0727574261563921
3005556,15.503690864725638
3005557,9.896618099905835
3005558,0.21261342792355065
3005559,188.1397011432524
3005560,16.516567254471248
3005561,24.727825492475286
3005562,1.7030343234851149
3005563,143.77304750003964
3005564,7.1916525597035985
3005565,582.909574164806
3005566,211.93689730859438
3005567,5.565260498698679
3005568,7.518964676501312
3005569,482.1523164968616
3005570,49.55330773763978
3005571,2023.0056449803076
3005572,7.463493053053298
3005573,29.449059177640592
3005574,2.2646885271673094
3005575,0.21202530546908605
3005576,3.1297242000879013
3005577,5118.43127208992
3005578,0.20072910826313273
3005579,350.5193371698446
3005580,9.938754050700771
3005581,1392.3343191831166
3005582,503.09901500821246
3005583,322.76180620607994
3005584,133.53028780864656
3005585,66.3202980055672
3005586,5353.958805393894
3005587,8.626192377066578
3005588,1.4927990893575998
3005589,19.995534851655954
3005590,24.185901713946368
3005591,0.21630028955785605
3005592,315.01986869159043
3005593,0.0
3005594,2.658340049404113
3005595,7.395977049955032
3005596,36.571304463415494
3005597,2.168531961087256
3005598,130.18528514257878
3005599,261.23336329690915
3005600,2.9381539327291772
3005601,8.827972528920895
3005602,247.5221498624907
3005603,49.94094211405228
3005604,979.3631303329936
3005605,125.9496329706781
3005606,3.52836463046308
3005607,5.738577386207858
3005608,0.209644318614216
3005609,8.546656611194114
3005610,1944.624958975536
3005611,0.21963645572294474
3005612,444.47071781198343
3005613,12.563302918942322
3005614,982.0477579429113
3005615,720.3938426861471
3005616,226.02428971974194
3005617,125.88950679942745
3005618,189.56528724558174
3005619,3323.4492723440617
3005620,32.01689629967939
3005621,0.9511670336019658
3005622,19.40615666599555
3005623,23.243809880681034
3005624,0.2252258540825169
3005625,210.91876376281877
3005626,15.761352506661005
3005627,23.29449923638984
3005628,6.317857453719495
3005629,147.12784650624113
3005630,9.17927754807761
3005631,383.8780493950193
3005632,262.9234178166002
3005633,12.434180368755033
3005634,7.782814128067631
3005635,217.78863179022406
3005636,60.032536844001214
3005637,1943.3468891707516
3005638,1.1399584124270628
3005639,8.213474720181269
3005640,2.6950298892587763
3005641,0.20254625625782574
3005642,4.98334183169521
3005643,2282.76983875995
3005644,0.0002515248500005765
3005645,409.9713122691586
3005646,8.035450772639317
3005647,665.43575787427
3005648,802.8888109709161
3005649,184.86687336858003
3005650,138.02977546782327
3005651,122.41341128574913
3005652,2694.633863964932
3005653,26.599740564644712
3005654,0.8013432280139687
3005655,19.16266103372635
3005656,19.008462185873682
3005657,0.20408065846528614
3005658,168.31227278669166
3005659,10.288031053884676
3005660,38.36309087018248
3005661,3.794755903000154
3005662,99.59893696812881
3005663,9.224696246839866
3005664,311.61962824942026
3005665,217.2809393857454
3005666,7.081922835943216
3005667,7.1108493735385085
3005668,281.1793967828615
3005669,50.41436925574868
3005670,2245.6976515621413
3005671,1.6728761383275437
3005672,14.686667881062105
3005673,5.541358767957021
3005674,0.19010982692697997
3005675,3.7337314156257646
3005676,4915.229074403478
3005677,0.0
3005678,483.602680804712
3005679,18.23146130281446
3005680,1170.8298880264213
3005681,585.3127344384608
3005682,318.73087134787033
3005683,183.25885439250277
3005684,72.09255989532181
3005685,4308.305873893617
3005686,12.165986236997805
3005687,0.2121148120236186
3005688,14.695690281714688
3005689,19.03560404137244
3005690,0.18017143521311085
3005691,214.7232431611328
3005692,0.0
3005693,8.634427871343142
3005694,1.6940300565005324
3005695,98.99416521514722
3005696,2.0059767837519487
3005697,196.90180272637994
3005698,260.1921857646338
3005699,2.956491591054593
3005700,1.3646584557684092
3005701,323.1445173966509
3005702,129.87573744903875
3005703,1234.5020301118643
3005704,2.0986615882913644
3005705,0.6533615541626505
3005706,12.36164606257812
3005707,0.24558182265680753
3005708,14.05047463559966
3005709,9472.176735419145
3005710,0.2526098164516751
3005711,1656.3469761074778
3005712,27.06640685456408
3005713,2201.82780227376
3005714,2379.7670397434235
3005715,624.4906232559414
3005716,606.1825642980785
3005717,480.2513379055618
3005718,9994.35438135926
3005719,82.14678413917517
3005720,3.853683423044334
3005721,108.41381245304976
3005722,104.35575040137246
3005723,0.31710647247746626
3005724,595.7026972777144
3005725,28.67213132997697
3005726,30.825448077330734
3005727,37.54864733158913
3005728,519.2708369070431
3005729,24.978363885235627
3005730,1461.2628519779114
3005731,526.3261766321601
3005732,29.369642919654268
3005733,34.624736625220365
3005734,1598.2581230129886
3005735,301.0956352522288
3005736,9006.635456144997
3005737,336.83193390399555
3005738,125.28653895302398
3005739,14.282219274809094
3005740,0.23966774828955012
3005741,12.989942467310875
3005742,9015.92978269668
3005743,0.22991909380763606
3005744,1266.9892742702493
3005745,33.41762338818054
3005746,2439.4281227888932
3005747,2194.9655835969143
3005748,792.2376449470709
3005749,383.85234003393816
3005750,380.90370894768745
3005751,11392.57702621772
3005752,121.03410488221816
3005753,1.3111140062805782
3005754,77.76965461340336
3005755,81.25783628203207
3005756,0.6112355769675948
3005757,595.03403743422
3005758,23.21961606638563
3005759,49.34502522947567
3005760,10.145229186393378
3005761,380.2473356824416
3005762,23.580803418685093
3005763,1824.5937217850492
3005764,659.5873730547261
3005765,22.103348644178478
3005766,28.318583827911667
3005767,1694.8853564995527
3005768,279.2525198047902
3005769,6440.798819199812
3005770,401.92318685474476
3005771,116.66564503869225
3005772,10.409985356666713
3005773,0.2239610510624375
3005774,21.195746909027857
3005775,5241.836328246535
3005776,0.20411463471821284
3005777,874.1286242555556
3005778,19.05562325621333
3005779,1884.9921446531068
3005780,1409.9164859507086
3005781,874.3257506675891
3005782,132.405363479692
3005783,249.3745791978633
3005784,8937.556697990609
3005785,42.38107101722564
3005786,2.5701721862841627
3005787,43.46545312692515
3005788,24.830824521900137
3005789,0.4165013872406162
3005790,534.153719795408
3005791,25.3916072368864
3005792,28.64361361493355
3005793,10.544614078048827
3005794,191.684567828727
3005795,12.448397243660132
3005796,1648.2141745860602
3005797,634.9844351754509
3005798,19.59451849169289
3005799,36.44230003401731
3005800,988.0269853654822
3005801,145.70245286889855
3005802,2553.2928689106084
3005803,269.01353196593277
3005804,53.50711481566281
3005805,16.988680327438114
3005806,0.2415428161948403
3005807,20.431076139239362
3005808,8438.427581868773
3005809,0.23177941631911894
3005810,1180.5662384294415
3005811,27.016374109201273
3005812,2276.8748125557754
3005813,2057.7590332767395
3005814,772.8711670154404
3005815,361.120742438519
3005816,266.0446222962745
3005817,10452.464571721239
3005818,63.56505360476089
3005819,1.0495688152487883
3005820,57.94596979305541
3005821,69.8006601147728
3005822,0.6970208493820436
3005823,574.4666175979104
3005824,25.615140926453176
3005825,38.99621274335278
3005826,19.22591996243262
3005827,336.409782979524
3005828,18.050305988816017
3005829,1452.0025364774983
3005830,666.89450191541
3005831,19.103442920974683
3005832,23.382226598359136
3005833,1430.8128682673475
3005834,223.48192273365962
3005835,5126.823211676894
3005836,424.52893421752947
3005837,88.9148454193807
3005838,9.34040746185062
3005839,0.21865739894064765
3005840,17.88894312600492
3005841,4105.438226030436
3005842,0.210238591520887
3005843,750.741878615937
3005844,15.953910662419592
3005845,1777.5111338969427
3005846,1176.0749453716364
3005847,674.3985267750877
3005848,108.75525520865476
3005849,187.30639196283545
3005850,7226.985611883771
3005851,44.01287894384151
3005852,0.30617240698485987
3005853,33.3797725487827
3005854,28.121843911943053
3005855,0.21207475802092224
3005856,488.1919316383038
3005857,19.77463313339388
3005858,11.411558265035131
3005859,4.6709364273872955
3005860,179.3228266732481
3005861,5.500015298672266
3005862,1372.8150128338211
3005863,750.6625276535962
3005864,15.147298813677672
3005865,21.1673483183597
3005866,1040.503960960662
3005867,84.5786497764363
3005868,1719.0123032147058
3005869,329.4477721845471
3005870,27.082217238707955
3005871,13.167260384206484
3005872,0.24432118077420045
3005873,10.888441424715777
3005874,6523.876014602208
3005875,0.25134206160132283
3005876,1275.2055135446042
3005877,30.218075141521698
3005878,1724.776877484206
3005879,2224.3835856481187
3005880,494.8117318903088
3005881,507.6428526077378
3005882,412.9297542160646
3005883,7918.728540680751
3005884,69.07552922599274
3005885,1.2042004132001702
3005886,49.205030602721976
3005887,52.645531033987936
3005888,0.3572236470460022
3005889,423.05771855635106
3005890,10.645089771667706
3005891,43.56498252466099
3005892,10.073032220948763
3005893,400.1660698814146
3005894,18.14954874849299
3005895,1352.0146320013714
3005896,464.1696596476235
3005897,17.88534558201268
3005898,30.525173723499048
3005899,1344.02682583258
3005900,244.77985506566273
3005901,7450.192856068796
3005902,218.36468613747357
3005903,111.28099232475432
3005904,5.812385301167611
3005905,0.22704541626548236
3005906,5.5359910434884805
3005907,1725.6448609365777
3005908,0.19778687159133607
3005909,316.8714993476005
3005910,27.953909061746412
3005911,820.2535801188286
3005912,511.7469106911486
3005913,244.58479984092884
3005914,88.52490922510475
3005915,105.35901885164459
3005916,2772.7053619514036
3005917,29.482060628114887
3005918,0.913738722872159
3005919,26.24292916413303
3005920,21.92194075983902
3005921,0.2267245613197965
3005922,193.32401347141123
3005923,10.343593824273665
3005924,9.250978054805273
3005925,7.641957783042102
3005926,84.05053038919236
3005927,8.67202137494397
3005928,325.5048128208108
3005929,201.70921488017646
3005930,2.666957528584895
3005931,6.225576500306367
3005932,314.45336637409105
3005933,57.7948490376034
3005934,1484.7390328321517
3005935,1.50175399801144
3005936,11.296026506621542
3005937,9.997752793587502
3005938,0.21487557458384407
3005939,11.783179583946483
3005940,3972.889078898044
3005941,0.21323132444854628
3005942,585.2338625102665
3005943,30.48279090570691
3005944,1469.91214504216
3005945,1066.9937046319785
3005946,521.7140588398138
3005947,108.31476887810152
3005948,167.7683055401012
3005949,6280.214234094607
3005950,82.3647249370949
3005951,1.082189376470251
3005952,58.654071152782166
3005953,35.527286989049216
3005954,0.21978888916026065
3005955,363.013452320391
3005956,11.191407469029778
3005957,8.168292994507171
3005958,3.788571598022358
3005959,197.7201503365958
3005960,8.85120441926986
3005961,799.0841682994684
3005962,467.26511421853036
3005963,10.737005852140713
3005964,19.32149190744893
3005965,511.8919823927978
3005966,94.87145162332361
3005967,2099.8937903809533
3005968,323.4381039084135
3005969,22.879367715394153
3005970,6.507103380854834
3005971,0.23409443381120637
3005972,5.226082064197445
3005973,4476.955954045798
3005974,0.24105761187413433
3005975,893.0368601437933
3005976,12.378921242710948
3005977,1372.7123414917842
3005978,1667.689144161035
3005979,328.3033261612125
3005980,413.8484899497195
3005981,320.97433196083546
3005982,4903.971822923659
3005983,42.86476096600628
3005984,1.457937393201604
3005985,26.701684013390043
3005986,36.71469698710582
3005987,0.3314844901280842
3005988,316.646853047417
3005989,2.234088326877005
3005990,55.456842639051764
3005991,4.5988478864473805
3005992,259.0197238314133
3005993,11.04324985780302
3005994,1078.2124184602048
3005995,276.98501505421206
3005996,20.36165450808441
3005997,9.113019928689521
3005998,1207.8324604749503
3005999,138.50977160410102
3006000,5563.632128283958
3006001,2.262740566528077
3006002,67.19084634404969
3006003,8.306353260818733
3006004,0.0006796240442240186
3006005,8.214926641713303
3006006,4571.637036085641
3006007,0.0
3006008,885.6135215305327
3006009,13.026428985253514
3006010,1603.8640706953956
3006011,1233.540440841801
3006012,429.1332532092307
3006013,230.97560712230273
3006014,411.69323789623274
3006015,6100.995545766133
3006016,41.80319014794212
3006017,1.9797615536103894
3006018,57.72544137900613
3006019,45.90927341912273
3006020,0.2263249446296572
3006021,355.9844981947959
3006022,6.247331540364623
3006023,61.854777574542986
3006024,9.161780075427233
3006025,375.97512041032587
3006026,9.280958637623709
3006027,794.9040124377362
3006028,370.0119298686074
3006029,17.14552313654988
3006030,24.570556256199367
3006031,632.6996115369099
3006032,146.3124386684354
3006033,5007.973428088731
3006034,3.559390867766685
3006035,10.056086198607458
3006036,7.039745255105256
3006037,0.0
3006038,2.4370265699233644
3006039,2228.819476106634
3006040,0.0
3006041,479.6163472538165
3006042,6.685199369203797
3006043,937.3580730673707
3006044,532.808866650719
3006045,256.74341367837684
3006046,95.51065254553498
3006047,154.44420909759168
3006048,2971.736139830645
3006049,12.282919043109104
3006050,1.0730392586742967
3006051,22.30105595496504
3006052,18.633624941485888
3006053,0.1983897700489098
3006054,188.24212478587197
3006055,6.417611303082301
3006056,12.871653308678496
3006057,5.669148982876677
3006058,130.3891040421967
3006059,3.287119879985414
3006060,474.07350073038543
3006061,207.75066244429777
3006062,3.908311020245619
3006063,4.571819202146725
3006064,261.8581681794631
3006065,64.03086694972491
3006066,1984.2188685273297
3006067,1.906312229025056
3006068,5.070543676808885
3006069,5.370220511839231
3006070,0.1735028950264855
3006071,1.756378221352259
3006072,3242.0284408227476
3006073,0.00015544540377262245
3006074,169.50504183376432
3006075,4.2729401661653
3006076,805.0882725533274
3006077,211.07852242032067
3006078,229.00059199054277
3006079,73.82395712024166
3006080,31.750979726836796
3006081,2780.6101716573194
3006082,7.929139681473464
3006083,0.5651992231007057
3006084,17.524506066841052
3006085,8.133730180813389
3006086,0.16396043241988692
3006087,181.59680691046026
3006088,0.0
3006089,183.60903313463865
3006090,3.4327581692890554
3006091,28.461649778110324
3006092,0.7723221231040662
3006093,44.344897947706116
3006094,148.78749621824684
3006095,0.21876851491020508
3006096,1.8876378012470512
3006097,70.36874760377863
3006098,68.31209737509346
3006099,587.802479149144
3006100,120.77414762392702
3006101,1.0921533685244076
3006102,5.54267526335905
3006103,0.20421673868876142
3006104,5.66763666383305
3006105,3017.5897729083026
3006106,0.21416404185585194
3006107,507.835202536216
3006108,12.331848264045535
3006109,1046.4362779940018
3006110,941.7536466581935
3006111,363.4826075998888
3006112,165.98989945887897
3006113,143.83990825831944
3006114,4170.95683642586
3006115,33.10695317236823
3006116,0.6764556831429585
3006117,26.811655164522605
3006118,51.106963542170796
3006119,0.2148955593514542
3006120,250.13279220238195
3006121,17.890752428668346
3006122,17.788074800055636
3006123,13.295940164023818
3006124,137.99954273114352
3006125,6.11661974901146
3006126,658.4362772947187
3006127,272.0469565634498
3006128,7.28085835375235
3006129,14.621049908976582
3006130,653.5912295032666
3006131,108.84238606272274
3006132,2273.593712431193
3006133,164.55418231416496
3006134,46.26896859440333
3006135,4.417622943626009
3006136,0.22135671541830118
3006137,5.96386260217976
3006138,3622.4730628293846
3006139,0.24606407272988212
3006140,667.5124253525515
3006141,23.437216453591038
3006142,901.0314178071383
3006143,1289.0283373376087
3006144,208.67626905262978
3006145,294.016049254175
3006146,254.61468391677457
3006147,3402.282613101537
3006148,36.495497805039356
3006149,1.7748465275086796
3006150,32.90871718463184
3006151,35.00253976897837
3006152,0.5361859263507698
3006153,204.5406098569614
3006154,12.172224465659417
3006155,42.824698474558346
3006156,6.51666079179186
3006157,257.1116046724467
3006158,18.101689058761472
3006159,682.3203334289722
3006160,210.24566597852103
3006161,5.639346786642846
3006162,15.911502921291397
3006163,804.1458424692257
3006164,132.99589099034583
3006165,4424.910569114923
3006166,1.649742451538923
3006167,58.93763829979251
3006168,2.967517242272765
3006169,0.6615647044610731
3006170,9.122383364485607
3006171,4364.652598172906
3006172,0.231031451107657
3006173,812.9018872290364
3006174,24.253953176701202
3006175,1112.6155569056777
3006176,1400.9328947588822
3006177,313.7562244851538
3006178,329.6265427230392
3006179,174.86305686976766
3006180,4472.976220099201
3006181,44.49656112998987
3006182,2.2497469131708625
3006183,38.49767481316243
3006184,37.74058422296714
3006185,0.27198933408630926
3006186,331.2276476247188
3006187,26.251187816838616
3006188,34.31081642370844
3006189,24.25080522164787
3006190,206.74864073524697
3006191,17.455484390242532
3006192,734.8660964554372
3006193,329.6448782403128
3006194,15.607009795242092
3006195,20.160265942048415
3006196,829.5076248382272
3006197,137.73803777051558
3006198,3983.7988105886175
3006199,1.3319236467441784
3006200,57.81683129306439
3006201,9.882215715821992
3006202,0.23736010675674737
3006203,6.85981044030951
3006204,2831.431252464175
3006205,0.21454847060861051
3006206,446.0481482118218
3006207,13.388542640984426
3006208,1376.8707150328962
3006209,734.2499213412419
3006210,614.6080145319258
3006211,130.9575504989774
3006212,95.18828669184724
3006213,5933.7079466378145
3006214,9.505510649033074
3006215,0.8080704200204927
3006216,47.474168302566646
3006217,31.086647282288517
3006218,0.216288829086001
3006219,343.65601756129763
3006220,7.0581674471366735
3006221,4.221653565010548
3006222,7.8374269578214655
3006223,66.70014590758757
3006224,3.286078970588341
3006225,321.0167822866529
3006226,360.70847408776143
3006227,5.20002852882101
3006228,5.637133290299108
3006229,463.46303275208413
3006230,104.04453299688296
3006231,1295.0806404222717
3006232,118.224560591732
3006233,13.054062054059196
3006234,4.14583467741654
3006235,0.19720912458012685
3006236,4.341428421860832
3006237,1953.3713805938805
3006238,0.21655997937480345
3006239,311.9226402489611
3006240,9.373435714177777
3006241,499.0253953422841
3006242,644.2204774453977
3006243,118.40002644502191
3006244,132.17511565405172
3006245,123.34800635910482
3006246,2057.556909066615
3006247,15.500052648377942
3006248,1.0935591627209669
3006249,19.462650641094573
3006250,23.33234456793867
3006251,0.2591288734757043
3006252,151.70922618458386
3006253,12.853013408859121
3006254,15.313298131655419
3006255,5.039922316045349
3006256,127.71749462260138
3006257,6.95210185243867
3006258,294.87858651111907
3006259,161.12728088719336
3006260,3.2611990909864845
3006261,8.809276067929114
3006262,256.6034278613508
3006263,58.996596433292794
3006264,2085.7436220047484
3006265,201.94328591664868
3006266,19.9118152024764
3006267,1.5871893467641756
3006268,0.24773090706068027
3006269,3.0425875307118497
3006270,1507.310130957224
3006271,0.2376072742158801
3006272,109.83160157212308
3006273,6.572052641903455
3006274,774.2085113493781
3006275,326.15723149779393
3006276,270.31231151570125
3006277,32.857104575410695
3006278,49.6433653106036
3006279,2936.767631057319
3006280,8.393218249366088
3006281,0.5027317947220142
3006282,11.680160135281525
3006283,11.431413161434028
3006284,0.2555028400724659
3006285,187.93729140002773
3006286,5.308810875328539
3006287,210.48607262096485
3006288,2.0264564228116737
3006289,32.056578183756926
3006290,0.5633334580070049
3006291,166.94245148761328
3006292,193.84711535131808
3006293,0.871345267933243
3006294,3.927355584005367
3006295,157.22951251584325
3006296,30.807305154804176
3006297,249.0644226382448
3006298,10.665109216385702
3006299,1.3563391525486015
3006300,8.347873448497449
3006301,0.38467545603819603
3006302,5.606507628456383
3006303,4854.305633426015
3006304,0.2853162491717395
3006305,636.5741499334531
3006306,18.342857005132117
3006307,1740.5930471085628
3006308,629.9612585311307
3006309,465.7653947962538
3006310,162.22910541900916
3006311,135.79060504083168
3006312,7290.371359322923
3006313,27.967883840043108
3006314,0.8468234038021831
3006315,36.8687048373298
3006316,20.550993624210655
3006317,0.29316185027525016
3006318,427.405884528721
3006319,11.389524295845186
3006320,3.9796444350460707
3006321,8.723501588013091
3006322,77.64365933832862
3006323,2.977844879346363
3006324,552.7369659924593
3006325,372.64714422801717
3006326,2.5049661094744504
3006327,17.456938860158786
3006328,392.41096830415864
3006329,93.59819373877968
3006330,1360.7317468883653
3006331,28.39605388177037
3006332,10.777027423922242
3006333,6.101866427714105
3006334,0.2403543419057471
3006335,1.4597701809033623
3006336,1728.8835953132493
3006337,0.24246683151771076
3006338,170.81236984596643
3006339,12.12665655198195
3006340,795.427090393091
3006341,382.1390189798944
3006342,211.80100318979066
3006343,54.289708607756104
3006344,54.58858170575248
3006345,2892.9056228721474
3006346,8.215090387125013
3006347,0.4547784297403248
3006348,19.22952349397079
3006349,20.272770561106373
3006350,0.27974495593776266
3006351,172.28673751728397
3006352,7.448360650845148
3006353,207.127172922224
3006354,8.495190008932916
3006355,71.11231581292554
3006356,1.5151278021075614
3006357,126.52203305830943
3006358,182.72272788588867
3006359,1.3465976421145123
3006360,7.873057964149284
3006361,148.24884672810663
3006362,33.37719150414908
3006363,365.0768387656254
3006364,10.379677274183218
3006365,3.498908521342849
3006366,5.965841155768018
3006367,0.2332816506517392
3006368,4.664451791804183
3006369,1909.9560426198566
3006370,0.0
3006371,131.4841691593115
3006372,10.548173357904233
3006373,853.4729561929935
3006374,344.65194152625946
3006375,196.77183942329657
3006376,39.0268157985255
3006377,50.47635310621784
3006378,3272.2612862908104
3006379,13.46887127299729
3006380,0.3016478097825929
3006381,15.925973753244342
3006382,12.479551377955643
3006383,0.23027595049481692
3006384,179.82378056215808
3006385,1.719544921437905
3006386,207.40533167711624
3006387,2.332972298663372
3006388,81.3449304815849
3006389,0.9083381068565226
3006390,170.72053872164807
3006391,250.36074768167128
3006392,0.7060667493129804
3006393,5.062813909494568
3006394,140.86633656270698
3006395,24.656689562968673
3006396,219.91052952525249
3006397,11.690053009522016
3006398,1.8704626711142556
3006399,5.212769411830966
3006400,0.008336737902582438
3006401,2.867894732790665
3006402,1735.9305030338028
3006403,0.00763139755840808
3006404,194.091101105526
3006405,13.22888731032692
3006406,1246.0433078707645
3006407,454.48159963592894
3006408,295.2050349911064
3006409,37.38813720783549
3006410,73.80103184996736
3006411,3556.133770314925
3006412,6.180092514658726
3006413,0.39242735789798716
3006414,9.424496084931494
3006415,24.90896873573987
3006416,0.2316415412466515
3006417,288.12972140938166
3006418,1.124753350966032
3006419,190.8280070754509
3006420,2.641898810646554
3006421,31.44225673164261
3006422,2.6412697967281336
3006423,343.6678511929767
3006424,335.9948268621113
3006425,1.0998344233785953
3006426,5.669661462386457
3006427,143.1474010454593
3006428,97.21685820463127
3006429,443.1580928329755
3006430,6.965359227938779
3006431,7.594964612728868
3006432,4.617183958123516
3006433,1.6307674549044493
3006434,3.6160877022144913
3006435,1614.9693766969658
3006436,0.2209756519971441
3006437,154.04247445525885
3006438,5.050096584921771
3006439,882.4102360653732
3006440,327.3399509895551
3006441,247.66727811331907
3006442,83.53013079129325
3006443,85.01990170029275
3006444,2746.5489274859033
3006445,6.478034639257415
3006446,1.1206332070973284
3006447,11.840592109713949
3006448,19.171777900160194
3006449,0.23701263370524586
3006450,215.7477653966555
3006451,7.945129776273964
3006452,181.52028320351127
3006453,6.202044085503779
3006454,43.77221851592402
3006455,2.4011707278504737
3006456,106.43629280153655
3006457,184.20678659334482
3006458,1.0311317027842022
3006459,4.93831592921373
3006460,95.82239461885779
3006461,44.36195161167496
3006462,561.5859052561285
3006463,11.007233871042288
3006464,4.172347514174435
3006465,5.963761096946366
3006466,0.38060407436487975
3006467,1.272734160332826
3006468,1399.5679589311958
3006469,0.0
3006470,153.955887909911
3006471,7.558384436914597
3006472,797.1334639908833
3006473,263.60221547396173
3006474,151.09936325855173
3006475,125.18637092259267
3006476,67.14875009670244
3006477,2153.619254460187
3006478,4.859980630916255
3006479,0.31458862832478174
3006480,16.332039266487257
3006481,16.370821383659088
3006482,0.285038598594797
3006483,162.5594941866884
3006484,0.0
3006485,214.48510991937326
3006486,3.1314205004173807
3006487,66.31772506306912
3006488,1.546036097967503
3006489,47.2244018053832
3006490,146.22888827691207
3006491,1.015466157944497
3006492,2.817396482541452
3006493,66.3836398509024
3006494,35.22318563614798
3006495,512.4529726496369
3006496,117.72855887914672
3006497,0.9376580923844029
3006498,9.452638125215504
3006499,0.5059660789859741
3006500,3.8002498988658857
3006501,3492.6848151560457
3006502,0.2931339200067621
3006503,330.8633346289159
3006504,9.48465709848948
3006505,1191.5858761721354
3006506,730.2391935789115
3006507,582.2820598214684
3006508,156.41190858718818
3006509,171.93128056151113
3006510,4577.772445389315
3006511,20.373482158890432
3006512,1.457814524435411
3006513,27.069488914004143
3006514,25.407495586492267
3006515,0.38903017476254775
3006516,322.4261172883327
3006517,0.6685748332645645
3006518,198.90840259803082
3006519,11.735809956007985
3006520,90.99881659423211
3006521,5.432074607502636
3006522,213.0737687445379
3006523,305.7739101305724
3006524,2.5064086368556975
3006525,10.175457165536452
3006526,400.75214992964607
3006527,72.84276465679655
3006528,1335.8261232690813
3006529,37.1669922394419
3006530,16.133950726234374
3006531,4.690384742358281
3006532,0.6198228162198407
3006533,6.385840384914722
3006534,2545.347633383875
3006535,0.0
3006536,598.5327099168122
3006537,11.557054444484951
3006538,686.9197927727719
3006539,639.1583921194821
3006540,234.38071300257252
3006541,184.9039222982275
3006542,89.53519943797647
3006543,3096.6683465243264
3006544,12.107908490047567
3006545,0.9135647850108088
3006546,24.44195614531538
3006547,22.68136263719985
3006548,0.3181664780672316
3006549,235.99984273712062
3006550,10.202578763750743
3006551,4.022143511990793
3006552,8.261711592612135
3006553,81.98610617636712
3006554,2.6552144565258455
3006555,105.23269851414697
3006556,191.85895283539887
3006557,4.21790199610307
3006558,8.173874999345726
3006559,208.77528902920952
3006560,57.91341606224064
3006561,1636.4225541232158
3006562,43.9817497759536
3006563,17.965717894334933
3006564,6.849968286970928
3006565,0.4161283486034211
3006566,4.724531710680921
3006567,3561.469451006066
3006568,0.27183728909249744
3006569,220.47975796278305
3006570,8.999513710015199
3006571,1258.961648330556
3006572,453.00046623086274
3006573,388.5334475121401
3006574,62.01949094722672
3006575,63.13917846964135
3006576,4234.69863562717
3006577,21.894771174276325
3006578,1.8234842498345114
3006579,17.563858064600826
3006580,17.54490729018689
3006581,0.42469254814530943
3006582,266.1265560604149
3006583,11.292364253348486
3006584,214.82868531687376
3006585,4.707731342587087
3006586,69.69671696405427
3006587,3.9732011956706934
3006588,187.74117278005292
3006589,274.0773561894772
3006590,1.2798930189934095
3006591,7.8787923073506505
3006592,252.86672060872036
3006593,31.146913338129878
3006594,562.4508769085593
3006595,16.950988967952483
3006596,6.426973795463005
3006597,7.499671822974294
3006598,0.2933626096121455
3006599,8.933452512440729
3006600,3283.902683950652
3006601,0.2955653794054208
3006602,723.6154328702657
3006603,15.929352527892433
3006604,884.5471465578447
3006605,879.5516697971631
3006606,267.5417990414124
3006607,199.34656179633345
3006608,143.40742857689347
3006609,3932.3099794522504
3006610,46.161245336401805
3006611,1.69237468760585
3006612,22.826175557991423
3006613,27.77218842224905
3006614,0.31615868057107704
3006615,279.9908225662927
3006616,29.44906415862835
3006617,21.063449749269186
3006618,7.397755232584215
3006619,183.49733718837018
3006620,12.847443504873919
3006621,460.7751158071935
3006622,278.23144407783326
3006623,9.610893173962625
3006624,9.31097569363717
3006625,491.84252475840566
3006626,122.17187839867191
3006627,2550.6071186712393
3006628,125.4140368347637
3006629,36.45312054944252
3006630,10.190804879606416
3006631,0.47244647825227004
3006632,6.41640712148585
3006633,4868.8951385346245
3006634,0.30017388539063933
3006635,501.0482858566104
3006636,12.744637573345154
3006637,1465.6991034079613
3006638,839.5173354962104
3006639,745.393720236431
3006640,113.87111984609916
3006641,148.58591705464036
3006642,6359.3667532943255
3006643,16.651004730214304
3006644,0.7863373095751953
3006645,25.709205977375717
3006646,17.440532324544016
3006647,0.3409203916604825
3006648,405.1519059266606
3006649,1.9294042837721923
3006650,9.561218008538248
3006651,5.718639889228459
3006652,95.20972709592102
3006653,2.267975118955444
3006654,322.2805505983178
3006655,405.31689530899564
3006656,4.7724751962384095
3006657,8.026318359979415
3006658,353.53158408429067
3006659,92.11975112284802
3006660,1214.535558771364
3006661,68.63890793945829
3006662,18.898495322381187
3006663,14.988160505263771
3006664,0.5500185595427325
3006665,5.852967838258069
3006666,3448.1766730847944
3006667,0.3428689076885668
3006668,448.0811514384473
3006669,11.852242623083352
3006670,1435.389872097476
3006671,656.6017612402246
3006672,351.85828765907894
3006673,243.45607499478785
3006674,167.5324479756029
3006675,4767.6176574486235
3006676,14.379831162130001
3006677,0.6570064730850795
3006678,48.10868719203728
3006679,39.572908429979016
3006680,0.44904589738124034
3006681,355.49798950414134
3006682,6.317426448938218
3006683,4.610216596059804
3006684,11.817658948447972
3006685,151.44523738107995
3006686,3.1116483119022673
3006687,116.50841522020346
3006688,319.1325249919726
3006689,3.251512567115416
3006690,9.05139969453605
3006691,215.57340921538932
3006692,153.2016878858964
3006693,1349.190476261741
3006694,10.078833748403436
3006695,9.291627669142898
3006696,5.2253000093443855
3006697,0.25396719650585653
3006698,2.490230505441022
3006699,1948.4081637266613
3006700,0.0
3006701,137.29181685369508
3006702,8.550713809937546
3006703,613.6134757431194
3006704,323.5946144140942
3006705,154.27627514857105
3006706,43.898031566495185
3006707,107.09090036862708
3006708,2575.0438110952423
3006709,9.684928243645201
3006710,0.6969582359779136
3006711,26.303589572137128
3006712,19.86323097627308
3006713,0.0
3006714,177.46690012168176
3006715,0.883289757808025
3006716,188.58793922414773
3006717,4.584541865021702
3006718,182.6065231855605
3006719,3.7859537164486285
3006720,94.46967574270559
3006721,145.77667159838902
3006722,1.2122539617400818
3006723,5.831246983306842
3006724,131.2955022070382
3006725,32.23041924432978
3006726,415.586766527362
3006727,18.753073962610912
3006728,3.810656630807876
3006729,1.813975101127299
3006730,0.24709590754748137
3006731,3.7275991454938264
3006732,1526.5676657518104
3006733,0.2613837198752763
3006734,248.03077755378328
3006735,13.457459472630509
3006736,535.5492539687627
3006737,509.6902982136953
3006738,144.95620965264257
3006739,53.091274608700886
3006740,92.07787165164014
3006741,2059.87980442004
3006742,24.01782065611577
3006743,0.5912727368971298
3006744,16.649612983991013
3006745,14.506738403209264
3006746,0.42674404461350485
3006747,131.02152807532593
3006748,13.413731292150981
3006749,3.2744504366477596
3006750,3.844899127329712
3006751,92.43442001014193
3006752,6.176182300875892
3006753,401.68864951149607
3006754,152.1552308791523
3006755,3.9830988456229575
3006756,4.864530189488469
3006757,249.39557101665633
3006758,31.6684980286036
3006759,1125.6265749375395
3006760,120.92773327294181
3006761,7.461955000648274
3006762,2.6239154056725282
3006763,0.24076552920789587
3006764,5.380418061146229
3006765,3993.809219964995
3006766,0.26690675389704566
3006767,864.5285446403432
3006768,19.469932774166903
3006769,1123.320141056934
3006770,1391.0287329106843
3006771,325.35251912681986
3006772,245.00822843134426
3006773,212.76004014094863
3006774,4272.72349451835
3006775,41.76826279399049
3006776,1.0323663751480274
3006777,23.209777682554478
3006778,35.96543440393193
3006779,0.25324678801049855
3006780,271.50341401788387
3006781,12.828424939367853
3006782,39.141731503734576
3006783,10.176415998007677
3006784,154.43591797637197
3006785,15.035349777307147
3006786,443.79302299137913
3006787,302.75645781483036
3006788,18.846196348711285
3006789,10.437911478102759
3006790,589.3491161268163
3006791,133.69782963811764
3006792,3576.0795742027867
3006793,211.0096320851589
3006794,25.70167159766899
3006795,3.103729850657393
3006796,0.24955756808488033
3006797,4.4873429871376445
3006798,3126.7961800713365
3006799,0.22822324744809314
3006800,522.0575213444405
3006801,12.932407962122648
3006802,622.1916722596009
3006803,832.2762459118347
3006804,185.26821999412036
3006805,156.72550612411825
3006806,233.6281863514911
3006807,2501.0805247137205
3006808,26.785101602308146
3006809,1.330029269632361
3006810,22.557923298999594
3006811,16.762038750756084
3006812,0.25673621487794757
3006813,142.7982241780782
3006814,0.40412280476548296
3006815,33.18934807924768
3006816,5.865117490408448
3006817,508.61160581029026
3006818,11.200418052946043
3006819,272.9041101271332
3006820,140.71667712400543
3006821,5.797305264607635
3006822,6.906137602757076
3006823,215.6049583790056
3006824,46.5316302746004
3006825,2086.9984482449213
3006826,1.839548317140662
3006827,5.875128262016958
3006828,3.982432733320109
3006829,0.2562441788604806
3006830,1.6026837109631566
3006831,916.7716671130778
3006832,0.0
3006833,229.43624132885768
3006834,7.404633012862508
3006835,333.02172989213346
3006836,242.69853842300117
3006837,92.17014545667412
3006838,39.32637419324593
3006839,38.8864900699633
3006840,1432.890099880881
3006841,6.126422250584741
3006842,0.6300396713556984
3006843,11.106760940953421
3006844,8.906005886466383
3006845,0.3493481215673817
3006846,83.52704887042715
3006847,0.4624522496157495
3006848,7.748818019997293
3006849,2.3693506217616442
3006850,62.221272024667286
3006851,0.44976366091543435
3006852,281.8241378862488
3006853,118.45929248253593
3006854,2.9654071214935573
3006855,2.964672540631218
3006856,166.4590386394223
3006857,23.57823864830634
3006858,504.9181651348424
3006859,1.2814961071711268
3006860,2.4848575387467418
3006861,8.559958896233663
3006862,0.46547731229086975
3006863,4.083318506662736
3006864,3443.6019082382013
3006865,0.4270450133714147
3006866,626.8754525890449
3006867,25.24002684136009
3006868,880.8946433323603
3006869,1015.112698871768
3006870,325.68833127365525
3006871,253.91320123466303
3006872,244.0126801614737
3006873,4178.609383224317
3006874,32.36154547335304
3006875,3.5247860075860338
3006876,23.719742821362306
3006877,32.92185218816379
3006878,0.41824240888353775
3006879,233.72187915537603
3006880,10.340824039015915
3006881,48.390794839590015
3006882,12.19747983832684
3006883,406.0729963803676
3006884,6.448302265012833
3006885,317.65672161874346
3006886,257.53195631224764
3006887,13.009477370941728
3006888,12.108361195921976
3006889,416.811547430053
3006890,96.33678420601753
3006891,2834.8100141000623
3006892,2.4028474542285863
3006893,19.141568305809905
3006894,6.836514330095264
3006895,0.34926102970243444
3006896,4.623047594525847
3006897,3994.886431404305
3006898,0.35293700929604394
3006899,666.288312560499
3006900,21.851481138012165
3006901,1482.191737200649
3006902,902.8345040079838
3006903,381.8467433124776
3006904,226.25685519290238
3006905,132.26021473387055
3006906,6154.140295678505
3006907,18.54707556291037
3006908,0.9379006561696903
3006909,37.202178635505085
3006910,24.200930047278504
3006911,0.7136141026433649
3006912,301.2404352049865
3006913,0.0
3006914,9.54300322417648
3006915,5.9144969102345915
3006916,113.25374642781851
3006917,1.2727597340135506
3006918,206.1984277221854
3006919,314.40027649475905
3006920,6.02034534713141
3006921,6.146486926497169
3006922,260.75478958308975
3006923,81.50866300592317
3006924,1765.8737847711304
3006925,3.564154779961137
3006926,9.30430610373498
3006927,7.549643550322726
3006928,0.5412791476355683
3006929,4.29420217680704
3006930,3293.7336120737027
3006931,0.0
3006932,630.8081593540329
3006933,18.463932334943873
3006934,1051.331158434529
3006935,746.085977578472
3006936,276.98890079487944
3006937,201.06583574584738
3006938,158.40894046477158
3006939,4347.053532002391
3006940,14.796450813682172
3006941,2.150839846949006
3006942,29.253287333207826
3006943,26.27707120049308
3006944,0.3562496448289613
3006945,259.1986936723672
3006946,0.0
3006947,8.295528795812253
3006948,8.114480851087642
3006949,196.66152339680949
3006950,1.6211916192331852
3006951,110.81473304462646
3006952,252.89484875430347
3006953,4.9295335833728675
3006954,6.0662983775833625
3006955,206.67558379182776
3006956,73.71169382288444
3006957,1204.026742550873
3006958,2.5801179838977277
3006959,8.959730941990392
3006960,13.530854970483324
3006961,0.5279155010871721
3006962,17.763087187736257
3006963,9960.293390121435
3006964,0.32750902204987314
3006965,1323.505062558671
3006966,52.40588772595936
3006967,2021.9618560278855
3006968,2362.6188802747797
3006969,420.40277436330814
3006970,561.198734058964
3006971,432.9657428208291
3006972,8886.236627869954
3006973,84.57105972758212
3006974,2.5286560968369076
3006975,69.95740613990061
3006976,65.56321182588735
3006977,0.48740586680769304
3006978,610.3359217914095
3006979,57.805488536147934
3006980,66.63866591369032
3006981,28.660817689567775
3006982,387.9386723661646
3006983,34.531491843304906
3006984,842.7513815921832
3006985,653.8935054157787
3006986,24.162279167957667
3006987,31.62405910717061
3006988,1247.899869307369
3006989,283.89286253417197
3006990,8390.813424162563
3006991,1.8464484796958982
3006992,83.00166180239742
3006993,2.6351613023151086
3006994,0.38945627786843645
3006995,0.9673508244712512
3006996,1630.8571498921185
3006997,0.0
3006998,174.222431238065
3006999,5.545325197126047
3007000,521.7663881761999
3007001,275.5993229013596
3007002,128.6649290423281
3007003,137.05909892014898
3007004,85.49209762932013
3007005,2193.3069794054945
3007006,6.346302150869434
3007007,0.4447383967168192
3007008,11.732680729869905
3007009,8.525713182949548
3007010,0.24061854201783103
3007011,195.0248304486752
3007012,1.144090763814606
3007013,192.19754844178678
3007014,2.649331857398391
3007015,62.699993325222344
3007016,0.7777717139274725
3007017,60.536487090751926
3007018,97.8939587613276
3007019,2.177568177948624
3007020,5.475187301389716
3007021,110.20260613131256
3007022,22.869855723163123
3007023,482.4349406766984
3007024,27.158269744611342
3007025,4.164984800520169
3007026,10.115496679353067
3007027,0.26931063796728366
3007028,2.2663026737010497
3007029,3198.6262861644486
3007030,0.0
3007031,566.1852681209434
3007032,12.262680664429663
3007033,1391.5064313611454
3007034,749.4496444960217
3007035,288.9293846683541
3007036,252.92027761215974
3007037,147.58832624502583
3007038,4955.443677270254
3007039,14.098625128147617
3007040,0.6679702197103181
3007041,25.643486276683877
3007042,22.617063452404093
3007043,0.2756384791841669
3007044,311.29750773622686
3007045,1.0031888532283584
3007046,6.923677705036526
3007047,8.703811233072727
3007048,38.14142572686776
3007049,1.5473046643804786
3007050,331.7882154495477
3007051,290.1410088835588
3007052,5.253930183037701
3007053,7.772237608742358
3007054,147.71049052676932
3007055,73.25853797863718
3007056,1332.0557577575742
3007057,2.321066893767912
3007058,7.5245287521348185
3007059,1.812777249314426
3007060,0.0
3007061,1.115245119109567
3007062,1096.36466018975
3007063,0.0
3007064,102.90084904191849
3007065,5.147755517500343
3007066,576.4415017907253
3007067,164.78638734288958
3007068,92.69439800273899
3007069,126.9610041150076
3007070,28.793239271734674
3007071,1827.712129310447
3007072,1.9791102517638945
3007073,0.36748977444906805
3007074,9.378970259525863
3007075,5.418294490036723
3007076,0.22784682682032628
3007077,99.94974491827693
3007078,0.0003863600686480424
3007079,209.64858734035346
3007080,1.2806612507649398
3007081,61.219750875253084
3007082,0.46346004791948653
3007083,61.374962361850436
3007084,85.61705885526973
3007085,0.70038340152568
3007086,1.0131340283779413
3007087,63.43835242326372
3007088,12.913151805894383
3007089,234.17580726840328
3007090,68.18644766745669
3007091,1.8078141343041958
3007092,9.38299687782612
3007093,0.23140555319590023
3007094,3.4880692667343407
3007095,2790.955691521977
3007096,0.19399468536994036
3007097,229.44387930779445
3007098,10.45311750391571
3007099,994.2778715067021
3007100,469.94793569706405
3007101,190.72410774518022
3007102,148.494613565093
3007103,129.15489177695602
3007104,3100.2242449957334
3007105,3.6587071734273806
3007106,0.4915125090099975
3007107,31.858119510892003
3007108,21.60238360177298
3007109,0.28384636851633327
3007110,316.23341099201014
3007111,0.0
3007112,211.5802190035879
3007113,13.904662226722731
3007114,65.01542087325099
3007115,1.570853637988733
3007116,294.2162160442595
3007117,223.95197380251633
3007118,1.9852702348407822
3007119,4.008922127752599
3007120,208.10008946040858
3007121,33.13286070954954
3007122,1243.2944225556628
3007123,116.34698609969055
3007124,1.615409118687562
3007125,3.3525262528847612
3007126,0.34574140811427095
3007127,2.0891457760714265
3007128,2723.8622118727626
3007129,0.23512219817975402
3007130,670.5026807048015
3007131,12.326507201253227
3007132,907.7036228578343
3007133,655.2997158644777
3007134,213.09514328875125
3007135,111.2620918405102
3007136,89.63819793492105
3007137,4332.450954236059
3007138,11.014827831780941
3007139,2.4385996801476266
3007140,26.164181380211705
3007141,45.255362679152846
3007142,0.236622459980493
3007143,220.85061996931194
3007144,1.9779720806810404
3007145,8.004080957915388
3007146,3.7486916446559873
3007147,67.0357771525806
3007148,3.0168150796961664
3007149,155.74130481284985
3007150,312.27133838301336
3007151,4.499983793810532
3007152,6.603355247348892
3007153,148.5385850968961
3007154,37.58306490026711
3007155,667.7954685416894
3007156,4.183985608304604
3007157,3.7815358390002674
3007158,4.241192128260811
3007159,0.22922705651688507
3007160,0.8137104139919091
3007161,1826.3231431846286
3007162,0.0
3007163,98.21126527009191
3007164,2.993422902791222
3007165,523.5693378695897
3007166,211.70136619042205
3007167,113.55364098028774
3007168,191.27087307482287
3007169,93.15462297099766
3007170,2222.5933672363976
3007171,6.235656939048445
3007172,0.45332859042834117
3007173,12.585288076726968
3007174,6.48714412270437
3007175,0.31939954862604264
3007176,111.24062153439371
3007177,0.00045252422723362676
3007178,209.76512930149286
3007179,2.4589463393751485
3007180,89.92813496984004
3007181,0.9725504140221755
3007182,147.0511890724893
3007183,91.35302432880327
3007184,0.9086282036705533
3007185,1.125483904983298
3007186,57.41742017380983
3007187,20.834217331433816
3007188,414.0792840511033
3007189,29.165854605495177
3007190,1.9640542058699677
3007191,5.075438130604309
3007192,0.24054176280857195
3007193,1.2388960390055739
3007194,3719.957997467227
3007195,0.21140780883813706
3007196,480.6078313611438
3007197,15.27829337807848
3007198,903.9856430853418
3007199,607.1563541973586
3007200,209.95470758418747
3007201,141.21184809877522
3007202,192.85550477550007
3007203,3687.4825301212036
3007204,7.262650219686865
3007205,0.4431178732283748
3007206,24.008017061067033
3007207,10.694262961929331
3007208,0.2374537979095635
3007209,215.4541798079551
3007210,0.0008699646205266186
3007211,33.05715053225117
3007212,4.1816577390673
3007213,116.12676452718084
3007214,1.2281120264155385
3007215,219.64112944950304
3007216,214.64425073082228
3007217,3.490842905100532
3007218,2.890287189226954
3007219,127.54137781279783
3007220,49.11648354030752
3007221,1307.5949225307525
3007222,1.464320395796351
3007223,1.1401185145614954
3007224,2.7295826550055047
3007225,0.23092438838890128
3007226,9.472114622672526
3007227,2737.3565567998116
3007228,0.23302081752671447
3007229,463.42679448507704
3007230,8.243292800174927
3007231,796.1679428552063
3007232,835.2994842106827
3007233,142.88884674109423
3007234,124.81213974380746
3007235,121.56223544293786
3007236,3294.4943449081366
3007237,49.516216868831826
3007238,1.3279281455372827
3007239,35.72296080931596
3007240,28.705818347609757
3007241,0.25610306944928757
3007242,231.4673884615714
3007243,23.297010080242888
3007244,21.73014864688546
3007245,1.7916062668639805
3007246,165.23218290249577
3007247,12.29932862282288
3007248,211.6368040238947
3007249,260.31232390931456
3007250,12.2183321314817
3007251,13.728397893564926
3007252,273.42123163638433
3007253,70.37502699843694
3007254,2496.213384818895
3007255,187.32811461996462
3007256,13.707485871939632
3007257,7.093021008647254
3007258,0.3221517179273087
3007259,11.73921165849854
3007260,2812.7897254550876
3007261,0.32440351942886175
3007262,511.9082469359305
3007263,16.67100359427065
3007264,1108.244441566254
3007265,925.1343690365734
3007266,174.90981999128837
3007267,106.28545532804947
3007268,134.0357362616493
3007269,4009.359636569822
3007270,32.159455804260375
3007271,1.0058371841047005
3007272,40.176844651709104
3007273,31.516718515220177
3007274,0.3471587548577772
3007275,385.94660386139134
3007276,33.84047329971857
3007277,24.22336991353213
3007278,12.214072889424127
3007279,221.40941006501507
3007280,15.838261933167207
3007281,176.00000123840377
3007282,425.1624956169002
3007283,10.822319415493372
3007284,13.475801807287933
3007285,168.8894714820242
3007286,100.65025493453716
3007287,2217.2236570356636
3007288,11.992734852857682
3007289,19.9395302611762
3007290,9.886712537214974
3007291,0.3269548307453885
3007292,5.074665077938309
3007293,3492.067988150158
3007294,0.30420717649996154
3007295,722.5738987550722
3007296,8.832028615868701
3007297,1383.425316627099
3007298,720.3488809278506
3007299,215.74864475212442
3007300,266.18090625871497
3007301,122.64644827267568
3007302,5434.201053965342
3007303,36.55334466630869
3007304,1.9553958061513739
3007305,28.601894476207537
3007306,19.539190735064732
3007307,0.3556608404406267
3007308,358.4328254187005
3007309,8.305125095458832
3007310,16.07282234758442
3007311,9.969510313353389
3007312,112.19327142429319
3007313,6.687609631152399
3007314,176.05555924974334
3007315,312.93519809441864
3007316,8.094611505612502
3007317,10.492639764480042
3007318,285.42831808513256
3007319,60.08427392554224
3007320,1625.84111342409
3007321,13.521242955102476
3007322,18.25541276940912
3007323,5.810857343407376
3007324,0.33767632388819385
3007325,7.243534436873057
3007326,2786.5905031829925
3007327,0.252858767574434
3007328,386.6400699282451
3007329,12.721264242873747
3007330,806.7958713043719
3007331,839.9473370915047
3007332,231.91102444095463
3007333,155.22055347847993
3007334,131.4079386280679
3007335,3572.0966947081697
3007336,28.04900974488474
3007337,1.3300150065366552
3007338,17.007126666379968
3007339,14.422870239572223
3007340,0.31655940465290955
3007341,234.04610125739976
3007342,23.730141577479888
3007343,24.861638778745828
3007344,2.430283016309487
3007345,179.12509788640196
3007346,9.434223140189175
3007347,382.7440542664297
3007348,265.66812146978015
3007349,8.208611136230315
3007350,10.793201479035078
3007351,437.68235799903925
3007352,61.65425882661646
3007353,2380.7012588999264
3007354,8.388243232556961
3007355,27.222559031244216
3007356,3.256577094809269
3007357,0.22942599973188502
3007358,3.819921763789715
3007359,5213.00173247238
3007360,0.2327754960764612
3007361,425.61166308855957
3007362,13.407073792351456
3007363,1862.0599668156206
3007364,655.2347603383959
3007365,296.89970071532485
3007366,174.13537196920257
3007367,103.04876868327885
3007368,7335.470694222383
3007369,11.41335126272456
3007370,1.8222069611681602
3007371,27.217643615069854
3007372,27.156615827793914
3007373,0.28253887826447416
3007374,387.29462574509176
3007375,0.0008358918099472506
3007376,3.070422777783503
3007377,9.930865371560428
3007378,81.74298834884279
3007379,2.489704069834726
3007380,142.4679038042342
3007381,337.7879295871474
3007382,3.1656875201373325
3007383,10.730813205290438
3007384,182.34185030121034
3007385,61.452193724065296
3007386,1142.6701201904477
3007387,114.94144841059399
3007388,7.53121665064984
3007389,8.57649384201648
3007390,0.2931053801546725
3007391,10.09293521898952
3007392,2580.8655520194893
3007393,0.30485511204021354
3007394,579.9394267306936
3007395,15.143431839552996
3007396,1108.9938720474215
3007397,833.9874203372854
3007398,239.64481307136512
3007399,155.02736063886118
3007400,224.57284183629727
3007401,4142.144594882003
3007402,42.67804656175026
3007403,1.557590125257581
3007404,31.372677196782625
3007405,31.958518268701404
3007406,0.3347997782790756
3007407,273.98882739780686
3007408,25.919587110115508
3007409,23.056681446317388
3007410,10.880132646138039
3007411,187.4448156279298
3007412,14.431336628407726
3007413,264.45164869020743
3007414,366.0164330398024
3007415,13.954040948542726
3007416,11.735936239495022
3007417,214.47798352560855
3007418,68.6942072827015
3007419,2174.3282849855573
3007420,1.157816957898652
3007421,8.854774105529444
3007422,5.622831845640828
3007423,0.29523646868564424
3007424,7.970960673053121
3007425,2626.4406262135158
3007426,0.2575401477658248
3007427,486.61615677769214
3007428,12.824178675219486
3007429,750.6881151765116
3007430,869.2408380579766
3007431,177.88376146277452
3007432,145.43124353405932
3007433,125.45570014702345
3007434,3171.416561902594
3007435,33.377182502161354
3007436,1.01704974962318
3007437,25.96546251400091
3007438,29.76266837329759
3007439,0.3211728275186345
3007440,214.28117947186516
3007441,19.907273809999307
3007442,43.789687073933116
3007443,6.354347195506711
3007444,119.27293974682271
3007445,12.620034614180259
3007446,245.14723522604666
3007447,232.61555751438198
3007448,9.408211773625666
3007449,10.515172619377543
3007450,245.29104359348366
3007451,53.80615674009332
3007452,2593.8779492218605
3007453,1.8059533339697773
3007454,14.843164369048667
3007455,7.175921496142541
3007456,0.22833973388659431
3007457,5.743510541965785
3007458,5062.80169783506
3007459,0.0
3007460,529.0493076611277
3007461,18.652497903306294
3007462,1277.238179112085
3007463,680.3785337022931
3007464,281.31628790703326
3007465,176.60046400260512
3007466,108.14349868785058
3007467,4793.92374098305
3007468,11.336937764552488
3007469,0.29199636605992063
3007470,18.876467849356874
3007471,23.278787724852478
3007472,0.24961258022066787
3007473,241.16489713244349
3007474,0.000703983119301069
3007475,10.588968479160084
3007476,2.552346159307122
3007477,154.01564735054546
3007478,2.5967835807115245
3007479,180.23237745654143
3007480,272.6781296609562
3007481,3.749221563382604
3007482,1.85136006919126
3007483,218.31628040569686
3007484,99.57200803961766
3007485,1175.5229114226297
3007486,3.1587926195321616
3007487,0.6178333718217608
3007488,16.76501388488548
3007489,0.31913234690284065
3007490,22.10434124035701
3007491,12759.366106633404
3007492,0.32272624273303036
3007493,1874.6503157302702
3007494,31.90795294959524
3007495,2681.8601868747373
3007496,2945.3840453283124
3007497,680.3889381935627
3007498,721.166879748923
3007499,549.153005810824
3007500,12669.681857932943
3007501,82.84040646728212
3007502,4.736744318295063
3007503,146.93927737845974
3007504,147.11562127064778
3007505,0.4660020684528933
3007506,812.4310112940792
3007507,37.51262382793089
3007508,41.37136158641492
3007509,47.51280410324649
3007510,570.4396307551183
3007511,34.91328451582202
3007512,1111.8335325998967
3007513,711.402482210838
3007514,52.91526552223712
3007515,43.56021993431374
3007516,1399.7644712112965
3007517,331.5390060364787
3007518,12244.517640227092
3007519,460.65099166265543
3007520,115.23255608933265
3007521,19.37089267891035
3007522,0.3308125929700655
3007523,19.676335975523106
3007524,12574.16213089072
3007525,0.325459603930594
3007526,1458.915420176687
3007527,40.96544809933464
3007528,2910.0062835915774
3007529,2659.7306198881997
3007530,856.1764641857357
3007531,457.55980263838643
3007532,445.0871078422747
3007533,13527.751229184882
3007534,144.5232160320608
3007535,2.0609220703366686
3007536,82.22169855607453
3007537,111.96452802832368
3007538,0.9749346229115958
3007539,798.1711862124251
3007540,30.093909931411176
3007541,52.165365214663595
3007542,14.595471616635551
3007543,409.61151111035116
3007544,29.13752434734901
3007545,1414.4429018011626
3007546,873.9246250351895
3007547,34.68391652857714
3007548,34.15763042792799
3007549,1522.3380977563281
3007550,322.2925938881905
3007551,7783.34484079949
3007552,432.6831136733891
3007553,97.90821902293358
3007554,18.482532409568577
3007555,0.34970732522306863
3007556,27.1767959261313
3007557,7127.100182467899
3007558,0.34348203920551734
3007559,1137.1102321032354
3007560,24.070972176479177
3007561,2699.3679758423095
3007562,1814.2925243707332
3007563,1005.7058276487562
3007564,206.5040712699747
3007565,323.26073067340116
3007566,11778.979240097256
3007567,63.503639784564285
3007568,4.316096562604887
3007569,54.572317767617946
3007570,31.322347831959227
3007571,0.7264549136949925
3007572,812.0366592473467
3007573,50.633827237944445
3007574,41.2918617613121
3007575,13.713896215508116
3007576,232.38726815699295
3007577,16.375001252558402
3007578,1221.5617313184757
3007579,922.9844580921497
3007580,31.71146411399178
3007581,56.16167865213493
3007582,1035.9342634029317
3007583,182.71146045833538
3007584,3562.336498441119
3007585,386.44390177609813
3007586,63.970203896498234
3007587,21.99552705420543
3007588,0.34044930300754533
3007589,26.03872197547206
3007590,10550.763398520752
3007591,0.3350575517836162
3007592,1366.3663427131542
3007593,29.33871108383661
3007594,2628.9418137951648
3007595,2438.1881458908288
3007596,793.0049779614127
3007597,424.73377327996064
3007598,331.8069547001378
3007599,11911.332484678065
3007600,64.35439425786208
3007601,1.5470486642326353
3007602,78.12665970870863
3007603,82.59976921505772
3007604,0.9879857660249933
3007605,735.075071612933
3007606,30.931398558561146
3007607,40.37235410840672
3007608,23.823553056167896
3007609,357.21440742203043
3007610,22.92730682606388
3007611,1083.378851228119
3007612,878.3738434147444
3007613,34.33937119052168
3007614,37.66287384060385
3007615,1343.3923753768104
3007616,287.5620417223833
3007617,5992.844024131147
3007618,563.201246075147
3007619,75.71023947960046
3007620,15.678931083892063
3007621,0.3639876224042889
3007622,25.91902517115288
3007623,5682.566532334241
3007624,0.3724509259410554
3007625,1014.0755331162005
3007626,24.911540358201314
3007627,2375.2957445771076
3007628,1563.4365567537752
3007629,783.4283525882605
3007630,152.67496775066172
3007631,255.1949602548769
3007632,9908.006276722868
3007633,59.32128854531596
3007634,0.6739016104441196
3007635,39.52141108458225
3007636,35.985628583729
3007637,0.45942214084628513
3007638,698.3472944090915
3007639,42.782180705114975
3007640,16.089423269137317
3007641,8.981919670474861
3007642,227.0855208784206
3007643,10.524995629940532
3007644,1101.8127940606737
3007645,926.8561457741749
3007646,23.021486549233643
3007647,35.03356546435267
3007648,1072.142150081246
3007649,126.39956776266608
3007650,2471.0509179476126
3007651,424.277950075481
3007652,27.661237313726744
3007653,12.876765166172225
3007654,0.2920563710447533
3007655,15.74211770048327
3007656,7535.20265935831
3007657,0.3142789035500864
3007658,1272.6365242767963
3007659,30.048384049307085
3007660,1886.9736019368684
3007661,2306.713636836816
3007662,473.271040698092
3007663,485.83740035213947
3007664,388.27276036392635
3007665,8297.214139129906
3007666,75.36049352724538
3007667,1.3632554238524484
3007668,53.04221551113863
3007669,55.996356030985716
3007670,0.4926884336441648
3007671,544.8442985061864
3007672,18.28360624593813
3007673,42.24534723213306
3007674,11.219629711334099
3007675,434.96932351201343
3007676,20.638896759107134
3007677,932.0242352639357
3007678,579.2674676729598
3007679,22.72500495784574
3007680,37.26049072396667
3007681,1064.6388388607124
3007682,242.51108387629398
3007683,8004.704670254595
3007684,261.2562507181985
3007685,76.75657118433142
3007686,7.086842983447589
3007687,0.3697418250375
3007688,8.153524421760492
3007689,1813.4047670357281
3007690,0.25741191421841314
3007691,323.6490905938402
3007692,33.00060482416226
3007693,917.2819023596203
3007694,535.3998181422369
3007695,218.47089037486646
3007696,80.14148493523537
3007697,144.30840965329745
3007698,3021.6044840813
3007699,29.98897214237096
3007700,1.5048852345040902
3007701,28.779753807513934
3007702,22.52562350070044
3007703,0.26559815750866456
3007704,201.93132210796338
3007705,14.069537484912379
3007706,10.583567992924342
3007707,11.054952263322678
3007708,117.12094102872676
3007709,11.169670903942745
3007710,250.73367668975013
3007711,221.92343815118252
3007712,3.0852798538387036
3007713,7.8630871558906
3007714,235.17539413948825
3007715,61.536311198135685
3007716,1557.804016707614
3007717,1.447754617949414
3007718,9.212011680568997
3007719,13.037928775868208
3007720,0.32104771001099547
3007721,17.814971807377606
3007722,5222.610252395259
3007723,0.3157339987118517
3007724,699.0971078138537
3007725,38.462593550990526
3007726,1849.4840792822076
3007727,1294.082113137317
3007728,567.112853242359
3007729,136.41041814143585
3007730,203.52713033735873
3007731,7863.0636256566695
3007732,99.16820675806167
3007733,1.7015460101836224
3007734,67.029988144481
3007735,41.76373635896157
3007736,0.38877184620747657
3007737,477.10358793210776
3007738,18.261318985558894
3007739,12.556960867979042
3007740,5.471024297445282
3007741,213.49288168928197
3007742,15.066975375165153
3007743,656.4414903513722
3007744,656.0012409872633
3007745,19.26238093031115
3007746,29.70433160145816
3007747,457.8478529027509
3007748,97.76125315078365
3007749,2512.339731417132
3007750,393.75278735480947
3007751,22.458430158287296
3007752,8.766981041410387
3007753,0.2837273420300133
3007754,7.500486268738268
3007755,5369.614802907504
3007756,0.28722477907827765
3007757,941.5507277306377
3007758,15.137893769125895
3007759,1472.443314165983
3007760,1687.1801693525356
3007761,264.8447744825583
3007762,346.3892153702345
3007763,370.64732951396286
3007764,5551.120056406706
3007765,49.5002450856846
3007766,1.7010957401312847
3007767,43.130711548933135
3007768,41.774293944828436
3007769,0.383722539937271
3007770,361.2958078077479
3007771,4.432568091018662
3007772,58.47608702680933
3007773,6.762946331748159
3007774,306.82100988235027
3007775,14.19194533468715
3007776,723.9687635418651
3007777,357.4025785603371
3007778,20.241529491306334
3007779,13.465501491720348
3007780,772.8157514244358
3007781,137.53509988833588
3007782,5858.94603701426
3007783,3.822654997284056
3007784,50.333683952660515
3007785,11.380546251239434
3007786,0.23234010850404221
3007787,11.41581528989682
3007788,4921.417702565091
3007789,0.0
3007790,886.3337421505807
3007791,14.372154833156447
3007792,1662.4664247217697
3007793,1287.9831414217358
3007794,403.0374947913899
3007795,223.75631628722192
3007796,412.8295179570836
3007797,7016.094237500625
3007798,47.54925952832659
3007799,3.3453933220228524
3007800,57.79803145894086
3007801,44.756801702907815
3007802,0.3557935746909436
3007803,412.40816014484426
3007804,11.270825652635436
3007805,70.41196714694516
3007806,9.656228852114397
3007807,389.4228607891639
3007808,13.291417013837037
3007809,526.7068440354592
3007810,407.6985097102104
3007811,17.4068190813118
3007812,27.434954457074355
3007813,515.7158959177419
3007814,113.65971845040836
3007815,5155.708632915031
3007816,5.387401843209953
3007817,9.739293425563353
3007818,11.081647456520068
3007819,0.0
3007820,6.266369710243683
3007821,2537.7915857396138
3007822,0.0
3007823,543.0883421655511
3007824,9.803275139378005
3007825,1062.7137097613681
3007826,594.5233880260887
3007827,264.9111479818033
3007828,106.37104341004036
3007829,200.03654106684834
3007830,3730.3066867148104
3007831,20.946796161678467
3007832,1.2414897898352004
3007833,29.44813686461239
3007834,25.17782108493386
3007835,0.29991294381077144
3007836,247.02350299269634
3007837,10.028599903765272
3007838,19.10257165854667
3007839,8.717369418530167
3007840,217.26156846008408
3007841,5.315819927676258
3007842,373.09693757550224
3007843,291.0766602762841
3007844,6.255279625996188
3007845,8.266281550634606
3007846,239.0219254539843
3007847,72.96578284381383
3007848,2403.5943423092936
3007849,2.7673374682970966
3007850,5.080203373276639
3007851,8.767583389950454
3007852,0.23154499390653158
3007853,1.9055320400339695
3007854,2750.7829830929395
3007855,0.1904018860642456
3007856,214.70602494087458
3007857,5.7450421307625446
3007858,1025.7327596286227
3007859,266.47232288265064
3007860,226.11449896548882
3007861,68.80710789719365
3007862,56.71962835590442
3007863,3657.182949869073
3007864,10.33024769106474
3007865,0.835399655798051
3007866,24.143554542147154
3007867,13.785908694502075
3007868,0.23426515839690906
3007869,243.22447530918026
3007870,0.0
3007871,213.5914972187399
3007872,5.141901294407375
3007873,48.95212042242921
3007874,1.3809160703959003
3007875,51.72689067940663
3007876,183.1543298029378
3007877,0.2966069301793083
3007878,1.9976529818150435
3007879,66.54587965687418
3007880,75.81365014201991
3007881,673.0854629855976
3007882,117.49743076716119
3007883,2.8899481948878334
3007884,8.969472223044706
3007885,0.31162592717256926
3007886,7.75253691047385
3007887,3751.2829106414097
3007888,0.32275993139065967
3007889,632.4332546247464
3007890,15.905536052213296
3007891,1216.1567830976833
3007892,1073.903910680226
3007893,380.04183390478784
3007894,210.62920734452445
3007895,203.41904203334067
3007896,5031.233443532261
3007897,44.57318066262717
3007898,1.0834609150266306
3007899,29.902294081682502
3007900,47.923553881608726
3007901,0.3498142901834599
3007902,342.2221845664011
3007903,27.860943307772416
3007904,21.4069649932246
3007905,16.967924729015806
3007906,198.467636503108
3007907,9.124933132084088
3007908,565.642112962726
3007909,372.46786123788155
3007910,13.216865087145642
3007911,15.63601484579365
3007912,663.54444030318
3007913,126.02101169565304
3007914,2783.911935825133
3007915,239.06750905483523
3007916,42.46057532624427
3007917,4.730623686028765
3007918,0.2317754341984099
3007919,6.731255317131454
3007920,3671.2829070105495
3007921,0.24347862676958817
3007922,637.0453158975075
3007923,21.413164740359036
3007924,816.7289991482522
3007925,1180.5000783147157
3007926,182.54662749022322
3007927,257.35170437502313
3007928,266.79762919692246
3007929,3228.43042676108
3007930,37.22400304167494
3007931,2.3725321173002043
3007932,32.031792127784726
3007933,31.953051624777267
3007934,0.5389257809624348
3007935,211.50265275996588
3007936,17.91816737168303
3007937,53.99814051443191
3007938,8.10254747145042
3007939,294.0641958858158
3007940,17.869625506221055
3007941,450.332688997678
3007942,207.12451047845656
3007943,7.076787889824468
3007944,16.022828517667325
3007945,591.907644477115
3007946,139.17630396289724
3007947,4479.182071925963
3007948,1.229281450626324
3007949,40.684386207401566
3007950,4.834702662818199
3007951,0.6678652470513258
3007952,14.313648569692502
3007953,5365.506695108399
3007954,0.28683053794704727
3007955,883.3756093245153
3007956,26.205822828099137
3007957,1303.8229036963555
3007958,1588.7199011668188
3007959,323.752994895076
3007960,399.7457784340396
3007961,198.83271820005464
3007962,5386.929214043221
3007963,46.680550703557685
3007964,4.05919570061387
3007965,46.13973263074402
3007966,53.1144523169289
3007967,0.37488872003282636
3007968,391.4567774678168
3007969,41.62036403150147
3007970,43.60935577776505
3007971,21.34874742692066
3007972,241.71670908503546
3007973,23.526200114225794
3007974,496.1849260527477
3007975,395.52145672821814
3007976,22.309365749442286
3007977,25.825991138698267
3007978,705.4745206682795
3007979,179.1975234452121
3007980,5101.057522029558
3007981,1.3463019033658599
3007982,39.84871890920493
3007983,13.902323716429159
3007984,0.524145745110471
3007985,11.01012188515929
3007986,3762.656052225342
3007987,0.3179582472122363
3007988,570.1783496019042
3007989,22.978223222635474
3007990,1637.924671457157
3007991,923.3226205864985
3007992,609.3140000739006
3007993,186.5211745637872
3007994,149.42359041786204
3007995,7177.428984314274
3007996,13.32625946852051
3007997,1.3844074815759493
3007998,55.68260778310401
3007999,48.78525210177092
3008000,0.3926838998878365
3008001,464.65419123342673
3008002,13.17160553094339
3008003,7.266509411581804
3008004,10.04809712897915
3008005,108.1530477449822
3008006,4.906577146077868
3008007,347.191206763892
3008008,488.10310315490665
3008009,7.835350916333844
3008010,9.255080190523934
3008011,472.836758873722
3008012,131.41952749811725
3008013,1659.8246371057166
3008014,134.06047385705713
3008015,20.893151962993883
3008016,1.7362065836230482
3008017,0.1434652760514662
3008018,3.0698699853361004
3008019,1097.6824803960571
3008020,0.14214361390246133
3008021,153.638838175714
3008022,4.052451173864644
3008023,238.5134763380045
3008024,355.63238369329457
3008025,67.79265764149622
3008026,65.29439846815153
3008027,46.60750897230657
3008028,1193.253069329985
3008029,6.089435426584741
3008030,0.8694865284775053
3008031,7.474549470050826
3008032,10.52801960672457
3008033,0.14554069880688397
3008034,80.3310015639226
3008035,5.154971768143047
3008036,7.170459166429094
3008037,3.2080002957034086
3008038,55.0832312025017
3008039,2.9209786580982344
3008040,107.64640318008408
3008041,82.11754194014567
3008042,1.8945503242212371
3008043,3.971319528231289
3008044,118.13059928793122
3008045,31.563327679855966
3008046,1266.092435182081
3008047,158.5190209156154
3008048,9.818742172110353
3008049,1.8981775823190912
3008050,0.252653844602927
3008051,3.3369109341241483
3008052,1535.8529378295405
3008053,0.2424902688410174
3008054,125.15119231422307
3008055,3.8739439767602164
3008056,761.5306438594322
3008057,331.62751177343387
3008058,265.46578044910683
3008059,43.59706294648352
3008060,37.52796578376391
3008061,3067.884534670244
3008062,6.076293872359243
3008063,0.5485040553638567
3008064,11.0273700857115
3008065,9.794648842987506
3008066,0.26186225312261885
3008067,195.68322274695223
3008068,5.473653749989586
3008069,150.58133798592863
3008070,1.9946222601047747
3008071,6.265251939576446
3008072,0.5613777231780366
3008073,174.8499186555938
3008074,192.09070588901423
3008075,0.8777238932337015
3008076,3.3652701487034253
3008077,187.64015082657343
3008078,25.67593299611235
3008079,281.34158899808256
3008080,11.04011642270443
3008081,1.3878206183576163
3008082,8.120470083003637
3008083,0.40034580197293396
3008084,5.485409873693637
3008085,5143.824364420441
3008086,0.30881098658169126
3008087,726.7907818282378
3008088,10.663393753052137
3008089,1921.9429934726452
3008090,729.1585559936827
3008091,551.1201534323706
3008092,242.68103430284515
3008093,115.29085219185059
3008094,8021.4966808902545
3008095,28.087969840687226
3008096,0.9660330298531272
3008097,35.94760525925283
3008098,22.745478642949585
3008099,0.3619159687929868
3008100,532.8065578919294
3008101,12.4494438390103
3008102,3.487372653799911
3008103,8.732904516068876
3008104,33.39651971011315
3008105,3.2763483512751064
3008106,606.1193015330991
3008107,469.1268033075876
3008108,3.0692970174605234
3008109,15.23493085715592
3008110,476.79376921833625
3008111,81.64739687526158
3008112,1443.5240446744947
3008113,29.4557651615147
3008114,9.91613442876533
3008115,6.434080430590666
3008116,0.2663604950709654
3008117,1.4543864116650895
3008118,1724.5522547805779
3008119,0.2534286399634773
3008120,213.91599007406057
3008121,9.268571839589377
3008122,802.9178450414515
3008123,436.919382601985
3008124,231.7047886380596
3008125,59.86083417648305
3008126,33.26397140665194
3008127,2923.552511681147
3008128,8.146479252047316
3008129,0.48389565865975287
3008130,12.607803217024708
3008131,23.396331615388636
3008132,0.2859786950449265
3008133,198.1367156064527
3008134,8.46014230859513
3008135,148.19763355065768
3008136,7.736960188140976
3008137,38.763378896695116
3008138,1.754509732784153
3008139,145.9197371738924
3008140,203.3890603501596
3008141,2.0301270383453507
3008142,7.781025373280189
3008143,160.27527870406723
3008144,32.0584023074209
3008145,364.8133303201242
3008146,8.178461189002338
3008147,1.9463854368890035
3008148,4.354768002170937
3008149,0.23382666046784736
3008150,4.140894124852029
3008151,1473.5464231572955
3008152,0.0
3008153,135.41090838986094
3008154,6.147365061100533
3008155,672.4378819906229
3008156,268.4359907754778
3008157,160.03090197795734
3008158,49.46101707325471
3008159,26.123522519359753
3008160,2632.3777517741137
3008161,11.117143054305279
3008162,0.297143307313838
3008163,12.145041521311203
3008164,10.8612001538976
3008165,0.2350693338937005
3008166,154.01849348437887
3008167,1.7469281335877778
3008168,140.682869877452
3008169,2.380205662407229
3008170,21.534379192707934
3008171,0.9195216069126528
3008172,111.31229255978182
3008173,190.5686525004356
3008174,0.6006075682502063
3008175,5.285050133559947
3008176,94.65200250738675
3008177,21.985854578749063
3008178,184.79529739405453
3008179,11.432257066228564
3008180,1.056237296612717
3008181,3.6465032500341046
3008182,0.17450059584809666
3008183,2.10765600973623
3008184,1694.1109886033448
3008185,0.16497112700102348
3008186,155.69030360257506
3008187,6.933574163165517
3008188,781.1991829641353
3008189,321.3034285659855
3008190,188.27525287663843
3008191,32.384175357428326
3008192,34.0659079110896
3008193,2603.9120391633624
3008194,3.546965600084879
3008195,0.35694563059655743
3008196,6.873056634490375
3008197,17.081924890431054
3008198,0.23371352361426148
3008199,160.5428079057644
3008200,1.026550765615204
3008201,151.77422828657936
3008202,2.487718957244256
3008203,23.420544069041213
3008204,2.5116689835607056
3008205,210.8056608583636
3008206,175.2917848959443
3008207,0.9941999556927683
3008208,4.719446436757408
3008209,70.17532529105753
3008210,66.67426830201178
3008211,344.5960748713361
3008212,8.189537154569793
3008213,3.0552742895214484
3008214,5.0037124214091575
3008215,0.979447216732489
3008216,3.804207028717575
3008217,1539.7842668162482
3008218,0.2281012620992081
3008219,147.01359573109195
3008220,3.7499666123719946
3008221,740.6789159258252
3008222,268.84036777766903
3008223,201.26674996550378
3008224,79.42241368000346
3008225,46.17273282811902
3008226,2421.3223608543835
3008227,5.6609766062105535
3008228,0.9451273169370205
3008229,10.37401264154528
3008230,16.063326851421913
3008231,0.23394234520109153
3008232,189.65018585444045
3008233,7.443261918192297
3008234,151.64384064765548
3008235,3.410880719148766
3008236,9.571589385370805
3008237,2.0587388048129434
3008238,93.34816354046009
3008239,166.0249516234209
3008240,0.8079135555870787
3008241,4.526070664162919
3008242,89.65305496589005
3008243,35.86096269242502
3008244,510.77043816769685
3008245,16.898808851088166
3008246,3.1716742681488252
3008247,5.958043484742332
3008248,0.33119821856790305
3008249,2.0704257330857017
3008250,1689.762192347121
3008251,0.0
3008252,219.80499817655738
3008253,4.76614641074516
3008254,941.4739972072709
3008255,354.2658603038102
3008256,202.5728577068687
3008257,156.60780854568506
3008258,35.79572525695844
3008259,2628.6114704054175
3008260,6.9499288924192015
3008261,0.42213847745640987
3008262,12.813715620200883
3008263,18.223911517649864
3008264,0.3066644740283666
3008265,236.25817174151618
3008266,0.0
3008267,160.12768319044878
3008268,3.140732561976974
3008269,32.81666588541554
3008270,1.377449442050728
3008271,69.1202821140248
3008272,191.11095983951773
3008273,0.999478632018137
3008274,3.1796855721635415
3008275,76.53032158369365
3008276,45.623378092058566
3008277,624.8883158663006
3008278,115.54806683202554
3008279,1.0069939301725488
3008280,9.6902217950412
3008281,0.5890427998352963
3008282,4.417869819072648
3008283,4200.490112748126
3008284,0.3210337654104172
3008285,472.9040531655716
3008286,6.715509740695402
3008287,1338.2872956288609
3008288,933.747074987424
3008289,646.3848327421221
3008290,242.73753409500966
3008291,131.71793719398642
3008292,5431.886332015716
3008293,18.309218128668096
3008294,1.5890857181452813
3008295,32.589986878576255
3008296,32.79700197471529
3008297,0.3585149780125293
3008298,391.0032523385235
3008299,0.6658782039776567
3008300,165.77157107929713
3008301,8.985629589376815
3008302,51.87011728564893
3008303,5.042357268311983
3008304,297.2366388031511
3008305,363.0520176827479
3008306,2.536935480982946
3008307,11.672556658867125
3008308,463.1535057234706
3008309,71.3899552887517
3008310,1765.4372358220328
3008311,43.84722713877762
3008312,17.729282087826668
3008313,4.417971000877454
3008314,0.6645817778397867
3008315,7.209073983430645
3008316,2847.3765456179476
3008317,0.0006131928630133961
3008318,756.9089578840315
3008319,8.545313111778524
3008320,731.1569831901713
3008321,774.0908300248896
3008322,260.9941584165711
3008323,255.58411669002834
3008324,68.64088110920943
3008325,3602.295231248348
3008326,15.163446352442826
3008327,1.249246403189964
3008328,23.082829514326445
3008329,24.620751215005765
3008330,0.3605497394340081
3008331,284.59284779136016
3008332,12.672656867235835
3008333,3.853434508031391
3008334,8.258319917832143
3008335,48.78135967643376
3008336,2.5872055383635306
3008337,111.07419545153769
3008338,224.16640209388095
3008339,5.369855286963587
3008340,9.60995844816801
3008341,240.73968893364943
3008342,65.14116052668766
3008343,2170.5670367315233
3008344,58.25926416452997
3008345,17.242765854912793
3008346,6.154697745152469
3008347,0.4074204419822573
3008348,3.5183766785615154
3008349,2640.6474988811187
3008350,0.2592068585983385
3008351,195.25189474411152
3008352,4.899874185452131
3008353,917.155637110862
3008354,346.642866843836
3008355,298.8063627163577
3008356,72.07510228351744
3008357,39.236976619707626
3008358,3258.996055887438
3008359,11.714273075899692
3008360,1.2536342346186555
3008361,11.575339378034897
3008362,14.626112191602111
3008363,0.3518953682001286
3008364,179.14305706923295
3008365,10.47919618870496
3008366,154.17451537954383
3008367,4.0839955862323345
3008368,28.590217308707803
3008369,3.720758752559904
3008370,122.38109483886319
3008371,205.3235652320838
3008372,1.5563775962911475
3008373,5.514122258887669
3008374,85.80625438253499
3008375,26.571336144532054
3008376,470.98840820348715
3008377,10.795304804729117
3008378,3.9722324616537783
3008379,8.05108603250461
3008380,0.3263910288315516
3008381,10.528746577456161
3008382,3563.983944659701
3008383,0.3128461522600817
3008384,775.115669634517
3008385,10.174442697920727
3008386,959.4321234607706
3008387,1031.2524132970898
3008388,240.13208087034948
3008389,232.33393161636945
3008390,119.20097284617603
3008391,4395.221407849351
3008392,49.45703885022719
3008393,2.34748247861721
3008394,21.04573642206684
3008395,35.98763250652155
3008396,0.3400304671526745
3008397,314.1309562817294
3008398,29.668866828279494
3008399,20.199596161044173
3008400,6.1749205409024315
3008401,96.65442837926273
3008402,11.677022644398454
3008403,397.36358354126367
3008404,316.89813982269595
3008405,9.661680821511634
3008406,10.104153770701606
3008407,557.2712643212443
3008408,113.21804813066947
3008409,2835.716723864547
3008410,115.9851886546771
3008411,43.91706890014574
3008412,11.560658844284083
3008413,0.47392606969522383
3008414,8.222385635105326
3008415,5643.611047373283
3008416,0.34602791726078097
3008417,897.7590763791122
3008418,9.596533062454258
3008419,1847.845687905204
3008420,1180.925994361371
3008421,894.8682193795428
3008422,187.57381765503453
3008423,109.8684700213808
3008424,8205.891696102564
3008425,18.933930795736487
3008426,0.8993824737138045
3008427,25.41741727250577
3008428,26.58022325594259
3008429,0.3865443137392896
3008430,523.0009706978609
3008431,3.209298619401231
3008432,8.446842504852624
3008433,7.6342412744242125
3008434,60.66673460536292
3008435,2.4780954915578817
3008436,410.6820169139862
3008437,568.0449619973241
3008438,4.569546122388783
3008439,9.318974638167177
3008440,499.9794191812352
3008441,114.70585320290645
3008442,1564.0612602247108
3008443,99.788662139126
3008444,17.993539269327925
3008445,17.51060096245139
3008446,0.6261817872743616
3008447,8.426164191093068
3008448,4374.169921295964
3008449,0.3721241574272155
3008450,780.9308458103595
3008451,7.276723930299742
3008452,1780.8267693652695
3008453,959.3341735251362
3008454,513.5113601879057
3008455,397.085459149242
3008456,93.8178232555033
3008457,6332.455095310714
3008458,24.399888318451712
3008459,0.7515793113467277
3008460,43.85935533482847
3008461,54.47528849978898
3008462,0.41263232824361035
3008463,501.5301877401497
3008464,9.171251645716206
3008465,4.426547663950455
3008466,15.506933981477161
3008467,75.6124695610729
3008468,3.017626865146007
3008469,172.384342672368
3008470,456.6350823656471
3008471,3.355731713606642
3008472,9.39067384879191
3008473,247.0550289301236
3008474,209.77815578117202
3008475,1848.9441345890016
3008476,7.068291671819306
3008477,7.388236720434733
3008478,5.465283840353975
3008479,0.2782846068713328
3008480,3.329111636155326
3008481,1976.6071802620147
3008482,0.0
3008483,159.2505945142774
3008484,6.263889263529532
3008485,707.1714328712661
3008486,373.6152948725802
3008487,172.02197782463858
3008488,44.31703490532031
3008489,51.91385051713931
3008490,2761.567805677218
3008491,6.52448203018113
3008492,0.7092806765972461
3008493,23.704543861895363
3008494,20.372632256505653
3008495,0.021624397574900946
3008496,195.85020163965208
3008497,0.9475942758757792
3008498,163.45893708172565
3008499,4.489598668550747
3008500,36.84036331574965
3008501,3.9806941240556792
3008502,121.80496082759205
3008503,177.94849402305977
3008504,1.2545340577477826
3008505,6.4249047932385475
3008506,165.5561225019012
3008507,35.7001005404789
3008508,440.34232182142733
3008509,15.637912214708713
3008510,1.9194390226011895
3008511,2.2213044127781068
3008512,0.28295080378490844
3008513,2.876818948395366
3008514,1557.4969997913558
3008515,0.2814679187757081
3008516,266.96646407436367
3008517,9.250792820192249
3008518,554.5069548993234
3008519,548.7619880638496
3008520,143.40928960650152
3008521,53.658498891078374
3008522,59.39762963687722
3008523,2163.6634421907497
3008524,20.63247463051831
3008525,0.4749741611431851
3008526,12.30867204633964
3008527,15.358254107814485
3008528,0.3858268246485444
3008529,149.15326838669264
3008530,17.19614260478161
3008531,2.9343210589393856
3008532,5.146836624849412
3008533,51.45655740140744
3008534,5.169184200719164
3008535,712.0174219560099
3008536,186.66380475825972
3008537,4.2700192783470445
3008538,5.868507516974645
3008539,320.5586079263561
3008540,34.03034962131756
3008541,1233.418764542849
3008542,111.26185297520188
3008543,6.848963511193358
3008544,2.561543469246697
3008545,0.2694758451310799
3008546,4.2335502489071635
3008547,3624.1948537189764
3008548,0.25558192595090246
3008549,762.1462160146566
3008550,9.625342124352679
3008551,980.8448886991677
3008552,1312.9042123875386
3008553,264.6027278482168
3008554,217.28129754117288
3008555,123.143745743505
3008556,3785.389940748485
3008557,32.57159286008302
3008558,0.86562449779429
3008559,21.274372405182568
3008560,31.53979990033386
3008561,0.25711920036759656
3008562,256.6835693048832
3008563,12.643017170520087
3008564,29.06213902427856
3008565,7.609600392754999
3008566,75.40560361946879
3008567,12.809017546815577
3008568,333.1214551054634
3008569,290.0579441860638
3008570,16.61711502835671
3008571,10.048364133641476
3008572,446.8503446661426
3008573,105.28470592386046
3008574,3334.8382455303363
3008575,200.53076594280947
3008576,20.257441219273677
3008577,3.1470311151793036
3008578,0.23572124967188055
3008579,4.67154861269848
3008580,2337.077272258611
3008581,0.23433990311513894
3008582,436.85689302649394
3008583,5.43721542185197
3008584,482.52332673920705
3008585,654.2638641395216
3008586,148.48773531118528
3008587,117.41432376654387
3008588,97.9690648098821
3008589,2079.408421729808
3008590,18.615559504270387
3008591,1.1203658036309028
3008592,15.255782799120254
3008593,12.581707245919809
3008594,0.2329316536771323
3008595,122.87154663835322
3008596,0.4160156742954645
3008597,17.781679625378537
3008598,4.165084539345571
3008599,222.61240213996834
3008600,8.023200159734706
3008601,177.31240804571925
3008602,122.4901508346384
3008603,4.50203437035483
3008604,5.725077581612787
3008605,169.0912925661437
3008606,37.72729485655967
3008607,1609.6618953871337
3008608,1.5082079436818359
3008609,3.911181820794811
3008610,4.1100666597199575
3008611,0.27592527073885076
3008612,1.0156113021809579
3008613,1164.9076416777762
3008614,0.0
3008615,283.54909253524556
3008616,5.793305008637915
3008617,449.16816798568107
3008618,351.1173858978914
3008619,115.30968192580701
3008620,54.13211667502578
3008621,44.94253720755032
3008622,1878.5758241598733
3008623,5.587866574726527
3008624,0.7720350435847079
3008625,12.19342442790151
3008626,11.056951713156609
3008627,0.36678596227129245
3008628,110.1287119795554
3008629,0.46353153392247903
3008630,7.251766578135783
3008631,2.774763476974346
3008632,24.492965068442043
3008633,0.37218915290717347
3008634,321.9856131440154
3008635,151.32415904855677
3008636,2.560372497130884
3008637,1.873827642014874
3008638,171.92005524437639
3008639,33.81909381265308
3008640,596.602944725126
3008641,1.3396782311149362
3008642,2.2763579917060603
3008643,9.597580733879884
3008644,0.46184573972266296
3008645,4.450887793069955
3008646,4554.6528041706815
3008647,0.4460195050868909
3008648,902.9694632837006
3008649,14.547218226316652
3008650,1065.0918056431574
3008651,1424.7047480223341
3008652,399.00329174118923
3008653,332.41342384067235
3008654,182.5395988913824
3008655,5175.0030978497325
3008656,42.75656383391427
3008657,4.028179158360765
3008658,23.619205173048805
3008659,37.34619989563066
3008660,0.3971593279544593
3008661,322.42133242182825
3008662,12.409066200250622
3008663,48.71349607061512
3008664,10.868623771208645
3008665,211.96138604178688
3008666,6.15361350974143
3008667,347.44753384791494
3008668,349.5058607640936
3008669,15.15597347124055
3008670,13.649421918520554
3008671,546.4804092812659
3008672,119.59907867501202
3008673,3413.365109319678
3008674,2.4462945505524103
3008675,22.131255222672365
3008676,8.448310713636081
3008677,0.3861403198153605
3008678,4.9083221933871695
3008679,5300.692300846435
3008680,0.3735828535518635
3008681,1001.3661243947425
3008682,13.677673524213152
3008683,1576.8599736635713
3008684,1433.5424142437394
3008685,512.2101798911185
3008686,343.0245363488316
3008687,97.54306366910126
3008688,8977.236939164448
3008689,22.50160969233963
3008690,0.9555098488123306
3008691,45.023281783392626
3008692,25.820144645237065
3008693,0.8185243415181063
3008694,397.4182469994465
3008695,0.0
3008696,8.309335763705459
3008697,6.8541023526634515
3008698,62.37778477950927
3008699,1.6797569687189617
3008700,229.04076867436507
3008701,419.17706464399294
3008702,6.985652260626059
3008703,7.722709984210251
3008704,329.2465463433516
3008705,109.00196627765074
3008706,2097.8861501640276
3008707,4.355014292857935
3008708,6.664288720633709
3008709,7.8976834050156075
3008710,0.5667369052805875
3008711,4.487740412723654
3008712,4432.124216568269
3008713,0.000607070454686337
3008714,922.7963050186003
3008715,11.65840081170346
3008716,1262.0860886027695
3008717,1038.237207510609
3008718,384.13052046185453
3008719,295.53333920123913
3008720,90.18822735401076
3008721,5354.699223181439
3008722,23.817891314814474
3008723,1.9933740300811582
3008724,34.14532151820647
3008725,26.079138398778433
3008726,0.38856722557413464
3008727,348.1105373901066
3008728,0.0
3008729,8.1956084186307
3008730,6.679118633059248
3008731,90.83525030242656
3008732,1.7977824330968706
3008733,144.67267542769872
3008734,325.3339243216298
3008735,5.115933565184944
3008736,7.025992551020803
3008737,242.18136760802403
3008738,87.02241783402059
3008739,1542.258572161473
3008740,2.8025757156531235
3008741,8.786655259621462
3008742,15.467791063409944
3008743,0.7384458133710132
3008744,23.57447982383987
3008745,10587.253519620077
3008746,0.3477704532215899
3008747,1417.7111413461157
3008748,31.92852065395997
3008749,2190.60571661067
3008750,2565.058859129828
3008751,432.5279407923214
3008752,637.3986835574864
3008753,396.81310817956006
3008754,10308.500213315032
3008755,95.08543785536614
3008756,2.8525144173706
3008757,68.47193664091735
3008758,73.52076426621149
3008759,0.541714266922146
3008760,701.0097708530132
3008761,73.87703201040331
3008762,60.283994877987865
3008763,31.608748610102225
3008764,238.9775387281582
3008765,35.47088833712543
3008766,861.620325559381
3008767,762.1186252397817
3008768,24.747983454056907
3008769,37.30194340764567
3008770,1336.8169539202718
3008771,292.7113292307469
3008772,9484.717014730093
3008773,2.024985329237437
3008774,92.62436488026378
3008775,2.5893942310185922
3008776,0.43905653279623735
3008777,0.8530296627972709
3008778,1667.6434357984544
3008779,0.002516236286883873
3008780,223.54037387948836
3008781,5.223608558160343
3008782,566.3842261225623
3008783,331.8829361930251
3008784,134.1663625818048
3008785,160.69827223810668
3008786,39.656595966723685
3008787,2096.494614852995
3008788,9.366094235316128
3008789,0.4599539427376897
3008790,14.72076938813807
3008791,9.356923016754479
3008792,0.2652366268037375
3008793,141.45692239781724
3008794,1.2979431468870257
3008795,160.38463223821236
3008796,2.322337205202389
3008797,31.370159018442095
3008798,0.6804186392868392
3008799,53.65477304424889
3008800,102.77715723851044
3008801,1.7577345485036977
3008802,5.017870899324267
3008803,118.87088451053893
3008804,24.616754676230084
3008805,522.7021185842135
3008806,22.283423856332366
3008807,3.692109918107583
3008808,9.887225242349723
3008809,0.30319886419785563
3008810,3.1550586226357753
3008811,4281.978429926643
3008812,0.0010553788386271465
3008813,735.3534627392904
3008814,8.676893428844476
3008815,1529.9022615654944
3008816,972.1065183171112
3008817,319.17206678647614
3008818,386.8886217932085
3008819,78.83476098591193
3008820,5879.458009180954
3008821,17.85851014403214
3008822,0.6125501273317937
3008823,35.34641384556574
3008824,24.111314162622016
3008825,0.34189556985959557
3008826,397.4106112774683
3008827,1.2430661822129951
3008828,6.315951276895648
3008829,10.815467474303878
3008830,16.44549976617092
3008831,1.830242226272302
3008832,402.48994491000593
3008833,372.811954052111
3008834,4.8192160922834475
3008835,8.368746498116694
3008836,156.6964406273108
3008837,94.80091270476407
3008838,1445.8050068077662
3008839,2.7460806695885647
3008840,5.260548172137129
3008841,1.3558385478412154
3008842,0.002710374114023614
3008843,0.8012545583159363
3008844,1137.4156250331016
3008845,0.0020089694603997485
3008846,159.01240673310446
3008847,3.599566399849385
3008848,463.5987105623799
3008849,220.0463970455346
3008850,110.92050960415723
3008851,160.892306635673
3008852,20.76772156719226
3008853,1844.66554238354
3008854,3.748736369187296
3008855,0.3302342591039353
3008856,8.66193076786656
3008857,4.508918407331366
3008858,0.24962130057825868
3008859,97.23758494767742
3008860,0.3397195275843336
3008861,149.04073758697973
3008862,1.1899699428557793
3008863,31.663936910005745
3008864,0.41286339020872853
3008865,76.0164266260255
3008866,89.84319476928461
3008867,0.5552466105417881
3008868,1.3766501471730628
3008869,62.948612213725994
3008870,13.185326923010084
3008871,236.0588176327835
3008872,61.315814778977675
3008873,1.487012636905365
3008874,9.536194141896157
3008875,0.2639292151615775
3008876,3.4589521416965976
3008877,2537.5333625070957
3008878,0.2208573717518363
3008879,334.4925387431453
3008880,7.929366189906302
3008881,1157.901811170108
3008882,565.7916400759452
3008883,214.62416649452496
3008884,176.96045492258986
3008885,54.49279721253308
3008886,3659.1131363088357
3008887,3.917593892950663
3008888,0.5317653597656844
3008889,26.08629775445908
3008890,22.265604264280753
3008891,0.26318769266393727
3008892,306.5017924565046
3008893,0.0
3008894,157.1077967591322
3008895,14.251964648035768
3008896,30.107102036135878
3008897,1.6972053954201907
3008898,324.8393776804307
3008899,283.3643462850895
3008900,2.1754910921065775
3008901,3.9259474422318075
3008902,237.65316395142446
3008903,33.05128866013743
3008904,1347.518562752132
3008905,113.6771797868161
3008906,0.8485732828296224
3008907,3.642868395028798
3008908,0.28951541518011714
3008909,1.6280439682208603
3008910,2773.8052217121717
3008911,0.2531594539539625
3008912,728.5088367384883
3008913,7.218053330579625
3008914,853.6233846454568
3008915,709.7375210439521
3008916,231.09060535583828
3008917,113.78304013404203
3008918,69.0760311704559
3008919,4453.609448004159
3008920,9.220075827223337
3008921,2.0308446501788953
3008922,23.51747425749945
3008923,36.63232805561995
3008924,0.26087331704154915
3008925,214.83424561480814
3008926,2.1780379235971488
3008927,4.502924880659201
3008928,3.310281002512421
3008929,26.587926697015238
3008930,2.3656201155788463
3008931,160.10026109027066
3008932,253.28379887213435
3008933,3.2822590860013294
3008934,6.805649769357222
3008935,133.7661357887593
3008936,25.374329990079385
3008937,627.6171363921761
3008938,4.48029853924434
3008939,2.187447570473365
3008940,3.872173088381169
3008941,0.22710310962926933
3008942,0.7423999944735618
3008943,1797.3442753218023
3008944,0.0009809106709396467
3008945,148.13950874962939
3008946,2.0793064289556815
3008947,559.8242502235839
3008948,226.04297916703803
3008949,111.95045483928756
3008950,155.94033031295848
3008951,64.38302057215904
3008952,2250.7603706613786
3008953,8.372041204462798
3008954,0.35200711735291607
3008955,13.304372090516548
3008956,7.579419586650825
3008957,0.3191732496720334
3008958,118.1365430373273
3008959,0.36697270308626145
3008960,145.57252615653562
3008961,2.936593658486946
3008962,53.699666955977904
3008963,0.7603553540390826
3008964,200.67507707791003
3008965,97.53087777038854
3008966,0.7560390371309891
3008967,0.8762254573657398
3008968,68.10811225410833
3008969,22.283769805758507
3008970,409.1031251354842
3008971,23.242850254774847
3008972,1.026423597687073
3008973,5.9700952267204555
3008974,0.25830305758388633
3008975,1.096635143319455
3008976,4110.652126600088
3008977,0.23500501791690886
3008978,642.2545493543763
3008979,8.30537396422586
3008980,922.548241949636
3008981,774.4233623908149
3008982,244.4581814474213
3008983,134.88421954032296
3008984,107.64510430401482
3008985,4369.48836334501
3008986,8.480970721232804
3008987,0.48721356845841
3008988,19.863235937725324
3008989,14.637297802736242
3008990,0.25627223186060233
3008991,256.0732991340092
3008992,0.3737817308282324
3008993,21.313560843773647
3008994,2.9876212821250236
3008995,84.02397904998507
3008996,1.339872490920587
3008997,214.2597498277178
3008998,249.8665928400466
3008999,3.661890429590593
3009000,2.8447559640634372
3009001,133.23825960223783
3009002,45.8477547168588
3009003,1284.9732214397307
3009004,1.5684852807941674
3009005,0.8474189297492789
3009006,2.888320247803957
3009007,0.24883262373480372
3009008,8.379069737913648
3009009,2210.8234057104287
3009010,0.2473891738602853
3009011,419.5491388143189
3009012,4.510587649260032
3009013,657.2699961811547
3009014,718.956593078104
3009015,129.26771620947017
3009016,104.04718622658196
3009017,82.54728031806039
3009018,2737.3568838212936
3009019,39.09753992649202
3009020,1.0934582125510452
3009021,21.76588922547313
3009022,22.11864135208877
3009023,0.3108127385179296
3009024,191.1123677292717
3009025,20.60834465650792
3009026,13.906006224526411
3009027,1.5045386689044071
3009028,88.60816137776362
3009029,9.085442289248084
3009030,158.9939672347422
3009031,225.03855791703612
3009032,11.415072411827031
3009033,12.251818606044262
3009034,215.38885004501412
3009035,58.788453013232264
3009036,1964.3518164277052
3009037,169.14151252938774
3009038,10.04857101241459
3009039,7.2286490944728765
3009040,0.33689953669769795
3009041,11.118620459365426
3009042,2819.1814229709207
3009043,0.3338208690647286
3009044,551.2902479327485
3009045,13.277478487329793
3009046,1120.786423496967
3009047,899.0859724884758
3009048,164.1608315524214
3009049,119.244936093201
3009050,99.31617002184315
3009051,3966.3536917215965
3009052,26.789658693133944
3009053,1.0859139292569524
3009054,39.29564579553103
3009055,36.563228978719806
3009056,0.37269345294227313
3009057,408.33072484387907
3009058,35.095359404121055
3009059,18.74341788142012
3009060,10.642012891872147
3009061,136.99338398315595
3009062,14.966582153041646
3009063,140.05396443458037
3009064,458.06747534633683
3009065,10.097756721807244
3009066,13.898089383375615
3009067,137.0225472482772
3009068,89.19243540252788
3009069,2286.356994223973
3009070,7.363878366401709
3009071,19.997972479227208
3009072,9.652939089517025
3009073,0.35722657496371213
3009074,5.911366807520998
3009075,4160.754539037988
3009076,0.3142160941005122
3009077,817.1132845456713
3009078,6.575448605857997
3009079,1605.7752118170586
3009080,759.6204086521012
3009081,220.84239829980763
3009082,241.93727090078002
3009083,72.20066476618149
3009084,5495.179388964106
3009085,34.89215416960641
3009086,1.969374049435336
3009087,26.699521044558665
3009088,21.981711784942075
3009089,0.36686413139552365
3009090,410.9620838360137
3009091,8.698451848068261
3009092,14.070899896773467
3009093,8.449217680692465
3009094,50.09013490445708
3009095,7.157607429245989
3009096,136.05587956229743
3009097,372.6863036621219
3009098,8.825622518237479
3009099,10.864942874315567
3009100,238.30663726849318
3009101,53.9899670964288
3009102,1623.7565681605452
3009103,17.79415734628759
3009104,15.866271168705179
3009105,5.660004922158319
3009106,0.3531814677835485
3009107,8.272761721432445
3009108,3259.650465380142
3009109,0.2929061363620963
3009110,478.5405090154787
3009111,8.571770432352876
3009112,913.1688177405897
3009113,1010.3546127532434
3009114,245.16617538134744
3009115,210.8944413877341
3009116,116.6167879858729
3009117,4083.2244988916887
3009118,27.523041466498142
3009119,1.4924441849351324
3009120,17.44986842269322
3009121,15.87188352956024
3009122,0.3348510051236687
3009123,275.40021519168596
3009124,34.93689626172433
3009125,25.136468053926386
3009126,2.4160954871434854
3009127,94.14130351656169
3009128,9.18280865431401
3009129,401.7114625055179
3009130,337.55056916822707
3009131,9.927218925079606
3009132,12.261493017907132
3009133,515.4236959455657
3009134,56.197750648351004
3009135,2852.5721725681324
3009136,10.466346743998498
3009137,33.929491123432015
3009138,3.1387669016052273
3009139,0.26171755935960606
3009140,3.3391390532328975
3009141,4789.521948584079
3009142,0.24617552735433457
3009143,528.9995999701471
3009144,6.548198510287378
3009145,1539.2636438811921
3009146,702.507522622443
3009147,292.244617443496
3009148,176.23373050440773
3009149,56.15228524355213
3009150,6187.705600508327
3009151,9.134717160521173
3009152,1.786434592514964
3009153,22.065085415965505
3009154,24.421399820664863
3009155,0.274054991996844
3009156,389.67360179797737
3009157,0.3524821737043627
3009158,2.718291077251714
3009159,8.377515886864328
3009160,18.725400031378722
3009161,2.8400106303750436
3009162,145.01946686355777
3009163,327.90807200339924
3009164,2.8668789684358895
3009165,9.969725144812998
3009166,165.5887726827776
3009167,54.338537212055854
3009168,1073.7780485084613
3009169,114.15510239027142
3009170,4.747587642162146
3009171,9.995573494831511
3009172,0.3282461631264205
3009173,11.841767351122897
3009174,3150.322532004814
3009175,0.32518742284056923
3009176,715.3697757294182
3009177,12.361363254033368
3009178,1276.9992945503077
3009179,1013.1512944055796
3009180,312.64114816946267
3009181,200.85591596998643
3009182,160.46918666744355
3009183,4817.320017582922
3009184,44.18342680468073
3009185,1.8819393743407238
3009186,33.09328234572243
3009187,35.75906563937733
3009188,0.34404757242771195
3009189,345.6574221542946
3009190,31.02807577881923
3009191,22.328160571810173
3009192,11.621729089790167
3009193,73.99988432465003
3009194,16.054842422758465
3009195,272.0954251232472
3009196,435.950553636217
3009197,18.199412492969692
3009198,13.782749253005486
3009199,239.16109316429888
3009200,73.01479036389838
3009201,2716.6266072634153
3009202,1.3298255165869906
3009203,8.348755611102803
3009204,5.391355335683888
3009205,0.3220063769081969
3009206,9.416131058438292
3009207,2724.0363649509345
3009208,0.2955658039184447
3009209,499.1430862323626
3009210,10.317807172080649
3009211,761.0630767830502
3009212,870.932861618261
3009213,178.87896698390566
3009214,164.1620404676107
3009215,104.96235755921343
3009216,3350.457147372917
3009217,36.2997423010697
3009218,1.3877694223506705
3009219,27.695753397190938
3009220,30.355012960032465
3009221,0.33119747448258624
3009222,234.21439924002243
3009223,23.76401263314772
3009224,32.820341506154854
3009225,5.5534855403329155
3009226,67.88958018906821
3009227,12.059864735664046
3009228,233.08932062730665
3009229,283.0769815521395
3009230,11.18717721990696
3009231,12.181819495594025
3009232,241.06586788023318
3009233,56.30506804410665
3009234,2583.2105712550847
3009235,2.125497319663802
3009236,19.552546743201848
3009237,6.625186345918942
3009238,0.2662794302983612
3009239,5.095000725716281
3009240,5648.468111092695
3009241,0.000976746482665173
3009242,756.4530685951829
3009243,17.503303412625527
3009244,1407.7185610887536
3009245,902.0134572656534
3009246,364.3340186500006
3009247,244.54324472773214
3009248,63.45217854656765
3009249,5863.620622443767
3009250,11.181814938034025
3009251,0.30793431600518095
3009252,17.060235638985127
3009253,21.73705568342715
3009254,0.3193389830012982
3009255,299.99850936354
3009256,0.3756336314773109
3009257,9.106908575073174
3009258,1.880766459112436
3009259,93.83633577021834
3009260,2.0387884153102402
3009261,212.14924614943905
3009262,336.23463338782335
3009263,4.193295256252664
3009264,1.9213947145931822
3009265,284.1019165212478
3009266,147.84597843323988
3009267,1343.2418336195967
3009268,3.7076259328201395
3009269,0.9281332608723161
3009270,19.00675800695755
3009271,0.35644170308162765
3009272,24.280517556871
3009273,13263.136639291299
3009274,0.342609754914899
3009275,2104.1939398801305
3009276,21.973725691615922
3009277,2962.0649319641007
3009278,3319.523796571222
3009279,728.2174526926691
3009280,878.3906227971072
3009281,489.35462224891467
3009282,13203.426773669322
3009283,87.83459850524113
3009284,5.833408800391763
3009285,144.90822779293995
3009286,144.58188220827688
3009287,0.5301200620006095
3009288,899.1213151627295
3009289,48.45758385178586
3009290,27.801460455978194
3009291,57.40035944042371
3009292,335.13058997055276
3009293,30.644548507426126
3009294,1053.2652243073849
3009295,815.2597610399039
3009296,58.22490739276275
3009297,53.766656132601085
3009298,1504.0393723622005
3009299,356.73982875269155
3009300,13493.31277214706
3009301,450.85680620382533
3009302,120.1355898335148
3009303,23.37480026748237
3009304,0.36845230452358124
3009305,24.97144055111589
3009306,13358.05831577315
3009307,0.3544978814902815
3009308,1600.9146888031305
3009309,23.3760260260167
3009310,3318.5122733252733
3009311,3023.329027885114
3009312,965.1296568905693
3009313,569.3128852959807
3009314,416.48260110024637
3009315,13818.519035193298
3009316,140.6476466229408
3009317,2.711568786317203
3009318,86.26055549851844
3009319,106.38782675168741
3009320,0.9588730876247766
3009321,958.3192273602649
3009322,43.5252840039574
3009323,44.35727141942547
3009324,18.24555004345091
3009325,244.41546172501955
3009326,28.948331065933672
3009327,1464.3750454775677
3009328,1032.397982266072
3009329,33.10119218721715
3009330,42.724803211804456
3009331,1698.3020804915825
3009332,341.71673597997153
3009333,8978.185395477147
3009334,536.729928455505
3009335,121.82126344572586
3009336,19.83024455316836
3009337,0.3876356632108184
3009338,31.810324291146053
3009339,9046.123057648412
3009340,0.43109742030808473
3009341,1319.096693589211
3009342,15.637082263828198
3009343,3106.9165478110485
3009344,2186.669839205446
3009345,1175.337992073221
3009346,232.35644957195248
3009347,347.0708350187548
3009348,13396.469166009243
3009349,65.36697133636073
3009350,5.279671874631078
3009351,64.94805565107914
3009352,40.06073888744043
3009353,0.70333031052026
3009354,949.2106795809243
3009355,64.63959898069614
3009356,40.43694638406842
3009357,14.340647483680922
3009358,130.31794608423198
3009359,15.561971472927013
3009360,1173.7228634861042
3009361,1140.0652975460673
3009362,36.38444964154482
3009363,67.05439045203634
3009364,1166.7227677154551
3009365,170.93193579208992
3009366,4100.323945284557
3009367,407.41582384326745
3009368,73.74254855019586
3009369,23.453454637485923
3009370,0.3787043800609646
3009371,31.148513167258947
3009372,12584.024084302135
3009373,0.363837053802141
3009374,1530.2758167442157
3009375,19.073002655037776
3009376,2901.084492456378
3009377,2822.9652251767484
3009378,877.5297071445394
3009379,505.0173518355968
3009380,319.52692641466484
3009381,13322.091572019388
3009382,57.58176203812065
3009383,1.6211847521170522
3009384,71.29144416463453
3009385,93.74096964514256
3009386,1.1393349069683545
3009387,868.1675506539837
3009388,49.37840417154375
3009389,36.20397371030105
3009390,21.45462852132851
3009391,213.69380592767664
3009392,20.470913235534987
3009393,1054.8726196168468
3009394,1006.5511372934947
3009395,34.55242085408622
3009396,44.33032485003672
3009397,1433.937012357089
3009398,297.7892178714199
3009399,7492.343254428625
3009400,607.2037736529935
3009401,90.8798804698048
3009402,20.910287959220895
3009403,0.3887657928546535
3009404,33.56141091999774
3009405,6920.2911261699965
3009406,0.3774978544596687
3009407,1263.8221870906254
3009408,19.112450080495975
3009409,2859.8897957721947
3009410,1883.9905058695363
3009411,964.410676610712
3009412,210.21582126020337
3009413,295.6418915700747
3009414,11679.984121335714
3009415,63.64770003259463
3009416,0.7266621039892784
3009417,46.19781878619933
3009418,37.464857910545135
3009419,0.5023070179047837
3009420,866.6201470686425
3009421,44.961843789133326
3009422,18.405701387129113
3009423,8.150500853903283
3009424,116.4559773290135
3009425,10.492763870721838
3009426,1187.246945879471
3009427,1168.6653247166892
3009428,29.475411281647588
3009429,35.21942097764568
3009430,1269.7365701905421
3009431,142.29456276776077
3009432,3151.237906538598
3009433,467.2810161848774
3009434,33.556589650204415
3009435,13.172507615761656
3009436,0.3330910484692831
3009437,19.90355368884388
3009438,8675.094583266968
3009439,0.31949721230067674
3009440,1411.326731762929
3009441,20.053870638906808
3009442,2139.498615336091
3009443,2677.2588096334057
3009444,566.7933883760818
3009445,603.0358143698375
3009446,363.63096408832575
3009447,9391.384174672881
3009448,79.66691087291758
3009449,1.8745391232332298
3009450,60.67591408417412
3009451,53.287525529947935
3009452,0.6339666149896606
3009453,656.8240176523635
3009454,24.912353694755428
3009455,31.196815188435018
3009456,14.71866321084261
3009457,244.4882809652816
3009458,21.963305635987798
3009459,901.8590637591432
3009460,695.094459854633
3009461,27.57417686332453
3009462,41.885063809102384
3009463,1201.733652265946
3009464,250.6555352093237
3009465,9037.08826558428
3009466,240.9388936145111
3009467,82.22551379262532
3009468,8.995614349512861
3009469,0.4873715484797529
3009470,8.010861702488034
3009471,2161.9389422394643
3009472,0.2890051819846478
3009473,405.27571958298967
3009474,20.7237909275889
3009475,972.2772313687337
3009476,642.1387115338725
3009477,260.01071628203005
3009478,101.61783051476188
3009479,83.9452683749199
3009480,3321.7217592568936
3009481,26.852465196465634
3009482,1.298056685308182
3009483,23.977055819216588
3009484,24.57327682774842
3009485,0.3136993710129831
3009486,254.57526475738328
3009487,18.019801087803845
3009488,9.859731680388133
3009489,11.615053523454783
3009490,59.5428010238189
3009491,10.429406623406283
3009492,263.52216535557767
3009493,292.56139826764263
3009494,3.4526925506456987
3009495,8.25083867112094
3009496,251.54379279369513
3009497,65.24180305826428
3009498,1642.5437316167065
3009499,1.4344815023463502
3009500,10.066282109454244
3009501,13.30205868398605
3009502,0.3510771303151542
3009503,20.602995393211607
3009504,5485.389737112729
3009505,0.33729988593132604
3009506,723.7754021323586
3009507,29.615156216909746
3009508,1967.348197526814
3009509,1411.9550017146064
3009510,570.9877477425537
3009511,142.86866273048534
3009512,148.23778456523107
3009513,8264.143774678676
3009514,75.32059518358214
3009515,2.3949619106833464
3009516,55.517407867294615
3009517,51.00460085566305
3009518,0.38317879180939396
3009519,532.9085292073149
3009520,20.95772282431999
3009521,10.96556750364349
3009522,4.687554596635742
3009523,123.65879056454042
3009524,14.60565196134196
3009525,570.9043427265992
3009526,726.4632927195196
3009527,19.090583869565048
3009528,31.89090634210195
3009529,536.3999500678202
3009530,90.36927226871809
3009531,2678.954924066065
3009532,458.52867176759605
3009533,26.000594760679057
3009534,9.446857678708138
3009535,0.3244974961515828
3009536,7.696173570521713
3009537,5750.390376596876
3009538,0.31099129041335655
3009539,1042.8737216659379
3009540,8.741466905506966
3009541,1602.9969224683698
3009542,2003.5060544589157
3009543,306.7080645515685
3009544,406.90569905061557
3009545,272.7800966492191
3009546,6281.207585868397
3009547,50.45432731666166
3009548,1.8931381688831808
3009549,35.55576105694366
3009550,48.246508862376324
3009551,0.34993274359328747
3009552,402.37191717668554
3009553,7.024693463211358
3009554,44.57310786003545
3009555,5.8519276919170755
3009556,174.05601934069412
3009557,13.519126502813155
3009558,673.5859140869304
3009559,379.8102563252131
3009560,24.522501231579067
3009561,13.827839497077587
3009562,768.5848676931137
3009563,142.71082785493184
3009564,6338.02319231532
3009565,5.505330683808604
3009566,53.91131406540633
3009567,14.338982923527059
3009568,0.2811469861683939
3009569,10.880776730385067
3009570,5068.82899665267
3009571,0.0016961610168560698
3009572,1040.540640293178
3009573,13.977011879754981
3009574,1751.3791181105169
3009575,1461.0716167650382
3009576,436.2450971827082
3009577,263.8809569400298
3009578,264.6545113541739
3009579,7620.590030694741
3009580,55.90122028868533
3009581,2.278687932901694
3009582,50.59669552544443
3009583,63.35719287035667
3009584,0.3816789968140975
3009585,456.38498300068443
3009586,12.389126748787783
3009587,52.2251283772303
3009588,9.464648731226383
3009589,192.6594441228121
3009590,12.318840056442498
3009591,485.1512872504609
3009592,437.2804482129381
3009593,15.851432456595326
3009594,30.75882648737803
3009595,571.2638900826626
3009596,132.77351111884536
3009597,5154.999993059493
3009598,7.480273251283629
3009599,8.67484454540957
3009600,12.645478251729601
3009601,0.0029111660308897415
3009602,6.235877168784771
3009603,3029.7065334666554
3009604,0.0019526869960659577
3009605,647.2155523212348
3009606,7.789245399173188
3009607,1189.7647338542793
3009608,736.0848873659554
3009609,310.8455451289911
3009610,137.06156532502618
3009611,120.1722380001836
3009612,4192.944106190552
3009613,21.93669447830217
3009614,1.3806744167734246
3009615,33.108968123067925
3009616,26.79215271327115
3009617,0.3227369296591551
3009618,294.123161768414
3009619,10.757692670375794
3009620,15.443466791036254
3009621,9.23051705836685
3009622,101.54537812274728
3009623,6.489012006628356
3009624,335.5730952917298
3009625,337.48509306934415
3009626,5.995790680590315
3009627,8.28874889130552
3009628,264.0263847920925
3009629,84.43042162927529
3009630,2532.957041193469
3009631,3.1637605605397896
3009632,4.680563913285265
3009633,9.914138089483973
3009634,0.2663403920825747
3009635,2.94276009071472
3009636,4800.559631379498
3009637,0.22198610599988883
3009638,384.18490019648925
3009639,4.673830640416769
3009640,1509.3247301551075
3009641,369.85765224023197
3009642,312.5232213429801
3009643,84.48670122423692
3009644,40.87440744134635
3009645,4427.620101361758
3009646,11.503149837484711
3009647,0.8976361927215015
3009648,25.978926356533375
3009649,14.862600501889913
3009650,0.2677943687623283
3009651,334.29514277917315
3009652,0.0
3009653,159.011887129089
3009654,4.415320265609788
3009655,24.67409472705965
3009656,1.2518304631759096
3009657,70.48390250673444
3009658,270.29525366175216
3009659,0.3225908698189985
3009660,1.8784956494445049
3009661,72.15478639859901
3009662,106.2603296587905
3009663,843.4711216904271
3009664,115.03478121078678
3009665,1.985337519550181
3009666,10.621523983536887
3009667,0.33897112125573087
3009668,9.678525781579522
3009669,4625.323920046989
3009670,0.3358876830920277
3009671,684.6436582982012
3009672,11.547727267247607
3009673,1499.8602540713646
3009674,1372.473328819742
3009675,463.9191545395557
3009676,260.60036219249554
3009677,185.1544812450766
3009678,5652.613666280605
3009679,44.99303303895927
3009680,1.2031434392003018
3009681,32.556542466370445
3009682,43.9557776337499
3009683,0.36479341835716833
3009684,411.02500530338517
3009685,48.719462376826
3009686,20.60352750639406
3009687,16.740735080512284
3009688,95.83695210389612
3009689,9.62452479586102
3009690,552.693225688847
3009691,453.2246505091163
3009692,13.659235120802629
3009693,21.396253578938968
3009694,724.6030341893733
3009695,131.42366440871214
3009696,3430.6922388506314
3009697,251.9408489018482
3009698,51.424948583198585
3009699,4.890833666342295
3009700,0.2576067767390351
3009701,8.264474131493552
3009702,3729.1211473169956
3009703,0.2728231897014466
3009704,636.6749351479214
3009705,10.696002354681086
3009706,805.3586355001813
3009707,1167.2939131092628
3009708,170.36333417170786
3009709,257.7042241034291
3009710,198.1268789693631
3009711,3194.5318436128728
3009712,31.715141546195312
3009713,2.1658703986764003
3009714,30.368833422843693
3009715,29.18215817862113
3009716,0.6774474281984895
3009717,245.31139974613404
3009718,16.229984904919107
3009719,35.04313249177624
3009720,9.647679287261136
3009721,185.5796235250677
3009722,15.306546736065215
3009723,415.0706884139449
3009724,238.15031384763415
3009725,7.211794161709525
3009726,14.364886123255166
3009727,574.1173909124208
3009728,125.11864505599723
3009729,4410.670723724452
3009730,1.2348845352231934
3009731,37.71308586068539
3009732,5.566033323267091
3009733,0.8904860764048577
3009734,14.246367357884127
3009735,5557.828665609339
3009736,0.3125407414338745
3009737,904.1172030355763
3009738,15.017608438684501
3009739,1347.6089041373427
3009740,1709.3163783247737
3009741,349.3066970760997
3009742,428.598674369234
3009743,175.30775396572665
3009744,5384.241323198197
3009745,44.76754597057276
3009746,4.21999537884147
3009747,40.597069269478595
3009748,46.29556409758761
3009749,0.3280456899864208
3009750,431.6959088658773
3009751,37.02539347069421
3009752,37.409482229097904
3009753,23.379283475788778
3009754,119.21395511732226
3009755,19.283479920997944
3009756,479.8494650754604
3009757,453.05920613862884
3009758,28.023444613570888
3009759,23.084120591158133
3009760,724.9794581142714
3009761,193.93138406611706
3009762,5309.0013934485605
3009763,1.837834725612903
3009764,41.47300466943267
3009765,16.955914002797066
3009766,0.43138210720988085
3009767,12.559571640514381
3009768,4380.178015521671
3009769,0.33725794649968527
3009770,674.9201761792526
3009771,15.941819321774151
3009772,1894.3168074418468
3009773,1015.9585161631915
3009774,670.9854871694146
3009775,227.45699430321503
3009776,116.72808368617471
3009777,8175.6848806793405
3009778,14.139904585926104
3009779,1.4983663659931206
3009780,49.98625025790929
3009781,56.74425285666128
3009782,0.41095678973496597
3009783,523.7776763588512
3009784,15.005744379093539
3009785,6.58043606005517
3009786,13.50123298601718
3009787,63.33838008782084
3009788,5.59038052448396
3009789,394.05048990723054
3009790,584.3328652303081
3009791,8.189896170076885
3009792,11.864835479061037
3009793,523.4368618865569
3009794,127.49755234857221
3009795,1912.5669499613853
3009796,160.1627560108679
3009797,21.20812357142761
3009798,3.229918527505304
3009799,0.3003842946004244
3009800,4.447360044151764
3009801,1861.2565330277137
3009802,0.30352450015060733
3009803,332.8090769947977
3009804,9.244122677831093
3009805,546.4076506002945
3009806,642.4965182610522
3009807,133.8397871019747
3009808,138.95104048102763
3009809,108.88129850766529
3009810,2116.5009312473817
3009811,16.921339825454517
3009812,1.350060009357839
3009813,17.359090441190187
3009814,28.63049895003915
3009815,0.31870589504075364
3009816,171.65298680278752
3009817,10.902060591859223
3009818,14.176815031462766
3009819,6.174876298559035
3009820,77.42751516623935
3009821,5.0754244711265395
3009822,232.0716407398191
3009823,154.53185009484017
3009824,3.3088795351836513
3009825,8.281689769182591
3009826,291.16503066853886
3009827,59.58916045535899
3009828,2023.7236115408057
3009829,172.7056354034139
3009830,20.607591586722474
3009831,1.4250376844958121
3009832,0.20023871321317163
3009833,2.018443763267068
3009834,1166.5853528514112
3009835,0.19172774382132982
3009836,100.78319214359543
3009837,2.3826863643355938
3009838,663.0454190124916
3009839,283.27074493893525
3009840,245.52414956258863
3009841,71.99397892274521
3009842,28.936376745741384
3009843,2523.857781980341
3009844,3.131444969597718
3009845,0.35784590469810434
3009846,6.718123776628874
3009847,6.558835406702262
3009848,0.1942516770669159
3009849,167.7229058401277
3009850,2.884143720776383
3009851,100.2267301498539
3009852,1.3747535481131048
3009853,7.8128783406254545
3009854,0.31054479148086955
3009855,176.21803723402428
3009856,162.64674281972123
3009857,0.5674991659783224
3009858,2.4278500374518797
3009859,124.89255093584659
3009860,22.231096289410477
3009861,224.03736452020848
3009862,6.341682770175371
3009863,1.155001956869754
3009864,4.703858804266924
3009865,0.2809746811892636
3009866,3.6546285605082263
3009867,4311.247335538748
3009868,0.20839382355308908
3009869,600.5880249330024
3009870,8.552372102367245
3009871,1729.5506545353346
3009872,616.8305532635211
3009873,488.8773986987323
3009874,258.264480281054
3009875,61.132649324011844
3009876,7187.5919551870675
3009877,17.89338847662138
3009878,0.5568998372629537
3009879,18.617958441846127
3009880,18.287501467987678
3009881,0.2273580059932946
3009882,486.2208418660881
3009883,6.6170689017712
3009884,1.9235289821923844
3009885,6.455146098918763
3009886,29.950178245086278
3009887,1.9553458505033445
3009888,540.4438322759437
3009889,364.413655109207
3009890,2.0758954129538036
3009891,13.656893115433649
3009892,293.41779369967935
3009893,91.23129576667327
3009894,1174.8717556505121
3009895,22.503210668375882
3009896,6.441607377874251
3009897,4.162779833537699
3009898,0.22571028401506069
3009899,1.972420106682251
3009900,1529.3720797175865
3009901,0.22081556442690636
3009902,214.63905695271274
3009903,8.693496015829538
3009904,741.6535036126692
3009905,400.009444760661
3009906,206.78583312494433
3009907,74.10352609062383
3009908,31.35202700686026
3009909,2787.0577447052647
3009910,5.4192016360206585
3009911,0.37355524748411445
3009912,13.992392325504149
3009913,18.044180692454272
3009914,0.24722750750992073
3009915,179.728975483229
3009916,4.922786442407646
3009917,114.1236198597878
3009918,7.369077498668426
3009919,22.74449733546719
3009920,1.180787451076549
3009921,142.46226458473186
3009922,169.22405909058372
3009923,1.2108962544141733
3009924,5.9859217909194244
3009925,141.77370827473862
3009926,31.14758691802168
3009927,311.4501663005014
3009928,10.650026264654988
3009929,1.7826038182432833
3009930,3.2116883765125053
3009931,0.20131354184308956
3009932,2.6299251230149188
3009933,1511.9045431763298
3009934,0.0030902231348847614
3009935,131.98944253326508
3009936,4.724205889347658
3009937,708.563536174698
3009938,271.61404464742543
3009939,164.0986639813142
3009940,69.89705707903464
3009941,25.61483694705491
3009942,2603.938366561339
3009943,6.205611348633978
3009944,0.2217291333686267
3009945,10.166813215223149
3009946,9.719211612920105
3009947,0.19571126148178053
3009948,144.9892571550315
3009949,0.9459316749070659
3009950,107.87702898486694
3009951,1.6778035424694595
3009952,22.822119560760985
3009953,0.6960799993133913
3009954,157.70718975713933
3009955,204.11848639897372
3009956,0.4489511821443948
3009957,4.091130939392349
3009958,73.50289907114058
3009959,19.62430618287595
3009960,161.96350379187683
3009961,9.768059328866366
3009962,0.7805128709596838
3009963,2.8593779118841787
3009964,0.19405038466599053
3009965,1.586303463625399
3009966,1377.4635828596558
3009967,0.18587118842226716
3009968,164.29031756494555
3009969,6.40486797910917
3009970,941.3300786265786
3009971,375.8660156422952
3009972,229.48897138517165
3009973,37.792368603070905
3009974,30.4975000475521
3009975,2647.392967486251
3009976,3.4481939015477057
3009977,0.23808048941175908
3009978,6.873279108280192
3009979,21.17036311264154
3009980,0.22967236858877832
3009981,228.07754314192314
3009982,0.7756670810816368
3009983,114.5136073437637
3009984,2.4835895742284553
3009985,9.377188636181558
3009986,2.012215374868638
3009987,229.72289416398652
3009988,245.98656600054062
3009989,0.6647580981915939
3009990,4.30371204951448
3009991,53.50368198007477
3009992,90.51708910097257
3009993,369.8011891727211
3009994,6.673618534014851
3009995,2.897478385939788
3009996,3.1605342858816243
3009997,0.7597825989916807
3009998,3.63678412994388
3009999,1669.8043216018955
3010000,0.236655833252599
3010001,152.26210349621243
3010002,3.936128315989057
3010003,853.6570430923937
3010004,366.32363786836873
3010005,276.799426920954
3010006,126.34636326721227
3010007,54.13469981839171
3010008,2717.8115684646314
3010009,5.6075755993072
3010010,1.0735420798019293
3010011,11.563060659221994
3010012,16.06145252144318
3010013,0.2573056268811803
3010014,236.93867937046264
3010015,5.905361052777163
3010016,117.52413057073707
3010017,3.940783133795194
3010018,13.741536531642558
3010019,1.5171245934903244
3010020,135.15853554811935
3010021,188.68524169871796
3010022,0.6212850969314814
3010023,4.7456007940878955
3010024,115.92658733973663
3010025,37.65206977347974
3010026,611.5742326929735
3010027,13.164410666642715
3010028,3.2375925697889336
3010029,3.5571986160963815
3010030,0.2047051751548464
3010031,0.8560588995331522
3010032,1413.678890467795
3010033,0.0021143020665609627
3010034,164.11774970436218
3010035,3.529237968333092
3010036,767.7118995419462
3010037,253.54798391244574
3010038,153.86847505592274
3010039,251.81132187080792
3010040,22.478305251556797
3010041,2131.67730980913
3010042,5.086657098021115
3010043,0.21723315470041824
3010044,9.943320328043729
3010045,12.269978871920305
3010046,0.20480323585589993
3010047,171.25046689395396
3010048,0.0
3010049,130.93934772342502
3010050,2.0518942502959185
3010051,20.322841294373244
3010052,0.8710605206852751
3010053,57.52759777208745
3010054,140.4414644103272
3010055,0.7025812759794026
3010056,2.064536229736448
3010057,61.11864661845149
3010058,36.17670386589045
3010059,494.7974389561457
3010060,95.98986019121826
3010061,0.6778581006935656
3010062,6.1419862446503295
3010063,0.394835798490547
3010064,3.0868959694833675
3010065,3096.7590911935995
3010066,0.20433983407500195
3010067,336.32947120767506
3010068,3.6805300282761895
3010069,1127.2327427971081
3010070,701.8390503768326
3010071,482.97131959525393
3010072,290.86241786846443
3010073,87.07613761321508
3010074,4528.038638145966
3010075,11.477007045517372
3010076,0.7522033283074274
3010077,21.17290654355402
3010078,21.623821498012674
3010079,0.21299121292782708
3010080,309.13422022542926
3010081,0.41152010532319766
3010082,143.07384623704908
3010083,7.017189561470934
3010084,28.237618834818655
3010085,3.5575891899328766
3010086,254.53726194154663
3010087,283.50672192224727
3010088,1.5550748093940654
3010089,7.049476753210181
3010090,359.66355995852416
3010091,51.807847943573194
3010092,1185.113829903865
3010093,34.84868518450628
3010094,8.249045098899717
3010095,2.2555620647442933
3010096,0.4350519809093317
3010097,5.118530272893126
3010098,1976.7106226971255
3010099,0.1733940453517147
3010100,512.6047874147396
3010101,6.29072171569983
3010102,559.635969226147
3010103,546.1337148212239
3010104,199.57050346855533
3010105,233.57488002373537
3010106,45.670105754296166
3010107,2625.416145904206
3010108,7.650251380104619
3010109,0.7797459714237982
3010110,14.43716316576428
3010111,16.33959129494368
3010112,0.20385609200779992
3010113,190.1481426463392
3010114,6.624046792805782
3010115,2.1186240458047667
3010116,6.195154555150687
3010117,37.21659929449215
3010118,1.527939252625993
3010119,75.6112391048487
3010120,169.18884632611548
3010121,2.5471571249436433
3010122,5.338376336266255
3010123,146.29081932982163
3010124,44.45422490210435
3010125,1429.2911147117422
3010126,49.13840628647425
3010127,8.984781804892988
3010128,4.836475499079256
3010129,0.34455405450155785
3010130,2.535383584828265
3010131,2538.8359400710815
3010132,0.22225668594695183
3010133,170.64575440868714
3010134,4.653944686770699
3010135,894.4717405518368
3010136,329.1854169037634
3010137,297.08502291641565
3010138,88.45459682231764
3010139,41.14522532812383
3010140,3203.398609093114
3010141,9.290165690063528
3010142,0.7461499187419551
3010143,10.876473020900331
3010144,14.806299541181346
3010145,0.28590607860242884
3010146,183.83215499583426
3010147,5.580580331782576
3010148,142.39173176081204
3010149,3.9745252488604166
3010150,18.60645022762449
3010151,2.321197451384058
3010152,133.15511173551752
3010153,184.90380360746428
3010154,1.013273870744836
3010155,4.647872329784803
3010156,82.09147173332909
3010157,23.063753286090687
3010158,446.4199071677999
3010159,9.865311443903456
3010160,3.6265523413321477
3010161,5.170299127704044
3010162,0.23123972814489677
3010163,7.532301935389741
3010164,2666.0087735751367
3010165,0.22743157701328906
3010166,628.1959384822339
3010167,7.267004786820021
3010168,773.5148380036669
3010169,748.068105774172
3010170,203.17306763816174
3010171,168.40091676681723
3010172,86.53672296034534
3010173,3491.2855196555192
3010174,32.189892438118946
3010175,1.0178088884849616
3010176,14.819166950933312
3010177,25.15631069571639
3010178,0.23881179822734655
3010179,235.35199637009433
3010180,15.866023953020623
3010181,11.966929066769232
3010182,6.2200776883429825
3010183,55.86647246001484
3010184,8.747673039768443
3010185,357.1851264375737
3010186,234.1662593882657
3010187,6.639631570012202
3010188,6.818501309386245
3010189,426.1224712428152
3010190,110.16726294584527
3010191,2147.020421086189
3010192,100.96772817554715
3010193,31.5625382138605
3010194,5.550224950379707
3010195,0.2875785631852027
3010196,4.343726201966368
3010197,3549.033612190869
3010198,0.16600573597361046
3010199,458.9950548606272
3010200,4.829284188948177
3010201,1113.2876920500794
3010202,680.1221745174354
3010203,550.0006751233118
3010204,140.21234812595074
3010205,55.318881283817156
3010206,5685.676374878749
3010207,9.153562983538022
3010208,0.34208631280315016
3010209,15.307319021019712
3010210,14.149591789385683
3010211,0.16802575332326608
3010212,321.7012829739597
3010213,1.1740275094912356
3010214,4.390621943803158
3010215,3.877147328384982
3010216,28.36270002120634
3010217,1.2333939274489278
3010218,256.63852985623623
3010219,323.80637913283135
3010220,2.6079007280672677
3010221,4.80725184430359
3010222,276.1107383563055
3010223,57.26261646107634
3010224,871.4991974094368
3010225,62.42352011235129
3010226,8.098565529856833
3010227,7.614953151317794
3010228,0.3117405931367663
3010229,4.22467140204095
3010230,3218.5990713237634
3010231,0.1989807847906021
3010232,467.3494261921546
3010233,4.929827752077607
3010234,1193.8840626551798
3010235,587.4024696428373
3010236,312.64086852916927
3010237,413.40690341608484
3010238,61.31069238956671
3010239,4364.778638964031
3010240,11.305768236907175
3010241,0.454410311888217
3010242,27.914555517288154
3010243,32.11226796693232
3010244,0.2207436294885508
3010245,327.52488492275256
3010246,3.1090170850962062
3010247,2.0825027867710473
3010248,7.0098445499840505
3010249,52.02033431077259
3010250,1.5172515106954005
3010251,102.1320797881236
3010252,300.09177814033933
3010253,1.7430377174279608
3010254,5.962847381680202
3010255,139.01357750384474
3010256,141.85854045902087
3010257,1128.2019191004345
3010258,5.031188423290669
3010259,3.9095454996961445
3010260,3.7515217457423606
3010261,0.2299626466393198
3010262,1.8472625676100116
3010263,1786.9808088726538
3010264,0.0007156926964030108
3010265,147.50653904440554
3010266,5.2680668762917975
3010267,644.7329677755706
3010268,323.212993515308
3010269,156.62603607493014
3010270,55.54125435517182
3010271,38.758550898109405
3010272,2545.7077028976514
3010273,4.3624636964739
3010274,0.5027296873480336
3010275,19.003169287186353
3010276,16.85186060290238
3010277,0.18301048920457116
3010278,171.23383487395157
3010279,0.512118402737006
3010280,142.00695809267472
3010281,4.058697109750169
3010282,32.84027244843595
3010283,2.3572481960302
3010284,113.48851123855206
3010285,183.0738809577559
3010286,0.8965929239886168
3010287,4.551884935857134
3010288,134.26068562933537
3010289,28.67584855291367
3010290,451.2969080416293
3010291,15.161892474849864
3010292,1.603248644692365
3010293,1.521788903845513
3010294,0.2082302695990199
3010295,3.099873533937677
3010296,1300.6429132234148
3010297,0.20796020747738575
3010298,273.1183987227439
3010299,5.843509916313264
3010300,505.40282013247474
3010301,470.7526494864662
3010302,132.6841068241803
3010303,44.078185620464104
3010304,49.725680750685804
3010305,2048.7859763350157
3010306,19.43927022606563
3010307,0.4768965100358142
3010308,9.20133458707596
3010309,15.474507891002567
3010310,0.21639041290618524
3010311,135.61846254417307
3010312,10.189440737857948
3010313,1.4988135151542514
3010314,3.990337264832931
3010315,37.484362042907236
3010316,3.5864395867924586
3010317,436.22953421636174
3010318,137.95238353386802
3010319,2.97730409168024
3010320,4.6097961434741155
3010321,281.2646364113793
3010322,26.799664891795587
3010323,1120.6017671640134
3010324,70.96755976128938
3010325,5.013073938915903
3010326,2.1926769277104876
3010327,0.2501015002924771
3010328,4.983313539357258
3010329,3164.1055513593724
3010330,0.24889821403973722
3010331,696.1709854711603
3010332,11.873116057733212
3010333,892.7971558309661
3010334,1245.4440182468823
3010335,260.4793834053862
3010336,214.68277636704568
3010337,129.02258045550548
3010338,3731.3847339639246
3010339,29.771081445863587
3010340,0.8578012778325546
3010341,17.460298283179355
3010342,27.27150606784162
3010343,0.255888193964527
3010344,242.4355382504278
3010345,7.1374999196642435
3010346,27.369829242628224
3010347,8.793822586051435
3010348,58.915135244062945
3010349,12.236729045769781
3010350,346.9963510636702
3010351,261.8460420217569
3010352,16.19611883307208
3010353,8.162884165932567
3010354,464.29827884634966
3010355,113.5704898513096
3010356,3167.589622664038
3010357,180.27245035537652
3010358,21.60578863278828
3010359,2.2470577993651104
3010360,0.21228492015021927
3010361,3.810089120817884
3010362,1806.108299737597
3010363,0.17169846993477786
3010364,354.0362097698818
3010365,4.584308534962776
3010366,375.32484045771565
3010367,510.19188621309615
3010368,125.43608155762213
3010369,106.50833689946475
3010370,70.25908261623763
3010371,1621.4833432509997
3010372,16.275610094608687
3010373,0.7372943190154702
3010374,13.023423345403298
3010375,13.034505414099854
3010376,0.20223990693399588
3010377,93.03077450827475
3010378,0.2690952765028422
3010379,11.384434946621202
3010380,3.098336037844226
3010381,148.17537142906016
3010382,6.830623956386616
3010383,150.45395531896867
3010384,92.35762936657346
3010385,3.7077480327508825
3010386,4.722363442962437
3010387,136.64218442909842
3010388,28.421907006250482
3010389,1347.6381060997835
3010390,0.9592040913703264
3010391,3.3466689162663714
3010392,2.552891078997017
3010393,0.1936539822788517
3010394,0.5098568982082679
3010395,720.9126381809185
3010396,0.0
3010397,209.4134370425644
3010398,3.5415745602366187
3010399,308.9223275690787
3010400,238.85942496498186
3010401,83.00231843574473
3010402,29.83464211540198
3010403,26.84705970755667
3010404,1242.1325403796131
3010405,4.07481834588865
3010406,0.3508652617477055
3010407,7.494879411404433
3010408,5.178151889289804
3010409,0.20240763191795197
3010410,72.54131296366205
3010411,0.23724717124134856
3010412,3.5470503286795063
3010413,1.8780278089875644
3010414,11.874910726508066
3010415,0.19643175614425668
3010416,230.66620990758994
3010417,91.3212807269741
3010418,1.6264280267104088
3010419,0.9954790558174171
3010420,116.57225445411659
3010421,17.81097170001354
3010422,405.5842518566068
3010423,0.7217602930693428
3010424,1.405635503598773
3010425,4.8699536855572765
3010426,0.3259086814741773
3010427,3.5181260227549904
3010428,3246.861873236263
3010429,0.20918072331209075
3010430,689.0020497095692
3010431,11.119300369034534
3010432,857.8360727675779
3010433,1049.3899571709492
3010434,275.7977327377054
3010435,248.87957552924007
3010436,97.81198206772837
3010437,4048.1429409321763
3010438,28.682868887537456
3010439,1.6673705871116375
3010440,16.134884592304438
3010441,26.261554197013435
3010442,0.24698857705098248
3010443,242.37804865290005
3010444,4.968156030984135
3010445,29.5421739802985
3010446,6.293804997118137
3010447,90.82004878084732
3010448,3.7093533138408255
3010449,292.0263632391729
3010450,258.9091424973797
3010451,8.98501962147419
3010452,8.32295548624848
3010453,419.4415571533148
3010454,80.46427167543978
3010455,2659.569196343996
3010456,1.4081357088519288
3010457,15.064210814252625
3010458,5.2294008107658225
3010459,0.20748303363904588
3010460,2.562850768182025
3010461,3275.8062774042314
3010462,0.1992026564926369
3010463,624.1236733053465
3010464,8.432453714282776
3010465,978.1398934570203
3010466,798.785500336004
3010467,331.9931806551338
3010468,320.30492919837167
3010469,50.853720292369815
3010470,5224.573671879436
3010471,12.552790849501037
3010472,0.47519932529242287
3010473,28.189672839176545
3010474,17.20394931996799
3010475,0.49939647654997626
3010476,245.43550098862545
3010477,0.0
3010478,4.412403600504461
3010479,3.754348567603113
3010480,31.96617368582052
3010481,0.7862497017962939
3010482,166.63602733839355
3010483,265.4512142781841
3010484,3.479535777294772
3010485,3.496805947863499
3010486,180.5392480494783
3010487,75.48152027537569
3010488,1273.7283455229417
3010489,2.090785140759038
3010490,3.173085167604542
3010491,4.336365028851115
3010492,0.31301398245864237
3010493,2.374743499736668
3010494,2883.867291739009
3010495,0.17324606520589197
3010496,666.3460924346506
3010497,7.381046735280691
3010498,837.2866391444634
3010499,694.528867213097
3010500,270.02571587181825
3010501,372.2769489453578
3010502,55.3765971196067
3010503,3823.1446325864454
3010504,11.598885142331262
3010505,1.0252251504518504
3010506,23.047078037523484
3010507,16.743166704419565
3010508,0.20801169953879947
3010509,244.75484146011945
3010510,0.0
3010511,3.559270264194218
3010512,4.393481048269123
3010513,43.80839503646283
3010514,0.9836690905204717
3010515,116.25164640847237
3010516,233.15974527968638
3010517,3.034998679983131
3010518,3.918346567720306
3010519,175.6199819154389
3010520,60.02562283176173
3010521,997.6876351349589
3010522,1.5644413556236016
3010523,4.418846757149802
3010524,8.105022234021478
3010525,0.5214499385423739
3010526,14.737079628652907
3010527,8030.305065766287
3010528,0.23397720498354002
3010529,1156.104689282081
3010530,24.492448979404198
3010531,1756.4052426616724
3010532,2057.16990211837
3010533,340.9564923147892
3010534,456.7549419280498
3010535,277.58232936702785
3010536,7740.436031849306
3010537,86.91432036740063
3010538,2.3096937528488883
3010539,41.050061974092884
3010540,56.58309829668485
3010541,0.4116571106729594
3010542,486.6116955820698
3010543,37.9202553157028
3010544,38.95966665678222
3010545,21.174891300166195
3010546,144.48902781075506
3010547,24.30347653149584
3010548,670.9299011991549
3010549,507.7377749045776
3010550,15.327624200315679
3010551,23.070462564314397
3010552,1075.7502928923304
3010553,238.59428305411785
3010554,7920.774752297072
3010555,1.2014797437272469
3010556,78.57864227566633
3010557,1.9938790621938218
3010558,0.29362306493664164
3010559,0.6586047506593642
3010560,1369.4376896763429
3010561,0.16493367020427122
3010562,163.56569218915192
3010563,3.3899435472999926
3010564,461.12080097683713
3010565,275.1804272038294
3010566,109.62098010497054
3010567,205.00193857141446
3010568,34.21922000616025
3010569,1903.4226230024444
3010570,5.484110178368163
3010571,0.2823718016823732
3010572,10.327177865281255
3010573,6.724538380141255
3010574,0.21280056723697907
3010575,120.28196814763356
3010576,0.499536401919831
3010577,139.81589649037787
3010578,2.0109664986249354
3010579,20.34336209575315
3010580,0.48097301404424386
3010581,46.875977694809535
3010582,87.40475919330227
3010583,1.3408596032038242
3010584,3.7219050983601694
3010585,96.22758489460736
3010586,20.202958037719657
3010587,478.9814975324331
3010588,10.573841450839657
3010589,3.236390859185158
3010590,6.008111669835712
3010591,0.2203990463912503
3010592,1.3205081641614447
3010593,3502.915444411631
3010594,0.18729767182100124
3010595,539.7291518294809
3010596,6.663332678181248
3010597,1033.9755369748277
3010598,652.3286945967517
3010599,222.58370775797053
3010600,433.4628797687167
3010601,55.49058551023721
3010602,4294.353608400119
3010603,11.996635885912305
3010604,0.41201116612196864
3010605,19.54796148358041
3010606,18.213218814830615
3010607,0.21684133863930333
3010608,262.99031707090455
3010609,0.5415714438711559
3010610,4.302656407369231
3010611,6.452968397730119
3010612,13.519314166712865
3010613,0.9605312270730058
3010614,309.9338693762524
3010615,248.9065101208714
3010616,3.2128612062974113
3010617,4.520354144077094
3010618,108.97001863840309
3010619,58.64531458394634
3010620,982.541481937379
3010621,1.712341631432849
3010622,4.653711260745858
3010623,1.0119238852528212
3010624,0.16449502023893176
3010625,0.5802775460591174
3010626,999.3942859293207
3010627,0.1551131269667257
3010628,115.6483892972946
3010629,2.051034167884183
3010630,466.51651732134746
3010631,176.98512189650293
3010632,79.6225972184396
3010633,375.7392729208711
3010634,13.624014114157152
3010635,1532.2719130628423
3010636,1.4725183259211283
3010637,0.21222881006354183
3010638,5.982601177978254
3010639,3.5661731625789512
3010640,0.18352826585572243
3010641,86.95759969212331
3010642,0.2627795452735457
3010643,104.43014965956621
3010644,1.02288008774594
3010645,11.232087390721064
3010646,0.2811808291511909
3010647,61.117996593993624
3010648,69.83849900628933
3010649,0.4042631867999278
3010650,1.2580550834478599
3010651,50.490785565527204
3010652,9.070474805250727
3010653,171.22959127688915
3010654,53.014584607375944
3010655,1.3152085479106237
3010656,6.25011699249242
3010657,0.20521789750560615
3010658,1.8335156160193602
3010659,2253.5019412242514
3010660,0.17709191851804065
3010661,242.12492751988867
3010662,5.091405610726947
3010663,907.6982858968438
3010664,420.10767793990664
3010665,161.01577912290605
3010666,379.0733440209895
3010667,35.57771114766125
3010668,3050.1271201329937
3010669,2.041871858503395
3010670,0.33856197732606474
3010671,23.401179947925574
3010672,15.708470687423375
3010673,0.2111738252188768
3010674,210.48012748976745
3010675,0.0
3010676,138.4979834713499
3010677,9.601442933163836
3010678,14.925518445364574
3010679,0.9481411715013088
3010680,231.16018209464679
3010681,213.97720216507568
3010682,1.39615698741139
3010683,2.856340777103018
3010684,161.76882938063042
3010685,27.11617703702424
3010686,1106.7257327665636
3010687,97.62628247686679
3010688,0.6527361839765808
3010689,3.178992745680821
3010690,0.3542466810546808
3010691,1.4059141539859157
3010692,2504.780510552339
3010693,0.24230509116119828
3010694,651.1077296195296
3010695,7.27624743251315
3010696,837.697536274313
3010697,638.5646868716633
3010698,216.79516092447926
3010699,178.99351335491252
3010700,58.07954975375204
3010701,3934.4991011885486
3010702,6.071315581335376
3010703,2.094083906025687
3010704,19.294379285940927
3010705,34.623802308464136
3010706,0.25799681519172407
3010707,208.61121017489958
3010708,1.35979412357498
3010709,4.448327130206966
3010710,3.4899090759770344
3010711,18.118073655130207
3010712,2.0119679788522653
3010713,171.88081657938696
3010714,275.59712595401606
3010715,3.260241175335513
3010716,5.672680861446804
3010717,131.58383833252137
3010718,31.00805496886742
3010719,599.1429967489073
3010720,3.0867819897502518
3010721,2.0036610360810094
3010722,2.735664093552021
3010723,0.193210838916697
3010724,0.3927328231371422
3010725,1360.02133639646
3010726,0.15604594908008487
3010727,107.24701108741331
3010728,1.3743128265274027
3010729,448.62358314740004
3010730,173.18809524229485
3010731,89.85124600431807
3010732,234.57005657957805
3010733,26.5165850910989
3010734,1862.2202773162899
3010735,3.8607777245978054
3010736,0.2874822874807739
3010737,8.849458908663404
3010738,4.079858208989443
3010739,0.22982561652882436
3010740,101.41837176659298
3010741,0.26585718760058
3010742,100.68034438358004
3010743,2.0148717803307346
3010744,18.867538015379345
3010745,0.4512339527906262
3010746,165.21696206258616
3010747,78.41118473598456
3010748,0.5823310534996085
3010749,0.7207775501281111
3010750,42.12392792953434
3010751,15.250689590905367
3010752,301.92907269608816
3010753,10.183488639835842
3010754,0.7793742240454584
3010755,3.550971978953628
3010756,0.21249416755978068
3010757,0.7507122310455634
3010758,3082.1134685275642
3010759,0.18196373722797488
3010760,509.894654740807
3010761,7.004846645107184
3010762,733.1698527110364
3010763,551.413970998984
3010764,186.3899576800413
3010765,155.11185755088025
3010766,72.51052624589286
3010767,3501.20886113627
3010768,5.015372300122318
3010769,0.3754033840074068
3010770,15.78535744995617
3010771,8.865880230258622
3010772,0.22420953937922206
3010773,202.09671673640088
3010774,0.2814040887729924
3010775,11.897903370390637
3010776,2.8722188235879202
3010777,33.087859023491994
3010778,0.986538440044622
3010779,193.08739637526634
3010780,196.69228395810072
3010781,2.754237488456884
3010782,2.426220403765192
3010783,105.86787752206537
3010784,41.89629270546889
3010785,955.1986160181023
3010786,1.160593686067311
3010787,0.578631279063422
3010788,2.792668584663344
3010789,0.2608237945268128
3010790,7.5530230867432735
3010791,2389.0215987767046
3010792,0.258472473329222
3010793,533.1227417634797
3010794,4.975790460028583
3010795,805.3834548680343
3010796,886.4477112903193
3010797,151.69711114867874
3010798,128.0957695475839
3010799,89.63283577841618
3010800,3125.6630318982197
3010801,43.98897750343381
3010802,1.2286005344221391
3010803,21.47176463579409
3010804,25.424773515617808
3010805,0.27662753866445583
3010806,229.29072314749519
3010807,20.218793454904226
3010808,15.996499552129457
3010809,1.4995818791898494
3010810,74.7524472920837
3010811,9.33660999789783
3010812,191.27261842242785
3010813,266.1037166121043
3010814,10.589891345643242
3010815,12.534728392336646
3010816,229.74757378840062
3010817,68.9839623625583
3010818,2240.8846579615733
3010819,170.38590097475023
3010820,11.466423523216202
3010821,4.033008021472278
3010822,0.2161242806144918
3010823,6.586905343006006
3010824,1916.4931073515058
3010825,0.21468390307818053
3010826,442.9630826312187
3010827,9.97689306565134
3010828,794.1264263958744
3010829,719.7660065763566
3010830,140.63597245618988
3010831,89.51466350970175
3010832,92.27840771587016
3010833,3168.767342130826
3010834,20.071498888665563
3010835,0.598071976508088
3010836,34.20991020796189
3010837,28.18437326846933
3010838,0.22161942787923578
3010839,271.0364476311921
3010840,18.940698248232824
3010841,10.274977098951794
3010842,6.3745670017355796
3010843,67.45646846663305
3010844,8.74844188875798
3010845,156.47804938849785
3010846,331.49149079982703
3010847,6.836858407478331
3010848,7.724263901606202
3010849,116.7295092148959
3010850,66.55764528525445
3010851,1838.9782449368013
3010852,5.691785061201538
3010853,13.798398645262663
3010854,6.586593959912315
3010855,0.24364666068984148
3010856,2.9753169003070092
3010857,3457.9161794069446
3010858,0.21888834542914729
3010859,701.8403106715067
3010860,4.684230192333598
3010861,1383.227428650944
3010862,653.8626719388094
3010863,200.21203305078416
3010864,748.418433265013
3010865,56.49467753792823
3010866,5257.433308797832
3010867,34.72345369344658
3010868,0.9801298755816261
3010869,17.642808914712955
3010870,15.697846650269554
3010871,0.23267760756277506
3010872,352.3033453929497
3010873,3.8070191772670663
3010874,10.684377221541729
3010875,6.099438124292385
3010876,47.70886420345497
3010877,4.58813955387533
3010878,148.4367554438143
3010879,293.2147974047407
3010880,5.3954979025543235
3010881,6.0239693543439605
3010882,199.95406607867116
3010883,51.343657494208145
3010884,1431.0920069044257
3010885,12.321808632311534
3010886,11.422345421007188
3010887,2.895665806061988
3010888,0.22290556529654992
3010889,5.295436037336387
3010890,2252.835723392582
3010891,0.1915889601489803
3010892,354.1075278915259
3010893,5.113644168837007
3010894,703.5093462761342
3010895,706.4194839759382
3010896,168.15011577873256
3010897,133.84202629379675
3010898,70.57181887181608
3010899,2823.4659824555847
3010900,19.09332138388217
3010901,0.7494012963782706
3010902,11.536029664747208
3010903,8.43249832462363
3010904,0.21831147707582793
3010905,194.2759007558905
3010906,15.164268841372639
3010907,14.4662196937797
3010908,1.6809786010472556
3010909,51.93276702916449
3010910,6.464195154110516
3010911,343.69430252189443
3010912,217.63922599496306
3010913,5.904337216477773
3010914,6.748552403090182
3010915,362.0203751631255
3010916,48.09532671909184
3010917,1957.5280726775184
3010918,6.421525006550268
3010919,21.775545800129745
3010920,2.4658677477962168
3010921,0.24198267903958548
3010922,2.184219469603613
3010923,4777.019245873939
3010924,0.22824736422332925
3010925,454.52441579530046
3010926,5.730994029708214
3010927,1531.129076920922
3010928,667.3221346041016
3010929,276.1424734733759
3010930,230.6413198891463
3010931,48.74121246524892
3010932,6192.972410375005
3010933,6.968211676540036
3010934,1.4663796011518269
3010935,22.511670563279147
3010936,20.46009469818472
3010937,0.24594865390396703
3010938,411.2032817176041
3010939,0.313323924424636
3010940,2.0735576026227345
3010941,7.22072446962229
3010942,21.484937671482538
3010943,1.8811540948483767
3010944,133.28685773102993
3010945,313.8469467455301
3010946,2.3569935683596213
3010947,8.654248398915062
3010948,164.69202931313396
3010949,64.71455903170634
3010950,1071.8545214192254
3010951,102.82861597101126
3010952,4.323939396673234
3010953,5.640652236393317
3010954,0.2200959474614148
3010955,7.267528801625778
3010956,2249.4099952569245
3010957,0.21755014726527344
3010958,484.0960464127458
3010959,7.340004295971752
3010960,908.2798245077418
3010961,746.8742799534924
3010962,195.4261683850703
3010963,134.67498844108212
3010964,93.7449666561451
3010965,3454.7523116655684
3010966,28.377703623595117
3010967,1.1392699172560663
3010968,21.99409434422284
3010969,25.188543812983294
3010970,0.24025063614269462
3010971,237.84606016256865
3010972,13.422844937498953
3010973,10.135526483320895
3010974,5.836109713357871
3010975,46.19792075604189
3010976,8.98154645470304
3010977,193.35491456558296
3010978,276.31568190509284
3010979,12.306797180848598
3010980,7.680971139048962
3010981,196.2105959977844
3010982,54.02554204031343
3010983,1988.4572195152161
3010984,0.8825756426213986
3010985,5.672038072723751
3010986,2.978693665176372
3010987,0.2125497483042745
3010988,6.206375425907842
3010989,2417.290310797428
3010990,0.19136356521272513
3010991,490.1471268442156
3010992,6.385654209160963
3010993,698.2343206485102
3010994,777.8316694115044
3010995,156.7480315632978
3010996,128.99915812143217
3010997,91.28510179975169
3010998,2883.5396661775326
3010999,26.65287837189966
3011000,0.777304852891662
3011001,20.21279001951837
3011002,22.053467613056338
3011003,0.2210410621745533
3011004,209.90842850346783
3011005,10.436476851344997
3011006,27.5370546955901
3011007,4.508883520579768
3011008,49.74570136700543
3011009,9.296027756544852
3011010,214.10684847077133
3011011,224.27847206663435
3011012,7.0479459382938945
3011013,7.505546331900751
3011014,203.30329440852623
3011015,47.79085777154181
3011016,2266.407109742957
3011017,1.4546576808659282
3011018,13.352284449253226
3011019,4.300835627998566
3011020,0.2122598181449164
3011021,4.107484154318144
3011022,5413.205856395689
3011023,0.17090040803981738
3011024,616.0753434034709
3011025,9.877351179456316
3011026,1231.3088980061657
3011027,778.2627719361475
3011028,298.7965887524838
3011029,390.7479788404349
3011030,53.3601211703075
3011031,4934.655885985502
3011032,9.01777328159861
3011033,0.22701987448496164
3011034,17.095486179599177
3011035,19.315906997970696
3011036,0.20790008657122322
3011037,266.7212337694075
3011038,0.2772624009136172
3011039,4.190511230526636
3011040,1.3840444141995443
3011041,57.28136714041124
3011042,2.1900384509314126
3011043,203.51102167855095
3011044,284.5206155582168
3011045,2.749160766907609
3011046,1.7147168503950287
3011047,197.3326350917158
3011048,124.69140819604405
3011049,1136.166064505928
3011050,2.33566616359829
3011051,0.5165727552552843
3011052,13.88756186889094
3011053,0.24466945666771556
3011054,13.746467291457106
3011055,8570.998756796449
3011056,0.23411741917604312
3011057,1486.5889416098116
3011058,20.29470611004243
3011059,2046.344531786006
3011060,2233.219067045816
3011061,488.3063994746412
3011062,584.3672273673188
3011063,310.46511932500556
3011064,8870.58587617409
3011065,69.44344912482896
3011066,2.974061262425741
3011067,97.95489766724195
3011068,98.95869751302055
3011069,0.3872173338676936
3011070,594.3491038382416
3011071,30.198160070973287
3011072,18.41153648308478
3011073,46.605267203272426
3011074,220.61647031138867
3011075,22.186407525487525
3011076,718.2847732919297
3011077,521.7239903598097
3011078,31.711256293487544
3011079,32.855103860427775
3011080,1006.5299856919764
3011081,296.1072668069699
3011082,8477.596193460753
3011083,336.889599181358
3011084,81.50050587039482
3011085,12.188067331996649
3011086,0.23334328453780898
3011087,12.662855081901009
3011088,8484.102957865562
3011089,0.2228999307789234
3011090,1102.651938051125
3011091,16.820634083559852
3011092,2304.755498418098
3011093,2083.449191585827
3011094,638.6126761053131
3011095,368.18158263244374
3011096,263.35696351560114
3011097,9935.855583489216
3011098,93.2927290366141
3011099,1.1391312009566255
3011100,49.86501917329311
3011101,74.25848623122124
3011102,0.6096097154995248
3011103,609.0688484619094
3011104,20.311056871579233
3011105,26.519061027147625
3011106,14.555063379422375
3011107,132.68007992589713
3011108,18.107187200245853
3011109,958.7479551588866
3011110,690.8326681905146
3011111,18.92189440929966
3011112,27.12357523156229
3011113,1128.5388516661128
3011114,234.15755503984587
3011115,6175.598335780679
3011116,451.64970334381235
3011117,81.8049117708433
3011118,10.304967381577416
3011119,0.22103065612320896
3011120,18.48471709656908
3011121,5458.910772431244
3011122,0.2126573754572632
3011123,830.1953009189783
3011124,10.267814530325232
3011125,1957.847179416135
3011126,1465.8734362575876
3011127,708.7871307155708
3011128,138.60489888049972
3011129,205.537929643051
3011130,8960.196127114155
3011131,38.41743589330499
3011132,2.2011790316119537
3011133,31.279597037637437
3011134,23.405690731964693
3011135,0.45653665611211375
3011136,590.2240677975357
3011137,23.327991543721147
3011138,18.847883841093704
3011139,9.096410978728807
3011140,92.12349881048111
3011141,9.813933880748719
3011142,864.5063415768752
3011143,656.9589030863889
3011144,17.429859523542156
3011145,34.06303391986366
3011146,700.0568380638241
3011147,129.7592896827796
3011148,2604.3496982043916
3011149,242.59634820970825
3011150,39.69905368027128
3011151,13.447760283948766
3011152,0.23727698018341714
3011153,19.44278586824325
3011154,7881.931249157832
3011155,0.22680031779446733
3011156,1080.9766148777987
3011157,16.083986444748117
3011158,2118.5549215008828
3011159,1964.662591472616
3011160,601.973896025772
3011161,340.5502786585385
3011162,198.69082363227236
3011163,9955.063882057753
3011164,41.39973850704631
3011165,0.7946203102715836
3011166,52.95401951235171
3011167,66.58173864727507
3011168,0.5388580892886319
3011169,591.2285115709836
3011170,23.325040701422846
3011171,22.38506256836867
3011172,21.578324766497904
3011173,140.18061878419442
3011174,13.854548824044121
3011175,758.3918472867372
3011176,653.8210731584591
3011177,18.0103095862193
3011178,22.77964453457013
3011179,1130.8413185354882
3011180,225.00830812161715
3011181,5053.128755547238
3011182,378.18436427433295
3011183,62.10280664204422
3011184,9.58601813705265
3011185,0.2034433657817158
3011186,18.04303232860906
3011187,4172.7460782218195
3011188,0.19598992263112136
3011189,787.5025269727477
3011190,15.635007406783686
3011191,1757.6617093340037
3011192,1177.3043683500518
3011193,560.51169853201
3011194,106.22270197057539
3011195,149.32522337094957
3011196,7461.823280506216
3011197,34.47888126417558
3011198,0.36985262027880605
3011199,27.403520764902755
3011200,30.037503403169193
3011201,0.2176360031879402
3011202,493.20680334446257
3011203,23.967987348439337
3011204,7.887165360910624
3011205,4.774146962959364
3011206,77.6163622481844
3011207,4.7848019192586015
3011208,771.7555278922317
3011209,672.2906789395818
3011210,13.870577385007218
3011211,19.254329190568
3011212,745.313037437133
3011213,85.79692721324402
3011214,1791.9694798046019
3011215,312.9254967724459
3011216,18.11954347886514
3011217,10.153232246807288
3011218,0.24520697807500905
3011219,11.888767723939122
3011220,6871.87042601367
3011221,0.2358381427145664
3011222,1158.050956232447
3011223,18.370494702189127
3011224,1739.9421357032759
3011225,2191.5660630085144
3011226,412.65573920170795
3011227,456.8343156704097
3011228,278.8244656994915
3011229,7731.811209211834
3011230,67.85111692767596
3011231,1.1306462864741658
3011232,46.575738554200285
3011233,54.454525142676694
3011234,0.3984031120337846
3011235,465.67900996113605
3011236,17.001025234553065
3011237,22.570780046723357
3011238,7.9922502197597804
3011239,169.92350891409896
3011240,19.321478886965377
3011241,737.1227832155417
3011242,529.8984025912066
3011243,17.249563538559798
3011244,28.929413981892182
3011245,993.7652391069872
3011246,224.17315328347516
3011247,7760.272169493719
3011248,249.70837731078106
3011249,75.27332162087875
3011250,5.2757662931635165
3011251,0.2547806261172248
3011252,6.723941783964714
3011253,1882.4153716497283
3011254,0.22820843288368
3011255,368.8931070634443
3011256,19.48646239405288
3011257,787.6977753099688
3011258,591.7966218152295
3011259,211.37691693743238
3011260,79.12664680534765
3011261,73.49786660898553
3011262,2831.2521720735267
3011263,21.990600508140123
3011264,0.9436345365061181
3011265,22.299504501425954
3011266,21.45326454970016
3011267,0.25909786821566566
3011268,209.97299723903126
3011269,11.438136765583646
3011270,6.582231673211529
3011271,9.90423042292564
3011272,41.564279833389755
3011273,7.391343616054819
3011274,250.85780313246508
3011275,240.51587907069296
3011276,2.700372887112432
3011277,6.045334950999007
3011278,200.06880210729855
3011279,64.29806231538123
3011280,1383.4518872999329
3011281,1.0479994761391063
3011282,7.5189638144543895
3011283,7.031983453779176
3011284,0.22085387722305908
3011285,12.78029596882
3011286,3873.8952199193577
3011287,0.2125645970948433
3011288,570.4040077837049
3011289,22.94774722009216
3011290,1436.2520116845787
3011291,1056.2667830306546
3011292,405.3182166325868
3011293,109.67904178178425
3011294,113.83801511434918
3011295,6418.079995585418
3011296,61.01795300815879
3011297,0.9850828183959066
3011298,44.7706566897653
3011299,36.430675153952365
3011300,0.2307735339947471
3011301,380.4953560063488
3011302,13.692007264821747
3011303,6.626845396607675
3011304,2.835113903439619
3011305,94.4210575799683
3011306,9.605738616706205
3011307,520.4089306859966
3011308,535.8155051300578
3011309,10.311996222156901
3011310,20.350855393033132
3011311,379.30247646489323
3011312,75.21942747372005
3011313,2066.874146970284
3011314,319.52630062716275
3011315,13.057890480435471
3011316,5.833243408804182
3011317,0.22997689258495535
3011318,4.916310016368912
3011319,4406.354372246529
3011320,0.22072264714088338
3011321,867.4553534085444
3011322,8.198247451783432
3011323,1287.106416500293
3011324,1467.0419924406326
3011325,235.94781097410493
3011326,318.17976610942117
3011327,193.4492445940484
3011328,4920.392405625677
3011329,42.81170463708006
3011330,1.2055750101407896
3011331,22.960065111096917
3011332,39.514638510984696
3011333,0.26850531540552214
3011334,286.8216661977998
3011335,2.743244247984111
3011336,33.89439671308517
3011337,3.9138674725218205
3011338,91.17643562964385
3011339,10.18174922662707
3011340,553.2361762941364
3011341,282.45599023275804
3011342,17.45937609160907
3011343,9.11464610573033
3011344,638.1499210583555
3011345,123.08401961002474
3011346,4899.885488030232
3011347,3.027955892178875
3011348,42.87258247828716
3011349,6.862816841262539
3011350,0.2037555350806969
3011351,7.922619344698797
3011352,4136.9757694880245
3011353,0.18253130024474065
3011354,815.0356541359068
3011355,9.061349369501864
3011356,1367.1875640215192
3011357,1109.9622660403388
3011358,306.49462211008233
3011359,213.36375326677472
3011360,234.42964428638868
3011361,5547.0610681866165
3011362,39.15795361718726
3011363,2.06255695308745
3011364,43.70605435263449
3011365,42.68358578378839
3011366,0.2305095141910882
3011367,320.36262029698185
3011368,7.649190185122837
3011369,39.23482602713647
3011370,7.400500924170585
3011371,174.43582360835984
3011372,8.484193866166757
3011373,384.5946991813746
3011374,307.0947727004974
3011375,11.773599308327135
3011376,20.948649233019452
3011377,410.96366366414014
3011378,123.45732121471757
3011379,4270.770766453394
3011380,4.169380379090779
3011381,6.547684865033375
3011382,6.4795937336342595
3011383,0.18281900955101713
3011384,4.302811569512351
3011385,1986.7158122706667
3011386,0.17722366517999785
3011387,452.63052389017594
3011388,4.944915169901881
3011389,822.3983740902283
3011390,496.6114097649163
3011391,215.5047586507607
3011392,86.54901204167044
3011393,87.08857261659615
3011394,2897.4842917939545
3011395,13.544100922994746
3011396,0.8751185488871609
3011397,19.442271863473344
3011398,19.76929924229511
3011399,0.20861997363540863
3011400,201.3038398502378
3011401,5.039753198769521
3011402,8.694465585893264
3011403,5.503249938802959
3011404,55.398820573966475
3011405,3.3855412017711446
3011406,233.83145708701244
3011407,218.60234690038777
3011408,3.731895900399892
3011409,4.9332302691950165
3011410,170.01211133822224
3011411,58.43539749234085
3011412,1743.511127468837
3011413,2.071370362134619
3011414,3.564608892547187
3011415,4.785496988288181
3011416,0.19494963417288852
3011417,2.2952279702235514
3011418,3806.3096920742587
3011419,0.16595780005580055
3011420,253.34909363684633
3011421,2.670288208961822
3011422,1016.4215438365532
3011423,272.4840819208347
3011424,215.56716478816676
3011425,86.38354390229782
3011426,26.21305555410853
3011427,3242.517704680582
3011428,7.257016414816691
3011429,0.5414676086859158
3011430,21.248811834946306
3011431,11.2618112770557
3011432,0.19111937477956728
3011433,216.94762828918834
3011434,0.0
3011435,130.6519848588998
3011436,2.6967984347058582
3011437,15.035271415449483
3011438,0.8622813387796116
3011439,48.113100471425135
3011440,190.18581724444294
3011441,0.23306173193019628
3011442,1.3546196158881973
3011443,53.07784761588856
3011444,96.89565964407
3011445,587.6688749920529
3011446,96.940420630064
3011447,1.1936491668643638
3011448,5.25647895404054
3011449,0.20712340088752035
3011450,5.833177077966444
3011451,3094.7114481095705
3011452,0.20685358617179883
3011453,543.4458903869083
3011454,8.224655395683197
3011455,1068.9545332859007
3011456,943.6545749184601
3011457,309.7078075115979
3011458,176.45085134673093
3011459,121.79095427829546
3011460,4582.583236212327
3011461,31.99222997933677
3011462,0.6615855726532813
3011463,23.261926078777762
3011464,41.16485476672629
3011465,0.21485218135587109
3011466,296.6274096260504
3011467,17.513763014282365
3011468,11.809207210574678
3011469,13.439879702758596
3011470,49.53748967054134
3011471,5.5905508294257045
3011472,402.29419559818786
3011473,337.1376425807383
3011474,7.292949180277386
3011475,12.470191122337205
3011476,499.6187940380212
3011477,85.73017702992266
3011478,2462.5341631258966
3011479,224.01906956722516
3011480,35.72967056466707
3011481,4.040594575889116
3011482,0.2641269561671077
3011483,7.300538605303531
3011484,3772.5789831685915
3011485,0.27215186733726715
3011486,728.6618648099453
3011487,14.310246831448627
3011488,993.398546985006
3011489,1318.9584042941692
3011490,197.6100533256349
3011491,303.3198259981689
3011492,177.7564003501022
3011493,3743.9544533594335
3011494,40.720285039038856
3011495,1.9808482409161314
3011496,29.977485667508102
3011497,39.205767792239016
3011498,0.5478928214553485
3011499,257.55498059429056
3011500,13.619628020109012
3011501,31.218699978358977
3011502,7.253060148350777
3011503,110.93808095665135
3011504,14.98345972829166
3011505,487.45792763155373
3011506,280.59779045616693
3011507,7.176070842174784
3011508,12.181055995423014
3011509,643.889497094091
3011510,134.9346725818745
3011511,5051.574426708943
3011512,1.2988504344223855
3011513,42.594348095279386
3011514,3.4030275424688767
3011515,0.598501606885171
3011516,9.488053736491867
3011517,4180.993463955986
3011518,0.23140392527591697
3011519,758.1153490205396
3011520,14.706792233009685
3011521,1090.6030768006806
3011522,1322.8661724122032
3011523,258.7009458128472
3011524,288.2501643778372
3011525,143.52925768837605
3011526,4397.218767567803
3011527,37.32894313910455
3011528,2.4719285317223427
3011529,30.58055656330994
3011530,41.94904808785131
3011531,0.2720809605143969
3011532,307.9715454274706
3011533,21.941506103588633
3011534,28.27201527787655
3011535,21.673304106292843
3011536,91.79256302093914
3011537,15.006450945458766
3011538,407.60790408484405
3011539,333.6634326451153
3011540,15.106556751415617
3011541,17.684621979922657
3011542,579.2119443515938
3011543,138.46037077710457
3011544,4145.784642189152
3011545,0.9948921378980295
3011546,34.133261616252256
3011547,9.136275164986175
3011548,0.2841134394032134
3011549,6.732190847739165
3011550,3414.745497332211
3011551,0.2229855303680354
3011552,507.86981844094237
3011553,9.62343545190143
3011554,1443.8968628564687
3011555,769.6883379461501
3011556,483.6736459729958
3011557,272.7529912996558
3011558,73.46801490250263
3011559,6625.051992726973
3011560,8.345516941594934
3011561,0.8913169701449632
3011562,41.76014878174785
3011563,40.64376889160222
3011564,0.22978557540070577
3011565,418.00900288841626
3011566,7.525354508488844
3011567,4.632280135118782
3011568,7.586875175734022
3011569,37.125777558777855
3011570,3.8219721725338927
3011571,321.6709084374959
3011572,431.12003266669456
3011573,5.111684198719425
3011574,5.854238822299143
3011575,346.3726900614068
3011576,99.14767850241932
3011577,1378.2767977483695
3011578,134.51699790683475
3011579,13.929371223204942
3011580,3.3750151042574705
3011581,0.2824512842609744
3011582,3.091976103791173
3011583,2026.8380646331163
3011584,0.2809689766160903
3011585,343.4023928870827
3011586,10.260995106108723
3011587,640.7105400281516
3011588,650.6831132249265
3011589,127.94464387799539
3011590,127.17991119476031
3011591,98.39268506584992
3011592,2433.423332794796
3011593,18.442602145925743
3011594,1.334212544175167
3011595,18.78284443505201
3011596,29.0160683770656
3011597,0.2908355445080179
3011598,188.40014135375725
3011599,9.603177163781963
3011600,14.610539482038988
3011601,6.242480738018259
3011602,84.27582070838693
3011603,5.066132096953815
3011604,243.30580506629633
3011605,165.49006644245196
3011606,3.306623959818965
3011607,9.650329264972418
3011608,277.2313697842443
3011609,62.07096541452686
3011610,1993.6397006110003
3011611,168.2209761558416
3011612,23.546527304773864
3011613,1.1510772041094097
3011614,0.19517365734057565
3011615,1.8126295095053626
3011616,1292.2523064443685
3011617,0.18868406783202882
3011618,101.88141212278836
3011619,2.7041413318684846
3011620,612.612754878018
3011621,283.97194031563316
3011622,217.25260462962683
3011623,40.7854496988445
3011624,27.47901141413503
3011625,2455.4699814474143
3011626,3.3406961650342204
3011627,0.33262096952678494
3011628,5.563364861916723
3011629,7.406235831358794
3011630,0.1885174289842035
3011631,163.17184776154028
3011632,2.5150710274202495
3011633,54.723690955964365
3011634,1.2613967445154914
3011635,8.81795086653371
3011636,0.3429207698227895
3011637,171.76643732754894
3011638,155.0549122223759
3011639,0.7193488164284667
3011640,2.4134330865025695
3011641,123.02726799444882
3011642,21.15843304014021
3011643,324.03893255081715
3011644,8.307762988410957
3011645,1.7082789770538476
3011646,5.5095884519972
3011647,0.2777906621664282
3011648,4.180476501632905
3011649,4236.660575370267
3011650,0.20473544189653609
3011651,902.3471561812581
3011652,10.261134397233251
3011653,1715.0058483973316
3011654,616.4739034247834
3011655,479.3207150586654
3011656,297.22174663761916
3011657,66.28211323498093
3011658,7013.951831220252
3011659,18.860565843791882
3011660,0.5827974586266571
3011661,20.72243548336178
3011662,16.59248508870523
3011663,0.2105646515508381
3011664,440.813094638244
3011665,6.914460096528124
3011666,3.537005043180587
3011667,6.897760091463142
3011668,25.28490095337194
3011669,1.6146965263758264
3011670,609.144050702983
3011671,340.05406020083853
3011672,1.5973949535995273
3011673,11.583480750332921
3011674,423.2618903481284
3011675,102.11166234564658
3011676,2010.0931466773295
3011677,18.038983297666142
3011678,6.04354330145543
3011679,4.250641048516169
3011680,0.21770537132024417
3011681,0.9408574609649376
3011682,1488.2471966528071
3011683,0.21631049422005608
3011684,169.29112196125038
3011685,8.923916350930048
3011686,702.6935432794934
3011687,370.7449236576618
3011688,179.79516669536403
3011689,44.9242726693137
3011690,31.499095139313553
3011691,2557.9976864388004
3011692,5.7012274888473975
3011693,0.36747601760100645
3011694,12.52078024148894
3011695,15.92617494567132
3011696,0.23176382963403702
3011697,161.84598430176237
3011698,4.69272617247651
3011699,92.34333752845133
3011700,8.075696530644697
3011701,30.59461641403239
3011702,1.0262062489868033
3011703,164.5980621338651
3011704,172.40753923297632
3011705,1.0666437642478508
3011706,5.309021916604754
3011707,153.46397426743403
3011708,32.32923777458891
3011709,412.69794846662376
3011710,11.00074271127137
3011711,2.198729645249411
3011712,3.1434498564896254
3011713,0.19602098515068136
3011714,3.3504543597291487
3011715,1338.5665420014448
3011716,0.16179814665861195
3011717,142.00364183987273
3011718,4.287031297145544
3011719,711.6815987045532
3011720,261.3915762336495
3011721,155.80543485047912
3011722,36.63632112150479
3011723,23.69728969474258
3011724,2508.1272328595783
3011725,6.739989113445009
3011726,0.20705268578800073
3011727,9.336161631527592
3011728,7.226284416628902
3011729,0.19044338642775083
3011730,135.96954739870975
3011731,0.8966579377686541
3011732,58.42984925710079
3011733,1.5096839417315433
3011734,24.787137384730745
3011735,0.6259504720222744
3011736,168.7092200548545
3011737,178.23480647594752
3011738,0.40325535937491136
3011739,3.777159075319454
3011740,87.40108628662547
3011741,17.735307778956287
3011742,224.71395659825336
3011743,10.595020448412845
3011744,0.92772531638659
3011745,2.4685595992623517
3011746,0.19074405411432174
3011747,1.7216780474234294
3011748,1456.8248386228934
3011749,0.18342760932047134
3011750,174.17337561352207
3011751,6.023295305348711
3011752,850.9691244241209
3011753,392.50600735713635
3011754,237.09420870027077
3011755,30.148158713660383
3011756,36.17487998166521
3011757,2877.746923586617
3011758,3.3947529237372853
3011759,0.23301652122250943
3011760,6.282052278483573
3011761,14.446886345483286
3011762,0.21076009412602983
3011763,176.93937137686393
3011764,0.5783105009267544
3011765,92.38711750434854
3011766,2.305161615480308
3011767,14.732706495008125
3011768,1.6807255932416267
3011769,191.09734651442758
3011770,236.44902497081574
3011771,0.6738069391377253
3011772,4.14658464258329
3011773,62.12791958464626
3011774,89.51835633007435
3011775,533.3184237707217
3011776,6.640163556161367
3011777,3.1344849642364387
3011778,3.0819717626100047
3011779,0.690219926860757
3011780,2.6024754586133882
3011781,1631.6942192079
3011782,0.22806903759809538
3011783,149.73159583141418
3011784,2.823785592964593
3011785,800.4194644985296
3011786,354.73198527473545
3011787,256.1959076796771
3011788,89.94230729834392
3011789,56.52078634205968
3011790,2640.764081365855
3011791,5.135974131585862
3011792,0.9051058110971808
3011793,9.637945799097752
3011794,17.01931646339829
3011795,0.24412793941782013
3011796,219.66058364336718
3011797,6.486258285843326
3011798,95.01722981107658
3011799,3.275188827812057
3011800,15.673697015492941
3011801,1.4303513975909388
3011802,136.39343700261168
3011803,181.84105364038064
3011804,0.6867982175284959
3011805,4.1472059392833645
3011806,118.57088180653354
3011807,44.44099602718581
3011808,992.5505233814234
3011809,14.793791257607683
3011810,3.9107817352600494
3011811,3.2231180890966753
3011812,0.1939156640616608
3011813,0.721413365257898
3011814,1317.905367716573
3011815,0.1563401418943752
3011816,162.16869739564237
3011817,3.552296028966471
3011818,740.4154177494062
3011819,241.22252351356516
3011820,153.06267433406697
3011821,108.86794921317608
3011822,20.675223904514883
3011823,1896.181436224954
3011824,3.472737220501676
3011825,0.20652464035295198
3011826,8.905915295706443
3011827,12.034766481939837
3011828,0.1871690041924607
3011829,138.19847666197907
3011830,0.0
3011831,99.50006046813276
3011832,2.0648580327311077
3011833,17.260316695471115
3011834,0.7918050075890832
3011835,47.92158705687904
3011836,117.64347166288374
3011837,0.6145904591661338
3011838,1.9283708939500803
3011839,56.87483763901771
3011840,33.85392279457083
3011841,821.052467867118
3011842,60.995855518672016
3011843,0.6553562503751722
3011844,5.319196597627078
3011845,0.3286648771777287
3011846,2.805551906921077
3011847,2770.3825832399166
3011848,0.19974384195093348
3011849,303.26999687325355
3011850,4.099184763150075
3011851,1039.2400609907218
3011852,644.853933743326
3011853,422.2008538236908
3011854,177.79816247746052
3011855,94.46847255402984
3011856,4233.078780460527
3011857,11.785494138029017
3011858,0.9675850417978782
3011859,19.988521516371645
3011860,19.33979228362243
3011861,0.21063674378440292
3011862,260.5642349070759
3011863,0.3914632180343271
3011864,112.50039115616639
3011865,5.942155701948277
3011866,25.66396022210634
3011867,2.798687044126737
3011868,256.24903805765473
3011869,248.5159707454803
3011870,1.5735104616780093
3011871,5.9109672431103375
3011872,315.84390277621026
3011873,51.945079464035565
3011874,2043.3700522279025
3011875,29.603653099834805
3011876,11.02779171538833
3011877,2.420622238472845
3011878,0.5189577354192996
3011879,4.340538694414858
3011880,1942.2393074539746
3011881,0.1821733864022613
3011882,522.2093770523128
3011883,6.2850424172693256
3011884,513.9869503252193
3011885,564.2639167269892
3011886,187.69875805343557
3011887,166.41537569703033
3011888,45.77327100075201
3011889,2709.959457718171
3011890,7.44357242143246
3011891,0.6095977764454714
3011892,14.382825373294668
3011893,18.331878484819107
3011894,0.19866561439009384
3011895,170.8698786310287
3011896,4.907804107115369
3011897,5.2807663032908145
3011898,8.100189987707475
3011899,40.912021567586244
3011900,1.2713064879849019
3011901,84.0203964108582
3011902,147.46323506565577
3011903,2.4519171376489495
3011904,5.269808620192312
3011905,160.5586188099486
3011906,52.05694465522757
3011907,2792.6453803929203
3011908,40.80014919580406
3011909,10.45533777232692
3011910,3.718196336439952
3011911,0.33680397587002137
3011912,3.082267308527327
3011913,2399.9036195494523
3011914,0.21415449834063033
3011915,167.52535077594692
3011916,5.474486789540853
3011917,805.0580378320659
3011918,322.2215855070866
3011919,278.1262071284374
3011920,55.36768429546484
3011921,34.240993339666915
3011922,3114.054820423953
3011923,7.728667616481793
3011924,0.7705642218030613
3011925,10.478733044652508
3011926,12.579892454704185
3011927,0.28198511443024565
3011928,176.4629255305943
3011929,5.003210491899966
3011930,114.17505761785789
3011931,3.277689948669577
3011932,21.24936999521973
3011933,2.1922734825602737
3011934,132.37283799666943
3011935,161.1645915568607
3011936,0.8377240717910601
3011937,3.838707280413332
3011938,83.62926912732178
3011939,23.517295361712623
3011940,548.6038320478389
3011941,13.726433899785855
3011942,3.82432675302473
3011943,4.134773711785091
3011944,0.22606188737000357
3011945,7.516808507490152
3011946,2347.8949062827232
3011947,0.22465743791089376
3011948,582.941319830191
3011949,7.993345530332201
3011950,727.9935717516007
3011951,722.0671904049508
3011952,186.9111831590791
3011953,141.9651603866162
3011954,82.21154657601593
3011955,3178.2997539315325
3011956,26.202598375926442
3011957,0.970702490252976
3011958,16.238919455715287
3011959,23.76872453207422
3011960,0.22900298521126092
3011961,210.46456935934737
3011962,15.202309037456658
3011963,10.832813871908138
3011964,4.326115958407891
3011965,60.43626832916585
3011966,7.62775723921853
3011967,367.69970358437234
3011968,215.07165228061928
3011969,6.677741860391186
3011970,6.706269130884117
3011971,393.6969828802669
3011972,91.33630851160545
3011973,1878.4043970819807
3011974,63.70189641080758
3011975,26.20360855816773
3011976,5.280127130063778
3011977,0.24311933890634851
3011978,4.342626478361592
3011979,3277.1395212088282
3011980,0.18634029591739326
3011981,406.26775592531425
3011982,5.0234231908011315
3011983,1010.8320453159936
3011984,591.2736293196201
3011985,543.8614245975482
3011986,85.79019382614418
3011987,59.159532704769184
3011988,4704.702248565091
3011989,8.37000944271457
3011990,0.40264593252142994
3011991,14.46055054006103
3011992,12.32886630555082
3011993,0.18416880515103784
3011994,282.2958256374487
3011995,0.8799559509114019
3011996,10.056317582648129
3011997,4.3192787109980415
3011998,27.83760215019788
3011999,0.9962022313557071
3012000,242.41296561192578
3012001,296.518296063947
3012002,2.274136820026266
3012003,4.437722936854995
3012004,238.2722589037575
3012005,55.924983938547996
3012006,1328.5538760661018
3012007,58.53740170747206
3012008,7.553034202916917
3012009,7.536575872334474
3012010,0.29839825080059534
3012011,3.9509908195579184
3012012,3009.5146234773683
3012013,0.20121301618625423
3012014,427.2099250875951
3012015,5.2371251589856715
3012016,1060.387456064687
3012017,559.2739964610204
3012018,306.97719491606523
3012019,250.72343159946053
3012020,65.58810959228668
3012021,3957.69035486367
3012022,13.198681660295238
3012023,0.42925830489339445
3012024,29.483048897309775
3012025,29.873405958610252
3012026,0.29262875684516026
3012027,296.027019910591
3012028,2.333276661464151
3012029,4.867606421222824
3012030,6.985108092553581
3012031,68.64593470723128
3012032,1.4985165387915989
3012033,108.10414609069146
3012034,253.41586844613167
3012035,1.9234645407596203
3012036,6.804257432483747
3012037,147.32678329685174
3012038,128.92400976244622
3012039,1965.2399186292912
3012040,5.057981942432148
3012041,4.165195238740735
3012042,3.0971633146618425
3012043,0.21609211349208993
3012044,1.9027012099659553
3012045,1653.742665697437
3012046,0.1785434399444474
3012047,128.5945827614526
3012048,4.682483759538748
3012049,564.1995106779688
3012050,288.72657505988025
3012051,143.14730557281038
3012052,51.44089228134898
3012053,39.80148189715288
3012054,2371.660927413601
3012055,5.33961196852351
3012056,0.5731978928714891
3012057,22.260406297064556
3012058,18.700689616782647
3012059,0.18877506029397267
3012060,164.5962530946917
3012061,0.530311928342982
3012062,113.80249658877764
3012063,3.5211059665234563
3012064,32.33280743222342
3012065,2.067340693173145
3012066,101.02885221612006
3012067,133.63011676302096
3012068,0.7461217451487052
3012069,4.61466648381367
3012070,129.60466345751087
3012071,27.822312440482364
3012072,638.1586833574007
3012073,10.923960382440553
3012074,1.429151961008725
3012075,1.4105425532962945
3012076,0.20238680003050008
3012077,2.707784686103299
3012078,1313.0668591868503
3012079,0.20136278590519946
3012080,260.04188633664194
3012081,6.834045755820446
3012082,470.7815392185362
3012083,447.666272020846
3012084,110.88492584360985
3012085,46.179399762502825
3012086,49.49544708464758
3012087,1909.8329270827028
3012088,21.361432224405547
3012089,0.3745029792204539
3012090,10.25912816018485
3012091,11.709651494568824
3012092,0.28554994198355854
3012093,115.03276523114262
3012094,9.626185712566775
3012095,1.606256405584419
3012096,3.8098879294404426
3012097,39.44074440256163
3012098,3.685858260399396
3012099,613.2002986006596
3012100,134.00627060731745
3012101,2.5593611843708137
3012102,4.00335347570663
3012103,355.64898672143806
3012104,28.384856535606865
3012105,1053.7208437011657
3012106,57.54394283977525
3012107,6.252641040618829
3012108,2.01473904992117
3012109,0.25462415641867553
3012110,4.782761037827897
3012111,3080.7398431782135
3012112,0.2471228691906402
3012113,700.6932630650388
3012114,11.253184661508351
3012115,965.3199402060533
3012116,1196.5239518795213
3012117,257.4981695865756
3012118,198.10579759001112
3012119,134.23193030792746
3012120,3560.89737322738
3012121,28.935836243697015
3012122,0.8010604631038731
3012123,18.869975400886013
3012124,31.2713939405102
3012125,0.24892249952351592
3012126,221.04850599320525
3012127,7.834053056065288
3012128,27.956706071873185
3012129,7.288828534631213
3012130,69.75658199284126
3012131,9.841518676647594
3012132,348.6519419623502
3012133,250.056281447673
3012134,15.848988465396104
3012135,7.676931681523898
3012136,473.72221868851483
3012137,100.57688704863371
3012138,3121.544662377745
3012139,167.82293002725575
3012140,21.706945988837628
3012141,2.279159929858044
3012142,0.20479609969303234
3012143,3.6753023084887158
3012144,1561.9623795198588
3012145,0.19484592380472912
3012146,313.64152896459484
3012147,4.698143404448847
3012148,332.42008291565946
3012149,469.3985918580022
3012150,118.05513662407085
3012151,94.14704725660553
3012152,57.93578393771407
3012153,1452.5262518565676
3012154,15.428255398842762
3012155,0.6203597902237876
3012156,14.58259232979979
3012157,11.983396237804921
3012158,0.20148229793517794
3012159,78.32355697011583
3012160,0.30431379526618596
3012161,12.458401469335586
3012162,2.9328672195654595
3012163,142.07853279813372
3012164,6.085404380347434
3012165,140.72504975660237
3012166,92.23090236379979
3012167,3.1108032204576404
3012168,4.321515374588651
3012169,132.7088896000307
3012170,26.908895591180173
3012171,1203.9283697223043
3012172,0.9677633717871035
3012173,2.9125749523595204
3012174,2.3049605699011932
3012175,0.1961406020578601
3012176,0.5423806652782241
3012177,754.92707140751
3012178,0.0
3012179,198.74301598410227
3012180,3.5500546215113706
3012181,275.3187602385059
3012182,207.56270165921072
3012183,70.01249471175696
3012184,28.72814067898288
3012185,20.79931971912403
3012186,1144.4497706364423
3012187,4.2514367078006785
3012188,0.40012204508189075
3012189,6.420348614845764
3012190,6.719740780078169
3012191,0.19197943704768905
3012192,67.32369226606434
3012193,0.29374901007384463
3012194,3.0503208703057263
3012195,1.8992609251708021
3012196,21.74920627089565
3012197,0.29062837868967556
3012198,177.08555696039267
3012199,99.88401146268683
3012200,1.5068635441193057
3012201,1.035749344834918
3012202,105.59034827354718
3012203,18.456039751584157
3012204,351.51755365957746
3012205,0.6817713100881786
3012206,1.3085215710930975
3012207,4.380558675231507
3012208,0.30821752329532637
3012209,2.170516419627369
3012210,2722.5828387449837
3012211,0.2708445131776617
3012212,583.8850219190928
3012213,10.971588428700754
3012214,727.4009858945813
3012215,873.4348135341387
3012216,245.50294997116268
3012217,196.26358353990383
3012218,82.03664431089584
3012219,3422.357009204004
3012220,22.670647666499594
3012221,2.1185371310137224
3012222,14.91019795509101
3012223,21.900071793603015
3012224,0.2605787905897407
3012225,206.43409010609506
3012226,4.549295240349491
3012227,26.30450153599936
3012228,6.914538301151365
3012229,77.30026580077892
3012230,2.916923791717348
3012231,239.0135188270635
3012232,210.26482795672467
3012233,7.737887909421866
3012234,7.490697426954137
3012235,343.42253702564585
3012236,68.13402908594834
3012237,2130.967143103482
3012238,1.3268865226002515
3012239,12.671070520481857
3012240,4.5580567215224095
3012241,0.20958806841208047
3012242,3.3106312642494533
3012243,3110.10595214228
3012244,0.2022162812820217
3012245,608.317812464586
3012246,9.834464211059172
3012247,1025.4499239217187
3012248,861.4650143937305
3012249,346.29810467833954
3012250,255.29195287795574
3012251,64.18242353287539
3012252,4545.0642748453
3012253,11.887298057351098
3012254,0.5324123585930067
3012255,25.2839535477842
3012256,13.8917277556127
3012257,0.5847904597550166
3012258,249.90722808339598
3012259,0.0
3012260,6.091205965331706
3012261,3.420387503853215
3012262,37.83019468378499
3012263,0.8848111139464168
3012264,196.47449849741196
3012265,280.7516915612108
3012266,3.252790957527254
3012267,3.252586751925868
3012268,190.93208575269034
3012269,80.10654043207946
3012270,2621.9869199183154
3012271,1.8103815459634593
3012272,3.5017761629947595
3012273,4.504781331209954
3012274,0.3261472186810892
3012275,3.2144283158431337
3012276,3005.6158715206993
3012277,0.20697062506979177
3012278,695.9058144459215
3012279,10.4586138261341
3012280,871.9587385544773
3012281,687.8984266442473
3012282,263.3026012635415
3012283,220.8243496542092
3012284,57.717188031466485
3012285,3807.006586094485
3012286,13.959087929143552
3012287,0.9033752967116089
3012288,22.7677055647412
3012289,16.27948227545801
3012290,0.2083307675444531
3012291,237.69801095725825
3012292,0.0
3012293,7.877624438481947
3012294,3.729314012974637
3012295,49.876387356889374
3012296,1.2675790656709678
3012297,117.12827727565663
3012298,223.92057061822842
3012299,3.2950548406761397
3012300,3.545569306228435
3012301,184.81950038176026
3012302,66.80881279055764
3012303,2127.1353287278116
3012304,1.5727220034319171
3012305,4.404627681357434
3012306,8.904311102614491
3012307,0.45746233990719093
3012308,13.69193223492407
3012309,7160.101630419978
3012310,0.23311882538558854
3012311,1061.6958951563342
3012312,26.020332216456016
3012313,1623.3705978714388
3012314,1819.6104389524605
3012315,311.91112794380547
3012316,399.1285247255079
3012317,260.62279207353254
3012318,7192.631137874741
3012319,66.18084680740552
3012320,1.9562029455386978
3012321,42.04118377826176
3012322,48.961487583816655
3012323,0.39410828901412875
3012324,439.5964378339065
3012325,32.24008606226648
3012326,41.10713776597767
3012327,24.4307786457391
3012328,157.28449099614463
3012329,22.411186305908473
3012330,595.529721236389
3012331,456.17458249229287
3012332,13.811197329032563
3012333,20.363152085123293
3012334,981.4461667398588
3012335,232.66007089234967
3012336,6820.39175162493
3012337,1.088753221282876
3012338,67.77273436302168
3012339,1.9950980582888858
3012340,0.2724152542304729
3012341,0.6661903626371457
3012342,1744.6934379884856
3012343,0.18914405039766533
3012344,181.1859531875964
3012345,3.23081990028299
3012346,631.1941801600531
3012347,292.3908688686182
3012348,111.61747726939019
3012349,120.76166889179044
3012350,37.94627157287906
3012351,2205.7060115319155
3012352,3.6206954840195484
3012353,0.2846038950898687
3012354,10.0176392040836
3012355,7.869500408407548
3012356,0.21083970506946362
3012357,156.62862664917293
3012358,0.5504472351597334
3012359,115.43093012683724
3012360,1.9011706044820151
3012361,20.99906528055292
3012362,0.4705562303694483
3012363,68.38732448401706
3012364,94.93370165804949
3012365,1.1374339571290646
3012366,3.7986576899538935
3012367,100.61025890518175
3012368,23.51081278524058
3012369,1052.7142390997667
3012370,8.038173627998136
3012371,2.459356069460044
3012372,5.687665644649547
3012373,0.22416119048841696
3012374,1.3996857463132835
3012375,3294.8307809322428
3012376,0.20093740101161375
3012377,560.269817248082
3012378,7.059610979682022
3012379,983.6233384807495
3012380,639.5183529560962
3012381,210.17893006231844
3012382,314.93052078299274
3012383,72.77870963980321
3012384,4218.660362896268
3012385,11.186437929934192
3012386,0.3942642494862043
3012387,17.985435154444552
3012388,17.663313955637896
3012389,0.22561533964044564
3012390,250.7579384420603
3012391,0.6275374679290309
3012392,6.878175702444013
3012393,6.925549959845041
3012394,17.64375578242497
3012395,0.8681369427669157
3012396,288.50885328087617
3012397,227.64626759146657
3012398,3.1388121638157527
3012399,5.083739612855909
3012400,114.80916856895118
3012401,55.36303809918938
3012402,2184.7736969087086
3012403,1.460472594674557
3012404,3.734822929346377
3012405,0.9696671957945322
3012406,0.17439667679576673
3012407,0.5668339781579366
3012408,999.9067496330125
3012409,0.16470962416310186
3012410,99.49731108496495
3012411,2.2215577842279326
3012412,483.651295495709
3012413,145.25451117979873
3012414,82.8381089781561
3012415,165.85508193597613
3012416,13.235239230994123
3012417,1800.6117994265835
3012418,1.249818274084752
3012419,0.2847734550184604
3012420,5.161892450998856
3012421,3.3453213843216076
3012422,0.19222545351023998
3012423,78.44321508921925
3012424,0.2656232562303284
3012425,56.60663083731626
3012426,0.9609320301514712
3012427,13.737205568263088
3012428,0.25661456340988104
3012429,64.38201284854543
3012430,66.69169465930024
3012431,0.4151389873710061
3012432,1.2011365585328764
3012433,44.48048335686801
3012434,8.6001490806978
3012435,367.57171637196484
3012436,50.15357245754923
3012437,0.9368777367601497
3012438,6.539470323100785
3012439,0.19990813962219206
3012440,1.5947232024909868
3012441,2167.66939479843
3012442,0.19340520017215562
3012443,234.10217839249592
3012444,5.8517475107405215
3012445,907.9867314023367
3012446,386.3776339577374
3012447,190.41239079810353
3012448,156.721292291583
3012449,39.70166276435587
3012450,2794.6063477074813
3012451,2.4181162226029445
3012452,0.34931860595520386
3012453,22.504645409502967
3012454,13.778819097134123
3012455,0.2080850796158792
3012456,191.62179848986975
3012457,0.0
3012458,112.55922341873992
3012459,10.331868965203421
3012460,18.03985015482382
3012461,1.0758364045212705
3012462,191.08661070183274
3012463,194.22483907552422
3012464,1.5172907585976017
3012465,2.7797344678838067
3012466,185.372140783316
3012467,30.43659474197274
3012468,2053.0961920566738
3012469,61.888123842699436
3012470,0.667016186657946
3012471,2.616211436646331
3012472,0.3073240979287488
3012473,1.5887221134054434
3012474,2250.866402079068
3012475,0.23407000516935683
3012476,610.3846249934478
3012477,7.191823822017406
3012478,790.9509781352019
3012479,526.2406702740706
3012480,199.59521557477953
3012481,126.18545123704169
3012482,57.2151359512094
3012483,3714.260020103998
3012484,5.776086251648854
3012485,2.2464991697447436
3012486,18.47856573607603
3012487,36.17494102508309
3012488,0.24680062333199776
3012489,199.39408566799128
3012490,1.150772163140545
3012491,6.344969494635277
3012492,3.003338065462475
3012493,20.14145357644026
3012494,1.8275199620084144
3012495,153.41264162068288
3012496,236.81746866228505
3012497,2.8027580259621265
3012498,4.900780726253762
3012499,119.25862444535238
3012500,32.472909857421136
3012501,956.103606313805
3012502,3.229118972198904
3012503,1.5836330336408646
3012504,2.508505411576018
3012505,0.19357754199399407
3012506,0.3979044791746727
3012507,1187.3737296100423
3012508,0.1652658401607601
3012509,107.66340645515038
3012510,1.685247033085766
3012511,388.3183291427349
3012512,150.4531286969441
3012513,90.45243709366528
3012514,147.93818616203447
3012515,24.756317919341267
3012516,1783.260203949516
3012517,3.439212164997909
3012518,0.28691614849127534
3012519,6.938524529623808
3012520,3.916216290423745
3012521,0.22525345420909096
3012522,88.14608212780003
3012523,0.2662407759958974
3012524,55.57073312607686
3012525,2.243465960272491
3012526,21.15003715513638
3012527,0.415298700223654
3012528,180.36937586539838
3012529,74.99765657280088
3012530,0.5475916070547224
3012531,0.675945004078605
3012532,44.540327274293006
3012533,14.53725185232414
3012534,589.6014830933727
3012535,7.608457286876003
3012536,0.6692785048808065
3012537,3.1453322701048387
3012538,0.21436197180584066
3012539,0.8098946844166366
3012540,3205.053903916812
3012541,0.2069004083440963
3012542,585.8469053721846
3012543,6.993132610443774
3012544,819.4535892881324
3012545,643.9845156651821
3012546,200.84630514610882
3012547,142.30061616402585
3012548,52.58002946506473
3012549,3785.1968816579138
3012550,6.67897615567306
3012551,0.3597987783275753
3012552,17.325740079236272
3012553,10.478902393702983
3012554,0.22552308278845817
3012555,200.81305399392335
3012556,0.2951191950116436
3012557,23.684091966235705
3012558,2.804863447274088
3012559,44.061170277008635
3012560,0.8933133642415221
3012561,205.9309960302935
3012562,195.76271746233633
3012563,2.5826509700685536
3012564,2.9206947840471056
3012565,133.45116645926777
3012566,44.87546279452733
3012567,2150.1695982397746
3012568,1.1779414247785325
3012569,0.6670730593350698
3012570,2.911893111993702
3012571,0.2509852662296426
3012572,6.672379212561197
3012573,2371.218514301795
3012574,0.2495393282462455
3012575,478.835745352951
3012576,5.843838660942813
3012577,859.0881589649644
3012578,799.5895161862236
3012579,139.62553696626082
3012580,111.6647459373369
3012581,108.60430582259184
3012582,3233.2897890334552
3012583,44.43173800966063
3012584,1.0863130898136442
3012585,20.188086984855865
3012586,25.618766729268497
3012587,0.29001756849380284
3012588,218.49110145923072
3012589,18.42436151939348
3012590,18.506039721512813
3012591,1.7720459572937775
3012592,89.17609095561362
3012593,9.41226359703005
3012594,203.53155991647645
3012595,240.81365346868483
3012596,8.463330727119539
3012597,10.023894419010134
3012598,222.45108714004525
3012599,66.58394422365252
3012600,2093.729958472559
3012601,166.89156168337897
3012602,10.145440282991675
3012603,3.7969279183405042
3012604,0.2151945710985026
3012605,7.33096644026085
3012606,1675.4460524244985
3012607,0.2146878954401066
3012608,384.3953309538674
3012609,9.561374999523943
3012610,729.8816000555566
3012611,693.9059039761896
3012612,131.20989711179558
3012613,69.31167378162725
3012614,93.60670570409629
3012615,2878.775970538048
3012616,21.781188864013185
3012617,0.7267805509406262
3012618,26.885954793128636
3012619,27.452419870752433
3012620,0.22390673495282506
3012621,243.65726914504296
3012622,17.36390609220488
3012623,11.006317892016991
3012624,7.446108307061506
3012625,70.05777175495832
3012626,9.217759324381461
3012627,122.51315326941143
3012628,263.5314308619572
3012629,6.748996657576494
3012630,8.442245887642699
3012631,95.07593423110059
3012632,62.92651936909861
3012633,1639.817015408656
3012634,6.602365991943619
3012635,12.69316313266963
3012636,6.029881088310009
3012637,0.273290324558481
3012638,2.5274977946709694
3012639,3163.6218114723665
3012640,0.2161444667150949
3012641,668.506229889569
3012642,4.53676720018174
3012643,1266.285760688072
3012644,666.2667826956005
3012645,193.82650209909278
3012646,347.4677311196943
3012647,61.389007920479095
3012648,4831.338759777122
3012649,26.452778484280334
3012650,0.8953711287073307
3012651,16.596099102266948
3012652,14.361910756764892
3012653,0.23150650954603016
3012654,372.0987465589177
3012655,3.8343044169864537
3012656,14.545075028154999
3012657,5.545569863525301
3012658,41.73440680898161
3012659,3.639864866235249
3012660,158.1217467209055
3012661,285.4584582126693
3012662,5.46954101291884
3012663,6.986931663283116
3012664,184.6247460036901
3012665,53.85138744794369
3012666,2522.9943408033255
3012667,11.174375063771715
3012668,11.589547038207346
3012669,2.6712918822173526
3012670,0.21763828789854978
3012671,4.731827647951525
3012672,1941.2685147015975
3012673,0.2091510900956541
3012674,312.4960996913163
3012675,5.813984357043662
3012676,698.1980772403211
3012677,628.2627235080835
3012678,162.86051199569005
3012679,119.70215121635748
3012680,66.77251537480045
3012681,2782.7666094345877
3012682,18.600972542445067
3012683,0.8306735459287065
3012684,11.353851760038951
3012685,8.188701865208857
3012686,0.21625194230619002
3012687,189.20931402408206
3012688,14.38053953509283
3012689,15.435294636916044
3012690,1.5728394849626444
3012691,55.77739726145833
3012692,5.9605670432961
3012693,285.9130413174351
3012694,203.74242945120162
3012695,4.607419615671327
3012696,5.8081511014650955
3012697,337.60667987480036
3012698,48.50485850031471
3012699,1782.744691587303
3012700,4.5251823357944465
3012701,20.19037008398202
3012702,2.363008115034416
3012703,0.23229117275189512
3012704,2.087089870989796
3012705,4652.786341382917
3012706,0.2195287691527797
3012707,462.68257341131886
3012708,6.334497938338711
3012709,1722.0898893976496
3012710,595.3513493923238
3012711,281.147319293279
3012712,188.36986756688174
3012713,61.24749798592163
3012714,5106.171676315075
3012715,7.510489978297677
3012716,1.2605946896768647
3012717,22.246560649173247
3012718,22.24526261720577
3012719,0.24042099789565866
3012720,371.7346302378974
3012721,0.30380815583111453
3012722,2.2893633318324746
3012723,6.7703642558857675
3012724,26.15032678627505
3012725,1.5791786917121629
3012726,127.81010728750144
3012727,275.838002891686
3012728,2.4610706166815577
3012729,8.471285972797268
3012730,157.0857892412865
3012731,57.04345752299455
3012732,2027.793742302157
3012733,65.05184783599783
3012734,3.41075363075593
3012735,5.52220098269033
3012736,0.21792601589273655
3012737,7.592017101724039
3012738,1807.5674304036565
3012739,0.2174182013577997
3012740,417.14028859652234
3012741,7.633380580748037
3012742,847.0024011372723
3012743,638.2465332813564
3012744,183.93244648267296
3012745,103.6858664739765
3012746,82.28510871921112
3012747,3003.1056845009707
3012748,25.827146129868325
3012749,1.0784673416191084
3012750,21.167187799905918
3012751,24.2777233053017
3012752,0.2188241550196311
3012753,206.23104836393483
3012754,12.656840274583587
3012755,12.310324854171617
3012756,6.813970893474717
3012757,57.41129841756781
3012758,8.29985397392982
3012759,154.65092963732062
3012760,257.9326211551341
3012761,9.778779239293558
3012762,7.205817156172442
3012763,174.03510415404148
3012764,44.51734303662433
3012765,1679.9275819139214
3012766,0.7769396822892469
3012767,4.929667735064394
3012768,2.570464881131224
3012769,0.2138032594875214
3012770,4.818834145177087
3012771,2055.9454220095668
3012772,0.2096595021203585
3012773,408.2499519575397
3012774,6.456277792002751
3012775,661.9313447136592
3012776,714.2030844856681
3012777,148.72014440173177
3012778,104.11912230408501
3012779,84.75213881386338
3012780,2568.2763891499203
3012781,23.242709079294553
3012782,0.6532240382394836
3012783,18.003748988894593
3012784,25.013157076479374
3012785,0.21451125385862896
3012786,177.93366838097816
3012787,10.369228638658708
3012788,26.25669450555083
3012789,3.1699417779850707
3012790,53.15597339415167
3012791,7.429270310555573
3012792,189.1709888414191
3012793,198.25864709026217
3012794,7.392222493421228
3012795,7.481537598185632
3012796,194.256389049777
3012797,53.93992028359589
3012798,1944.0410439535203
3012799,1.514363406888426
3012800,11.331560622375099
3012801,4.158674479251859
3012802,0.20678620302510878
3012803,3.330372399833312
3012804,4679.657121189756
3012805,0.1835742364335959
3012806,565.7158710122659
3012807,10.863790945185947
3012808,1095.0979215708883
3012809,678.9765800593232
3012810,272.7584974749094
3012811,204.16733020532672
3012812,56.64858196006852
3012813,4517.202402595717
3012814,7.340201365587186
3012815,0.22495909861403443
3012816,15.130834884760471
3012817,15.798694044435365
3012818,0.20223779693336366
3012819,232.5097074130723
3012820,0.2845205045801085
3012821,9.166422353640312
3012822,1.4693129990418048
3012823,48.16325333174008
3012824,1.7993821714643996
3012825,200.14001029092228
3012826,249.00730111003628
3012827,2.2322134603486057
3012828,1.4987793021771778
3012829,229.92066274621118
3012830,132.9052698433012
3012831,1927.8986628267357
3012832,2.2578502931136666
3012833,0.48732404659453815
3012834,11.171240485760139
3012835,0.24158503100302778
3012836,12.345014792539766
3012837,7653.38509841795
3012838,0.23311882538558854
3012839,1363.8663153247928
3012840,25.10612445878575
3012841,1977.5935160987208
3012842,1971.5967530485411
3012843,440.1050019392229
3012844,463.76863645831617
3012845,327.43130940932497
3012846,8465.326735855813
3012847,81.42991313196212
3012848,2.6393600683687533
3012849,102.78841398773176
3012850,100.03980759446718
3012851,0.36711035153598637
3012852,543.8640862174897
3012853,30.25385669427577
3012854,19.262034941629857
3012855,44.9110089667086
3012856,215.09720516018956
3012857,19.398357111511363
3012858,674.5486723636554
3012859,446.558569658646
3012860,32.078704500311204
3012861,28.4687303212271
3012862,834.506711078627
3012863,283.2976927072157
3012864,7297.445555149702
3012865,317.87383823645774
3012866,77.69887531765725
3012867,11.279298883037747
3012868,0.23028692635385917
3012869,12.004952817096406
3012870,7148.623659616408
3012871,0.2219104136890192
3012872,997.3671904742151
3012873,19.64538106681871
3012874,1956.3387196791155
3012875,1787.7532322419
3012876,568.1063647923877
3012877,286.3063261521787
3012878,206.52923718043826
3012879,9409.583466672359
3012880,92.86398495876679
3012881,1.226036004129123
3012882,53.33188939995519
3012883,73.7366872726333
3012884,0.5144857928217574
3012885,512.9591421613857
3012886,18.802362266097102
3012887,24.36363070934377
3012888,13.3163684759982
3012889,137.16783627345748
3012890,18.157407206544967
3012891,827.4844395237158
3012892,562.6028413708808
3012893,17.974550344237237
3012894,22.59366831342596
3012895,1028.0435077313016
3012896,196.72401125719853
3012897,4931.844636943901
3012898,404.0667523923119
3012899,66.36190879242369
3012900,8.73381085240862
3012901,0.22023380275938945
3012902,16.93631538701264
3012903,4425.678181979804
3012904,0.21279713561810956
3012905,752.5768841007197
3012906,11.02035789679423
3012907,1632.480233170452
3012908,1239.9839489175279
3012909,620.4052220089726
3012910,105.14715017821901
3012911,180.30500708704338
3012912,7911.068767116909
3012913,45.585165154612696
3012914,1.9724350193209945
3012915,31.211583267853804
3012916,24.680446423640504
3012917,0.3233078038462475
3012918,492.41145047732107
3012919,26.125293624440914
3012920,17.310879551623216
3012921,9.594403683590171
3012922,85.69471533316388
3012923,9.297184072921555
3012924,814.1669064567269
3012925,579.3092777490624
3012926,16.338345577545624
3012927,32.9530176362657
3012928,619.543101757827
3012929,108.36185009329205
3012930,2037.4418713323678
3012931,256.1661668731636
3012932,33.87800536662078
3012933,13.476175780568168
3012934,0.23421087387578568
3012935,18.503518147744863
3012936,6822.282153206903
3012937,0.2258076446821348
3012938,1013.4571036905879
3012939,17.764513063805985
3012940,1839.2261114242658
3012941,1717.8843474168866
3012942,506.12048141022876
3012943,279.3244672622198
3012944,195.83686070117992
3012945,8891.439350770122
3012946,41.77237549421286
3012947,1.0724167132603566
3012948,53.41055427500072
3012949,59.13959400718778
3012950,0.6609334235796895
3012951,496.5093440369001
3012952,25.07313623541038
3012953,22.207677502852558
3012954,23.854876451105227
3012955,151.35318203938758
3012956,11.887012650238434
3012957,716.9738550210562
3012958,566.7718199970716
3012959,15.971272875686044
3012960,20.577012151629155
3012961,928.2767207786397
3012962,199.3243928375547
3012963,4492.862272983067
3012964,373.02132325874857
3012965,56.741862249735654
3012966,9.578127992207135
3012967,0.2002846572129884
3012968,16.15903859927962
3012969,3395.3777431084172
3012970,0.19376731584516443
3012971,641.6446682494205
3012972,12.222419353160598
3012973,1554.6467391234341
3012974,945.9476535911983
3012975,455.4734401907716
3012976,76.07509194124461
3012977,125.75148089003676
3012978,6140.3891437630255
3012979,34.66170684218456
3012980,0.33818943192644796
3012981,23.834546391189875
3012982,26.11288918444179
3012983,0.24435009993839366
3012984,437.51362425837044
3012985,20.431600606028987
3012986,6.9306882000904615
3012987,5.973918045588861
3012988,77.81040175759517
3012989,4.699670221894217
3012990,690.8824093539506
3012991,543.1854292183925
3012992,13.345095870610118
3012993,18.546846011624364
3012994,586.9187403292276
3012995,71.40717640125122
3012996,1453.904395751263
3012997,251.68194394777004
3012998,16.32219552145611
3012999,9.800376231191125
3013000,0.24032843423641648
3013001,13.297007876193774
3013002,5596.374850606413
3013003,0.2318707971876525
3013004,1013.755448956586
3013005,22.615202147522208
3013006,1587.648577949294
3013007,1881.8982969408664
3013008,351.84377627620387
3013009,402.11293640301267
3013010,246.62605211277102
3013011,6924.137713377461
3013012,76.63977528235678
3013013,1.1227822859790666
3013014,43.34164889320101
3013015,48.17837788790389
3013016,0.4431363590143528
3013017,438.1140416713474
3013018,14.458961754231256
3013019,20.077790971626417
3013020,11.14551174678484
3013021,156.56967647368162
3013022,16.233102078454298
3013023,650.8941824232289
3013024,436.1508771819318
3013025,14.285992943104157
3013026,24.118857612062207
3013027,811.6416232143018
3013028,194.26061239556358
3013029,6346.9892766860685
3013030,220.4449526038433
3013031,65.20223328518821
3013032,5.422970786033408
3013033,0.3058643818581993
3013034,6.128825057958752
3013035,1566.6507109716292
3013036,0.21828605646093474
3013037,315.1827608333321
3013038,17.977341183867484
3013039,682.2771829937001
3013040,480.76635301297233
3013041,189.51869591888973
3013042,70.67322356538214
3013043,69.16235045263893
3013044,2482.5938531806496
3013045,22.5947072345181
3013046,0.7973730710822513
3013047,21.105599196986873
3013048,19.65615079760668
3013049,0.2250309721840529
3013050,185.58224074567937
3013051,10.226313226179187
3013052,5.468763996753354
3013053,8.53290223995351
3013054,40.48266377352638
3013055,6.945218572077531
3013056,210.14610846336225
3013057,217.67585252357512
3013058,2.521784189909876
3013059,5.771733302318775
3013060,217.35075002330547
3013061,48.04859147611139
3013062,1312.0377500242653
3013063,1.0146731715208372
3013064,8.46360627910471
3013065,8.346736879128358
3013066,0.21765218599446237
3013067,12.411406393880112
3013068,3638.3749848008356
3013069,0.21024378426729573
3013070,483.3176061787227
3013071,26.456461638861096
3013072,1286.8583168307487
3013073,991.6557641515134
3013074,392.4330304545912
3013075,85.85597974660256
3013076,97.22929486427796
3013077,5754.53147162479
3013078,67.40631818272139
3013079,1.1542341822133708
3013080,39.19926392198773
3013081,27.4226681393733
3013082,0.21835027144844069
3013083,335.1955318997105
3013084,13.455502141853483
3013085,5.355007318754153
3013086,3.076282846210738
3013087,90.74384032213916
3013088,8.044751518345016
3013089,473.36303198498473
3013090,435.76816670383744
3013091,9.234680409673134
3013092,18.93831820042932
3013093,339.6495872834849
3013094,67.60293186112195
3013095,1749.9364284050746
3013096,283.8259886478403
3013097,13.47334339764494
3013098,5.7337309058021235
3013099,0.2274964430510357
3013100,3.5106063620113277
3013101,3872.0853570583795
3013102,0.21912630566854008
3013103,743.6022820465693
3013104,8.18371657505526
3013105,1211.1605386681701
3013106,1334.633486344628
3013107,201.66597895860718
3013108,296.432211821883
3013109,190.95121917625045
3013110,4391.041467216827
3013111,42.48773137974157
3013112,1.4917479031441752
3013113,24.64654050376626
3013114,40.602291814595866
3013115,0.33635538506757295
3013116,273.9196340947276
3013117,2.4759193102294135
3013118,32.78516929296447
3013119,4.454561768466678
3013120,87.29519253317504
3013121,8.367501661270783
3013122,503.88698259813555
3013123,240.13539215309862
3013124,16.110087003575075
3013125,9.086331985948119
3013126,625.600472587678
3013127,101.47875466729529
3013128,4404.663092754667
3013129,2.5928721141566022
3013130,38.98408856189311
3013131,5.876437058122845
3013132,0.2246803786076549
3013133,8.329515327177555
3013134,3698.664559572774
3013135,0.1959283057257082
3013136,678.1252148375684
3013137,9.381757047694741
3013138,1258.5842772902195
3013139,1007.8983045645504
3013140,312.2374872310965
3013141,163.70949599656717
3013142,214.66175304457977
3013143,4840.781864699692
3013144,33.808946884784326
3013145,1.6382632612783352
3013146,41.71287561911779
3013147,51.51455682754788
3013148,0.22073898219097263
3013149,291.0736356545407
3013150,5.502944532408335
3013151,35.900735947965586
3013152,7.010294058432484
3013153,156.7719003017366
3013154,8.008450504113194
3013155,356.7977581294148
3013156,268.84245128190435
3013157,10.850668830272983
3013158,19.58643898861416
3013159,355.5387556310591
3013160,109.9116602218257
3013161,3660.9867932418615
3013162,4.181887257866788
3013163,5.928963546555979
3013164,5.983491974343995
3013165,0.21763727292811536
3013166,3.1152993687491
3013167,1720.3685096052618
3013168,0.21280837789465792
3013169,409.05444565592774
3013170,4.872410519676755
3013171,760.977231618457
3013172,476.9586217183749
3013173,188.18693064996927
3013174,74.47172247815983
3013175,81.2836444646942
3013176,2476.99178159968
3013177,13.309487436124616
3013178,0.9014490676097902
3013179,19.51064604278333
3013180,18.91725236565024
3013181,0.2088732882693543
3013182,170.86695335225733
3013183,4.841824307303372
3013184,8.596114181678745
3013185,5.097739894039145
3013186,49.927364640891504
3013187,2.999791282082958
3013188,201.22125015001924
3013189,191.80533203097298
3013190,3.296861452742605
3013191,4.679614148608565
3013192,147.22293341475364
3013193,53.546729515813446
3013194,1464.915324401895
3013195,2.011174222372188
3013196,2.7971883820590224
3013197,4.642357407114437
3013198,0.19396221046544046
3013199,2.5002902702820577
3013200,3567.7544677405735
3013201,0.18496517147465455
3013202,239.2421106611272
3013203,2.8627251255021946
3013204,1014.3535796868797
3013205,236.1253070557666
3013206,202.24095655413998
3013207,65.40031970122547
3013208,26.851017364886705
3013209,3193.477975344953
3013210,8.17321996061006
3013211,0.454078940421807
3013212,15.455628449624914
3013213,10.439812096829957
3013214,0.18966291196629226
3013215,208.1057608311641
3013216,0.0
3013217,98.9449907085361
3013218,2.7855060184566343
3013219,24.183765073717403
3013220,0.6290993913291534
3013221,47.16758008733631
3013222,153.7821783937918
3013223,0.23183988851946266
3013224,1.5751564153140776
3013225,54.933911881354376
3013226,78.38456955046867
3013227,830.9759113316746
3013228,61.31865351293534
3013229,1.5877513694176524
3013230,5.064481252609138
3013231,0.20593087153700676
3013232,6.103650385508392
3013233,2788.897852033431
3013234,0.2054280583802925
3013235,481.2880281646367
3013236,8.271851709441963
3013237,1040.7405024321454
3013238,839.3741522906955
3013239,299.66188442730214
3013240,141.0779408835511
3013241,121.49760888764784
3013242,4200.563497000146
3013243,30.569704456051866
3013244,0.6407648825056302
3013245,18.00408380286331
3013246,53.24334563516626
3013247,0.20758984370246913
3013248,268.26791118660185
3013249,17.384369214451468
3013250,10.452225967091382
3013251,10.926064357108476
3013252,56.34603553583961
3013253,5.781671256091454
3013254,404.6456095434773
3013255,296.46213563599724
3013256,8.247284801877798
3013257,10.125938479505574
3013258,459.52965425456705
3013259,83.9196709717879
3013260,1956.1455910814038
3013261,195.09771393021808
3013262,32.2541569656314
3013263,3.673838996124971
3013264,0.2571748732571956
3013265,6.932220647875618
3013266,3646.8720641785058
3013267,0.26538459102177375
3013268,678.8578780838232
3013269,14.547352109993591
3013270,1006.6758591969087
3013271,1249.6678642313698
3013272,180.3473423152987
3013273,265.63741271591243
3013274,185.64178477844106
3013275,3672.9059805813567
3013276,35.046199900745464
3013277,1.556280981576855
3013278,26.660107805408067
3013279,31.116157658267497
3013280,0.6933011423135438
3013281,227.93478746476075
3013282,11.142705091826299
3013283,41.32252071910363
3013284,7.592126132867426
3013285,106.01374493693358
3013286,14.513068755029796
3013287,456.15693122451205
3013288,237.505583511547
3013289,5.825174459213782
3013290,13.298858931027343
3013291,633.0645652540181
3013292,115.0191862632514
3013293,4504.644935695356
3013294,1.2838961150458057
3013295,43.84986524272517
3013296,3.004903089559197
3013297,0.4605111744448386
3013298,9.152427628931465
3013299,3696.1159546979447
3013300,0.23040957408242696
3013301,725.644621515654
3013302,14.966996088805088
3013303,1028.7339238578857
3013304,1196.1632443321487
3013305,232.08421338846466
3013306,249.42258770471724
3013307,131.40992663929214
3013308,4096.640852242135
3013309,32.62061257764424
3013310,2.101117935905194
3013311,29.745158597277516
3013312,42.36545235953014
3013313,0.32274101200825783
3013314,287.761182264777
3013315,22.977505082430653
3013316,25.813692802842322
3013317,20.29909787071734
3013318,116.22684104111808
3013319,14.717146802792563
3013320,338.3604297324606
3013321,275.7282961146323
3013322,11.956615393204101
3013323,18.56633915999193
3013324,477.2363598748183
3013325,120.93742702976488
3013326,3661.415847922143
3013327,0.8953862933087271
3013328,30.546055887061378
3013329,9.54662275726135
3013330,0.28369775395909763
3013331,7.898697575864645
3013332,3096.491895524944
3013333,0.22345815337827782
3013334,478.1896242271561
3013335,11.354188738978873
3013336,1315.5246693913152
3013337,755.50522170194
3013338,462.8929252500453
3013339,199.0627792595522
3013340,85.37900048186557
3013341,5869.862027715127
3013342,8.365090223520067
3013343,0.9121969363326001
3013344,40.59892587860021
3013345,33.584107259924465
3013346,0.223246705303499
3013347,376.7662198573785
3013348,7.844978485497894
3013349,7.565897503240343
3013350,9.362019414023665
3013351,41.796220685300995
3013352,3.2240747324407044
3013353,320.71285663204577
3013354,428.0064837468496
3013355,5.191492737801237
3013356,5.500730640769212
3013357,364.51053456879896
3013358,105.53192671853357
3013359,2252.3575250341314
3013360,126.16869109158164
3013361,11.896183479033494
3013362,3.1935379140141285
3013363,0.2819498897482184
3013364,3.8572653141196804
3013365,2208.8199814453646
3013366,0.2804681616348366
3013367,394.38056659121816
3013368,9.46096642334855
3013369,699.5802898407225
3013370,754.4396472495981
3013371,140.3752483069498
3013372,136.63409891543373
3013373,128.73419700293053
3013374,2713.263135000725
3013375,17.85214424437112
3013376,1.1777595599819977
3013377,19.10238678637153
3013378,23.438551277476964
3013379,0.36816320091375526
3013380,189.61570374651617
3013381,11.899040092105887
3013382,24.122383990172935
3013383,5.690323574641852
3013384,106.09978937350473
3013385,4.338954496453858
3013386,285.54671110721955
3013387,183.8625989375285
3013388,3.312662329103179
3013389,8.643948104529485
3013390,306.19518553168365
3013391,60.97105782846254
3013392,4035.885323868886
3013393,116.90632916298432
3013394,22.198296796219505
3013395,1.1557586874390613
3013396,0.19470638538963647
3013397,1.4343922010376948
3013398,1049.7139424880897
3013399,0.18821933308824096
3013400,80.08355011541983
3013401,2.7074495467999817
3013402,570.6901484839442
3013403,338.9036433517925
3013404,208.46006221957728
3013405,33.258831976145856
3013406,24.555671234401775
3013407,2248.6319347971175
3013408,2.795608554606576
3013409,0.32055204817598576
3013410,6.096007441396727
3013411,7.19324533776269
3013412,0.1880527593904958
3013413,136.31112802896078
3013414,2.0052882306217357
3013415,86.16665267626404
3013416,1.3790058581002325
3013417,12.307818757415824
3013418,0.317121316285004
3013419,149.13731443578638
3013420,142.05384135649314
3013421,0.5069791256068699
3013422,2.1486633761694733
3013423,117.07577047105443
3013424,17.714659167161095
3013425,222.94100150115307
3013426,6.277380467517736
3013427,1.0165449430808775
3013428,4.594613199733901
3013429,0.27950972813028147
3013430,3.717001379802304
3013431,3964.1379602914217
3013432,0.20444217953981436
3013433,626.4460751803166
3013434,9.91161686215056
3013435,1622.683404159537
3013436,626.2248273442159
3013437,428.2523613025954
3013438,187.62152690263454
3013439,65.78091308303145
3013440,6431.869039737097
3013441,19.7962173889453
3013442,0.5238315522819381
3013443,21.711401666971287
3013444,15.103557510192143
3013445,0.26747111656200007
3013446,437.0770002772988
3013447,6.5740680189059395
3013448,2.1703341646481316
3013449,6.953674524709174
3013450,33.499488897289645
3013451,1.3985259194118318
3013452,597.4598172201913
3013453,325.129830118043
3013454,1.8147163216897937
3013455,10.98473277077482
3013456,358.06240972148515
3013457,90.0934715038267
3013458,1281.9160351332914
3013459,27.06096623809253
3013460,6.160653989569447
3013461,3.9441756446944076
3013462,0.2172292902411213
3013463,1.0522394933743744
3013464,1370.5881149816714
3013465,0.2158349584900881
3013466,170.94866237984303
3013467,7.242131564870711
3013468,710.2292836642306
3013469,435.86835519454775
3013470,184.12268438837768
3013471,52.498152376479794
3013472,32.71355427581782
3013473,2582.769098529786
3013474,5.66825389206148
3013475,0.37212860296107325
3013476,9.149589187218488
3013477,14.319278780118113
3013478,0.22689634299244593
3013479,161.80147969034522
3013480,4.631929586217807
3013481,122.18110538775247
3013482,8.265576215188522
3013483,30.910795238872026
3013484,0.9353902247312327
3013485,135.46792289816838
3013486,163.64284787377423
3013487,0.9322056727661296
3013488,4.623077785349066
3013489,129.94677539138033
3013490,30.32257185312314
3013491,319.60026723920305
3013492,14.23314854350102
3013493,2.216177165998268
3013494,3.272452065465272
3013495,0.19555338192359964
3013496,3.185567758085619
3013497,1241.711429735898
3013498,0.17093067290790387
3013499,109.06523239837968
3013500,4.518743970789909
3013501,613.6278223249009
3013502,284.572446785891
3013503,138.67471011974388
3013504,43.363603609954
3013505,23.75319483033223
3013506,2376.8507493375832
3013507,7.2246672440527355
3013508,0.276480854709666
3013509,7.924989837262958
3013510,6.992774652737241
3013511,0.1899779638506699
3013512,121.96262637570713
3013513,0.9783953817642455
3013514,90.59006173474171
3013515,1.3543060371238393
3013516,30.396108403799737
3013517,0.6017477862406262
3013518,115.64651673390668
3013519,165.662156127892
3013520,0.44592194743784663
3013521,3.5072404165984654
3013522,59.328171634220304
3013523,18.41381355483013
3013524,160.36589614340713
3013525,15.974437027716395
3013526,0.7743390279648485
3013527,2.671142689835286
3013528,0.21313404854327006
3013529,1.4734326558686228
3013530,1388.0453060551613
3013531,0.20568002997140414
3013532,152.5349588607585
3013533,6.11482258695363
3013534,780.8022910414243
3013535,439.4378157268908
3013536,233.27865609031045
3013537,26.657844008445966
3013538,32.63430563402819
3013539,2554.72588713751
3013540,3.44838922441655
3013541,0.3124783823063114
3013542,7.282931521297565
3013543,16.50791380919878
3013544,0.21937925839847952
3013545,172.1424417980819
3013546,0.691655147390092
3013547,133.96187162063958
3013548,2.253985845131783
3013549,13.928527137649892
3013550,1.396367801412707
3013551,145.17001909713295
3013552,235.4691646504274
3013553,0.7545864214399369
3013554,3.4793678220245505
3013555,56.3951073931208
3013556,78.55863003064692
3013557,360.7541458507081
3013558,8.634433413536987
3013559,3.0504602488107473
3013560,2.8429897228803225
3013561,0.6375951373606976
3013562,2.463498434614785
3013563,1565.7768383583932
3013564,0.22822511782457186
3013565,135.44884550871234
3013566,3.1080759609662136
3013567,758.2419870757238
3013568,399.5576948490989
3013569,222.51920231308958
3013570,86.53334698555379
3013571,54.61092972962883
3013572,2572.766357336029
3013573,6.072284343626621
3013574,0.8238677775117011
3013575,11.833699612214746
3013576,17.884960372581844
3013577,0.2389109588702752
3013578,200.2397632771669
3013579,6.247946917698566
3013580,130.34379015636028
3013581,3.4721045611223156
3013582,26.901138152714605
3013583,1.3106087614831803
3013584,121.0392337935827
3013585,178.3303011848878
3013586,0.6731200439629068
3013587,4.001455353122704
3013588,109.77799865620551
3013589,45.272563014989785
3013590,645.4476630672273
3013591,21.21286563939896
3013592,3.173969270663653
3013593,3.018510665818175
3013594,0.24490368540392865
3013595,0.872306853057889
3013596,1193.9072426714658
3013597,0.16542976450165195
3013598,137.2416632156264
3013599,3.4353742043156243
3013600,658.7030837276897
3013601,267.30439301962696
3013602,138.32049679352122
3013603,102.90115744578792
3013604,24.86725853491585
3013605,1861.5801690548876
3013606,3.4329400737998608
3013607,0.2722265877885976
3013608,8.69551243604855
3013609,9.811589176735273
3013610,0.19414180547826312
3013611,136.8077397516553
3013612,0.0
3013613,121.43229770316816
3013614,2.0248596744007
3013615,21.208293817823808
3013616,0.6561141018640799
3013617,50.00259217043906
3013618,123.98577861761751
3013619,0.6052310519322961
3013620,1.858283999208354
3013621,60.723072980692606
3013622,27.745692194734442
3013623,494.2492045089084
3013624,58.676706036646856
3013625,0.7467705521340677
3013626,5.197941419396447
3013627,0.33400999561837924
3013628,2.707481595977888
3013629,2329.6672460257155
3013630,0.1992747832143955
3013631,265.9159170745389
3013632,4.067562181268049
3013633,906.245036382651
3013634,912.8925716067267
3013635,393.0423769191464
3013636,131.47979168818668
3013637,68.93106837716348
3013638,3663.332408884296
3013639,8.963237074765482
3013640,0.6706272333445111
3013641,18.752447775652392
3013642,20.146811710541428
3013643,0.2539798891939821
3013644,239.80100452061183
3013645,0.414538657087839
3013646,117.23151722533007
3013647,9.478313899245133
3013648,28.31133125471854
3013649,2.903710614390281
3013650,219.4069499330901
3013651,218.91052730647033
3013652,1.5630341694571843
3013653,5.83219311691201
3013654,262.3586123070269
3013655,51.45769103223498
3013656,1250.7883572521166
3013657,31.2098306510333
3013658,7.8298561115477465
3013659,2.6031672929043275
3013660,0.33774437353664366
3013661,3.6722573108003775
3013662,1724.1459079717285
3013663,0.1812885646414628
3013664,458.2649647416877
3013665,5.358148469037348
3013666,461.66054678518077
3013667,639.6770193246095
3013668,176.2401120539701
3013669,138.83900417832925
3013670,43.99989507361494
3013671,2397.213855559279
3013672,7.86020069883809
3013673,0.5513391903727201
3013674,13.550273804815834
3013675,14.08227311874514
3013676,0.19819697720358986
3013677,154.85235086340165
3013678,5.583816596219817
3013679,2.8249978028205978
3013680,8.580543016045938
3013681,50.688637856260875
3013682,1.4131389189876042
3013683,74.62140742041181
3013684,140.78317973228744
3013685,2.390414011165893
3013686,4.865421016233116
3013687,141.3009823145541
3013688,49.847020348727
3013689,1641.8889804548255
3013690,35.298922587904485
3013691,7.863687459122685
3013692,4.156712550472848
3013693,0.3204164636102786
3013694,3.105033647953337
3013695,2261.590969946189
3013696,0.21367980553118238
3013697,137.90766450420148
3013698,4.461970772570929
3013699,719.1936629042949
3013700,344.95889559727266
3013701,262.2604648800648
3013702,43.86652929089143
3013703,34.816309543119765
3013704,2791.6477217649717
3013705,9.104674136842199
3013706,0.8332001155174471
3013707,11.118799464173964
3013708,10.915244810256178
3013709,0.27192827727130764
3013710,147.7773872773316
3013711,4.952077434354104
3013712,120.26474841897253
3013713,3.418963169655761
3013714,20.131131525696254
3013715,2.016940255670308
3013716,111.5391589075704
3013717,147.69133324881943
3013718,0.8001111608882652
3013719,4.032271772142765
3013720,70.33308909003294
3013721,21.992187170671748
3013722,380.4386767298044
3013723,7.402746081531003
3013724,3.0197323491342676
3013725,4.970728434383385
3013726,0.2921371690977939
3013727,8.028813422451123
3013728,2489.1683930602408
3013729,0.2907638963997198
3013730,606.2839568989173
3013731,8.622621195473807
3013732,774.9949133652568
3013733,750.0287171589457
3013734,191.0544715011007
3013735,147.8234535798143
3013736,90.82430119687182
3013737,3286.498832835845
3013738,29.535632838802805
3013739,0.9326090860740837
3013740,15.675950277347887
3013741,28.29102852809062
3013742,0.2999900828401311
3013743,216.31011104788095
3013744,14.430701216621191
3013745,17.654061591562833
3013746,6.349294862427514
3013747,67.93679811291771
3013748,7.625150527069252
3013749,373.4520258160751
3013750,223.32315154922873
3013751,7.372358835215222
3013752,6.651453334439078
3013753,416.0184515916871
3013754,109.04672962988256
3013755,3193.5079913326663
3013756,63.94681759571105
3013757,29.963927441293375
3013758,5.204915387880106
3013759,0.2515293240432561
3013760,3.268999023270882
3013761,2871.176179621462
3013762,0.18922617750594609
3013763,358.90212767242105
3013764,5.114093697355887
3013765,889.5101551525752
3013766,737.0986424113722
3013767,448.20359509113285
3013768,62.36612118668157
3013769,52.6177173411743
3013770,4281.421593400798
3013771,8.508362562890113
3013772,0.39246436489159053
3013773,15.968007051130325
3013774,11.218019469018651
3013775,0.19924017235202632
3013776,253.35446262961128
3013777,0.997543882675527
3013778,4.900067600820154
3013779,3.331813430294474
3013780,40.70430699257066
3013781,0.8283065613615594
3013782,219.86170629134259
3013783,277.0447408434082
3013784,2.5763791408636747
3013785,4.2940606337117435
3013786,199.1534505111634
3013787,49.19805353897112
3013788,857.031267667459
3013789,61.19999044533141
3013790,7.765852908471883
3013791,6.612651137920017
3013792,0.31985466126033296
3013793,2.7462398797998944
3013794,2494.4641056185505
3013795,0.25260843983982173
3013796,357.08225923348596
3013797,4.735361561633849
3013798,951.4534818712154
3013799,632.2231927823409
3013800,251.98355105329682
3013801,212.0908401923209
3013802,74.56828943714137
3013803,3367.735424274202
3013804,12.497790696300505
3013805,0.4950727380440934
3013806,24.167827517816974
3013807,31.524860022763484
3013808,0.26081465894701494
3013809,240.44469343156698
3013810,2.2497247713069357
3013811,2.9568854474899253
3013812,5.911757971364135
3013813,77.12151333978747
3013814,1.2216234244605122
3013815,98.78860441438644
3013816,214.8006153761406
3013817,1.8110601318857995
3013818,4.60158066154476
3013819,129.80267553447274
3013820,112.2177266108761
3013821,1196.664135300364
3013822,5.829417986725528
3013823,3.7041676282560037
3013824,3.1352813854406385
3013825,0.2230497752607594
3013826,1.858455225000819
3013827,1511.887516926129
3013828,0.1878075956260334
3013829,119.3866399032074
3013830,4.593199194698076
3013831,588.3312609535484
3013832,327.753014747908
3013833,136.76294619000225
3013834,45.52746701815654
3013835,36.623687834927374
3013836,2314.3361069557186
3013837,5.8121902799907454
3013838,0.48113638665343406
3013839,19.84395866556595
3013840,16.6051879468687
3013841,0.1878852973758243
3013842,150.74025981111282
3013843,0.5069802045814795
3013844,134.67326102229788
3013845,3.620210194016189
3013846,39.90147527472449
3013847,1.8274274337277077
3013848,108.02024305733644
3013849,144.3020808919654
3013850,0.7335536846938129
3013851,4.4743894192836065
3013852,129.25356630156404
3013853,27.89289599373546
3013854,421.56146212623145
3013855,9.84237662088512
3013856,1.0954668525749
3013857,1.4401709719410412
3013858,0.2019167079879061
3013859,3.2362457779240623
3013860,1293.638279581621
3013861,0.2712649668047903
3013862,273.5445540931609
3013863,6.535918555734148
3013864,513.6688296220444
3013865,480.7719466133427
3013866,121.55857934329293
3013867,43.43826077741833
3013868,54.742211052503514
3013869,1961.038723121385
3013870,23.008008770497298
3013871,0.41143085243088584
3013872,10.622496612757102
3013873,11.93456273073759
3013874,0.2656863731396065
3013875,128.47236862937888
3013876,11.035502931257579
3013877,2.0172057908247014
3013878,3.3932852819133306
3013879,41.28571535895217
3013880,3.1849589252942785
3013881,581.8661500957916
3013882,144.27449973577305
3013883,3.0030098927444495
3013884,4.241980658241603
3013885,309.5424303074099
3013886,30.41668754770072
3013887,1646.4981986393036
3013888,59.88498101006392
3013889,6.437211963366262
3013890,2.1491861102103726
3013891,0.2536656277227641
3013892,3.4705819604647825
3013893,3194.0119473953982
3013894,0.3176943999428456
3013895,726.5121128448167
3013896,11.734524225259001
3013897,1069.5070727892085
3013898,1235.7146028514478
3013899,266.9906345121095
3013900,207.53964802452128
3013901,155.52198928510202
3013902,3816.1515094427464
3013903,24.052546838673056
3013904,0.7185770419067441
3013905,17.919623997155707
3013906,27.441572070061646
3013907,0.33982533524889563
3013908,256.33480682984833
3013909,7.886822330172462
3013910,44.1963216999731
3013911,7.705722305742844
3013912,83.9434573533724
3013913,10.089941011663823
3013914,394.04770309631584
3013915,261.58106302260734
3013916,12.946479386339236
3013917,8.237546422335603
3013918,517.6056687343083
3013919,112.39644562354161
3013920,5282.456748069688
3013921,116.49539041439934
3013922,22.58015486195272
3013923,1.9129069317983265
3013924,0.2121089269399632
3013925,2.608632621024685
3013926,1657.838502502596
3013927,0.2025685189268796
3013928,358.98567829492265
3013929,5.1734399916768385
3013930,368.96216457439965
3013931,514.1227570736023
3013932,135.90525769763863
3013933,98.41022393642244
3013934,69.36193164413169
3013935,1618.1757146881112
3013936,15.11086441924785
3013937,0.6980265277884634
3013938,13.3323230721249
3013939,12.157757079004964
3013940,0.21815395638880591
3013941,100.02105104593376
3013942,0.2639285036948073
3013943,28.502708889236445
3013944,2.8537984404825223
3013945,150.17319913778167
3013946,5.688071715315536
3013947,195.90508892342183
3013948,97.79275992477366
3013949,3.6257882704233246
3013950,4.334335761558968
3013951,156.10400480939376
3013952,32.88967884186424
3013953,2388.2470921721283
3013954,1.488649071837973
3013955,2.7492482252631283
3013956,2.5085627798191887
3013957,0.1961406020578601
3013958,0.5804163296760587
3013959,712.5431380477452
3013960,0.0
3013961,194.67418384081648
3013962,3.9311730913818135
3013963,267.7185877214397
3013964,214.4414600783481
3013965,69.24963381497072
3013966,27.89268081420004
3013967,22.65445267107692
3013968,1117.0134859791528
3013969,3.801595629676938
3013970,0.4421569931597267
3013971,6.235629553190677
3013972,6.873681722032262
3013973,0.23532094553343
3013974,59.91632897110694
3013975,0.29934075089402307
3013976,6.066064557658703
3013977,1.930008650492761
3013978,23.817752205954317
3013979,0.25687511649405725
3013980,182.64785049734743
3013981,83.58907558810837
3013982,1.3695497656419935
3013983,0.8848452101362152
3013984,110.52583473568448
3013985,17.258153369250184
3013986,733.3237665037556
3013987,0.8389674540418555
3013988,1.2969018510826662
3013989,4.222416507956896
3013990,0.3702965014361351
3013991,2.696619169733936
3013992,2566.862978503085
3013993,0.2674618984063831
3013994,576.7456491684079
3013995,10.469464369714055
3013996,787.4049040597439
3013997,837.8458539137034
3013998,249.89172891988207
3013999,203.3164835285492
3014000,96.86748909552367
3014001,3258.0308557902913
3014002,21.147633437031224
3014003,1.6609967782497828
3014004,17.081062425712187
3014005,24.880029110421884
3014006,0.27231887101143154
3014007,200.82252031179723
3014008,3.9389599370431556
3014009,30.27182773806262
3014010,6.555051003967113
3014011,105.55479932488267
3014012,2.7396743344373804
3014013,247.97445876002067
3014014,201.93765220466705
3014015,8.188649055779509
3014016,8.205531362587308
3014017,346.2755722486016
3014018,74.20426250965723
3014019,3839.2902848517547
3014020,1.4348853926142087
3014021,14.166233512192951
3014022,3.7621858963542216
3014023,0.2546145939898266
3014024,2.0467720829982676
3014025,2333.8337208096696
3014026,0.24996967899253436
3014027,480.3765381372727
3014028,10.232279943222599
3014029,772.3561441776421
3014030,815.8777200966949
3014031,282.1987082864415
3014032,176.49300368375546
3014033,48.173942405841224
3014034,3755.0009858926055
3014035,9.26929610361304
3014036,0.5396519480892921
3014037,22.64140934382838
3014038,12.931403795123671
3014039,0.44093267484999776
3014040,195.43186143484715
3014041,0.0
3014042,4.890871132299793
3014043,3.247204162360746
3014044,38.87558742593376
3014045,0.6866497594918963
3014046,159.66236676637016
3014047,258.2921395308179
3014048,3.367096112937185
3014049,3.0106746567901226
3014050,148.30081566679542
3014051,63.53518371497633
3014052,1526.303806296742
3014053,1.877263100100167
3014054,2.6894244344241516
3014055,4.335175915780488
3014056,0.3220966960859399
3014057,3.0495049363703357
3014058,2527.781592348532
3014059,0.18818748388796427
3014060,539.4842334365871
3014061,8.250146444795506
3014062,746.5742061332154
3014063,747.9181437802926
3014064,220.9889383399858
3014065,147.26488022818114
3014066,51.563112495083445
3014067,3275.8256204566883
3014068,10.051489375274658
3014069,0.7634615955698687
3014070,18.61310506316829
3014071,15.256913048491374
3014072,0.26063757574772756
3014073,198.81045125442617
3014074,0.0
3014075,5.144478326382719
3014076,4.205046495234431
3014077,60.95772767256867
3014078,0.9009025122213792
3014079,97.80271758260395
3014080,182.019119238013
3014081,2.8330542344530385
3014082,3.962104522197511
3014083,144.39167625082024
3014084,57.09481601133934
3014085,1116.288609285135
3014086,1.5507404508527864
3014087,3.9849201715471123
3014088,7.604734238577462
3014089,0.491495066251371
3014090,13.020462869026852
3014091,7468.733215875877
3014092,0.30289790269759304
3014093,1155.5123446847185
3014094,29.342645208547072
3014095,1770.9949369348565
3014096,1889.9156483442166
3014097,295.3601869804451
3014098,421.9403009343306
3014099,273.57517820446
3014100,7828.697850134634
3014101,78.60263451138631
3014102,1.9068378691942778
3014103,47.943138294499626
3014104,48.79895812655997
3014105,0.4896074658808842
3014106,445.39839266964134
3014107,32.13790844558921
3014108,67.96816168166082
3014109,20.858129198290257
3014110,177.48000791662315
3014111,21.050958471351155
3014112,603.2996712623952
3014113,472.20387262615515
3014114,14.71405241866266
3014115,22.129592879958402
3014116,958.7058784498404
3014117,233.7268826504553
3014118,11499.421990391911
3014119,1.292360708875226
3014120,76.27571324893245
3014121,2.0184244437765324
3014122,0.274034023607814
3014123,0.6980836658586131
3014124,1537.241044496484
3014125,0.18031469710140896
3014126,150.3446037370528
3014127,3.7713166911322746
3014128,450.1952051444257
3014129,325.85450321766115
3014130,108.22449316294986
3014131,92.31849547792552
3014132,41.33648054596041
3014133,1874.8608681707449
3014134,4.344904859074381
3014135,0.3311949448844846
3014136,10.104021460640508
3014137,6.442563141256155
3014138,0.20947328827601883
3014139,127.40983581242193
3014140,0.4513660867050547
3014141,124.85041514217751
3014142,2.1407392294649417
3014143,28.875516993783915
3014144,0.4920667181919001
3014145,52.49850486719212
3014146,86.0475814434324
3014147,1.130383792369872
3014148,3.157225548566183
3014149,93.83323978180523
3014150,18.79292593294579
3014151,549.290857908857
3014152,7.998126373891795
3014153,2.5523878455129143
3014154,6.399870468085225
3014155,0.2175834252073315
3014156,1.3065123048707332
3014157,2705.4368336226835
3014158,0.19202048249642337
3014159,427.11994478735306
3014160,7.036304115857103
3014161,869.6948586031552
3014162,699.7982135815017
3014163,186.55714634640898
3014164,216.29997971869886
3014165,68.92326444047949
3014166,3990.4278597319512
3014167,9.699606411328396
3014168,0.37932658501302535
3014169,15.979482316584999
3014170,18.48604430303962
3014171,0.2219531272525303
3014172,214.20100756106012
3014173,0.6247236693748541
3014174,4.5085276656874615
3014175,5.70258369832027
3014176,16.960698555458425
3014177,0.9644911942553092
3014178,262.1303346862346
3014179,211.02691112277677
3014180,3.4132667271783506
3014181,4.488898646920355
3014182,99.05904128182577
3014183,55.78643946438173
3014184,1276.1679424916986
3014185,1.438286068560417
3014186,3.5551640943545353
3014187,1.1151780778572613
3014188,0.17351767567174314
3014189,0.49270991272597103
3014190,771.9480262830438
3014191,0.16383787351101917
3014192,98.48594120916182
3014193,2.232058443182189
3014194,479.57988173237766
3014195,162.47866945567762
3014196,84.76818015572681
3014197,140.91148407852268
3014198,12.48718288575339
3014199,1627.3743988631238
3014200,1.412722479684017
3014201,0.2700414547762516
3014202,6.692853486942875
3014203,3.667343350035951
3014204,0.19175933420598706
3014205,75.3552152509533
3014206,0.29174525153359954
3014207,90.14947424763447
3014208,0.9449870057190597
3014209,14.854633759935956
3014210,0.2667670510366003
3014211,54.31329456538454
3014212,74.52154717242819
3014213,0.4102581300155418
3014214,0.8153666824700283
3014215,43.43395290605383
3014216,8.288221461289515
3014217,186.36740223221148
3014218,48.26758612281208
3014219,0.8099193819995052
3014220,5.084135820102126
3014221,0.19943901665089378
3014222,1.5663165078938315
3014223,1894.3038369214025
3014224,0.19340520017215562
3014225,197.02782201423247
3014226,5.426549241175036
3014227,758.2424093560106
3014228,482.2741557747983
3014229,156.98036184760073
3014230,122.81249325617401
3014231,43.77909308499249
3014232,2504.0879313627906
3014233,2.6465883888639303
3014234,0.35932040441410434
3014235,21.6836072052956
3014236,14.061295228635048
3014237,0.19637834599798956
3014238,176.36894959959574
3014239,0.0
3014240,113.53134076842596
3014241,8.676630713741956
3014242,31.453427856230896
3014243,0.7700021114551394
3014244,224.3138638833499
3014245,172.06901121338834
3014246,1.4983912877309034
3014247,2.696737643368266
3014248,184.84763716324565
3014249,27.710947257323763
3014250,1163.1273825811043
3014251,60.64567331051691
3014252,0.5644001860158239
3014253,2.1818144269153605
3014254,0.32593819115258416
3014255,2.1371146030084387
3014256,1977.8217998640348
3014257,0.23422684808290462
3014258,555.1516290330815
3014259,7.032137056365627
3014260,741.8421768006917
3014261,662.5126419641515
3014262,194.8994712436717
3014263,98.53319780458484
3014264,56.595524338579054
3014265,3341.9763742120313
3014266,5.118508741613104
3014267,2.2124401797972575
3014268,22.387223864284895
3014269,30.113022323600013
3014270,0.2477705341927668
3014271,170.9937253214989
3014272,1.3965316317468748
3014273,4.104079282701036
3014274,3.3098059989739292
3014275,33.48226209644415
3014276,1.6379777899338284
3014277,159.45142811162083
3014278,225.26118173029084
3014279,2.3011996979585314
3014280,4.42808930718789
3014281,133.2352210471996
3014282,25.665494934570784
3014283,643.5108037807391
3014284,2.975236973931414
3014285,2.066339899006886
3014286,2.3908170503053907
3014287,0.20296036287405134
3014288,0.3988595852377225
3014289,1159.7401928575405
3014290,0.16439367319747966
3014291,87.28463728641373
3014292,2.447041976352151
3014293,412.46840582471646
3014294,185.85156886489844
3014295,77.32904880812707
3014296,117.3405470034015
3014297,28.417663112703448
3014298,1602.530051916162
3014299,3.1695137489157235
3014300,0.3614645258698188
3014301,6.7120305995515555
3014302,4.704402070792938
3014303,0.2296334903970197
3014304,84.84482084580763
3014305,0.29237551667844025
3014306,89.31761739106292
3014307,2.2284936172859413
3014308,22.54782283637558
3014309,0.4111325569548819
3014310,148.046110771207
3014311,75.78073301077235
3014312,0.5651640226884211
3014313,0.7731637121238659
3014314,36.63742069604907
3014315,13.319488704378585
3014316,340.8208483535223
3014317,7.4668060349226355
3014318,0.6925351477729684
3014319,3.6156245556998776
3014320,0.2111626082301875
3014321,0.7590591090995464
3014322,3231.144521791679
3014323,0.20419150065619174
3014324,449.50331832827464
3014325,6.817064010893313
3014326,744.8849093057222
3014327,642.3030071696919
3014328,190.20141318889728
3014329,98.52420818363883
3014330,63.86967892557196
3014331,3487.002583545311
3014332,5.915771524836681
3014333,0.3635381058110651
3014334,17.36533898559277
3014335,8.447426351668048
3014336,0.215387200623753
3014337,179.3553534910315
3014338,0.3128511852482946
3014339,17.31938035514298
3014340,2.9523781954530977
3014341,46.35858875271267
3014342,0.7723450875371971
3014343,199.63293196927575
3014344,174.70056873723536
3014345,2.3789207750954473
3014346,2.538987454859655
3014347,101.81753448153275
3014348,44.929328215501116
3014349,1293.5894509228042
3014350,1.327636968715205
3014351,0.6850765744679637
3014352,2.766691156888514
3014353,0.251144258971658
3014354,7.929618660648577
3014355,2602.207942338432
3014356,0.24969813721819495
3014357,537.9794425262021
3014358,5.902042445645114
3014359,918.7074984943638
3014360,825.9997192114313
3014361,152.2107752193838
3014362,124.17318244317963
3014363,116.39304055913317
3014364,3444.7231261487786
3014365,49.96040937835363
3014366,1.2066964983318704
3014367,21.233055535994367
3014368,23.24340197232502
3014369,0.3213367214181109
3014370,229.726842115731
3014371,18.035030875002242
3014372,27.001608166582976
3014373,1.7271819717190136
3014374,103.98177303995251
3014375,7.64945335993853
3014376,203.1076346019678
3014377,241.4225882531202
3014378,10.456617823803192
3014379,12.38558411240164
3014380,249.11887252266658
3014381,77.37067378525175
3014382,3772.6235863636657
3014383,107.55656596307783
3014384,10.872076421095581
3014385,4.381918060429493
3014386,0.2767533132714797
3014387,6.855877404669899
3014388,1877.6923627890674
3014389,0.27763465628809186
3014390,447.61981352919605
3014391,8.647853292825891
3014392,870.047182318887
3014393,769.9892908150987
3014394,129.5791762332296
3014395,76.43189576109457
3014396,125.92819760761522
3014397,3154.106608503353
3014398,24.54732924398248
3014399,0.8350424600595421
3014400,34.874609339404294
3014401,31.03816473322579
3014402,0.28514471057707425
3014403,268.9264781515394
3014404,14.838763357393036
3014405,18.44531884689338
3014406,6.892686491590867
3014407,83.26419969097068
3014408,8.841509097983705
3014409,146.44373252418566
3014410,327.9195150207797
3014411,6.46443402858256
3014412,8.828529495137763
3014413,111.24733223716646
3014414,72.6012098409433
3014415,2911.8019989573454
3014416,8.094058683695891
3014417,12.195461662667636
3014418,6.129730729700099
3014419,0.28757776282792974
3014420,3.4569495586792103
3014421,2862.1679087305793
3014422,0.21566899589619293
3014423,591.5737519434116
3014424,5.112266774432525
3014425,1024.085243684948
3014426,652.2874386029538
3014427,186.8358090734196
3014428,234.76669941264535
3014429,56.166679414043585
3014430,4506.6571982576315
3014431,24.057486159818307
3014432,0.9569953084280427
3014433,17.1114500665414
3014434,17.13216559108129
3014435,0.2791144661758326
3014436,275.42352521676037
3014437,3.070260697757705
3014438,10.749129435222757
3014439,6.529492348885426
3014440,48.934285179781654
3014441,3.3895394430308796
3014442,138.67510602984967
3014443,247.24674093114393
3014444,4.877341123873177
3014445,6.718640595125729
3014446,176.89859133274734
3014447,54.19130014768795
3014448,1632.7156859051254
3014449,13.31385648916261
3014450,10.497541090361606
3014451,2.9424553851345707
3014452,0.29893990117829305
3014453,4.382153614556196
3014454,1986.0022600882337
3014455,0.2120924610333978
3014456,340.9341369208564
3014457,5.4937408384388275
3014458,693.5414727660734
3014459,673.223512743184
3014460,160.97166085736936
3014461,113.82186501256126
3014462,78.3573140128924
3014463,2762.211825446794
3014464,18.776821549491416
3014465,0.9312895017192682
3014466,14.269434477144818
3014467,10.30819497844531
3014468,0.2745319674817505
3014469,189.0770920724793
3014470,13.823141086077484
3014471,26.508796532055047
3014472,1.790385317142615
3014473,65.71687796004626
3014474,5.829687563608879
3014475,296.23753783413065
3014476,202.63481944110674
3014477,4.669070287365722
3014478,6.225586171584595
3014479,312.81728305113614
3014480,51.71925465438674
3014481,2942.858514618988
3014482,5.630239757919242
3014483,19.269013540244288
3014484,2.1136714494004805
3014485,0.22805772867786664
3014486,1.9553598217448416
3014487,4147.6312100434925
3014488,0.21968376396223785
3014489,390.4064621092106
3014490,6.914618601303622
3014491,1402.8831863994449
3014492,813.3573684462273
3014493,249.28353150707872
3014494,161.2827777278299
3014495,48.50223170322982
3014496,4782.096258249914
3014497,7.149914380810639
3014498,1.253722526305773
3014499,23.61682130784203
3014500,23.33109602765477
3014501,0.2286910951878846
3014502,305.3203684617107
3014503,0.3304882967012137
3014504,2.651739183073083
3014505,6.676108418869406
3014506,28.13671431060873
3014507,1.4171289111653307
3014508,127.09221700552956
3014509,236.38836053610672
3014510,2.3256715914431245
3014511,7.0634979534105575
3014512,140.93244457667083
3014513,53.6478453092085
3014514,1178.062856665691
3014515,63.117008483507675
3014516,3.6736232447769126
3014517,5.394723261198261
3014518,0.22041140697804265
3014519,7.642141462081387
3014520,1959.4384798239428
3014521,0.2199025561587161
3014522,472.4070122768515
3014523,7.996940796923898
3014524,888.665234150075
3014525,720.8856908140632
3014526,182.87736971148937
3014527,111.6241114166464
3014528,92.02772766707139
3014529,3268.6636458852768
3014530,28.092649216288883
3014531,0.9700238155668928
3014532,19.42379777203263
3014533,24.2881877658634
3014534,0.29161371440980105
3014535,217.61726706621675
3014536,10.654473313764928
3014537,23.209107734980975
3014538,6.814368340678137
3014539,65.49460272583342
3014540,8.236993950711053
3014541,186.84870387779407
3014542,265.5568728630384
3014543,12.40265911850417
3014544,7.011577491328481
3014545,171.83594391698165
3014546,66.83037018785659
3014547,2789.7579730260873
3014548,0.9790136888044962
3014549,6.07990024864689
3014550,2.572162624330648
3014551,0.2105732740089294
3014552,4.636639650341364
3014553,2163.8188524549664
3014554,0.2096595021203585
3014555,431.56583622401484
3014556,7.0528903526577835
3014557,653.8765338614814
3014558,745.4117474897819
3014559,147.6629209645044
3014560,114.60350159829993
3014561,95.93099738849621
3014562,2710.941366569134
3014563,21.36859724294486
3014564,0.6444903389000898
3014565,15.995245441373935
3014566,20.04997138861908
3014567,0.21517615280041763
3014568,193.90894086519432
3014569,11.041962871974537
3014570,36.67446564630571
3014571,7.150761713654299
3014572,62.7018490359138
3014573,7.4074252630890065
3014574,198.60504640709144
3014575,202.2715659037743
3014576,7.133273355373278
3014577,7.036053280794633
3014578,205.0114876791718
3014579,55.75143681285601
3014580,3117.34786637744
3014581,1.7980036656251075
3014582,11.159115212104405
3014583,4.221349338989792
3014584,0.2063143909666764
3014585,3.778550370854676
3014586,4372.9183393035455
3014587,0.18268836617804565
3014588,457.4687688582832
3014589,9.31797979756835
3014590,1004.0246528828102
3014591,662.9274594502008
3014592,249.5817834677006
3014593,168.9835135601016
3014594,44.71445434937539
3014595,4130.391455750938
3014596,7.6122861566656415
3014597,0.30736848054876575
3014598,13.366476727539336
3014599,16.94281397571931
3014600,0.2044308993890965
3014601,216.6626257650881
3014602,0.30503655982863614
3014603,6.239025676433114
3014604,1.5164122194155523
3014605,47.581702040499735
3014606,1.9307263013088214
3014607,175.40714792807535
3014608,240.46250710664992
3014609,2.4985092641438347
3014610,1.3495592045682145
3014611,216.52382002824564
3014612,101.25690426353006
3014613,1163.6054061631608
3014614,2.3588516610936954
3014615,0.48833163375945887
3014616,11.50795123903342
3014617,0.31184318949046885
3014618,13.330873742937904
3014619,8456.353541199416
3014620,0.30289790269759304
3014621,1406.2046901881524
3014622,27.054187867363243
3014623,2132.9414153005387
3014624,2092.450481280145
3014625,452.3627452911437
3014626,494.31879244408015
3014627,360.67700431300045
3014628,9256.281539215219
3014629,99.01837680768234
3014630,3.1711936582353184
3014631,105.14016825225967
3014632,129.896978761146
3014633,0.3768336054050748
3014634,564.8689909896307
3014635,28.07687731207068
3014636,23.81470052009983
3014637,44.04507464930936
3014638,261.8085629061747
3014639,19.650875404810627
3014640,714.562357740461
3014641,484.0700863970156
3014642,34.64145390978779
3014643,31.445467227164357
3014644,958.1341662632167
3014645,307.0600609664073
3014646,12025.27999032624
3014647,288.9443071296058
3014648,74.74395253711243
3014649,12.626468722554279
3014650,0.2992343547354112
3014651,11.422011484567294
3014652,7804.195247355483
3014653,0.2904952511844992
3014654,1051.0968296580158
3014655,23.45620414981361
3014656,2070.6782663184094
3014657,1838.3551347972336
3014658,514.0668301377812
3014659,298.31424264140645
3014660,238.61487922425908
3014661,10126.512758921406
3014662,107.5939169155725
3014663,1.2395358245500914
3014664,51.60020682228665
3014665,72.4851062412631
3014666,0.5688535259588843
3014667,491.7622441933067
3014668,17.91251889188284
3014669,37.23669599094527
3014670,10.700317295254289
3014671,181.51896291845006
3014672,15.893834331600164
3014673,829.7670136594186
3014674,583.1620914741503
3014675,16.74145630491322
3014676,24.01994699565079
3014677,978.3588805059603
3014678,240.41261410067207
3014679,8387.06440794448
3014680,402.87634110184484
3014681,70.0982257670241
3014682,8.467564322945204
3014683,0.27661198647341567
3014684,16.465583379166468
3014685,4352.505020297936
3014686,0.27477806932451715
3014687,771.4148441099607
3014688,11.062537265241732
3014689,1790.1363720660522
3014690,1180.525553098264
3014691,562.6847716695708
3014692,102.99017444692001
3014693,175.69198998126797
3014694,7872.120146266947
3014695,33.24332806905396
3014696,1.8200092065938538
3014697,32.96884608564513
3014698,23.520252639857123
3014699,0.3822220668249729
3014700,476.75580357545897
3014701,24.183117775639566
3014702,28.720024615393015
3014703,9.82853843521342
3014704,97.28119281061196
3014705,8.53928484524266
3014706,836.1070113908904
3014707,553.7697638941725
3014708,18.0826409242228
3014709,35.27130522805797
3014710,540.7986293196502
3014711,115.32228063637689
3014712,3166.5069789267795
3014713,245.28961106384668
3014714,34.40973798680728
3014715,10.881716365720278
3014716,0.3007253231404778
3014717,19.0359289655698
3014718,7036.046297594575
3014719,0.29197619081589954
3014720,1005.1884619116013
3014721,16.072918291593023
3014722,1857.4091743671618
3014723,1813.043756892511
3014724,487.008513951475
3014725,278.07252477850824
3014726,199.50029206511383
3014727,9389.44429601578
3014728,44.7231592388791
3014729,0.931576379891532
3014730,54.72716313149183
3014731,61.84269217906659
3014732,0.5832073054228473
3014733,496.1500040322042
3014734,25.765221442104615
3014735,32.985292034541146
3014736,24.53802783528072
3014737,164.93250190326103
3014738,10.721902600954802
3014739,694.1598484755889
3014740,541.909092104425
3014741,17.13566789603352
3014742,22.48472012953774
3014743,835.8833015626868
3014744,194.57219292034682
3014745,6878.5752518286945
3014746,377.27905529585223
3014747,56.41824390256555
3014748,8.213763822264097
3014749,0.2552436752920297
3014750,17.14143027879996
3014751,3306.578108779784
3014752,0.2514327132125376
3014753,642.3403969239668
3014754,12.549553918776953
3014755,1471.1961190289078
3014756,893.6797261424446
3014757,467.6606511645859
3014758,76.8121457182829
3014759,127.17293323282257
3014760,6003.098456745855
3014761,30.441682891201598
3014762,0.3553591232658025
3014763,24.743324113788855
3014764,28.353476366906346
3014765,0.25484765945142546
3014766,423.3080662169208
3014767,16.666344864133034
3014768,12.590693880828157
3014769,8.286960900355794
3014770,90.63334261871888
3014771,3.9481744524380966
3014772,623.5017974589246
3014773,556.5028422912201
3014774,13.54576102309557
3014775,16.891823516662065
3014776,537.2969466720174
3014777,73.62057900465938
3014778,2166.433849631767
3014779,283.98663138558004
3014780,16.041315797841037
3014781,8.185313255967095
3014782,0.31051548508919785
3014783,12.302928266787525
3014784,5842.520907519015
3014785,0.3015792517386396
3014786,1186.268470908329
3014787,20.217865820842245
3014788,1706.642707908209
3014789,1929.8792695345155
3014790,355.4825297115623
3014791,412.9765689053202
3014792,288.0703254037562
3014793,7563.491093439477
3014794,67.16426379681553
3014795,1.1300820933687428
3014796,45.163462348634134
3014797,50.274488256009604
3014798,0.5725704226616581
3014799,412.1210019143552
3014800,14.786802741829282
3014801,32.66039753477091
3014802,11.750521034959691
3014803,196.05183166659876
3014804,15.174067543853027
3014805,656.9731307395559
3014806,433.8486761819828
3014807,14.530627679504908
3014808,25.381712143188388
3014809,800.9371509538645
3014810,219.30251455130764
3014811,10238.631620142241
3014812,232.09237295384375
3014813,77.1878919397734
3014814,4.587670099679938
3014815,0.2953858080259247
3014816,5.145921680630811
3014817,1668.1904266528832
3014818,0.21780974835381733
3014819,329.41255453139377
3014820,17.442258843390416
3014821,782.2961486444174
3014822,521.2268880958464
3014823,196.269595383882
3014824,78.08790202847788
3014825,73.83434613529165
3014826,2651.1592915184133
3014827,20.393792756166583
3014828,0.9697683465623212
3014829,22.437108053342527
3014830,21.528717037044363
3014831,0.30324417400047027
3014832,183.48363588324156
3014833,8.612416173670843
3014834,9.924938039565978
3014835,8.187921868693417
3014836,49.38023092806897
3014837,6.131157533088335
3014838,208.73300020070133
3014839,213.4994445553227
3014840,2.5825015414635937
3014841,6.3565252361957665
3014842,210.53801928029176
3014843,50.90258780970727
3014844,2039.9339626263998
3014845,1.5529196087816648
3014846,8.237166905575327
3014847,7.058501490471555
3014848,0.27940335256783694
3014849,12.509505721377252
3014850,3504.6080913329056
3014851,0.2127134984151295
3014852,538.2022925499564
3014853,27.762512020300328
3014854,1271.8811104860638
3014855,977.2809175811575
3014856,411.3517900566334
3014857,86.72619145249922
3014858,112.76751318973675
3014859,5517.09102678359
3014860,60.2364924687643
3014861,1.1576579608145057
3014862,40.2589348462621
3014863,27.476262646042542
3014864,0.2846738878388668
3014865,344.5983470162154
3014866,13.341041086095457
3014867,10.615097469599219
3014868,3.036206534328814
3014869,115.53431241463211
3014870,7.350221164127408
3014871,487.11179868961705
3014872,438.4766995737496
3014873,8.883654189084401
3014874,18.723380627238836
3014875,332.76985384692665
3014876,75.75227340184539
3014877,2687.164515423533
3014878,317.91282841015027
3014879,13.783246901500926
3014880,5.652648628624445
3014881,0.2969573639587071
3014882,4.730352627639497
3014883,4293.293625868029
3014884,0.2881135816593539
3014885,848.2670827250536
3014886,8.720540139799935
3014887,1334.92461537963
3014888,1545.7979164932538
3014889,211.52240017133596
3014890,318.6021743521415
3014891,196.52645755861647
3014892,4745.1822809055675
3014893,38.85733979548801
3014894,1.0931894238420465
3014895,26.702888658154805
3014896,34.19902898887231
3014897,0.35386115678807123
3014898,317.35403174939563
3014899,2.066345620908282
3014900,46.12880018421791
3014901,3.9994239617743004
3014902,126.30232490969783
3014903,8.843541626572039
3014904,548.1700721680584
3014905,267.6648131383693
3014906,16.744735336247366
3014907,9.344897940408362
3014908,653.7855404195706
3014909,120.17362750220259
3014910,8410.504332905506
3014911,3.032169442417752
3014912,46.17783275534699
3014913,7.768804859488686
3014914,0.2246803786076549
3014915,7.0289239339677785
3014916,3870.351270128071
3014917,0.19957375435561986
3014918,745.5422465614331
3014919,8.963435334829247
3014920,1415.3097645049934
3014921,1089.876318676282
3014922,299.51622924692936
3014923,197.9326437501225
3014924,240.07917758460533
3014925,4996.598271814916
3014926,35.26126163857246
3014927,1.9166415595295208
3014928,40.95370614211087
3014929,44.802796679790575
3014930,0.29774441841609534
3014931,301.8323711427958
3014932,5.582173894900554
3014933,54.09497925577818
3014934,7.261997875885472
3014935,193.1560404760875
3014936,7.95536612313823
3014937,387.7870190979327
3014938,309.328876178146
3014939,10.281794063239081
3014940,21.78144424175173
3014941,396.81087444872236
3014942,129.66693963621248
3014943,6580.11212303225
3014944,3.7132330811461784
3014945,7.011055384051492
3014946,6.369613980910104
3014947,0.2014267247938663
3014948,4.294131519359807
3014949,1898.1537693274265
3014950,0.19666211740757245
3014951,460.97225173135143
3014952,5.3759274203619825
3014953,879.1398687425722
3014954,513.667372895273
3014955,211.7585817852445
3014956,89.19233623766466
3014957,97.1793042699909
3014958,2772.0482710229953
3014959,13.44591929124488
3014960,0.9668784483813724
3014961,22.674229010917518
3014962,21.26886383517878
3014963,0.21370111998551497
3014964,185.53720605494442
3014965,4.227366650491143
3014966,14.965204080936438
3014967,4.912319083719132
3014968,61.73519894479565
3014969,2.876080003330103
3014970,241.62038220834398
3014971,215.33615059147309
3014972,3.4218202390666193
3014973,4.900990763539151
3014974,166.57387554366505
3014975,84.823516652488
3014976,2788.299225062654
3014977,2.3048492158599077
3014978,2.5990564341679536
3014979,4.42725889003147
3014980,0.19349541214872285
3014981,1.828152084361916
3014982,2435.881242959516
3014983,0.18496517147465455
3014984,204.2801891889156
3014985,2.9109381971864257
3014986,785.1790493650625
3014987,266.1704885577472
3014988,166.4252767130279
3014989,49.84699829440933
3014990,22.93892830495883
3014991,2891.3984120962186
3014992,6.621941666029446
3014993,0.5484404279828137
3014994,12.432594995397217
3014995,7.7283250494921525
3014996,0.18361712155243887
3014997,175.9251634161482
3014998,0.0
3014999,119.86414174186204
3015000,2.6721095979435603
3015001,17.708854961912518
3015002,0.6043384157648566
3015003,44.36814339924157
3015004,142.2613388984281
3015005,0.22580546376658434
3015006,1.27264040378634
3015007,47.59901656439558
3015008,71.37920566283722
3015009,595.8189588217765
3015010,58.714388544934735
3015011,1.1321422466425748
3015012,5.196443897194117
3015013,0.20839178443196332
3015014,6.207398863246864
3015015,2818.874707783153
3015016,0.20788794519704645
3015017,495.01072382302397
3015018,9.91801642611436
3015019,1075.6832802597985
3015020,852.0626275103916
3015021,264.83951393657395
3015022,153.39906449608577
3015023,119.56080718531105
3015024,4186.075233227203
3015025,27.68287676865726
3015026,0.6179720615223743
3015027,21.08139309862764
3015028,50.78190305557407
3015029,0.2681408043899709
3015030,264.52327368016086
3015031,16.089316794721885
3015032,18.66150335362234
3015033,14.874439845311155
3015034,67.19253096252055
3015035,5.248064886650105
3015036,374.9197521752092
3015037,297.0231969595149
3015038,7.4806397638321585
3015039,11.12324043128504
3015040,430.01042290059326
3015041,81.3824628112702
3015042,3303.3855345487955
3015043,117.59943589238405
3015044,31.907450392312448
3015045,4.048590173492686
3015046,0.25733465266122835
3015047,6.9989118463148685
3015048,3824.136760704121
3015049,0.32627509389258424
3015050,678.9256320156708
3015051,15.295854287110075
3015052,1021.067263416601
3015053,1306.3691793736944
3015054,177.18982729283755
3015055,262.6298956754545
3015056,192.55046783407232
3015057,3811.4369306872445
3015058,39.820514208920635
3015059,1.8134393999387415
3015060,27.874377414122204
3015061,28.41832045902727
3015062,0.6366579580267857
3015063,246.1285283102846
3015064,11.472316141286012
3015065,43.836178163334495
3015066,7.925275249876147
3015067,138.09661448609194
3015068,13.13572349988241
3015069,425.8459338442665
3015070,244.05119235256348
3015071,6.209382129359302
3015072,13.489919465229761
3015073,637.2128679321758
3015074,131.11691448139317
3015075,6701.554963165403
3015076,1.6940164583110722
3015077,49.121484328527295
3015078,3.128103840728132
3015079,0.45176814715689706
3015080,9.87496209910359
3015081,4004.011032742039
3015082,0.29891820006367964
3015083,758.2367576339911
3015084,16.88410474061267
3015085,1143.4038100904113
3015086,1283.7460343988037
3015087,238.09689706677236
3015088,260.82300454606934
3015089,146.59399264823045
3015090,4441.389230532927
3015091,29.45104859199165
3015092,2.3988118424120795
3015093,36.021330165903116
3015094,50.21565169838809
3015095,0.3325845999578136
3015096,285.2076666935587
3015097,25.187629168260248
3015098,41.886799519966914
3015099,17.2049526707306
3015100,125.28158644207346
3015101,15.23138733819075
3015102,356.71485578962665
3015103,274.6243320883387
3015104,15.005574432291919
3015105,16.781440931402198
3015106,479.5277253189764
3015107,141.8835511531764
3015108,5964.879458504089
3015109,1.1365972712123167
3015110,33.21162796937764
3015111,8.470222957125939
3015112,0.30121034919213935
3015113,6.799277311093164
3015114,2677.1510300054583
3015115,0.27653366882717695
3015116,408.63708733385533
3015117,12.305932422965418
3015118,1193.1319652045818
3015119,791.7107794445666
3015120,432.83667181612003
3015121,140.5642561640258
3015122,81.9088309828345
3015123,5346.277158658595
3015124,6.892687309144258
3015125,0.8947488198086704
3015126,39.46472325041191
3015127,34.62091733011395
3015128,0.27778357176373397
3015129,335.2362695494094
3015130,6.393124366452885
3015131,4.613409425778141
3015132,10.167221455459586
3015133,47.344903360574456
3015134,2.9726546030281256
3015135,296.4147505519039
3015136,376.51140908304853
3015137,5.322857265142607
3015138,5.436691684826881
3015139,316.8303695750015
3015140,91.71243915380046
3015141,1434.4986913865114
3015142,104.15118486808811
3015143,11.993469931476511
3015144,3.1336437959780152
3015145,0.3396189868768413
3015146,3.2832190039576057
3015147,2102.4270272782937
3015148,0.34196434908418555
3015149,348.10034107517197
3015150,9.764054704297262
3015151,687.857263405836
3015152,705.6506103711334
3015153,128.27383285318822
3015154,115.80032839130295
3015155,129.01305443705806
3015156,2507.732087700145
3015157,18.2254226288213
3015158,1.2973739666471844
3015159,18.820979049142043
3015160,25.082706869200933
3015161,0.3979271209978525
3015162,164.2005626829601
3015163,9.088751203640737
3015164,16.17836299521399
3015165,5.084923693944971
3015166,101.64694118677923
3015167,4.517414503750631
3015168,254.57719187496286
3015169,150.07473860501503
3015170,3.0888825300257565
3015171,6.689816925394997
3015172,268.33279083977715
3015173,67.76245182216421
3015174,2530.4814902562616
3015175,79.03658683554443
3015176,21.787403640837088
3015177,1.0555221328829671
3015178,0.19175913071879927
3015179,1.3219881720342062
3015180,1088.1155925628534
3015181,0.1843893859046254
3015182,76.20958811703373
3015183,2.6490206288444735
3015184,571.809809687345
3015185,230.17442022205006
3015186,175.3271735118273
3015187,22.759354502306433
3015188,24.3189929738901
3015189,2171.5374168247126
3015190,3.0467983148398456
3015191,0.2964515297188905
3015192,7.500216327784829
3015193,5.409438348482136
3015194,0.18278599165934079
3015195,135.99429980374626
3015196,1.9728920166696478
3015197,77.19898741262004
3015198,1.1062231139768692
3015199,8.98800173578232
3015200,0.3369691184643573
3015201,217.31632109823005
3015202,141.91134528956152
3015203,0.5128979748863773
3015204,2.296150329949908
3015205,112.04788208127673
3015206,21.657400874460397
3015207,194.73130623826668
3015208,4.598882628579863
3015209,0.8552795116631684
3015210,5.032027655286678
3015211,0.2754296356486078
3015212,3.643950416299945
3015213,4088.549088865522
3015214,0.2579866134770462
3015215,612.0608042479955
3015216,11.751076652990262
3015217,1471.054517542372
3015218,526.9827182787546
3015219,398.64073091609373
3015220,153.79033396948148
3015221,64.7154185728834
3015222,6323.984181264438
3015223,20.3233060259287
3015224,0.49379701570210155
3015225,21.13843102870963
3015226,15.406297982533758
3015227,0.25870718370637247
3015228,376.17473503545983
3015229,6.632065260485933
3015230,1.6916498854642978
3015231,6.247944115318163
3015232,37.075638630846896
3015233,1.5119151532910133
3015234,751.6925563607206
3015235,292.2648373172897
3015236,1.6922341347542358
3015237,10.177759950713233
3015238,279.0840362355739
3015239,103.52341277664482
3015240,1109.939044112964
3015241,26.301892169524713
3015242,5.49189554177224
3015243,4.446032912035199
3015244,0.273298415246165
3015245,0.8571520029733697
3015246,1363.660096306966
3015247,0.2753629345686811
3015248,159.01390669535016
3015249,7.968955558627805
3015250,677.6193453482335
3015251,355.3198158463045
3015252,175.3366328614513
3015253,60.28655490467092
3015254,32.45809174550569
3015255,2541.533447341011
3015256,5.489669898051827
3015257,0.3901644138922655
3015258,10.442381710989475
3015259,15.735911711526832
3015260,0.28147917820456114
3015261,152.65310085444503
3015262,4.077392109598274
3015263,93.72065604002113
3015264,7.8738137703179305
3015265,33.369560782436956
3015266,0.8880982322899307
3015267,207.907192742517
3015268,139.6374614598056
3015269,0.9595523143502582
3015270,5.079690492020732
3015271,144.70964239637573
3015272,34.512177248687706
3015273,309.814222605497
3015274,8.748591132644798
3015275,1.7815685421313598
3015276,3.094949767759177
3015277,0.19260403777327073
3015278,2.097958304109034
3015279,1285.5497835604226
3015280,0.16875726062488847
3015281,93.18310031919495
3015282,5.077779654210135
3015283,619.328465254196
3015284,219.4666741715845
3015285,105.69484677976003
3015286,30.854999048276582
3015287,22.161832779032856
3015288,2261.9449602165228
3015289,6.506890917730566
3015290,0.2681597748107587
3015291,7.538222884514322
3015292,8.233073233790016
3015293,0.18721613196788783
3015294,116.16377428858796
3015295,0.828174515468592
3015296,86.87852699740093
3015297,1.6725270481310468
3015298,26.726181170315183
3015299,0.5204642748426074
3015300,180.20527547491324
3015301,147.0570828992376
3015302,0.4899424806776792
3015303,3.537677163795557
3015304,84.59901437556442
3015305,17.64327893218079
3015306,151.58979198474373
3015307,11.733348364475402
3015308,0.7562709933066585
3015309,2.5724147785771336
3015310,0.2101413341536548
3015311,1.8549949174293516
3015312,1279.378083162339
3015313,0.20382805890321767
3015314,143.4770059022396
3015315,6.447704679140325
3015316,826.8353253967296
3015317,354.7486885055827
3015318,211.29798749954364
3015319,26.269573993895484
3015320,31.65927024225281
3015321,2419.5243175137143
3015322,4.2395363648314035
3015323,0.30365266061399154
3015324,7.859399525041717
3015325,16.530242583704123
3015326,0.20492139506642984
3015327,179.2148515846035
3015328,0.6909633222893543
3015329,96.00910199646947
3015330,2.2908163960391756
3015331,15.2826818608341
3015332,1.4216528645497486
3015333,314.2693858760062
3015334,204.1422438115589
3015335,0.6515429497851146
3015336,3.5570763951085898
3015337,74.07503862199412
3015338,90.79010551376024
3015339,341.8221851507504
3015340,4.220941666471012
3015341,3.127874496820511
3015342,2.9241643909652253
3015343,0.6243993822282701
3015344,2.4147015399091356
3015345,1518.7708733333254
3015346,0.28040696438772417
3015347,145.64758563564928
3015348,2.9955838980735794
3015349,799.3073135245996
3015350,318.19833007620343
3015351,223.47394734498087
3015352,78.96746714993405
3015353,57.72819715190324
3015354,2562.3630347010526
3015355,4.718910260188591
3015356,0.8814431645211893
3015357,8.52973375997923
3015358,17.90502778752369
3015359,0.2826758520569226
3015360,190.46380079533392
3015361,6.1038381893159235
3015362,99.65959247394001
3015363,3.116761348247186
3015364,22.197734517897292
3015365,1.2043797701625003
3015366,157.75423355978745
3015367,169.2028217641281
3015368,0.7507555530674177
3015369,4.5746121800346256
3015370,111.22456769969348
3015371,46.41431531460621
3015372,520.1096019266537
3015373,8.243722509840529
3015374,3.088293110513696
3015375,2.9448029561371194
3015376,0.24826951536786795
3015377,0.6754795558016158
3015378,1096.75474960188
3015379,0.16326656267957543
3015380,108.43026925488823
3015381,3.6398549670969444
3015382,568.0311090797971
3015383,193.6917865346173
3015384,120.92114347749673
3015385,102.63377069306891
3015386,23.764011097947623
3015387,1643.672054827405
3015388,3.3116139859065807
3015389,0.28856902117642047
3015390,9.56315434107849
3015391,8.41548053264142
3015392,0.22769692325418192
3015393,122.38504656863783
3015394,0.0
3015395,87.86256592250932
3015396,1.8829534787833841
3015397,21.268298712493973
3015398,0.6943813239888419
3015399,56.289123399612926
3015400,113.21153612823028
3015401,0.5346563912534128
3015402,1.6862254644721477
3015403,56.33440365705424
3015404,27.96110247470355
3015405,368.88319186227903
3015406,52.244537920660164
3015407,0.6042668994836533
3015408,4.966224244117344
3015409,0.3168539072120849
3015410,2.8393085178497257
3015411,2392.8382024107996
3015412,0.2507554885146928
3015413,244.75322470155885
3015414,4.51708106051266
3015415,802.4513145255501
3015416,564.5386444228998
3015417,359.2661423274007
3015418,145.51612492242703
3015419,69.98791005903665
3015420,3469.87715015771
3015421,11.317816178211238
3015422,0.7072901107213334
3015423,16.105564594374574
3015424,18.915465395817034
3015425,0.2521377941433712
3015426,209.30258585735783
3015427,0.4404201917169601
3015428,90.88737745229886
3015429,7.816748604377876
3015430,27.120410476448455
3015431,2.514512181225827
3015432,280.2433991316204
3015433,198.08007320411824
3015434,1.3848575549496775
3015435,5.919511415918389
3015436,261.29754234939435
3015437,54.19775563145275
3015438,980.0806810893456
3015439,20.991171557735015
3015440,7.655361838531995
3015441,2.431947956421056
3015442,0.3140529696881906
3015443,3.928893058668363
3015444,1652.0007077961568
3015445,0.19637291478064262
3015446,445.06912467702955
3015447,6.299176560909105
3015448,429.25444727008147
3015449,481.4385258148067
3015450,141.44758786475174
3015451,117.48858699455262
3015452,41.96128042840966
3015453,2276.1495745864977
3015454,7.445824541320047
3015455,0.5841319027103122
3015456,14.621430834355877
3015457,13.266316849501443
3015458,0.2416745006035721
3015459,146.0823501917476
3015460,5.045709693977955
3015461,2.5254712388899785
3015462,5.511283481371603
3015463,52.37210381520564
3015464,1.254729945468437
3015465,159.6474558758472
3015466,125.57376188252833
3015467,2.5826941870478555
3015468,4.809069714955594
3015469,126.34193266673844
3015470,47.75660467727599
3015471,1276.5392351381809
3015472,37.855405613424495
3015473,7.14301016124973
3015474,4.264031133497905
3015475,0.29996623426367536
3015476,2.978535086580629
3015477,1902.1138211649413
3015478,0.2675907115500727
3015479,119.72134663485848
3015480,4.714878282447835
3015481,718.3953527196769
3015482,266.0832734715271
3015483,216.19006367823934
3015484,48.15611429410081
3015485,38.25979693377064
3015486,2704.337711773863
3015487,9.605764092340609
3015488,0.9480108667095806
3015489,11.118012099416664
3015490,9.226014400896029
3015491,0.2651366399418315
3015492,131.31880846125753
3015493,4.282792214122485
3015494,94.31004548038752
3015495,2.924345259076229
3015496,21.637235296922928
3015497,1.8387723249738537
3015498,145.52583562247003
3015499,149.93173616712795
3015500,0.799146462341233
3015501,4.135363239257691
3015502,120.77371797749926
3015503,22.829087619073373
3015504,403.7434233052772
3015505,5.582456386127781
3015506,3.140473722141288
3015507,4.602363606062171
3015508,0.28169390221130886
3015509,5.873182502043548
3015510,2479.143901541173
3015511,0.28726589347224757
3015512,530.182842199713
3015513,9.515772638670613
3015514,689.0501690899986
3015515,664.313552872818
3015516,158.90604808535102
3015517,125.11919365743654
3015518,74.00319576964125
3015519,3037.0754543633625
3015520,28.897717872354903
3015521,1.1059371210760163
3015522,13.629777515784184
3015523,22.981020964130902
3015524,0.29119275119876337
3015525,200.32597951041402
3015526,14.117048045776805
3015527,11.593811428615348
3015528,5.2057107839690575
3015529,71.72110389341306
3015530,7.130681686357132
3015531,381.1339230012847
3015532,185.69163579585808
3015533,6.675753368311762
3015534,5.861528098245767
3015535,352.0345597396274
3015536,90.20106648575512
3015537,1928.288068769261
3015538,56.604894510017225
3015539,25.603209549762227
3015540,4.712539768647213
3015541,0.23606855646843833
3015542,3.914243809857105
3015543,3149.5432326879977
3015544,0.18463256102081918
3015545,349.1922618372792
3015546,5.3127517188706515
3015547,993.9312482174613
3015548,547.3984819873845
3015549,415.2476376788379
3015550,66.03099540483356
3015551,61.569986904933735
3015552,4276.220335545986
3015553,9.459690251190098
3015554,1.0261204417220582
3015555,16.659436513639495
3015556,9.944948655300347
3015557,0.1838986394608565
3015558,258.0073760323793
3015559,0.9426381176467167
3015560,3.935099543348338
3015561,4.0194624970810775
3015562,43.47523917407524
3015563,0.8065916632803032
3015564,493.73606482278717
3015565,265.1128935858406
3015566,2.434803345996462
3015567,3.974039653964592
3015568,191.20161958623387
3015569,50.395318105303154
3015570,695.8662144457466
3015571,48.917738190776944
3015572,7.796926669405726
3015573,6.94786758655095
3015574,0.29535075391987176
3015575,2.422450269470731
3015576,2177.8747495661873
3015577,0.25055097023926814
3015578,312.78999628024053
3015579,5.1097504103540725
3015580,868.911774365719
3015581,429.245993413445
3015582,207.41106197255885
3015583,169.70643013426601
3015584,61.03370115143429
3015585,3061.48415052886
3015586,10.146409090329753
3015587,0.43218521831971723
3015588,26.3392751404378
3015589,26.526312362904445
3015590,0.2589625236273034
3015591,242.86070862082354
3015592,2.2284701268906635
3015593,1.8325482333557845
3015594,5.7344617184466085
3015595,71.66330424082102
3015596,1.1366473697145816
3015597,111.73641472679337
3015598,195.25074001088484
3015599,1.7856576969891202
3015600,4.5293735510579385
3015601,121.69004509529923
3015602,114.24953692311907
3015603,891.2478206458379
3015604,3.773397763953917
3015605,3.189940639362182
3015606,3.210535732859345
3015607,0.26283308463982274
3015608,1.5368300929028478
3015609,1517.099100885961
3015610,0.1869747635173005
3015611,108.96080909594622
3015612,4.667935157039416
3015613,603.0697994122715
3015614,280.87448861702916
3015615,138.057574900835
3015616,38.20955003686354
3015617,41.211526975267894
3015618,2524.3616397891883
3015619,5.782545456948395
3015620,0.46752231589590465
3015621,18.534176472769246
3015622,15.638344353148334
3015623,0.21454216459108658
3015624,145.9506381054623
3015625,0.4989334749072448
3015626,96.74789597339685
3015627,3.128206013477798
3015628,52.982610884975514
3015629,1.8176058763114264
3015630,124.58123922044085
3015631,134.38031567441078
3015632,0.7435365211143996
3015633,4.308878777760893
3015634,104.70070525469063
3015635,27.823645230511925
3015636,361.0233084672432
3015637,9.332217339372466
3015638,1.378032837459049
3015639,1.476175071290725
3015640,0.2520526237657383
3015641,2.0284436936570427
3015642,1275.7450075226106
3015643,0.25791675453886914
3015644,248.36189653214345
3015645,7.570918573908607
3015646,446.0319289516479
3015647,429.2884135053496
3015648,109.63928438677961
3015649,45.10911824391101
3015650,53.90835124476858
3015651,1910.8732215565058
3015652,23.51538998472581
3015653,0.3896604573777642
3015654,8.36370685592065
3015655,9.563766169284142
3015656,0.2598556852042608
3015657,111.1488178134425
3015658,7.573846373982201
3015659,1.8576780105416364
3015660,4.5622590504626395
3015661,44.847424737001155
3015662,3.1208453933176985
3015663,693.5705565788841
3015664,124.56368926624978
3015665,2.7236145666354123
3015666,4.048727289943796
3015667,256.4890267121912
3015668,29.30705203695974
3015669,1053.336567543798
3015670,56.05765184458165
3015671,6.294026597627749
3015672,2.1863531194052803
3015673,0.30918511718675024
3015674,2.993848489772779
3015675,2777.3353761880826
3015676,0.32132994110562507
3015677,637.9715807674769
3015678,16.579478525174473
3015679,947.8228334591856
3015680,1037.906261225109
3015681,220.47125230544424
3015682,176.5794751745092
3015683,145.00339012294756
3015684,3267.327756961631
3015685,33.34209630783926
3015686,0.7001802614899828
3015687,19.224385379260386
3015688,30.796847282850376
3015689,0.3264274531677289
3015690,219.29974405508884
3015691,8.435464601955337
3015692,32.31673506662752
3015693,7.335882610583679
3015694,79.06039251998568
3015695,10.186125378649054
3015696,341.1093689703579
3015697,223.83573484036572
3015698,14.954804604255399
3015699,8.669130228545251
3015700,443.49975602803136
3015701,99.81435060503786
3015702,3222.738988814473
3015703,80.23641457227332
3015704,19.78901960463994
3015705,2.0514732007589167
3015706,0.2679526132166261
3015707,3.1114918970351324
3015708,1843.459533289296
3015709,0.1975347583405414
3015710,319.7184529688721
3015711,5.470427860261298
3015712,385.47203130228917
3015713,492.7660419059093
3015714,130.41563419188176
3015715,97.63528735487333
3015716,65.35749432232512
3015717,1595.1224030242404
3015718,15.807587737459052
3015719,0.6744770003750469
3015720,12.035986483570172
3015721,13.826535705807698
3015722,0.2602161332661457
3015723,88.62280578699571
3015724,0.322394794421818
3015725,18.084965491189802
3015726,2.683420814847432
3015727,169.34806871066334
3015728,5.778221634972869
3015729,167.30253013751397
3015730,92.37249671004591
3015731,3.2051394038591017
3015732,4.528708917027174
3015733,147.0331994994568
3015734,31.1074541263623
3015735,1529.6523714480013
3015736,0.7754435430022433
3015737,2.612745458223761
3015738,2.0947546136633126
3015739,0.19016757536089293
3015740,1.18747422642608
3015741,616.423006725058
3015742,0.0
3015743,148.81674191441653
3015744,3.7353969105157985
3015745,251.37464642499242
3015746,163.66653162662473
3015747,53.2256527499979
3015748,25.811142924402677
3015749,23.38415083557751
3015750,1055.1452450998645
3015751,3.4799582911141957
3015752,0.35493764269877953
3015753,5.821718563353512
3015754,5.23386375631838
3015755,0.23256349486933753
3015756,55.91830755930647
3015757,0.29764402418351626
3015758,3.932060319372482
3015759,1.2990688432498914
3015760,25.045152539639336
3015761,0.25012975559939193
3015762,181.66888768531064
3015763,80.14449813799176
3015764,1.2151411164666164
3015765,0.901102323256773
3015766,94.10070072985238
3015767,14.301415792857181
3015768,383.76921306993256
3015769,0.551815392475326
3015770,1.2159174188290307
3015771,4.22396850345786
3015772,0.25251683602646396
3015773,2.5534861680437397
3015774,2154.8889844746323
3015775,0.2618910622531981
3015776,458.65659877712807
3015777,12.320751758133676
3015778,643.6601462787747
3015779,731.6554734691736
3015780,208.92352144510477
3015781,168.10674503018902
3015782,87.7859968702034
3015783,2814.0422588592432
3015784,20.252102830167093
3015785,1.5260915879325023
3015786,15.874095074628993
3015787,24.135494631354064
3015788,0.27313464537595505
3015789,169.42278760294363
3015790,3.7168152277170847
3015791,24.03728690286014
3015792,6.025503402398423
3015793,115.37593188296943
3015794,2.912532555416577
3015795,208.53541265314854
3015796,158.45628773467544
3015797,7.467143664481835
3015798,6.593915836964275
3015799,272.45289848977234
3015800,65.07518805178344
3015801,2230.886439138629
3015802,1.0069760405999446
3015803,11.30378389473898
3015804,3.8767536903790223
3015805,0.23936786821572884
3015806,2.170575609452861
3015807,2456.140175409288
3015808,0.2477065962944187
3015809,431.26992964881924
3015810,7.879313987831326
3015811,824.0961591909987
3015812,616.1833667604117
3015813,269.5402720154972
3015814,162.8820409331203
3015815,55.6587407718283
3015816,3651.0258851044005
3015817,9.26979090481516
3015818,0.5663726171800765
3015819,24.569819642652806
3015820,14.076422689228385
3015821,0.49284589001532464
3015822,196.42549989516954
3015823,0.0
3015824,4.42883279147519
3015825,3.0988695411587006
3015826,40.40215845382942
3015827,0.6962263887823459
3015828,276.62682833312545
3015829,194.32697814396346
3015830,3.047998520492192
3015831,3.317546401475509
3015832,146.82720228318334
3015833,64.21526935841196
3015834,1177.3006304599535
3015835,1.548874726533708
3015836,2.4822075426156314
3015837,4.418113761991933
3015838,0.31788466802587073
3015839,2.224016849545456
3015840,2408.5223648682027
3015841,0.19539482996924765
3015842,497.9494148252461
3015843,9.91040972112506
3015844,729.6835506327419
3015845,505.4017778391723
3015846,206.99600233558496
3015847,142.5483811451839
3015848,50.91470376127871
3015849,3213.8423429284608
3015850,9.72965871953847
3015851,0.7308727586504873
3015852,21.46048268160258
3015853,13.828087317029928
3015854,0.2539062266839609
3015855,191.77819445892615
3015856,0.0
3015857,3.852951891111192
3015858,4.016061740544248
3015859,75.58521686875798
3015860,0.8313217092001526
3015861,149.0625723822417
3015862,171.8049681709517
3015863,2.933917858568262
3015864,3.3906328965131713
3015865,139.11724612049784
3015866,49.40513448757069
3015867,859.7179548477736
3015868,1.14669863119477
3015869,3.95682959010065
3015870,7.265455803420872
3015871,0.49788219430199293
3015872,11.578294351488147
3015873,6696.894417103543
3015874,0.29675051297894356
3015875,999.1806812475378
3015876,43.90646931102939
3015877,1473.7756295949853
3015878,1617.3353214018086
3015879,282.85658236572203
3015880,359.1962023573893
3015881,251.70848617026806
3015882,6622.175451659647
3015883,62.60978189503788
3015884,1.724748048277449
3015885,42.27396737245428
3015886,45.359142262281445
3015887,0.4418308098828662
3015888,368.00176598191416
3015889,27.82723900203643
3015890,39.72690966677111
3015891,25.252375795202774
3015892,209.61887120821595
3015893,19.92230017066125
3015894,548.9457430954111
3015895,390.55583585626385
3015896,14.692549183210051
3015897,21.460196817767343
3015898,811.7055762585143
3015899,227.78350459258903
3015900,6585.400506994486
3015901,0.9012222213235312
3015902,60.838527643501
3015903,2.572876262112771
3015904,0.2786125344499434
3015905,0.5332024084975573
3015906,1355.6530237275238
3015907,0.19238225102638204
3015908,150.6092680313246
3015909,3.561972126252842
3015910,561.939524045519
3015911,234.3912464395067
3015912,96.63147360428555
3015913,108.33411106897083
3015914,40.162846833903096
3015915,2070.960384110651
3015916,4.382580530582069
3015917,0.31166445900010314
3015918,9.682098425018175
3015919,6.4143805087628465
3015920,0.2002116902131212
3015921,173.52488228292495
3015922,0.47517061814118544
3015923,98.08155842851009
3015924,2.097009775539885
3015925,14.078347423881137
3015926,0.4856025128142649
3015927,126.28413730161638
3015928,86.69740559808452
3015929,1.3419999386393622
3015930,3.2875523740324724
3015931,100.41692230317486
3015932,19.834592752954563
3015933,447.9678741116767
3015934,7.8225516044207986
3015935,2.4622427725550753
3015936,6.118803468205014
3015937,0.26930785054241274
3015938,1.2848606224745427
3015939,2422.253101274893
3015940,0.2042077165345353
3015941,406.16125312564947
3015942,7.418984159904216
3015943,947.1406230559536
3015944,508.08188765612783
3015945,179.05792086117404
3015946,213.78538544197275
3015947,74.53173512651313
3015948,3594.357549248976
3015949,9.631767933474544
3015950,0.3836526918697124
3015951,18.629079847473005
3015952,15.801242953772995
3015953,0.27436311267317814
3015954,239.8548877709753
3015955,0.5474007771989975
3015956,3.960875674503349
3015957,6.038981808803744
3015958,18.93398685823505
3015959,0.8918877380329462
3015960,513.6877832086824
3015961,206.58773358433766
3015962,2.9686223353426286
3015963,4.3746842158135575
3015964,122.02110812434225
3015965,47.37159454623642
3015966,989.871417145459
3015967,1.0690130521416692
3015968,3.3969323570047854
3015969,1.2645527747151526
3015970,0.1900524246660309
3015971,0.47496823935542254
3015972,804.0077283270472
3015973,0.18270548068570733
3015974,115.95742915944288
3015975,2.6623353397151246
3015976,513.4912618165737
3015977,122.50167419732358
3015978,80.08036038274024
3015979,162.95304282810775
3015980,12.400708220225951
3015981,1554.8686105382317
3015982,1.1718993840257896
3015983,0.26975722853419226
3015984,5.904850594002389
3015985,3.327884175280909
3015986,0.17991390147846328
3015987,73.91659907626281
3015988,0.24351057051021874
3015989,83.84656873447548
3015990,0.750416684423431
3015991,12.094709387076744
3015992,0.2784542610095592
3015993,107.10480626464837
3015994,63.319259480523584
3015995,0.4771397892728967
3015996,0.8845306018422747
3015997,41.936632885737396
3015998,8.572289243418163
3015999,150.56761876945953
3016000,42.24377143144952
3016001,0.8135135123033874
3016002,5.270856873717124
3016003,0.1964800869193382
3016004,1.6384661212591194
3016005,1741.9187256736286
3016006,0.18955853755858573
3016007,175.2725656451346
3016008,5.459225555668327
3016009,748.9525112878446
3016010,334.27770064406104
3016011,144.8359251432596
3016012,113.05224120528861
3016013,45.83033795223302
3016014,2442.3117511737723
3016015,2.222852598505883
3016016,0.36370802204294816
3016017,21.872613164284353
3016018,12.592691219192378
3016019,0.24296948085573655
3016020,162.39687812441792
3016021,0.0
3016022,90.27122874061048
3016023,9.039675570516899
3016024,30.91559644755983
3016025,1.081786095756029
3016026,362.64334723144015
3016027,168.01647034953103
3016028,1.5242590830068674
3016029,2.2638087246440355
3016030,175.02721937555327
3016031,20.537221129559548
3016032,990.4471045723703
3016033,53.87726419259556
3016034,0.642570369937598
3016035,2.374238494134805
3016036,0.31439887200860805
3016037,1.5305716245667034
3016038,2156.4199613237224
3016039,0.29417613329322784
3016040,555.551897883016
3016041,7.485947167608073
3016042,719.1067515339879
3016043,518.8797562835333
3016044,195.18653453545645
3016045,85.94738660445672
3016046,67.16920269445075
3016047,3587.6391576620354
3016048,5.356555209146797
3016049,2.1806998246958713
3016050,19.40600785350944
3016051,31.7187986260262
3016052,0.2999343685398015
3016053,181.87787058273864
3016054,1.2364703296229895
3016055,3.9966805488827193
3016056,3.076685667218918
3016057,33.39410085513625
3016058,1.5430281729647874
3016059,226.70052079555316
3016060,216.6832094327031
3016061,2.666863561274694
3016062,5.230551499681631
3016063,115.2416828153235
3016064,28.115361843272833
3016065,538.1962676874507
3016066,2.2411978481423627
3016067,1.648553585881893
3016068,2.3810136727149263
3016069,0.1957791332737054
3016070,0.3430715620790489
3016071,1136.1364734992196
3016072,0.18527319288832284
3016073,86.2329532413946
3016074,1.745617614268526
3016075,360.6070158754391
3016076,135.52069102454584
3016077,72.624692881398
3016078,94.09592438929245
3016079,25.827107343925032
3016080,1522.0609630141564
3016081,3.3479861187432842
3016082,0.3235248964114068
3016083,6.612940207757204
3016084,4.066473103320447
3016085,0.21936296446833722
3016086,87.63620332426288
3016087,0.24411730110892088
3016088,82.79193921615607
3016089,1.433643636559427
3016090,19.156171777482424
3016091,0.41348328014058644
3016092,277.54920027545256
3016093,65.13683204024204
3016094,0.5844291303681297
3016095,0.7417207771968364
3016096,52.96825565243504
3016097,11.778593596398006
3016098,286.633869150297
3016099,7.184444563544597
3016100,0.5731348234618876
3016101,3.1857410279292138
3016102,0.27030545995329214
3016103,0.7358686302292214
3016104,2881.246687891546
3016105,0.2001081327692171
3016106,422.50614329587665
3016107,7.764550640090944
3016108,707.1791883751711
3016109,487.49289272401404
3016110,161.19759324764925
3016111,132.18578717936524
3016112,59.81075617522445
3016113,3154.3584173875406
3016114,5.298030125053845
3016115,0.35029665238466773
3016116,15.696433267338207
3016117,7.761307587589336
3016118,0.26543290993771457
3016119,169.13456161467988
3016120,0.26100194336234017
3016121,18.690994033531528
3016122,2.921031467478924
3016123,37.99173289064711
3016124,0.8653255003377611
3016125,369.83600950854236
3016126,168.82027601189452
3016127,2.233638848228946
3016128,2.374639499510364
3016129,114.92223911951753
3016130,38.33898987073223
3016131,1063.9816567755106
3016132,0.8167067254615519
3016133,0.6445753363760465
3016134,2.3673180187009795
3016135,0.3101112278900189
3016136,6.3453916150819625
3016137,2367.2860604374364
3016138,0.31018719655034593
3016139,511.8620390558806
3016140,5.714310291249948
3016141,811.3438238520332
3016142,762.4148630369878
3016143,158.55518666705584
3016144,109.85247636928788
3016145,106.3580665375819
3016146,3215.0758218575784
3016147,49.78059376118817
3016148,1.043321124061439
3016149,20.510704018499837
3016150,24.43306189125847
3016151,0.3148585642500044
3016152,209.44549164027418
3016153,16.142915607146374
3016154,18.733472897371453
3016155,1.6649125458403708
3016156,118.16968067724738
3016157,7.504809512477554
3016158,204.11195985766543
3016159,223.720565941906
3016160,9.939811108574414
3016161,9.977630326536925
3016162,228.30071489078506
3016163,72.3721716243233
3016164,2525.350616137445
3016165,83.6109193961235
3016166,10.236647547339686
3016167,3.990835951109024
3016168,0.2664343812590154
3016169,5.099147081802103
3016170,1701.2816107583076
3016171,0.27417223393463014
3016172,375.96289971402354
3016173,11.415714985807389
3016174,748.0032590264426
3016175,611.1213346046826
3016176,115.32826855715865
3016177,62.72052437460124
3016178,90.03351007937097
3016179,2890.6296713550914
3016180,20.32169902052569
3016181,0.6681685335727077
3016182,27.00227652988771
3016183,26.001332806445745
3016184,0.2716832574995729
3016185,234.73864757944128
3016186,13.385782283895821
3016187,12.874031528752525
3016188,6.576083275303928
3016189,84.89538237623921
3016190,8.270797998547597
3016191,125.27565718183298
3016192,265.6308494000372
3016193,5.765911464292683
3016194,7.7651101706282155
3016195,107.97287856927444
3016196,72.86035799290308
3016197,1805.7831917800706
3016198,4.6329017080460275
3016199,14.169026067031611
3016200,5.829924520190346
3016201,0.27330039793614935
3016202,3.137418690857615
3016203,2771.0305305012675
3016204,0.27387870442175183
3016205,576.5157876329149
3016206,5.208827393332901
3016207,1106.2098911013052
3016208,521.0781706093735
3016209,150.92661403857332
3016210,251.585655903233
3016211,50.116266359641045
3016212,4441.689622069633
3016213,24.63914182213595
3016214,1.1667366824393297
3016215,17.557767209471756
3016216,14.980766082388909
3016217,0.272284457194674
3016218,279.64828116228904
3016219,3.2505331278543084
3016220,9.138953559075112
3016221,7.0187925960526645
3016222,53.203124502268466
3016223,3.215683619685616
3016224,227.12968646780345
3016225,261.0561039429698
3016226,5.192403880125946
3016227,6.780528983465762
3016228,196.71652701578972
3016229,47.78143678271855
3016230,1274.694199087281
3016231,9.215210756303641
3016232,9.459104331460695
3016233,2.691152643325038
3016234,0.274639020302691
3016235,3.115562940478841
3016236,1862.982023199098
3016237,0.20676498845894176
3016238,313.3037058281712
3016239,5.877549647772423
3016240,598.053090644181
3016241,558.3673946717736
3016242,153.99618886105668
3016243,98.7052968993088
3016244,59.624091430390415
3016245,2519.348854604527
3016246,17.278112384887766
3016247,0.9462757053689652
3016248,10.439535861507013
3016249,7.379435934248029
3016250,0.2704054814361093
3016251,160.23243716736403
3016252,11.161156889527174
3016253,16.227367146708048
3016254,1.4464576406610399
3016255,64.0928382294378
3016256,5.0549367783044525
3016257,264.84281904797086
3016258,171.82954137173618
3016259,4.714263914900288
3016260,5.630666921361869
3016261,259.5965317660363
3016262,42.111096800939805
3016263,1793.2727938090209
3016264,3.8833891539749468
3016265,18.251733406893194
3016266,2.4029025612604795
3016267,0.27046251480836814
3016268,1.9007309022847858
3016269,3979.539423115032
3016270,0.2772734081652982
3016271,341.61483449080635
3016272,7.088966661511506
3016273,1255.2574800959305
3016274,546.7696538552574
3016275,224.59876590495634
3016276,134.7578283064537
3016277,55.97387874606323
3016278,4516.412246803642
3016279,7.243443145463742
3016280,1.1138437740154687
3016281,22.52675303720139
3016282,19.160788070066886
3016283,0.27718520307146954
3016284,329.7138649022024
3016285,0.2747844625360097
3016286,1.742581994892896
3016287,6.749901698485581
3016288,24.299630992292894
3016289,1.4931245328070597
3016290,153.01464594836057
3016291,233.64199156974328
3016292,2.2657258089703114
3016293,7.399289776125391
3016294,140.59512824161598
3016295,49.06211413063138
3016296,936.571845311932
3016297,57.24948336964895
3016298,3.3719978276965294
3016299,4.539511617032549
3016300,0.2731888691709653
3016301,6.059799237549586
3016302,1679.4169200927572
3016303,0.27749417033862944
3016304,381.87196578283556
3016305,9.278804408383321
3016306,815.4631290176021
3016307,544.1762705287155
3016308,173.60594943108535
3016309,92.25687426536999
3016310,118.86807239551429
3016311,2840.670522227549
3016312,23.931231468915758
3016313,0.938591887753387
3016314,18.392087885664132
3016315,23.707703543477642
3016316,0.27808450072072344
3016317,176.80505248213274
3016318,10.328887701201905
3016319,12.896429348028907
3016320,6.771960637082632
3016321,69.12137696215932
3016322,7.478247295334928
3016323,161.3958873738891
3016324,222.12967432292155
3016325,9.312665752925398
3016326,6.897480453457337
3016327,134.0165498377129
3016328,51.412843287417594
3016329,1692.5879708619036
3016330,0.6258894887965663
3016331,5.078083572403661
3016332,2.566432682871861
3016333,0.26965009580354554
3016334,4.44519413744194
3016335,1966.670632579654
3016336,0.20746940140362258
3016337,381.99240319791846
3016338,7.548114106148384
3016339,578.0147007188816
3016340,665.9747484019815
3016341,142.28764526065504
3016342,101.46103555987592
3016343,94.52256583270965
3016344,2568.050204031318
3016345,22.97948926422562
3016346,0.5871021100216336
3016347,16.316521387596747
3016348,19.354850596096124
3016349,0.2712323183703957
3016350,169.5925468551368
3016351,9.780021891388257
3016352,27.09638942400134
3016353,4.32130220847482
3016354,62.89195571829973
3016355,6.84107205642977
3016356,205.29870249538968
3016357,160.6430217461631
3016358,6.574106675772102
3016359,6.381949053057577
3016360,181.68386283743314
3016361,50.05997797214227
3016362,2009.825769283857
3016363,0.9441246381369246
3016364,10.977828992982813
3016365,4.505899014389769
3016366,0.21598192276162678
3016367,3.62388257840521
3016368,4170.91249655434
3016369,0.19751650771711754
3016370,430.81861582772814
3016371,12.186816954145236
3016372,1004.0171191680666
3016373,505.9233736706032
3016374,225.96756536056705
3016375,135.7581606255745
3016376,48.94314293543156
3016377,3932.066262104576
3016378,6.8977507125651805
3016379,0.3033302721041013
3016380,12.205668074655392
3016381,15.249066850658394
3016382,0.25895119759308177
3016383,197.5258842147998
3016384,0.25630557195587234
3016385,6.38985792079282
3016386,1.2993522836727354
3016387,73.73409509243172
3016388,1.5926463505209716
3016389,243.5098147449733
3016390,232.01056018825352
3016391,2.112070873481045
3016392,1.3370634460908075
3016393,187.12734402615342
3016394,101.42548426691869
3016395,982.8844268669652
3016396,1.6861666482254725
3016397,0.4858655974269899
3016398,12.065580300496134
3016399,0.2931657000501182
3016400,12.960427667776496
3016401,8090.919341403038
3016402,0.29675051297894356
3016403,1251.1920921466217
3016404,26.75775815807081
3016405,1915.0893750661317
3016406,1903.2107084952304
3016407,399.1419151107653
3016408,403.64420901978326
3016409,343.18957564338007
3016410,8282.918364781208
3016411,77.31940042944697
3016412,2.752632284373987
3016413,97.74646631840406
3016414,107.46928539884927
3016415,0.3518430713007676
3016416,490.7147314874367
3016417,26.702066614008643
3016418,19.91466145665426
3016419,44.227813638560285
3016420,330.2179436252358
3016421,18.43760013850769
3016422,663.9688804190513
3016423,391.96456801728834
3016424,30.720684078576372
3016425,29.330918279976164
3016426,880.94196020428
3016427,311.3541546099457
3016428,7988.709289739033
3016429,275.2599780305972
3016430,65.47869297490416
3016431,9.69169740454852
3016432,0.2775442223276342
3016433,10.560276588080882
3016434,6960.311781787488
3016435,0.284406380197239
3016436,937.8722301861748
3016437,25.710041020247697
3016438,1839.3406044575704
3016439,1592.4725528147642
3016440,467.17426463407526
3016441,253.33129848481295
3016442,233.04259696042064
3016443,8753.767442505263
3016444,90.28697746943966
3016445,1.0204406931498555
3016446,52.99144990087126
3016447,62.40948920573955
3016448,0.49657983823777063
3016449,443.12063726436503
3016450,20.13423027713175
3016451,32.003716608737065
3016452,13.262101074568276
3016453,210.90349866378364
3016454,15.428925969655243
3016455,790.1553730472629
3016456,484.2240021434918
3016457,17.22986395238358
3016458,21.90086426034766
3016459,844.3147453778289
3016460,211.35650569895733
3016461,5056.245404872641
3016462,293.92925913122065
3016463,54.16966153253552
3016464,8.405619609604537
3016465,0.2578323903890487
3016466,15.53256867101539
3016467,4182.524071192165
3016468,0.2646541906859768
3016469,710.3856500294314
3016470,12.34903040243666
3016471,1584.8051545381456
3016472,1077.701356210347
3016473,528.8816577345158
3016474,91.47981603607987
3016475,169.39848874692998
3016476,7004.89995820979
3016477,35.05877616225592
3016478,1.6227018677335776
3016479,29.745646696454184
3016480,23.46592870150046
3016481,0.3726331720634834
3016482,428.48358865324343
3016483,20.83325660915179
3016484,17.296549662331554
3016485,10.060491775517264
3016486,101.91276809301225
3016487,8.011477755208032
3016488,691.0640156115105
3016489,472.90043493606726
3016490,16.76939150332677
3016491,30.9380054953733
3016492,518.2076946657207
3016493,115.96607858795655
3016494,2033.197052026055
3016495,213.01857722078725
3016496,32.944287757693345
3016497,12.669126642187106
3016498,0.281591007902874
3016499,16.93430365747113
3016500,6329.911668570725
3016501,0.2884749025397833
3016502,906.5273695863245
3016503,17.93498142461756
3016504,1716.4095918798646
3016505,1557.712064627571
3016506,448.243414158062
3016507,240.1987423627136
3016508,180.56214229179776
3016509,8605.790027066978
3016510,43.55345546711388
3016511,1.0786698695348176
3016512,53.238748854977246
3016513,62.026971923609125
3016514,0.5063497584750529
3016515,467.1765238370021
3016516,24.340402393453
3016517,28.795747999714003
3016518,22.968345689610175
3016519,181.59561363031472
3016520,11.645612544976773
3016521,655.3068105474308
3016522,491.75531943325257
3016523,16.323826440719547
3016524,20.433279232516966
3016525,773.8810744094616
3016526,174.2238055731466
3016527,4620.075210411945
3016528,307.1856082155188
3016529,51.75660203120075
3016530,8.042045317594622
3016531,0.24558229691105785
3016532,14.595251307631608
3016533,3221.6063999257594
3016534,0.2439596216096651
3016535,581.9531272730659
3016536,12.905524605252172
3016537,1410.0526498901013
3016538,812.5091543181944
3016539,421.34373051332557
3016540,69.49699272994063
3016541,138.44365686015863
3016542,5569.5764698643725
3016543,32.934696375938
3016544,0.3523156806439162
3016545,21.85347219165966
3016546,23.861714027040048
3016547,0.23800895912553116
3016548,398.57265851029086
3016549,18.99901766627334
3016550,8.049900647471489
3016551,5.754945137812811
3016552,113.40392035581708
3016553,3.816164200868246
3016554,563.8660772985107
3016555,483.6339299693247
3016556,11.443369215343548
3016557,15.413220624321319
3016558,530.5038046069682
3016559,74.88079884670742
3016560,1470.153009632853
3016561,308.47073590057767
3016562,14.355672885024266
3016563,10.516221666531765
3016564,0.2918568989637658
3016565,10.055175773631994
3016566,5096.371384881737
3016567,0.29543808373646585
3016568,918.894201404681
3016569,24.265795401057233
3016570,1469.8363584499552
3016571,1741.7044022386224
3016572,317.40006947297087
3016573,346.26108053589627
3016574,247.81871008597975
3016575,6333.883284626283
3016576,53.37706103551619
3016577,1.1385689142793924
3016578,46.0557633366226
3016579,47.59333696458936
3016580,0.4689499866572185
3016581,373.7020090544231
3016582,14.011545127401961
3016583,24.544912796801878
3016584,11.13844528003396
3016585,250.84503076617298
3016586,13.509893892022456
3016587,582.127730881433
3016588,366.386737328419
3016589,16.184662013907545
3016590,25.542235068515946
3016591,690.8433934289959
3016592,185.589343949313
3016593,6374.826478538666
3016594,176.00212141719385
3016595,61.91904689809131
3016596,4.877747157135824
3016597,0.2884689159597018
3016598,4.564372467408771
3016599,1528.378029319163
3016600,0.27728000723553226
3016601,296.89556693744447
3016602,19.661878818803487
3016603,777.9284879916119
3016604,450.42160164836025
3016605,180.95951069754233
3016606,58.494461199696254
3016607,74.36559810019014
3016608,2490.8292992139704
3016609,20.747471613209544
3016610,0.8121748607902108
3016611,20.7160049028371
3016612,20.703923974851367
3016613,0.28872678452819805
3016614,169.2695298668715
3016615,8.573625590417056
3016616,6.120651747803159
3016617,7.438836778044086
3016618,61.42981578394835
3016619,6.366387582963433
3016620,206.7406344657846
3016621,189.82361749583677
3016622,2.159998958550651
3016623,6.01603259950677
3016624,175.6121145164329
3016625,56.671788777340176
3016626,1312.3706628328453
3016627,0.9083821753730847
3016628,8.265421830802321
3016629,7.369605852541371
3016630,0.2607948081092599
3016631,10.297934326623539
3016632,3577.4501384815867
3016633,0.26634801242047074
3016634,476.789832051907
3016635,22.549176400198167
3016636,1210.8671841270418
3016637,878.0840674747702
3016638,360.6295204030377
3016639,75.2961671700128
3016640,155.91104660589554
3016641,5252.828811977228
3016642,62.37705927818873
3016643,0.9065548546637454
3016644,43.38328084655784
3016645,34.49083021359991
3016646,0.27266155786664487
3016647,305.714717014723
3016648,11.487614965004855
3016649,5.676767410073979
3016650,2.7143532565752175
3016651,124.63903617161101
3016652,7.195347233703943
3016653,442.14875355026
3016654,392.51482618272996
3016655,8.580962997348545
3016656,16.36131220464367
3016657,307.7749616743317
3016658,73.8339355071287
3016659,1859.297767938822
3016660,272.88965169102914
3016661,14.082080265193463
3016662,5.287224466101355
3016663,0.27849181284407093
3016664,3.7591441276197832
3016665,3625.549079266783
3016666,0.2820359479691389
3016667,708.9341578926635
3016668,8.334376258355684
3016669,1049.978497076842
3016670,1240.6413318182483
3016671,184.93665845371274
3016672,249.14396560578382
3016673,194.64205231003385
3016674,3921.7636418865823
3016675,33.37626280698472
3016676,1.0771571138067486
3016677,21.895588573372127
3016678,27.720979124333635
3016679,0.3456864626035225
3016680,243.32019623943523
3016681,2.068162060207705
3016682,45.41362330934237
3016683,3.7379095697064137
3016684,128.641499369524
3016685,8.176156682104422
3016686,459.08371159894955
3016687,191.95737802644047
3016688,14.628756962345442
3016689,9.348676865952731
3016690,510.7155031327982
3016691,111.12726278886335
3016692,4720.789237123351
3016693,2.289122697131043
3016694,38.13724104676729
3016695,7.738469270072422
3016696,0.21302439159256664
3016697,5.321970119221591
3016698,3671.469177619804
3016699,0.21728685822480245
3016700,647.4577509239235
3016701,9.95326739537778
3016702,1278.434341650212
3016703,926.2178106930284
3016704,282.031341791434
3016705,158.51266365533357
3016706,251.62428495604084
3016707,4636.827226427274
3016708,33.39018347111457
3016709,1.7408124931753428
3016710,41.76462314113575
3016711,39.258619025892216
3016712,0.2804533854967177
3016713,271.8737277668031
3016714,5.990895836154372
3016715,50.25462504051695
3016716,6.34959048152861
3016717,224.89897041033683
3016718,7.696396452857277
3016719,361.239387830881
3016720,262.16881622582974
3016721,12.62576126955438
3016722,20.03863264033757
3016723,354.40013517185093
3016724,106.21805685061474
3016725,4391.816426587441
3016726,2.8141959347557197
3016727,6.1319211086714045
3016728,5.436337567340954
3016729,0.19862409451212804
3016730,3.187271913050618
3016731,1684.4807680149383
3016732,0.2008033795835702
3016733,383.54099600815
3016734,6.020907588790131
3016735,722.5120595903113
3016736,409.404350917286
3016737,195.03882782758723
3016738,64.44747420258956
3016739,93.51130773940977
3016740,2351.6774313759797
3016741,12.08839065442099
3016742,0.763216971957855
3016743,20.715549513038912
3016744,17.53627696731989
3016745,0.2608616464056713
3016746,150.68447367328693
3016747,3.8757114348457193
3016748,7.6939759414999624
3016749,5.369142830460657
3016750,68.85569562601917
3016751,3.0100843034984335
3016752,194.32066031446595
3016753,185.8541453662061
3016754,3.2585865256224524
3016755,4.505903447915547
3016756,137.31507825919522
3016757,53.58422406004783
3016758,1674.465960460219
3016759,1.2507301335973597
3016760,2.4976112339744323
3016761,4.470453629729639
3016762,0.19055114486171834
3016763,1.1896922700657773
3016764,2829.94352665258
3016765,0.183651637373059
3016766,166.0023494719367
3016767,3.1673438286097504
3016768,736.1367245104049
3016769,194.83965864866988
3016770,168.63846625987176
3016771,48.923672276866064
3016772,25.2715897138763
3016773,2624.4980863568617
3016774,6.758723020705037
3016775,0.48455081833308894
3016776,12.647245575761149
3016777,7.361228433745129
3016778,0.19556744114657765
3016779,161.12263788713673
3016780,0.0
3016781,86.97851498657269
3016782,2.3536401254368746
3016783,16.858283106595017
3016784,0.5615080759298303
3016785,58.97965595790359
3016786,141.70647279584534
3016787,0.2839722204200639
3016788,1.3848522534229626
3016789,48.08435385683596
3016790,69.39142429930962
3016791,459.449079768528
3016792,51.91474999828017
3016793,0.9736702602625036
3016794,4.804601968678726
3016795,0.2557667702820776
3016796,5.454322612424297
3016797,2547.0861122989295
3016798,0.2600131584443696
3016799,425.87868088972846
3016800,9.693525483392746
3016801,885.2512074773568
3016802,735.3384484842962
3016803,240.9757295762579
3016804,119.96095229015633
3016805,102.122642906005
3016806,3754.045050257766
3016807,27.22337825359978
3016808,0.6420923427350553
3016809,20.08579577017838
3016810,44.987519245249345
3016811,0.2640350106815848
3016812,213.48317335524777
3016813,14.886716957281871
3016814,14.018184914665458
3016815,16.870812241163847
3016816,69.10610035035417
3016817,5.219679085598387
3016818,344.57713604587957
3016819,241.5149602888642
3016820,6.7426941418519935
3016821,10.853118970455583
3016822,369.15009554570975
3016823,76.87955449177922
3016824,2012.9497190829593
3016825,83.25531062343009
3016826,27.442125058942214
3016827,3.6625058174584115
3016828,0.3264845582348671
3016829,5.735748180375634
3016830,3387.5042060321557
3016831,0.31889842721059714
3016832,584.7649426448971
3016833,16.679622569578104
3016834,846.8948402495895
3016835,1138.7046007429917
3016836,151.03412092732796
3016837,230.99839210946007
3016838,170.95088938900614
3016839,3234.762985280176
3016840,32.23502443404007
3016841,1.6584876599089902
3016842,29.469404489761367
3016843,29.760013199067938
3016844,0.5613648591314018
3016845,204.9625359211876
3016846,9.727084007978426
3016847,33.216581006943365
3016848,7.887665783259571
3016849,154.04044950843362
3016850,11.539970375735143
3016851,365.7485940533629
3016852,191.16362944261272
3016853,5.999105827828807
3016854,11.696307143616272
3016855,537.4860585387047
3016856,117.53032415421968
3016857,4624.522376363261
3016858,0.9088629248780806
3016859,36.92364341009775
3016860,2.896182036506384
3016861,0.4426684995042594
3016862,8.334139205912743
3016863,3621.301899562598
3016864,0.29278958755159745
3016865,682.3813353730163
3016866,18.091785208418557
3016867,915.0481125661091
3016868,1070.5885678541556
3016869,219.29264398994826
3016870,221.96812049999664
3016871,115.5359488926449
3016872,3946.1532647954214
3016873,31.692417197966478
3016874,1.8452760407009716
3016875,32.537969055539186
3016876,40.82287335934181
3016877,0.30832602078868776
3016878,264.1428720670256
3016879,21.70019495065632
3016880,28.21512955865684
3016881,19.356481804727036
3016882,136.8537888033976
3016883,13.805402693329825
3016884,341.20712272942797
3016885,249.90595256302387
3016886,13.929244928596642
3016887,15.153735524943876
3016888,412.672473987758
3016889,133.23130970894985
3016890,3791.1706430983586
3016891,0.693005808296461
3016892,29.296154105129343
3016893,8.677024033033598
3016894,0.27343932423775424
3016895,6.659266558259381
3016896,2503.2657877383044
3016897,0.27422249175781527
3016898,385.7843498662949
3016899,11.600605738575629
3016900,1176.2929794651018
3016901,629.4836151241379
3016902,401.15190012997755
3016903,143.0935390615322
3016904,82.4780884545308
3016905,4948.918852751953
3016906,8.05326991262892
3016907,0.9387910265894879
3016908,37.767289231665266
3016909,30.37260835617658
3016910,0.2709606692777547
3016911,307.53845344082674
3016912,6.254338640555859
3016913,4.021533879058575
3016914,6.07308297522909
3016915,40.83315762657474
3016916,2.647079628675705
3016917,491.63694478759277
3016918,328.244805171144
3016919,5.585483904222186
3016920,5.492497115776123
3016921,292.5351413532979
3016922,92.68979827955029
3016923,1171.7905944516779
3016924,112.69453380366177
3016925,11.122504746000477
3016926,3.3985383069151
3016927,0.3316570077820956
3016928,2.6586139726270988
3016929,1991.0216544108284
3016930,0.33398843041031523
3016931,302.4581884260711
3016932,11.69890778948325
3016933,638.6896831845266
3016934,649.9211859429419
3016935,141.58166485604016
3016936,138.61337332150427
3016937,109.7322979809469
3016938,2262.304800221347
3016939,16.262081621248324
3016940,1.1557765185081568
3016941,21.212944232473546
3016942,24.75885941390059
3016943,0.3504234361125494
3016944,145.65881951403958
3016945,8.87221816180675
3016946,15.826862018361357
3016947,5.361333115758527
3016948,125.80580943474344
3016949,4.478456437306103
3016950,514.4372293157705
3016951,123.1339776156216
3016952,3.2931271564417752
3016953,6.674742214853617
3016954,412.4819173292641
3016955,58.955629384890166
3016956,2055.045238281236
3016957,77.36482206384838
3016958,26.696842459208014
3016959,1.4582628607197292
3016960,0.19427803920997494
3016961,1.3309797309504847
3016962,1332.7787547088997
3016963,0.18388643366835342
3016964,80.25225553805396
3016965,2.98016615400148
3016966,609.306836462035
3016967,245.25696332547616
3016968,282.2393454122836
3016969,28.82037931506702
3016970,30.297498443644244
3016971,2306.1653601143166
3016972,3.9199822690629436
3016973,0.30554827298306975
3016974,7.229050802672692
3016975,6.022242595006802
3016976,0.19065843035614155
3016977,138.80640974332633
3016978,1.889857911314765
3016979,74.13044020118723
3016980,1.1292849183588642
3016981,15.817823174143662
3016982,0.3346594983559152
3016983,145.93135430192484
3016984,150.96981896994586
3016985,0.5940167915905492
3016986,2.2622051581059734
3016987,155.3847010240187
3016988,19.851922407083954
3016989,224.11287369450548
3016990,9.09725685678816
3016991,0.979450407413095
3016992,5.583647278993501
3016993,0.27377759994048934
3016994,4.351827132988159
3016995,4595.918327473683
3016996,0.2579254373387042
3016997,656.9044550449634
3016998,15.332146736302438
3016999,1654.6749313984626
3017000,552.9440643075669
3017001,531.5713688408766
3017002,186.39990706495018
3017003,91.46436830132127
3017004,6800.490872599967
3017005,22.917009299471033
3017006,0.519373516995169
3017007,24.319702927707365
3017008,15.383790292919752
3017009,0.26272010863692813
3017010,414.8236584687317
3017011,6.874427267423557
3017012,2.253049678439332
3017013,5.770597846269776
3017014,62.56969231315089
3017015,1.7381337306818803
3017016,608.3812841537825
3017017,310.1149922990402
3017018,1.5140838526942884
3017019,11.978446529341747
3017020,496.41878587508234
3017021,100.04101526570706
3017022,1310.8738826354618
3017023,27.145100887106153
3017024,5.542063203122965
3017025,4.3180014067193495
3017026,0.2704853788838025
3017027,0.7873638116925301
3017028,1603.0409847040655
3017029,0.2760086426022904
3017030,158.57896696518512
3017031,10.664864648317831
3017032,713.3031193973377
3017033,325.19512237382975
3017034,228.07745575452768
3017035,55.03267600580774
3017036,44.64900858648442
3017037,2648.259842192767
3017038,6.748899826977774
3017039,0.3819999779992201
3017040,10.292520464752796
3017041,15.401000130011024
3017042,0.28704522100036134
3017043,142.021944147165
3017044,4.662164569000695
3017045,97.63859739537725
3017046,9.415539305763014
3017047,51.137942833494044
3017048,0.900904095322403
3017049,127.15210019378122
3017050,155.47689628962786
3017051,1.0160373838663714
3017052,4.757049062522961
3017053,168.85676023663757
3017054,32.787336722006074
3017055,298.6170197587771
3017056,8.80432345723841
3017057,1.7590964910354971
3017058,3.7609984595145605
3017059,0.19315176101999978
3017060,2.9908685899389225
3017061,1529.1170621494464
3017062,0.18624946577994078
3017063,102.41326898313207
3017064,5.593911501235666
3017065,688.2213770584808
3017066,244.49162175257183
3017067,165.1197859598098
3017068,36.78747706790184
3017069,26.99829288807136
3017070,2578.9398289120586
3017071,9.347165065810215
3017072,0.28647184954485383
3017073,8.432045202368272
3017074,8.043111667194776
3017075,0.18704058535050744
3017076,127.44444396437336
3017077,1.0366778930876333
3017078,91.8689824292953
3017079,1.619969711358781
3017080,45.68155299691525
3017081,0.5257831669723076
3017082,143.2040362932726
3017083,150.20283324621116
3017084,0.4345862238284735
3017085,3.753575044795374
3017086,105.0138001019564
3017087,19.14030393277021
3017088,170.1977421893427
3017089,10.236783538486792
3017090,0.9702187996546257
3017091,2.6188448814859613
3017092,0.20956802263818014
3017093,2.192078895420656
3017094,1436.0733735547744
3017095,0.20325773833871655
3017096,151.66926809753073
3017097,8.544773469420948
3017098,948.380284831437
3017099,332.8514166445807
3017100,330.1958794366511
3017101,29.55548142286355
3017102,42.89599421156307
3017103,2705.94854560663
3017104,5.233142266031028
3017105,0.2998574371660417
3017106,6.480783740151647
3017107,19.096305705209915
3017108,0.25845508231311254
3017109,169.37784828673765
3017110,0.6329647656567887
3017111,98.2386041625346
3017112,2.0159398131640063
3017113,22.922440498986376
3017114,1.3647926185752448
3017115,203.64781623317685
3017116,238.36201267488903
3017117,0.7084278209954442
3017118,3.9473289990645695
3017119,69.48362657100287
3017120,78.03236904002583
3017121,326.10702296373927
3017122,5.3284880317064784
3017123,2.777486166448369
3017124,2.6283857748629735
3017125,0.6533118818897217
3017126,2.548104269948219
3017127,1600.5055725948334
3017128,0.2772235647580264
3017129,139.79919710619907
3017130,3.0094120848871837
3017131,790.1740012205626
3017132,294.73804421132354
3017133,310.7881376948251
3017134,76.76303156931344
3017135,61.38904962880953
3017136,2425.7432981533407
3017137,5.350693434577509
3017138,0.8520653796754287
3017139,12.871433354879937
3017140,14.930660071445317
3017141,0.284465830066458
3017142,191.65827816133893
3017143,6.64367626804696
3017144,101.38149486239361
3017145,2.6313389990816125
3017146,26.023463110171615
3017147,1.1535133557926849
3017148,117.98050097719536
3017149,162.12402491888264
3017150,0.5917866232885838
3017151,3.6955336008277992
3017152,137.5430625076127
3017153,40.695945837715485
3017154,532.1333343496267
3017155,8.855406925780727
3017156,2.5470624898575784
3017157,3.1947653596777092
3017158,0.24073653009270846
3017159,0.8431503732928258
3017160,1240.2779529685836
3017161,0.18293420017068732
3017162,111.10873169698667
3017163,4.876313804030299
3017164,700.2582886371819
3017165,204.43599992343368
3017166,155.41335837063835
3017167,94.56732008042702
3017168,30.9654973810157
3017169,1805.5011682534255
3017170,3.6044966913869843
3017171,0.2731272212321836
3017172,9.243865536193312
3017173,10.222939119631528
3017174,0.2264308664602934
3017175,150.28157544051285
3017176,0.0
3017177,91.67706743088965
3017178,1.9425747740577028
3017179,41.05412327637672
3017180,0.7739345044671566
3017181,47.21480904210072
3017182,117.2625930789808
3017183,0.5817561864198504
3017184,1.6871435829327925
3017185,71.18502329274776
3017186,28.904975609890286
3017187,437.75690170749783
3017188,51.1994020645188
3017189,0.586093881950204
3017190,6.4111376421371515
3017191,0.3092546263606114
3017192,2.926841840793151
3017193,2649.354478112967
3017194,0.2502243538410252
3017195,260.99599399451023
3017196,6.194451795294282
3017197,945.741130846493
3017198,534.5960332179758
3017199,585.2117833337433
3017200,147.76061128199015
3017201,94.57668959188416
3017202,3793.1205962760946
3017203,11.658851558586914
3017204,0.7154789766474843
3017205,19.479085520848237
3017206,17.45530091174102
3017207,0.25084653281402136
3017208,234.99681794405387
3017209,0.5172362276719886
3017210,99.87165677004413
3017211,6.878751253795922
3017212,54.13481509332989
3017213,3.0334924993976813
3017214,222.67114757902274
3017215,218.42844539379064
3017216,1.50438886166607
3017217,6.291696653432899
3017218,337.06192391034784
3017219,56.32376359032805
3017220,1070.9661017691717
3017221,20.957776445523052
3017222,8.98187802469734
3017223,2.859652963847734
3017224,0.3179980472256052
3017225,3.554305605079459
3017226,1778.021232358196
3017227,0.19631473492867985
3017228,432.20404435532447
3017229,7.907920053476609
3017230,455.33503873456425
3017231,441.06825807282354
3017232,199.24928646760583
3017233,117.30673871906947
3017234,50.811915285679824
3017235,2352.301743631791
3017236,7.422140061435735
3017237,0.5675598498652978
3017238,16.365843438712993
3017239,14.328354751568062
3017240,0.24086064170621282
3017241,156.6860533197846
3017242,4.379459575158742
3017243,2.911676598288213
3017244,5.351531370439932
3017245,70.9083256118838
3017246,1.3659582142217026
3017247,83.65616092653688
3017248,128.99370423195708
3017249,2.3659147472048865
3017250,4.6274400600727175
3017251,205.2415545872984
3017252,52.28432512165098
3017253,1333.7600901562955
3017254,34.154561638238526
3017255,7.148434782010799
3017256,4.226649207275372
3017257,0.3222888676893537
3017258,2.972004088258045
3017259,2473.3003124572247
3017260,0.2675290683625379
3017261,128.61873667017517
3017262,5.4555171464724275
3017263,818.0835815974714
3017264,306.844209515728
3017265,292.50253237182915
3017266,50.160297519687916
3017267,43.956358868087214
3017268,2991.114885261478
3017269,13.131445531580397
3017270,0.9909398716548425
3017271,12.050698976945203
3017272,10.699047712414657
3017273,0.26867538746752706
3017274,176.0913188129966
3017275,4.495968989302728
3017276,101.96722166003183
3017277,3.5815239027320596
3017278,43.08130739175251
3017279,1.9416146140168689
3017280,122.70012037510914
3017281,209.5338925358505
3017282,1.074475976506116
3017283,4.267266567168518
3017284,123.99625466491301
3017285,20.238483583276935
3017286,386.5730705901908
3017287,9.009555375161613
3017288,2.810010944454406
3017289,5.433520433492005
3017290,0.299003115943898
3017291,6.246955174247878
3017292,2774.3828640314696
3017293,0.30465035667546725
3017294,612.492342005893
3017295,11.733610372406657
3017296,829.4455293930703
3017297,815.3284932931325
3017298,232.93242431772455
3017299,168.44581904926798
3017300,118.34803114220009
3017301,3584.264822419629
3017302,30.14043273297039
3017303,1.1858092184728055
3017304,19.590934208768186
3017305,22.242186116866737
3017306,0.3066775883988912
3017307,226.94128120170691
3017308,16.468643060616436
3017309,14.387318826793665
3017310,6.158659766817216
3017311,131.85598287667239
3017312,8.467026644004404
3017313,921.4077811617159
3017314,247.9124428751639
3017315,7.326385954819301
3017316,6.5629440002545545
3017317,592.0556841977447
3017318,103.74139189482513
3017319,2100.434544558643
3017320,55.777374165424426
3017321,37.635559844182474
3017322,5.4070360182617305
3017323,0.2600500530584972
3017324,4.0611839021842515
3017325,3590.886067007419
3017326,0.19780224851714473
3017327,342.0990234920923
3017328,7.012523764372368
3017329,1162.8870012185146
3017330,557.074044028591
3017331,773.7675600771846
3017332,77.05499740586998
3017333,82.06367054657943
3017334,5323.060947118874
3017335,10.90916683919858
3017336,0.442670578596138
3017337,19.29832837332259
3017338,10.974268304503253
3017339,0.19738612591579904
3017340,276.6424918894348
3017341,1.1431136043648031
3017342,4.743421190528279
3017343,3.025198175910215
3017344,64.7510117812001
3017345,0.9298754950172095
3017346,267.26834584014034
3017347,275.22478077559254
3017348,2.7550004243390753
3017349,4.536426092438765
3017350,445.34972203384007
3017351,65.558190548031
3017352,751.0599680365248
3017353,51.96260029609653
3017354,9.278653739569101
3017355,8.2524023510108
3017356,0.2940139510007436
3017357,3.6496378027867156
3017358,2717.641242209987
3017359,0.2594875971231671
3017360,326.6607563665177
3017361,5.324673293744966
3017362,1192.2882526522112
3017363,461.09607955918233
3017364,306.4603349253819
3017365,162.0194338722656
3017366,91.40247221971887
3017367,3551.623232623802
3017368,11.433504024385911
3017369,0.4411176013575116
3017370,32.079207794807736
3017371,29.930501454983126
3017372,0.2587453759214386
3017373,248.1543169280436
3017374,2.5165430717674275
3017375,2.2843754191556536
3017376,7.219062893621313
3017377,108.06157919050392
3017378,1.292380496120586
3017379,92.37283441302704
3017380,224.3513773229781
3017381,2.2806737096892116
3017382,4.935181959836223
3017383,171.56609449049103
3017384,134.1085007776748
3017385,1028.8547867288935
3017386,3.134143336427691
3017387,3.7170884589192292
3017388,3.1857286946146406
3017389,0.2625116451822131
3017390,1.435753688870161
3017391,1691.0179219800066
3017392,0.2041382145645623
3017393,139.30273570314262
3017394,5.214934079956657
3017395,608.5939594805253
3017396,278.2928637660904
3017397,143.9431678431142
3017398,45.10042674286524
3017399,55.14457875408336
3017400,2414.0267015391773
3017401,6.19841198916241
3017402,0.5029534990404039
3017403,23.2218567473554
3017404,15.978620218816438
3017405,0.2122943223272624
3017406,171.57765555496113
3017407,0.5231468486055109
3017408,102.40979494279168
3017409,3.847417945231581
3017410,71.86947662377253
3017411,2.0825016093225894
3017412,90.82560129009202
3017413,140.9007468073509
3017414,0.7541901531929711
3017415,4.406245490527157
3017416,193.21683416524561
3017417,30.236675745216157
3017418,457.434087131118
3017419,15.41620321132502
3017420,1.1001332264644907
3017421,1.4216586185240927
3017422,0.2522048064079761
3017423,2.2858461455866217
3017424,1329.6030356596257
3017425,0.25806964994580917
3017426,268.6808064649196
3017427,8.96384903812243
3017428,520.5358817392338
3017429,494.72627714399425
3017430,141.19896334362542
3017431,54.91941614378063
3017432,77.59153144390832
3017433,1996.9547546059162
3017434,24.78565344060233
3017435,0.36266585944107
3017436,8.768572222746801
3017437,13.916146939354949
3017438,0.25333479043252105
3017439,110.67979787312457
3017440,7.9015634842176325
3017441,1.8454915225943407
3017442,3.993272685994924
3017443,69.2571273596649
3017444,3.81438320956818
3017445,578.4040488262655
3017446,128.43956158772536
3017447,2.6435777906274525
3017448,4.127065625526903
3017449,380.7421829604962
3017450,34.02746813335144
3017451,1166.450008390759
3017452,49.569411364921514
3017453,8.876850740047344
3017454,2.0867731220650114
3017455,0.3131544058338458
3017456,4.320582373600002
3017457,3346.128921141849
3017458,0.32520280722159944
3017459,780.4846420327482
3017460,17.82091090394089
3017461,1110.2139300921403
3017462,1236.1951957299673
3017463,297.49195083365805
3017464,246.3302026099774
3017465,207.15224219495113
3017466,3842.2700590101294
3017467,37.06898384386108
3017468,0.8199549168088514
3017469,20.90059046284449
3017470,30.640580323705358
3017471,0.3323295004227186
3017472,239.60920971958848
3017473,8.383982398650746
3017474,37.3268438099973
3017475,7.987010309255002
3017476,128.43706372907965
3017477,11.232420336966696
3017478,698.49409957
3017479,250.50555334798074
3017480,14.85063059890046
3017481,8.51810531336472
3017482,772.4483214910532
3017483,124.79292899607303
3017484,3296.6735570851974
3017485,76.50795625049082
3017486,34.77592640662631
3017487,2.3486519989797574
3017488,0.3041618011431038
3017489,4.34784374938513
3017490,2783.9517720478607
3017491,0.22511911596425407
3017492,452.9214302030615
3017493,7.493711303065471
3017494,516.9578914422425
3017495,714.4642351985997
3017496,191.62748230263463
3017497,149.45018720908837
3017498,105.73077319862533
3017499,2250.8621183808036
3017500,19.680616949645042
3017501,0.8263041563617168
3017502,19.179507241350496
3017503,18.183752379818614
3017504,0.2945186398084036
3017505,117.81534239131504
3017506,0.36991264163059445
3017507,24.72027254249776
3017508,3.4318435206291156
3017509,263.33063689502814
3017510,7.374618952836537
3017511,383.2680174447223
3017512,115.96227851918088
3017513,4.303845325888148
3017514,6.430084437681876
3017515,300.7608370044853
3017516,43.46580752086277
3017517,2035.1092396948688
3017518,0.7857693080215618
3017519,6.732051456538497
3017520,2.763560724928538
3017521,0.20107154616341108
3017522,0.5661868734766444
3017523,757.0600293640708
3017524,0.0
3017525,200.55194443359198
3017526,4.212249426184351
3017527,318.5251557792582
3017528,213.04322047078162
3017529,96.70870859758678
3017530,37.35057223235125
3017531,30.61832199140559
3017532,1378.7124288714463
3017533,4.5317647716000895
3017534,0.3916290257787795
3017535,8.790479859036049
3017536,7.433948322563841
3017537,0.2384033807579625
3017538,65.43047539408435
3017539,0.3029290681472474
3017540,5.750217368741717
3017541,1.2317926843037643
3017542,32.91960657015664
3017543,0.26716058690051997
3017544,380.73874622867993
3017545,105.89780477112784
3017546,1.5741476269427825
3017547,0.9815786696867188
3017548,175.33768993991492
3017549,17.495272734563567
3017550,471.4759431455547
3017551,0.6466019470980116
3017552,1.1737953396442489
3017553,4.53044773038122
3017554,0.2932677608349103
3017555,2.7448260898254224
3017556,2704.7042260379567
3017557,0.27530304222836477
3017558,540.6328230603914
3017559,15.227815251062218
3017560,773.8996187643047
3017561,860.3375387117176
3017562,295.3055028276466
3017563,223.37683443768157
3017564,141.57859135647016
3017565,3417.2235374086013
3017566,25.99624219007504
3017567,1.698386610596033
3017568,19.63179489408837
3017569,27.450120266472005
3017570,0.2761942437496825
3017571,189.90017691655277
3017572,3.6780684764947233
3017573,35.38381978998693
3017574,6.963887506508416
3017575,225.6267328580861
3017576,3.1196592651431425
3017577,422.5403359775429
3017578,192.6893264739546
3017579,8.274886399688906
3017580,7.833281946645979
3017581,480.88597304888475
3017582,72.06197223190385
3017583,2397.623531512002
3017584,0.9980277621907363
3017585,24.63805751695645
3017586,4.248363576294783
3017587,0.25055884899886116
3017588,1.9306910034845592
3017589,3123.447447695259
3017590,0.25897287235353605
3017591,480.0575315770428
3017592,12.33259566568949
3017593,1049.810590418768
3017594,699.116241229762
3017595,441.2376477085659
3017596,169.67998115721798
3017597,80.2987573936181
3017598,4177.467695394746
3017599,11.345192656266192
3017600,0.6322895694805029
3017601,25.41608912542632
3017602,21.50457488268408
3017603,0.4350050880663243
3017604,215.7758093564786
3017605,0.0
3017606,5.164493995369021
3017607,3.879822460477558
3017608,73.92148608620228
3017609,0.6785443984593307
3017610,194.90866326697162
3017611,244.84810276801522
3017612,4.2272543752781235
3017613,3.5483033800812294
3017614,246.20538801202858
3017615,72.16400319262056
3017616,1273.7171316518593
3017617,1.4675622072558352
3017618,2.5659941589557627
3017619,4.177222410182612
3017620,0.3065052816920191
3017621,2.7902211625597455
3017622,2717.3915940017887
3017623,0.20134654076101738
3017624,489.29538487912595
3017625,12.488572832698898
3017626,868.2273243631296
3017627,543.8616115422349
3017628,275.1856713210178
3017629,137.58677632373596
3017630,67.89111548734797
3017631,3405.421340225002
3017632,10.4808370471161
3017633,0.9520023325241205
3017634,22.674996881617105
3017635,18.726093572380513
3017636,0.259724994953981
3017637,196.4662059951386
3017638,0.0
3017639,4.31744245830789
3017640,3.520628114061238
3017641,127.74008746350921
3017642,0.9027292200249128
3017643,104.1966806949197
3017644,175.77682943094754
3017645,3.0149002998909706
3017646,3.7594146321672177
3017647,230.52364024355953
3017648,58.10287552918594
3017649,858.7238205165089
3017650,1.1134298533407296
3017651,4.287497573439853
3017652,8.180656571737806
3017653,0.5576515788634508
3017654,13.012566087462481
3017655,7983.798539029739
3017656,0.31565888323890234
3017657,1188.7808742987531
3017658,49.640040363218844
3017659,1861.1197105033777
3017660,1960.946422096764
3017661,420.41274877010557
3017662,508.3445241321921
3017663,377.7993749517584
3017664,7889.372791380893
3017665,74.86358317127194
3017666,2.1562655359891827
3017667,52.336926533861416
3017668,54.880798070610915
3017669,0.4577921864023885
3017670,460.45235505723963
3017671,36.591565447002004
3017672,59.74785104723225
3017673,25.614360246037148
3017674,342.9569217660263
3017675,23.243873183199735
3017676,1185.7624460651382
3017677,502.38620652038855
3017678,18.19905627771378
3017679,23.41172129488622
3017680,1442.7539328872133
3017681,261.82304000925404
3017682,7281.733950764575
3017683,1.0034021452090531
3017684,110.53283883435101
3017685,2.161349625202156
3017686,0.2842704795531974
3017687,0.5325414877483781
3017688,1338.4292944503263
3017689,0.19247875290235336
3017690,129.65145670904184
3017691,3.52530448979397
3017692,573.1437398063637
3017693,222.11700050566498
3017694,134.74448721222737
3017695,120.27053728044588
3017696,48.64697315937141
3017697,1863.6470061850616
3017698,4.725507315291795
3017699,0.37198384257652833
3017700,11.069378861237855
3017701,7.016133700047673
3017702,0.25666731319032343
3017703,116.17834706607071
3017704,0.4904297513467566
3017705,104.47060235066571
3017706,2.197852497987378
3017707,35.81740663379059
3017708,0.45043571441992114
3017709,58.32630914354944
3017710,83.63617715206173
3017711,1.4665288499086908
3017712,3.1281166093684023
3017713,129.81402339527858
3017714,19.4462113967518
3017715,425.80913726918385
3017716,7.368520565952313
3017717,2.591200785814488
3017718,6.244077049608043
3017719,0.28322396379062814
3017720,1.449323316308433
3017721,3064.972058581895
3017722,0.2041491556746104
3017723,451.70974366094106
3017724,9.159096323599412
3017725,1075.7519621333167
3017726,544.8768011544956
3017727,283.4515417587026
3017728,258.03250991128834
3017729,81.17951658102109
3017730,3940.8310323406317
3017731,10.75930739009736
3017732,0.4131245933147711
3017733,20.1080428472374
3017734,17.39450222868756
3017735,0.27257462990411235
3017736,237.7157900535024
3017737,0.5772935719172767
3017738,4.169884046043007
3017739,6.328867139527187
3017740,27.069717000921216
3017741,0.9591785126435011
3017742,344.3564355583526
3017743,208.9865047576345
3017744,3.6000744412973136
3017745,4.6393165029891
3017746,150.8029114117183
3017747,58.09047363776812
3017748,1045.1865366519987
3017749,1.002435031469898
3017750,3.6343764722147665
3017751,1.2701341876129502
3017752,0.19006991741181734
3017753,0.5446201112485447
3017754,1038.4924029082993
3017755,0.18272286543774433
3017756,89.31924634300658
3017757,3.038286512425443
3017758,486.5347547397265
3017759,127.14215625453582
3017760,111.58703086522472
3017761,137.8941014594077
3017762,17.31085910416725
3017763,1600.5259753220728
3017764,1.4211143766792258
3017765,0.2790711216826395
3017766,7.155768284924022
3017767,3.131802906805521
3017768,0.1825061398968638
3017769,75.94104262323168
3017770,0.25037599316110143
3017771,88.95651620982903
3017772,0.7571474180809281
3017773,36.56015198382239
3017774,0.2834697100389171
3017775,56.113345669997074
3017776,66.14093966957353
3017777,0.456909923819769
3017778,0.8182104721850829
3017779,61.12950234038445
3017780,8.585403200034962
3017781,174.6001092544521
3017782,36.28238842198682
3017783,0.8739899079463969
3017784,5.283587263094851
3017785,0.19642190185557307
3017786,2.754717381905068
3017787,1701.1791422652154
3017788,0.18903563507641674
3017789,173.99916559456557
3017790,6.93519805519481
3017791,807.4947959485161
3017792,314.37867809595076
3017793,197.92504315070636
3017794,95.4676902111922
3017795,65.38242548683729
3017796,2536.514781705998
3017797,2.3482627402578102
3017798,0.3854178802996369
3017799,19.841320499761483
3017800,14.708383399601319
3017801,0.24254666126909433
3017802,164.4864057135138
3017803,0.0
3017804,98.4596673998264
3017805,10.089569991321554
3017806,40.03333786960485
3017807,0.8111170726002102
3017808,216.0020017188744
3017809,175.52198084755307
3017810,1.618861823876475
3017811,2.4414729970964375
3017812,258.4232298288382
3017813,26.97956061448484
3017814,1001.5709601856199
3017815,53.3412175421077
3017816,0.565893734131319
3017817,2.508598152432233
3017818,0.31841540508846117
3017819,1.2751755198295713
3017820,2468.400508197515
3017821,0.2953886701202931
3017822,672.9215045533734
3017823,9.913363149599531
3017824,908.1774410606267
3017825,553.4453225217277
3017826,264.883875959284
3017827,114.37817742848912
3017828,77.78331822743881
3017829,4004.28865840878
3017830,5.643152598383101
3017831,2.1848097700631266
3017832,26.0896774737813
3017833,38.839664747110284
3017834,0.31116739859756043
3017835,216.18848933515298
3017836,1.3037200283926156
3017837,5.36849597753007
3017838,2.452856047985497
3017839,47.54157349314666
3017840,1.7247586193795041
3017841,175.17105133858047
3017842,240.00699501133994
3017843,2.722127772358343
3017844,5.151759976741663
3017845,168.69849001649914
3017846,31.878162156362336
3017847,574.2518486340385
3017848,2.2331106033250356
3017849,1.4821923342724723
3017850,2.7214262136488743
3017851,0.2056874426161938
3017852,0.3440925740855893
3017853,1417.7048082696635
3017854,0.18529061538351793
3017855,89.99698630298548
3017856,2.21996609835103
3017857,420.1471468894309
3017858,141.20539323245916
3017859,101.49145306160116
3017860,133.24282869799308
3017861,46.52239306487217
3017862,1823.8014065980717
3017863,4.07406651512173
3017864,0.31864846528273816
3017865,8.512546415369407
3017866,4.161016629425179
3017867,0.228648760529748
3017868,94.89006079533212
3017869,0.25098607351982505
3017870,81.35684711346303
3017871,1.2874777599059772
3017872,32.905569601919375
3017873,0.5154182570160217
3017874,169.19459652829266
3017875,69.67033235787967
3017876,0.5350919679425223
3017877,0.7284587357481216
3017878,68.83739444801206
3017879,14.131707053876148
3017880,293.62199619256
3017881,7.206822021213432
3017882,0.6849629252409266
3017883,3.823117807525997
3017884,0.2658714436388117
3017885,0.654222696714271
3017886,3434.745312507253
3017887,0.19973602078106806
3017888,501.236682080476
3017889,8.04778621153469
3017890,872.841545533871
3017891,524.9901023067182
3017892,257.13111675006496
3017893,117.14049637020476
3017894,106.99062279869082
3017895,3648.413318393269
3017896,7.342330480621838
3017897,0.36771150386762225
3017898,16.659593422010506
3017899,8.218859189345944
3017900,0.2678725049832103
3017901,214.32205269393543
3017902,0.33039062310652717
3017903,27.562220585523974
3017904,2.769046486485277
3017905,67.56885387912999
3017906,0.8648629030734643
3017907,218.71978871901428
3017908,214.67896247855046
3017909,2.1889264449002495
3017910,2.4696955975149155
3017911,142.9851367243033
3017912,47.40280651076479
3017913,1128.2445705108757
3017914,0.7396841504337319
3017915,0.871411038133155
3017916,3.0357183649455566
3017917,0.30707638325751846
3017918,6.2641131839916095
3017919,2605.1946023714045
3017920,0.3071521759380691
3017921,495.7543473163149
3017922,7.930031973276753
3017923,825.0649293847865
3017924,856.2603495329507
3017925,165.422352520023
3017926,130.9999234985174
3017927,127.8780631221052
3017928,3184.283616705514
3017929,48.30213716049855
3017930,1.1906438164015833
3017931,24.319377840383805
3017932,25.661612480932636
3017933,0.3136828408414432
3017934,204.65753058327704
3017935,17.555151768553003
3017936,19.825463425722756
3017937,1.342539058299519
3017938,146.86487508778302
3017939,7.8325145742779565
3017940,316.9021935238833
3017941,210.5939756368028
3017942,9.410714815998567
3017943,10.46767354031988
3017944,308.50360765219455
3017945,76.55959230063604
3017946,2362.7045554021524
3017947,80.20600575074917
3017948,15.660760256363755
3017949,4.494573160841139
3017950,0.28045149543845127
3017951,5.856003159366427
3017952,2045.8915756091737
3017953,0.2882749920021843
3017954,394.3363285800683
3017955,13.149109466523498
3017956,836.9510012029244
3017957,782.0676740710264
3017958,161.08161635949938
3017959,85.69403621876103
3017960,116.11159255639416
3017961,3181.883340747633
3017962,22.20266582967019
3017963,0.7534109202516857
3017964,31.114716636664554
3017965,25.749077552120863
3017966,0.2877027209996629
3017967,273.4254993165178
3017968,16.7748676305735
3017969,16.709653746584507
3017970,7.1068113206951615
3017971,131.48833860922394
3017972,9.521039387757023
3017973,227.39471684871015
3017974,313.52772288616615
3017975,6.3913628657615345
3017976,7.689276627401197
3017977,182.00254257965764
3017978,84.08361313563562
3017979,1868.0551621981429
3017980,3.9891841427666366
3017981,19.295231969173173
3017982,6.764744709998851
3017983,0.2815347868761137
3017984,3.228292521051495
3017985,2865.908373467281
3017986,0.27381675544787737
3017987,616.8446621869798
3017988,5.787258771537343
3017989,1208.3063780877264
3017990,561.0167717527878
3017991,185.0498729560729
3017992,238.72979093004605
3017993,63.737548566532254
3017994,4482.893511675608
3017995,26.39086347525633
3017996,0.8894164716415047
3017997,18.61021927737821
3017998,15.799490535037531
3017999,0.27848879342067606
3018000,262.74473048403127
3018001,3.0882751655770457
3018002,13.359562907860493
3018003,6.444924003432534
3018004,77.5594589358699
3018005,3.568220877940945
3018006,177.8866539842955
3018007,262.74456358479927
3018008,5.316138212810718
3018009,8.144982336642556
3018010,289.1096808071053
3018011,58.97139160506825
3018012,1390.5913777146052
3018013,9.704071204957765
3018014,10.413373811992503
3018015,3.078410258494861
3018016,0.31230175410811845
3018017,4.495692278824659
3018018,2255.5490420435385
3018019,0.21964464573676612
3018020,354.63196688224383
3018021,7.140415484425326
3018022,704.6483702835051
3018023,690.019744707178
3018024,217.48270843608955
3018025,140.0830340407887
3018026,94.45997749474992
3018027,2978.817665870508
3018028,21.69306621871777
3018029,0.8515799989642474
3018030,13.801263433906923
3018031,9.768002541791876
3018032,0.2906530665547756
3018033,195.89166148459236
3018034,15.254843359679025
3018035,23.554053086086743
3018036,1.5885351202732227
3018037,139.65499625839286
3018038,6.749509305257799
3018039,513.0412149656133
3018040,201.36514065521445
3018041,5.24482139136391
3018042,7.0047282636849335
3018043,481.6458961678369
3018044,52.1660973682349
3018045,1950.2595054167195
3018046,3.3726141618153616
3018047,26.86877466216184
3018048,2.089683700681579
3018049,0.271652833921031
3018050,1.8223284855004511
3018051,4464.683927963755
3018052,0.2784701085260834
3018053,331.83156109641783
3018054,7.201643939087354
3018055,1389.189219375672
3018056,506.3275600898693
3018057,320.4486504947061
3018058,141.83381518071772
3018059,69.52984394434904
3018060,5237.139417985136
3018061,7.452174677701851
3018062,1.1884457432054414
3018063,22.611799734418682
3018064,20.00205962647783
3018065,0.2776060322165929
3018066,305.7739838793523
3018067,0.34445317498404376
3018068,1.526190215266341
3018069,6.667807471384045
3018070,39.99871664291036
3018071,1.7250309372760912
3018072,128.68421828159532
3018073,279.1198628036447
3018074,2.39804417242613
3018075,7.942112841416641
3018076,232.7893796605123
3018077,47.722239828158585
3018078,920.6871661811148
3018079,59.63015928299892
3018080,3.1344876664822143
3018081,6.185624168240767
3018082,0.28983654173746715
3018083,6.157629089131932
3018084,2039.1684492478907
3018085,0.28467686263103137
3018086,448.3260813323338
3018087,11.964007638817277
3018088,920.473344331875
3018089,675.5237300359262
3018090,231.04453845721352
3018091,124.50600959103706
3018092,164.55033406436422
3018093,3303.993973333714
3018094,30.424306452524768
3018095,0.8637913834454356
3018096,20.357324148746574
3018097,26.719474609667067
3018098,0.2967566469235939
3018099,219.00266846546276
3018100,11.96864142387761
3018101,19.336055663740346
3018102,5.858249734222226
3018103,128.20407362417538
3018104,8.72299420218554
3018105,341.8808248786043
3018106,257.0980567978248
3018107,12.977607179779184
3018108,7.803312156422859
3018109,229.661189918245
3018110,56.154911206254475
3018111,1890.2994502175816
3018112,0.651850562103901
3018113,6.8539500860614275
3018114,2.8993543217737643
3018115,0.27250830895705264
3018116,3.720794395361911
3018117,2234.624329796182
3018118,0.21300680028520247
3018119,414.115794082527
3018120,8.727125093992207
3018121,631.8076393820429
3018122,763.2097248768724
3018123,182.90705864806438
3018124,137.39153083879648
3018125,116.96831366184924
3018126,2809.369319037365
3018127,25.827444065237575
3018128,0.7013744320304518
3018129,16.937192896209723
3018130,17.957997556457528
3018131,0.276786323031561
3018132,167.95584407671433
3018133,9.813259818732316
3018134,36.27893346231462
3018135,6.688006785474098
3018136,93.05427255650501
3018137,8.211601706048807
3018138,291.8321542375413
3018139,188.61642138982265
3018140,6.8455582748258665
3018141,7.304842246857508
3018142,259.03915484331606
3018143,50.300647567595725
3018144,2181.0494620924233
3018145,0.7306860729916467
3018146,16.073649285529562
3018147,4.915443021485218
3018148,0.26957758366931417
3018149,3.3431284014920877
3018150,4428.0286804215
3018151,0.2009539511768731
3018152,461.063733733107
3018153,15.237780109380896
3018154,1183.9772163612067
3018155,545.649096719861
3018156,301.83070635524626
3018157,152.09820777937128
3018158,73.12231596241494
3018159,4301.29533336277
3018160,8.162244599412285
3018161,0.30222574334262686
3018162,16.173076779561825
3018163,18.854321601997448
3018164,0.2617987978123811
3018165,227.89275682455693
3018166,0.2731031785912306
3018167,7.363932808814383
3018168,1.304418962591074
3018169,68.08811923128043
3018170,1.6280730104322299
3018171,197.75975938348805
3018172,280.9221897110713
3018173,2.4977810605828834
3018174,1.3504747640283554
3018175,317.47524053164426
3018176,115.336180331016
3018177,1118.1909102502216
3018178,1.8061019455756702
3018179,0.5319178532985165
3018180,14.701480889510039
3018181,0.31202179890590753
3018182,15.984977235233792
3018183,9975.873333595897
3018184,0.3254097784285534
3018185,1641.6878234471394
3018186,28.26475799207085
3018187,2250.1462263259973
3018188,2357.072655420005
3018189,605.2893098233969
3018190,608.8318846383988
3018191,452.1957967087726
3018192,10018.981686578998
3018193,83.51442574086884
3018194,3.163333469345793
3018195,111.40020897685179
3018196,106.6218059410374
3018197,0.41787834863462847
3018198,619.1493199500194
3018199,33.12169625367065
3018200,27.65182063335242
3018201,40.61094625765178
3018202,488.5853489928199
3018203,24.558887573013767
3018204,1402.4832574893262
3018205,554.3813293606227
3018206,37.0164864303959
3018207,35.83459923014927
3018208,1615.5515278793202
3018209,315.45613486670914
3018210,9480.806237533563
3018211,317.5646965454608
3018212,128.9040029926022
3018213,15.471661463985377
3018214,0.29693714093721046
3018215,12.880504043314678
3018216,9374.01281614577
3018217,0.3039034652745788
3018218,1264.70792187314
3018219,30.40287304286738
3018220,2391.5203150290336
3018221,2084.6096211669465
3018222,774.7165077301635
3018223,395.35276197286333
3018224,396.24891002140015
3018225,11423.830054076792
3018226,116.38856289129627
3018227,1.2602051589961838
3018228,78.34020801895743
3018229,77.55778440153335
3018230,0.5453098295720877
3018231,597.84910953097
3018232,21.936824297008332
3018233,50.19259835259361
3018234,15.473216761454466
3018235,352.73083341573584
3018236,20.49254882759139
3018237,1824.357451138866
3018238,654.4392206069903
3018239,20.931191172839934
3018240,27.42816549974073
3018241,1653.9202382220394
3018242,284.24789749832456
3018243,6258.390397505503
3018244,360.5497952250566
3018245,117.46512943062766
3018246,9.908219439441622
3018247,0.2723132791555399
3018248,17.95162131631142
3018249,5199.803369698032
3018250,0.27921361593478605
3018251,869.4315745945971
3018252,17.24813355826759
3018253,2043.500513157667
3018254,1349.6717501129233
3018255,832.6693732211962
3018256,131.31930774381453
3018257,273.0960470500923
3018258,9077.42602491791
3018259,44.792654287234136
3018260,1.8248148379196394
3018261,35.76521479572099
3018262,24.257878097484813
3018263,0.38091075049628237
3018264,550.680266955325
3018265,23.8921454368298
3018266,26.083076295716786
3018267,9.98084126051821
3018268,176.98446996860724
3018269,9.952776255575538
3018270,1551.6234583457683
3018271,632.0860730389979
3018272,19.331100014254957
3018273,38.38981576634512
3018274,1013.0289434895566
3018275,145.1283855594525
3018276,2483.0668885010086
3018277,229.53402300466166
3018278,50.885198557520454
3018279,14.838619024448079
3018280,0.2988988320528385
3018281,19.66964568365365
3018282,8178.158849175155
3018283,0.305875693351583
3018284,1145.8397779602149
3018285,23.966857358085505
3018286,2183.7997221529
3018287,1941.05414439068
3018288,738.5740567762233
3018289,358.2996054888309
3018290,260.7195795136985
3018291,9646.826034975791
3018292,58.65722722406133
3018293,1.1098353361134223
3018294,54.58972710060357
3018295,73.22735692265432
3018296,0.5980282161162334
3018297,583.0423556104498
3018298,23.305690961782854
3018299,40.54985470387271
3018300,23.201122853570034
3018301,318.0824421667841
3018302,14.85204637936507
3018303,1406.9090332814499
3018304,645.8671200945495
3018305,19.90243379077537
3018306,22.952427912440893
3018307,1415.1555495289422
3018308,222.40989616747
3018309,5007.041688217688
3018310,383.4044788502959
3018311,82.13424085036172
3018312,9.432525739161434
3018313,0.259922155567028
3018314,17.26731665263908
3018315,4159.650423528621
3018316,0.25828079909577256
3018317,753.0850175966626
3018318,16.441877822488035
3018319,1764.0635303384659
3018320,1109.8193389956496
3018321,641.1023891921708
3018322,107.2560910987575
3018323,180.0907140474416
3018324,6852.734900240547
3018325,46.13217598441393
3018326,0.35338884554568495
3018327,29.15654055119412
3018328,31.615803767925392
3018329,0.26178416298791224
3018330,487.48109594531775
3018331,20.878059103633646
3018332,10.026980872731015
3018333,8.132747137903797
3018334,180.7783976638919
3018335,4.810559802857896
3018336,1288.5460118453866
3018337,661.2062247880734
3018338,16.40299657007773
3018339,21.20024916484567
3018340,980.2203484378455
3018341,87.99204061215569
3018342,1802.8240100501719
3018343,312.26908760704555
3018344,28.0195151054114
3018345,10.768526972347232
3018346,0.3106939137356934
3018347,10.631511365560295
3018348,6508.391248231074
3018349,0.3143273170091566
3018350,1273.3161766977262
3018351,29.690952383743024
3018352,1741.376237937768
3018353,2185.094247281209
3018354,489.90768519051045
3018355,490.26849514001185
3018356,408.1517949770674
3018357,7930.141697915826
3018358,74.88647502754205
3018359,1.0963289100160059
3018360,55.88983818300396
3018361,52.31935537714994
3018362,0.4431832655335116
3018363,454.3678746937851
3018364,19.006888661398612
3018365,42.13005010666912
3018366,11.54561466630253
3018367,372.42595548224864
3018368,16.984108631251026
3018369,1311.411319080552
3018370,456.46446896024986
3018371,17.805174513853295
3018372,29.338636556693626
3018373,1334.17008664549
3018374,246.83258734178477
3018375,7275.10651064573
3018376,211.39737669291813
3018377,113.6715782500058
3018378,5.320785671696738
3018379,0.2883107581055626
3018380,5.031933392539966
3018381,1698.19791270135
3018382,0.27689215929374067
3018383,315.39896185601515
3018384,24.9780832801915
3018385,842.483168412535
3018386,490.9330549141482
3018387,223.89377234219583
3018388,87.33644012936476
3018389,108.488026621391
3018390,2676.6438888879293
3018391,23.55360874813414
3018392,0.8359495288434777
3018393,24.122607018895405
3018394,22.305059680990123
3018395,0.2790605614200162
3018396,182.48802087855907
3018397,9.285399423313594
3018398,8.660823705911646
3018399,7.232922375110244
3018400,84.11510966105818
3018401,7.209695823774561
3018402,320.9056705884014
3018403,197.7488728185235
3018404,2.8646773186112284
3018405,6.0653217946947215
3018406,289.84473460923675
3018407,59.19062654036135
3018408,1407.5300237169974
3018409,0.7604764601055047
3018410,11.080673512157814
3018411,10.04073513724118
3018412,0.2752290385925747
3018413,11.777156901061632
3018414,4147.498405492288
3018415,0.2808458188563777
3018416,602.649166961028
3018417,31.93863706030583
3018418,1491.5584932264765
3018419,1038.6243756532747
3018420,488.36918843666905
3018421,109.3166726227099
3018422,167.72931313167973
3018423,6373.716862500226
3018424,80.31400338770803
3018425,0.9844058229784927
3018426,47.350284590584344
3018427,35.64535635849475
3018428,0.294673753803062
3018429,378.66818695567906
3018430,16.79067115837083
3018431,7.518110147882851
3018432,3.2209247241156653
3018433,182.88562106829227
3018434,8.284482182698243
3018435,807.0191745068915
3018436,463.3638720015789
3018437,10.35879684253267
3018438,18.576051488246843
3018439,526.5019122600171
3018440,83.21310272450043
3018441,2064.0166112327815
3018442,305.16933253476043
3018443,22.032765873996265
3018444,6.933913294209967
3018445,0.29500126946711097
3018446,3.878197855914755
3018447,4410.995849331997
3018448,0.29859117081807557
3018449,880.7982193779283
3018450,11.490027561872822
3018451,1335.3450794738449
3018452,1600.8723116840265
3018453,312.20468512644806
3018454,400.1278378455287
3018455,321.3375959064842
3018456,4648.46345366365
3018457,38.53187558952554
3018458,1.1962810457486128
3018459,29.350251121129762
3018460,33.27358076937958
3018461,0.39534696035656436
3018462,314.0273655260846
3018463,2.0364217874295956
3018464,54.34618435261932
3018465,4.627740346019951
3018466,229.8700928269376
3018467,9.352834264858126
3018468,1038.3772870886503
3018469,266.68541701573093
3018470,20.2478089905029
3018471,8.343923733696686
3018472,1155.8123320465497
3018473,132.79321254590926
3018474,5201.049097721032
3018475,2.4205271142193276
3018476,64.30097527271514
3018477,7.8264183414995365
3018478,0.2177178310288443
3018479,6.348572636164742
3018480,4605.010066973861
3018481,0.2224747357533687
3018482,847.3389788254572
3018483,10.295758045268334
3018484,1585.9223819812196
3018485,1227.2960212470175
3018486,412.6500565844674
3018487,250.1656038719927
3018488,379.9587242352784
3018489,5758.338870186071
3018490,43.4002286690115
3018491,1.719905421249753
3018492,53.02533488601565
3018493,44.15774240985102
3018494,0.2969312337105881
3018495,357.3856233200135
3018496,5.733724785324136
3018497,64.16695194740461
3018498,6.522534647464242
3018499,338.05086902224656
3018500,8.804235244781147
3018501,719.1711419994565
3018502,347.16593220470213
3018503,15.402085093748106
3018504,22.73360994743339
3018505,605.7355635588757
3018506,138.72000666257293
3018507,4879.55842831456
3018508,2.770842832691904
3018509,9.379185529236697
3018510,6.289646188873473
3018511,0.20989814792250097
3018512,3.634699906445073
3018513,2151.180502827848
3018514,0.21209793097692578
3018515,474.32153379813326
3018516,6.834651699935444
3018517,939.2361308956563
3018518,516.1188280724058
3018519,252.73744649538372
3018520,98.1096552456143
3018521,141.98083550086406
3018522,2931.7777458266546
3018523,13.405431867868657
3018524,0.8358910743033421
3018525,24.201791368239125
3018526,19.298424548626095
3018527,0.2746481319902055
3018528,192.24892508655472
3018529,4.753103113875365
3018530,11.230805736350703
3018531,5.093791306654412
3018532,120.11908065486885
3018533,2.8932362735623047
3018534,439.53309358182076
3018535,210.51022063104438
3018536,4.244281399153939
3018537,4.579803285150271
3018538,254.17476661960552
3018539,65.32726732858423
3018540,1990.5126821021986
3018541,1.304521342458003
3018542,5.320390396327224
3018543,5.285805573129596
3018544,0.19162145673995687
3018545,1.1380946883592764
3018546,3021.197680339145
3018547,0.1842525632908495
3018548,159.2186227932948
3018549,3.757289381176008
3018550,796.847491285755
3018551,210.20281439541185
3018552,216.44585964734185
3018553,67.09783713767885
3018554,29.602506384174664
3018555,2722.148173966448
3018556,5.933137201222846
3018557,0.5160001232012474
3018558,14.852381301557333
3018559,7.544351143325425
3018560,0.181931661137105
3018561,179.01881808287308
3018562,0.0
3018563,88.31089212112421
3018564,2.707533125014263
3018565,25.214483163258805
3018566,0.6016398203396902
3018567,47.29946451681485
3018568,160.46003411142115
3018569,0.30660977897728897
3018570,1.6689885830627733
3018571,64.98667209013045
3018572,63.516697713306684
3018573,535.5794029290623
3018574,52.36814344491382
3018575,0.9121272524282034
3018576,5.427438352953582
3018577,0.2696658135031615
3018578,5.62976518415655
3018579,3049.4856327237885
3018580,0.2739592014220944
3018581,514.8134060377907
3018582,11.897301658962764
3018583,1070.1094635204665
3018584,910.1609690100188
3018585,367.37648416001895
3018586,167.7149211223746
3018587,145.21268501362218
3018588,4325.919328639023
3018589,29.151800437589536
3018590,0.6522259489568758
3018591,22.77206153607092
3018592,57.299311598804515
3018593,0.2810241364664972
3018594,258.14634907470213
3018595,17.92236152586706
3018596,15.976903559235879
3018597,13.788850458698136
3018598,127.66581578797852
3018599,6.826079847873825
3018600,638.909223003632
3018601,260.0631630950606
3018602,8.893656282553525
3018603,13.506815531168394
3018604,636.314318402679
3018605,104.29240843042727
3018606,2254.0206484123905
3018607,80.18015373637196
3018608,49.033504349413384
3018609,3.5811226030116368
3018610,0.3165387108313448
3018611,5.708307348435995
3018612,3733.5420819189126
3018613,0.3254451300696461
3018614,659.2173247166932
3018615,20.05073054378247
3018616,908.5657155843197
3018617,1286.4082345163056
3018618,197.96194760013356
3018619,286.48839221222704
3018620,251.27636874583578
3018621,3556.77883332682
3018622,37.636860728206855
3018623,1.702836543548064
3018624,28.74561771990701
3018625,26.908794411684983
3018626,0.5320596121162435
3018627,213.9766421003521
3018628,11.477032904641954
3018629,42.577091323369
3018630,7.09965233343253
3018631,243.3314434729092
3018632,16.107530151661418
3018633,654.6114365009886
3018634,214.28704553812585
3018635,5.378130599741391
3018636,14.523326856377851
3018637,800.9256493743587
3018638,142.38334737990974
3018639,4365.03494076536
3018640,0.77197378997038
3018641,56.16071424582403
3018642,3.0374119468555065
3018643,0.48290765855999485
3018644,9.507569908289916
3018645,4406.776646973081
3018646,0.3094836746032164
3018647,778.4654333040086
3018648,21.137324628660952
3018649,1084.2343192435144
3018650,1346.875428912073
3018651,312.444436318041
3018652,325.09733688958045
3018653,165.9614477502514
3018654,4406.907512608317
3018655,45.21144606033162
3018656,2.217613881288163
3018657,41.516710587184434
3018658,39.668112763268546
3018659,0.318469908117812
3018660,327.9796661510749
3018661,23.96329195146677
3018662,35.05593012503733
3018663,22.4965003625371
3018664,218.35318491897058
3018665,16.11957757363441
3018666,673.7027941398396
3018667,301.84878935867516
3018668,15.115661004982819
3018669,17.919682471687807
3018670,803.2057217541127
3018671,145.26689977103732
3018672,3989.825828574204
3018673,0.7904887010414035
3018674,54.82533952348846
3018675,9.021844314485607
3018676,0.2938068050532016
3018677,6.799071139112356
3018678,2773.1714748630106
3018679,0.27416052606549457
3018680,441.29058411609753
3018681,14.523843315540452
3018682,1382.945433877849
3018683,660.8917990941559
3018684,580.8862525924919
3018685,131.7143599324177
3018686,98.05852280700412
3018687,5566.671358740547
3018688,9.52587182209781
3018689,0.9994303399880475
3018690,44.497539878434566
3018691,32.337191383263864
3018692,0.2704709801357221
3018693,340.42925071594686
3018694,7.203310286035659
3018695,3.8115971854905766
3018696,7.399605642185842
3018697,66.11449697150303
3018698,2.9468972036891468
3018699,317.0719946908578
3018700,349.4540476056755
3018701,5.490201897768488
3018702,5.7473916408530386
3018703,473.96119997928986
3018704,99.2260333111597
3018705,1294.9793655225342
3018706,111.40841736856619
3018707,14.21442550579783
3018708,3.465214110481088
3018709,0.2869591148291724
3018710,4.055963001091407
3018711,2045.0781467876973
3018712,0.2854715968563835
3018713,304.49816369258457
3018714,9.828585547313375
3018715,557.5527153600767
3018716,649.2097889517763
3018717,121.4101468139656
3018718,128.3657134698212
3018719,113.37156010267245
3018720,2131.1546215507215
3018721,14.997083966159224
3018722,1.1944426142505367
3018723,17.748441045248637
3018724,26.340318693198586
3018725,0.3165813193168436
3018726,153.51296323815578
3018727,10.824853474659418
3018728,13.043620205022805
3018729,5.093727132973083
3018730,119.97796725599068
3018731,6.073159384915639
3018732,279.6370225870685
3018733,154.6937284043203
3018734,3.439759307046181
3018735,7.486984608538625
3018736,261.92497670249804
3018737,55.07524751276169
3018738,2040.595900474346
3018739,66.75513504957179
3018740,21.316692293204017
3018741,1.9060942609139189
3018742,0.2743055842253205
3018743,2.2921523685595147
3018744,1559.3293087328448
3018745,0.26396633415643667
3018746,116.83690750983665
3018747,5.626998400386643
3018748,854.4319775577515
3018749,317.4882649593768
3018750,281.01378446668963
3018751,34.18717829489144
3018752,50.483917036441916
3018753,2943.5785080751275
3018754,6.510595038809081
3018755,0.47830170035550007
3018756,11.089499309894256
3018757,10.02750480501268
3018758,0.2850412107477005
3018759,198.85298637032903
3018760,4.470404275590219
3018761,81.97106016953258
3018762,1.4993235741291238
3018763,22.128413776988623
3018764,0.5490680981960232
3018765,168.81249818809655
3018766,198.51809912853318
3018767,0.9436909290878901
3018768,3.752514472223748
3018769,154.99267532355896
3018770,29.580224339644364
3018771,248.8649570030987
3018772,13.917759408380363
3018773,2.183676817803305
3018774,8.775017352418693
3018775,0.42681611242198936
3018776,5.9890500702950815
3018777,4876.763676760373
3018778,0.3711954629844355
3018779,630.8987671326032
3018780,20.875420852699442
3018781,1870.6658319470919
3018782,609.803506837383
3018783,486.0912948797052
3018784,180.32414931923293
3018785,135.60246182284737
3018786,7382.3551034890115
3018787,27.718993291961667
3018788,0.9943109381231738
3018789,34.85744173975107
3018790,20.395046581234748
3018791,0.38819092135628647
3018792,453.8634036391113
3018793,11.656001706034548
3018794,3.1232689010832786
3018795,8.764042979130359
3018796,76.93391447439687
3018797,2.655535896588213
3018798,590.843193947652
3018799,401.7266855700131
3018800,2.1787402455699216
3018801,18.297607848622075
3018802,391.04970376021856
3018803,95.819750024883
3018804,1367.784767216594
3018805,32.51721708438381
3018806,12.050585180623917
3018807,5.775785414231437
3018808,0.32797179052167325
3018809,1.1966803367227685
3018810,1841.8926920372708
3018811,0.3228366922268835
3018812,181.50116229428326
3018813,11.619787382549017
3018814,837.472135747613
3018815,384.3397209400182
3018816,225.45580199240453
3018817,50.33155899144303
3018818,59.20604222411508
3018819,3061.1130309092687
3018820,9.18090246040761
3018821,0.5201181991160102
3018822,15.564183887573275
3018823,18.351155061396664
3018824,0.33842097680816563
3018825,182.02814357172878
3018826,6.464237947439819
3018827,107.2929155648156
3018828,10.379507066923312
3018829,70.54911198677499
3018830,1.1990562521134716
3018831,135.86255522390013
3018832,195.4303443009874
3018833,1.5877801665205604
3018834,7.022047797544914
3018835,151.27675108332681
3018836,36.93508920121987
3018837,367.3636330871343
3018838,11.973662356196954
3018839,3.879809625955308
3018840,5.7161893475371075
3018841,0.2595485817133021
3018842,4.559648867364218
3018843,1911.8145669957378
3018844,0.24976417117792987
3018845,133.5858640684332
3018846,9.957784388456558
3018847,895.9031907153291
3018848,340.7584294098234
3018849,195.62510397056053
3018850,43.05603181109598
3018851,50.14967533135385
3018852,3258.0462105916026
3018853,10.765920281396832
3018854,0.3944946828866
3018855,15.141229380492117
3018856,11.543389149663629
3018857,0.2564788649395981
3018858,196.6634251643794
3018859,1.8771110209486803
3018860,96.59426619484333
3018861,2.0658618278144503
3018862,69.65495761704186
3018863,0.7865763883855565
3018864,188.9279699833473
3018865,246.8664079768525
3018866,0.6604880517138492
3018867,4.938865124446034
3018868,144.55999513277712
3018869,22.125377395820873
3018870,229.58722860275705
3018871,13.921106535457053
3018872,2.5919968820860837
3018873,5.172684346280126
3018874,0.26176034987876456
3018875,2.8935265682759033
3018876,1702.1257063496264
3018877,0.2515228872592079
3018878,177.21999017856928
3018879,12.10331823884868
3018880,1242.3527369342241
3018881,466.96833878977253
3018882,273.26605839297366
3018883,40.183113668256134
3018884,71.23181910488329
3018885,3691.2473674073085
3018886,7.902570851205798
3018887,0.46590701899077386
3018888,11.407288854297756
3018889,25.89069421513401
3018890,0.3225294974415205
3018891,285.39861380866733
3018892,1.1489223868281413
3018893,109.24542276123405
3018894,2.314474100435768
3018895,30.14525055242087
3018896,1.9945490167621105
3018897,347.4707364586429
3018898,342.64961346447495
3018899,1.04156836451306
3018900,5.7925131205552285
3018901,133.85563259330803
3018902,106.76475540340566
3018903,443.1137038053582
3018904,9.639166691853172
3018905,6.141929235728079
3018906,4.038280057917833
3018907,0.8647849027662504
3018908,2.965017220810248
3018909,1655.5583758567373
3018910,0.3113794649329132
3018911,146.66955978189964
3018912,4.290212618215048
3018913,910.1427555457889
3018914,319.057657362722
3018915,248.85774729343566
3018916,83.16581489454374
3018917,80.30162197901743
3018918,2715.1340131381985
3018919,7.117956715562954
3018920,1.07844436483999
3018921,12.191089747952253
3018922,17.893182294629842
3018923,0.3151558622188194
3018924,226.4349900100584
3018925,7.700414285750535
3018926,105.27358295995158
3018927,4.481736331360665
3018928,40.62972500872624
3018929,1.6719984179176581
3018930,108.31486516957679
3018931,191.52963139781502
3018932,0.9401184527881308
3018933,4.987909871751363
3018934,97.22830082692967
3018935,42.42549524019315
3018936,569.656173762482
3018937,11.2435581266417
3018938,3.8520442013912906
3018939,6.301277136031471
3018940,0.34660270108831376
3018941,1.4097676353267268
3018942,1415.4322904701405
3018943,0.2484074678759018
3018944,143.67269039505584
3018945,7.263466388209622
3018946,831.0663754165096
3018947,266.68152278719765
3018948,157.96844890484635
3018949,120.33328132846863
3018950,64.81737380213907
3018951,2124.693301515724
3018952,5.0535632977529215
3018953,0.3956517503403812
3018954,16.16350365112793
3018955,13.522376601040976
3018956,0.3462507950858543
3018957,180.31680952896366
3018958,0.0
3018959,110.41062615082339
3018960,2.669761105336562
3018961,66.4495763951081
3018962,1.1133072519334752
3018963,46.76928988178302
3018964,160.65459173753158
3018965,0.962306048576715
3018966,2.7037117664800805
3018967,62.741977455929586
3018968,35.276854448565224
3018969,492.9478859871227
3018970,51.406667390910044
3018971,0.6267881175047452
3018972,9.299461243082686
3018973,0.45724759217999567
3018974,3.9170262691358086
3018975,3504.4946631290186
3018976,0.38008993509392164
3018977,344.31890160523335
3018978,8.536026693682606
3018979,1256.2819443255971
3018980,718.7810669881862
3018981,562.0549968200448
3018982,175.7197647669785
3018983,185.8623246956137
3018984,4826.121004414863
3018985,17.851662898212634
3018986,1.5003924222176637
3018987,26.38745811830359
3018988,25.232507011066765
3018989,0.4178025142941248
3018990,329.6906248178863
3018991,0.9223634752767225
3018992,113.57967114014959
3018993,12.862485029930713
3018994,70.90341130919715
3018995,4.860810812558351
3018996,220.34126388869157
3018997,318.5531192926038
3018998,2.4678845931423017
3018999,10.253912524829095
3019000,410.8767452104513
3019001,70.52966548576964
3019002,1357.925882970414
3019003,34.321529460124275
3019004,15.086850033623964
3019005,4.336297721817142
3019006,0.5560523933435793
3019007,6.328721790226355
3019008,2508.319060691468
3019009,0.3206299540537112
3019010,537.321186730843
3019011,10.224093662164838
3019012,686.4212492296992
3019013,641.1482109991192
3019014,235.65335151908388
3019015,188.51809165571302
3019016,88.06817980069144
3019017,3126.341156095042
3019018,12.359745272431654
3019019,0.7570838475218415
3019020,23.770021956810027
3019021,22.923703922773406
3019022,0.41309999906215517
3019023,226.08150160935023
3019024,9.358067866260212
3019025,4.483229593044777
3019026,6.753865316789667
3019027,75.08318089437397
3019028,2.3543186434476877
3019029,111.16135304877463
3019030,193.13497506588303
3019031,3.89324077995174
3019032,8.36167029320378
3019033,217.52978687411317
3019034,55.967724098448166
3019035,1720.233812413179
3019036,46.661070663976176
3019037,17.16404486071697
3019038,6.600288831370408
3019039,0.4035553470293482
3019040,4.592888117778866
3019041,3548.7741607181015
3019042,0.3633381557022167
3019043,226.989639079154
3019044,7.819525834428818
3019045,1246.8023142973184
3019046,453.39163903230735
3019047,382.7757711919501
3019048,63.41955923852932
3019049,66.27180091649498
3019050,4347.667107554626
3019051,14.416968289420184
3019052,1.9075449899359733
3019053,17.04928025156914
3019054,15.734799058619608
3019055,0.44810536026209025
3019056,279.0864317268622
3019057,10.403630026495444
3019058,119.52804509100424
3019059,4.431995985476887
3019060,56.942176004621246
3019061,2.6486600631562904
3019062,194.53756651305028
3019063,285.2159034112676
3019064,1.5691498758304627
3019065,7.260597502672548
3019066,222.90951573928746
3019067,32.39595172691681
3019068,575.1553127067639
3019069,12.112411519500597
3019070,5.216143174080811
3019071,7.039194938485373
3019072,0.38096613286114045
3019073,9.28812758310486
3019074,3378.9431999252365
3019075,0.37936995787875466
3019076,735.2518977459137
3019077,15.933257424692865
3019078,917.2373990601867
3019079,912.3416944565485
3019080,273.9777634150451
3019081,190.0956226214579
3019082,151.27434843669843
3019083,4096.007904783706
3019084,40.89455913991506
3019085,1.5474689099425811
3019086,23.914776785076928
3019087,25.28342004555273
3019088,0.3880228990558338
3019089,284.03024438438285
3019090,26.309513072559543
3019091,22.01482433681847
3019092,8.071731748580753
3019093,173.94148712735472
3019094,11.338023688077335
3019095,514.2940868053905
3019096,283.23566525833695
3019097,9.013878380975507
3019098,9.626593574053887
3019099,497.5970463180165
3019100,125.39933494767942
3019101,2493.4774350382604
3019102,58.59904206651382
3019103,40.583111687757935
3019104,10.219239072149254
3019105,0.500190698500008
3019106,7.709711408978258
3019107,5314.005724030221
3019108,0.43580880126445404
3019109,519.5751990682681
3019110,12.79488244027635
3019111,1585.673911238004
3019112,859.6563206862827
3019113,765.6452024286604
3019114,112.62998010849662
3019115,149.8407996905576
3019116,6289.31306236038
3019117,17.30271037552671
3019118,0.9344115033417255
3019119,22.890480252805894
3019120,18.97278677060983
3019121,0.49286143626841833
3019122,422.03438443552704
3019123,1.9092326574450111
3019124,8.516491722342293
3019125,7.337350328318989
3019126,86.60170512065002
3019127,1.6508396324948498
3019128,361.19899566286904
3019129,423.68715468440973
3019130,4.970649938424844
3019131,7.204691855022071
3019132,352.3125640717745
3019133,86.57102353682234
3019134,1165.785889249485
3019135,54.725348188240396
3019136,18.814016021775693
3019137,14.56328255780431
3019138,0.5698047269177366
3019139,6.555469896855011
3019140,3497.671022787515
3019141,0.43434049227717497
3019142,454.35510874523993
3019143,10.115815964196042
3019144,1507.5226208369672
3019145,677.726860982215
3019146,358.9789565118249
3019147,253.68460413322316
3019148,160.74272345704534
3019149,4849.796701507433
3019150,13.816614358898093
3019151,0.7406307634138392
3019152,50.65972844445348
3019153,41.51736135711279
3019154,0.4839017400922808
3019155,363.689658700927
3019156,6.262055248780655
3019157,5.365843244198676
3019158,10.452784463787074
3019159,148.4943505827123
3019160,2.542452620912603
3019161,126.75406355327422
3019162,326.8721088029881
3019163,3.530464066919407
3019164,7.73090101448552
3019165,209.97178753374175
3019166,154.0668859277484
3019167,1384.9619537247413
3019168,5.342550873301173
3019169,8.398737556671792
3019170,5.062405758631404
3019171,0.3397938011997816
3019172,2.3121618078569517
3019173,2074.7252047014504
3019174,0.26859215953913534
3019175,136.4588632848083
3019176,9.227253629763814
3019177,751.574213402373
3019178,349.85432949463274
3019179,169.50741862185836
3019180,46.4073531372568
3019181,91.58633448129817
3019182,2872.725055459148
3019183,7.881487885579533
3019184,0.6774893130523245
3019185,27.623369712504175
3019186,20.245254423559654
3019187,0.29826618352830875
3019188,196.74705728957434
3019189,0.8891014712327361
3019190,110.90528452184356
3019191,5.094757088879487
3019192,111.19913900313566
3019193,3.319040962129643
3019194,95.74909776660823
3019195,162.2215136858467
3019196,1.3671208707447842
3019197,6.095097631029855
3019198,136.6136736829584
3019199,33.597875179275505
3019200,434.04491668765803
3019201,22.926948847698686
3019202,1.556340462154434
3019203,1.6003230690727475
3019204,0.33943372358375884
3019205,2.3948096572165523
3019206,1654.307707804302
3019207,0.3378855533938652
3019208,254.0856058234895
3019209,13.408373127434484
3019210,530.0571749417143
3019211,481.9891017206072
3019212,142.4111083309754
3019213,49.693201082763736
3019214,78.4730277191318
3019215,2134.246188519584
3019216,22.556250863812867
3019217,0.5587661266917947
3019218,13.336437447794395
3019219,14.725052082497108
3019220,0.3930859172722847
3019221,127.5152165566802
3019222,14.614022682611704
3019223,2.779260732224969
3019224,4.13725605037658
3019225,87.24317674748234
3019226,5.688629850093697
3019227,363.3845155588983
3019228,157.0378013991683
3019229,3.254327522978315
3019230,5.244283381698798
3019231,255.39574355572472
3019232,34.20981893511635
3019233,1112.4803992028526
3019234,48.19546394966369
3019235,7.818078722576601
3019236,2.7099204500213196
3019237,0.33309948012996216
3019238,5.880165504326697
3019239,3891.6405561204224
3019240,0.36573116612682893
3019241,836.4837949014478
3019242,20.086026758531034
3019243,1216.9697135255942
3019244,1358.4321943973132
3019245,330.9712048404414
3019246,240.2197344440177
3019247,210.25207666500725
3019248,4314.661806179127
3019249,39.45638221742961
3019250,0.9019872732488143
3019251,23.602075863187707
3019252,35.88570570925875
3019253,0.33431395795948265
3019254,275.5541803454285
3019255,12.268005837484298
3019256,42.17993372401078
3019257,8.885046587473392
3019258,160.3443489668076
3019259,13.534013471710326
3019260,468.5817269580531
3019261,307.523321811346
3019262,16.84791973365343
3019263,10.370378919190653
3019264,606.4210820493273
3019265,134.15449406054987
3019266,3634.334618816638
3019267,77.12085407654195
3019268,25.874869458328888
3019269,2.9681096961471507
3019270,0.3469238275172105
3019271,3.674187464154463
3019272,3144.3847636028718
3019273,0.2657625490951612
3019274,472.65851524368554
3019275,9.959497533633455
3019276,592.1343495703352
3019277,796.0917158193507
3019278,195.86269212754783
3019279,149.3698832280661
3019280,165.24452269727388
3019281,2501.497032478093
3019282,24.758935968020445
3019283,1.1649859490457097
3019284,19.289112749773917
3019285,19.89545170002502
3019286,0.33810363907589236
3019287,139.4505090663652
3019288,0.47106923327893013
3019289,31.612854590969867
3019290,4.957627051754466
3019291,435.13241330211366
3019292,9.111695130483781
3019293,265.7089362756294
3019294,145.07143066447253
3019295,5.290217126562062
3019296,6.39383820772542
3019297,215.29589496157203
3019298,46.991083169085655
3019299,1981.3817159517423
3019300,1.2706224973332443
3019301,6.1714494242801266
3019302,4.11092482040875
3019303,0.3664640425195819
3019304,0.7882599158719887
3019305,980.9080473638019
3019306,0.0
3019307,231.11746328408074
3019308,6.943839544379203
3019309,351.89410943661755
3019310,272.6978579586599
3019311,95.32500537485522
3019312,42.24084253104811
3019313,44.06224202940068
3019314,1577.7113687283356
3019315,5.241744501033672
3019316,0.6302285077300336
3019317,11.21395576368685
3019318,9.159134591194498
3019319,0.3906515558966039
3019320,88.08181901245119
3019321,0.5799272712218098
3019322,7.669868460431706
3019323,1.847194405687799
3019324,53.9812141254135
3019325,0.4791226397681319
3019326,272.4012207575882
3019327,132.57986473358608
3019328,2.807513345484163
3019329,1.4901714214873278
3019330,166.70018250981178
3019331,21.81409683154122
3019332,536.2866160475194
3019333,0.8689862896663427
3019334,1.8060335849630822
3019335,8.57277906609715
3019336,0.476402132983214
3019337,3.510487587649786
3019338,3597.7902454044265
3019339,0.4243859308723708
3019340,680.7842440096448
3019341,23.32498585506387
3019342,920.6801584869954
3019343,1088.4885960443842
3019344,330.422382292583
3019345,260.9665795846728
3019346,233.23208057054015
3019347,4192.104640512634
3019348,30.53732032988334
3019349,2.8397682939148754
3019350,22.204364486602298
3019351,32.9897536725812
3019352,0.46380726828050967
3019353,237.42818982110808
3019354,11.017393224545565
3019355,52.311395878149106
3019356,9.922721334807385
3019357,383.06207222240545
3019358,5.491529728791824
3019359,337.8911967114127
3019360,258.50449635517964
3019361,12.516415001248099
3019362,12.852448380467141
3019363,448.3860650267798
3019364,92.54692113536903
3019365,2987.8344613514787
3019366,1.8272155485946424
3019367,19.70514213958267
3019368,6.967008244099498
3019369,0.4356299518510061
3019370,3.4878670203835043
3019371,4169.0026440395395
3019372,0.43543262586144516
3019373,707.1850198442339
3019374,21.09582659389704
3019375,1492.905454502451
3019376,952.39622329855
3019377,425.9733744063904
3019378,258.852936733769
3019379,141.4502544810546
3019380,6587.465233612153
3019381,18.36489157277832
3019382,0.9869639887115267
3019383,40.48614952479258
3019384,23.877749190946584
3019385,0.6874181702603142
3019386,321.44955875087
3019387,0.0
3019388,8.424949769935255
3019389,5.936088217027372
3019390,117.50977029114624
3019391,1.4426160104084822
3019392,215.11003530968875
3019393,339.7614630054051
3019394,6.536924731323413
3019395,6.342575638638642
3019396,286.950740648211
3019397,88.63580287486465
3019398,1859.6936372391115
3019399,2.5217272104814263
3019400,6.835571790481078
3019401,8.607993470555366
3019402,0.570110016580694
3019403,3.7719989559541656
3019404,3386.054886510727
3019405,0.331400684242282
3019406,672.2661786817949
3019407,18.88673835320417
3019408,1130.9992114174797
3019409,759.8574678797856
3019410,284.2867591635116
3019411,199.31500830695225
3019412,156.0804797913621
3019413,4402.3883730824455
3019414,17.31294454577386
3019415,1.472223530886756
3019416,29.527820891604346
3019417,24.023639179961346
3019418,0.4176977278303804
3019419,277.8200162103277
3019420,0.0
3019421,7.596684371832627
3019422,7.370099139425761
3019423,222.29252860126093
3019424,1.3549551204714594
3019425,114.82479163028464
3019426,276.3710116738014
3019427,4.982562562432996
3019428,6.17874227338004
3019429,218.9745135076907
3019430,75.32342332104076
3019431,1252.321362310621
3019432,2.3374510108983655
3019433,8.966531492489455
3019434,12.09852145714826
3019435,0.7310524077750205
3019436,17.53306661858462
3019437,9849.634841815154
3019438,0.4133798980248813
3019439,1322.4137894541404
3019440,57.32531090220374
3019441,2036.837409007878
3019442,2352.077148778784
3019443,436.601518913691
3019444,567.9773920709349
3019445,434.9710311994773
3019446,9591.394762925322
3019447,85.81506264039892
3019448,2.675397518333131
3019449,61.51781148964634
3019450,63.1498874422208
3019451,0.7148553959236832
3019452,640.8931314174367
3019453,54.89597588095398
3019454,69.51541725920701
3019455,29.52708872696601
3019456,377.8993045552976
3019457,29.471837319790286
3019458,871.4622361670512
3019459,700.1229298922225
3019460,24.131986052451882
3019461,29.179942946611288
3019462,1321.3434683934981
3019463,287.905033832108
3019464,8637.145236989672
3019465,1.3507074908873786
3019466,89.44433013873791
3019467,2.672920601201907
3019468,0.3391037121382735
3019469,0.9259492851982987
3019470,1567.0004449718776
3019471,0.24073829292532598
3019472,167.1001705162339
3019473,4.94048872710104
3019474,583.3347451894426
3019475,272.845021898688
3019476,128.46048069644544
3019477,130.1801821715031
3019478,82.24567980333251
3019479,2074.599689437336
3019480,5.0910898458684315
3019481,0.4621813859440795
3019482,13.5665317976064
3019483,8.694939551785561
3019484,0.33211189209532926
3019485,166.51538690436092
3019486,0.7067091384490449
3019487,110.0689853685057
3019488,2.147495951081634
3019489,54.60272690008084
3019490,0.8236291106595706
3019491,61.6060830517251
3019492,99.66846700712195
3019493,1.9730070783975955
3019494,4.3780100462339036
3019495,110.02669295983806
3019496,20.31036074953764
3019497,483.8778040618905
3019498,7.965996224640772
3019499,4.127594792281991
3019500,10.166025974437849
3019501,0.3835148831175963
3019502,2.39408378687981
3019503,3364.789082245387
3019504,0.2837874886186594
3019505,583.0074054676055
3019506,13.09318976773991
3019507,1429.906563525507
3019508,772.2360113072299
3019509,285.70680663110335
3019510,260.1075397466929
3019511,153.76889008842275
3019512,4890.4858595545
3019513,16.12381192924395
3019514,0.5531114813703539
3019515,24.840225093794796
3019516,20.922867104370646
3019517,0.3713267386399936
3019518,310.4919458870477
3019519,0.9229875199585889
3019520,6.526884154691376
3019521,8.215452491190748
3019522,36.17728207341108
3019523,1.5592274884845025
3019524,357.73676455923254
3019525,281.25163440114886
3019526,5.215572705917424
3019527,7.541517816430298
3019528,154.37041074715782
3019529,77.4117173457092
3019530,1316.6216625430984
3019531,1.9720289581438752
3019532,7.038400494990174
3019533,2.119256176779871
3019534,0.2506719358065857
3019535,0.8011418496549918
3019536,1153.0895678724926
3019537,0.2405244405287553
3019538,109.82549884378469
3019539,4.224234839358474
3019540,684.594834086262
3019541,180.078291511409
3019542,90.24487206100642
3019543,134.73253087922976
3019544,29.683497349089812
3019545,1881.0383190991884
3019546,1.8620684064017676
3019547,0.4145164339941932
3019548,10.0054357429832
3019549,5.161658283406163
3019550,0.2487510948900443
3019551,108.5804161585329
3019552,0.4301520032540729
3019553,89.43826547574066
3019554,1.02274486073093
3019555,50.828637369343895
3019556,0.4592920793475338
3019557,66.92749540357754
3019558,91.8104723402404
3019559,0.6796077806252416
3019560,1.0039919435849805
3019561,60.61640018940101
3019562,12.200413424722296
3019563,232.22591772921655
3019564,32.52954714901887
3019565,2.565782243404652
3019566,8.629326624905707
3019567,0.2576325263755702
3019568,2.789623802152035
3019569,2684.9398698504992
3019570,0.24742855540822647
3019571,235.68632444758893
3019572,9.738483286497445
3019573,1048.5093179942278
3019574,472.7949146252764
3019575,194.89415603043034
3019576,153.11870027725556
3019577,125.92052597627632
3019578,3263.881310134128
3019579,3.589655144333932
3019580,0.520502096782018
3019581,28.67265942186611
3019582,20.841020695883905
3019583,0.3388763411953115
3019584,300.3006143020262
3019585,0.0
3019586,111.00611708824538
3019587,12.090343860375773
3019588,64.3634415811692
3019589,1.21951990135782
3019590,294.76941986052066
3019591,236.54370205949644
3019592,1.9863116569620387
3019593,3.965848078401291
3019594,218.85257583913298
3019595,31.755529403556743
3019596,1255.0965859517796
3019597,54.43058137348119
3019598,1.472957529300055
3019599,3.077984004035268
3019600,0.3800947707471966
3019601,2.7111308694092937
3019602,2759.9165418944754
3019603,0.3239249342148273
3019604,703.5177462924739
3019605,11.242692029923209
3019606,971.9199858024016
3019607,640.8428008704566
3019608,227.90421469673214
3019609,103.26955159479544
3019610,82.9454162624207
3019611,4482.026313742941
3019612,7.808827816315453
3019613,2.3491102251481286
3019614,27.779804543828618
3019615,48.242516151785566
3019616,0.32896982452918155
3019617,225.82031732178157
3019618,1.6600495456870825
3019619,6.339495667269836
3019620,3.2281089418532734
3019621,62.66637860553447
3019622,2.429285552294446
3019623,161.78114642218637
3019624,307.25232333403653
3019625,3.403834768367741
3019626,7.134016917260999
3019627,146.2360902155427
3019628,39.14764188862658
3019629,634.0828879888868
3019630,3.2543260355743433
3019631,3.821510305409645
3019632,3.7227189456108727
3019633,0.2544444013033006
3019634,0.6073790648083337
3019635,1822.6499831852555
3019636,0.24469964100238795
3019637,100.82432692875538
3019638,2.9057758733436203
3019639,579.1951329583391
3019640,225.932695533861
3019641,110.04879825602917
3019642,178.26381176905727
3019643,92.26092034861335
3019644,2324.5415064270346
3019645,5.625768392162646
3019646,0.47436104042260424
3019647,12.464636490006383
3019648,6.317343114332462
3019649,0.31709973825992277
3019650,120.9209204036852
3019651,0.47145874236745766
3019652,87.01856906381386
3019653,1.7438062256758355
3019654,81.00457802079947
3019655,0.6308105598328564
3019656,155.24164480931702
3019657,105.81756418588856
3019658,0.9612404145514852
3019659,1.145855998849108
3019660,62.80424135814713
3019661,19.71707933836636
3019662,405.2470482318653
3019663,7.480441328207506
3019664,0.6898148649846918
3019665,4.518695120600782
3019666,0.3234293411461742
3019667,1.6747529354949693
3019668,3852.4655231091656
3019669,0.24817464553493457
3019670,531.5945891687242
3019671,13.402543363398852
3019672,1005.9897388621921
3019673,649.3297570199377
3019674,231.88082080986663
3019675,174.07220563959066
3019676,195.28360879149244
3019677,4141.060891600068
3019678,8.164046078287795
3019679,0.47615261770814493
3019680,24.113145046652942
3019681,12.894751937067069
3019682,0.3236049678378666
3019683,248.91847917739577
3019684,0.4493835829563677
3019685,30.47990190090775
3019686,3.2575160836804775
3019687,105.63941173795098
3019688,1.0301347766532705
3019689,229.5271756754346
3019690,245.1150439368377
3019691,2.541039262849236
3019692,3.0115669978612516
3019693,130.6425837434281
3019694,53.6759507629226
3019695,1358.225048762997
3019696,0.9635882510332974
3019697,2.1766569123844524
3019698,3.3040272740317898
3019699,0.3232018774148567
3019700,8.887957238627703
3019701,2834.1146409446756
3019702,0.321672468631312
3019703,488.3284085394085
3019704,9.162263686657266
3019705,843.5611598551408
3019706,855.9632031532344
3019707,145.4662633764059
3019708,126.68576704324578
3019709,120.42256037333512
3019710,3370.7617354397125
3019711,48.34991166528129
3019712,1.6678024590641631
3019713,25.465703550056556
3019714,26.12193229856396
3019715,0.32657663591842917
3019716,237.21766231223665
3019717,21.95679832236437
3019718,20.453356747580067
3019719,1.73510139218955
3019720,161.11341552460388
3019721,10.876319267811663
3019722,216.6462467391973
3019723,253.14139522796955
3019724,10.211694885196788
3019725,12.650912783084516
3019726,271.7212516807979
3019727,63.08927474538177
3019728,2436.70697107074
3019729,75.3157531115458
3019730,12.724385498244509
3019731,7.224819643235776
3019732,0.4117052181594496
3019733,10.060738394170125
3019734,2852.9373320829213
3019735,0.4304287485278156
3019736,539.7825137306719
3019737,16.322192219801284
3019738,1140.9560646903033
3019739,927.4472186822359
3019740,174.21151082087778
3019741,106.79749668177591
3019742,146.11083049482593
3019743,4136.827024355071
3019744,31.025516711742277
3019745,1.210468078609908
3019746,42.00011799200274
3019747,38.01566704810101
3019748,0.455005656139082
3019749,408.0280621854855
3019750,33.8563774608641
3019751,22.61395354469065
3019752,10.937172513128932
3019753,186.53176556348592
3019754,14.121630170685973
3019755,177.42498234164353
3019756,455.0611497003788
3019757,10.174532907499412
3019758,13.742164677233092
3019759,167.0939731298397
3019760,101.8118169848801
3019761,2230.431576408543
3019762,6.821614402162877
3019763,22.230559755811786
3019764,9.974329555417627
3019765,0.3968078832053111
3019766,5.466186046059383
3019767,3533.824139282311
3019768,0.3874369577395904
3019769,715.5200129724914
3019770,8.138832210678768
3019771,1443.3628074749531
3019772,687.6389281254075
3019773,223.6378314934131
3019774,267.61321271933
3019775,119.46530457799358
3019776,5128.705209168454
3019777,37.33551401659237
3019778,1.715945588458141
3019779,26.3109083364919
3019780,21.864121774557923
3019781,0.40330137626399243
3019782,352.45260912528414
3019783,6.9538267493214025
3019784,17.879212325137004
3019785,9.70366681126138
3019786,93.83526109418469
3019787,5.584611041545806
3019788,167.90507901662255
3019789,319.43672656472006
3019790,8.185986844055995
3019791,11.28178675971814
3019792,269.4492543070267
3019793,64.31001406528951
3019794,1652.2161922803382
3019795,11.550641883037331
3019796,17.735503441858523
3019797,4.6995211729978745
3019798,0.3901558198609046
3019799,6.277486996255242
3019800,2977.1188864712794
3019801,0.3887130845262062
3019802,413.7094072647587
3019803,11.516513101976951
3019804,852.1759527512099
3019805,857.6806848764948
3019806,248.44796150484243
3019807,159.08679515294372
3019808,134.01792615276585
3019809,3608.4877101450325
3019810,24.339982807496494
3019811,1.4884329936258744
3019812,17.535522767103778
3019813,13.135587323841563
3019814,0.4053727610356769
3019815,236.62391248496704
3019816,21.493720010228955
3019817,26.371198558486675
3019818,2.6428259098481903
3019819,171.1700560048869
3019820,8.429078550116664
3019821,397.3294080110865
3019822,267.29282701291805
3019823,8.372524880701283
3019824,10.246752221706252
3019825,441.4209088902216
3019826,60.9329913429795
3019827,2360.626566188048
3019828,4.876379870617795
3019829,26.338893267103785
3019830,3.37360236385683
3019831,0.32233793507618486
3019832,3.40620227432267
3019833,5135.078414749009
3019834,0.320274000255592
3019835,435.7709326357503
3019836,10.68581498312646
3019837,2103.656934987002
3019838,686.0004144030385
3019839,315.52412030782926
3019840,187.05237942383107
3019841,106.18746949209634
3019842,7511.629836675407
3019843,10.949910446674734
3019844,1.543596206104581
3019845,27.85125949845445
3019846,25.219247407266245
3019847,0.37950746355691944
3019848,424.2676831842189
3019849,0.44813785427586633
3019850,1.821730599779214
3019851,8.966079732356885
3019852,73.4720244777522
3019853,2.2578742807360985
3019854,154.4982470388889
3019855,361.78099996256867
3019856,3.015108183703358
3019857,10.705539092569081
3019858,194.02098728704058
3019859,63.79983805747848
3019860,1153.4461485921113
3019861,57.38712542538186
3019862,5.957370899151302
3019863,8.217463689390895
3019864,0.4110066519419304
3019865,9.954493338418791
3019866,2663.272463968827
3019867,0.3893201076893405
3019868,570.9961634430834
3019869,15.644374731767982
3019870,1118.8974759163223
3019871,828.6245548184982
3019872,261.68294229944405
3019873,151.11808961584399
3019874,218.0549065714684
3019875,4177.029419709039
3019876,48.68917442864526
3019877,1.4683074013349793
3019878,29.62383567160005
3019879,33.60725960642163
3019880,0.41046945805924123
3019881,282.5636255455143
3019882,24.893932996959613
3019883,22.12971391669219
3019884,10.045103299600695
3019885,197.73568157361723
3019886,12.823742863710535
3019887,265.4658631093073
3019888,381.7351985101564
3019889,15.041200794978462
3019890,11.519148617095958
3019891,212.59353341025695
3019892,68.86176854776097
3019893,2190.4402970874335
3019894,0.9184563808784507
3019895,7.6288690141781785
3019896,4.712845632923108
3019897,0.38296691431177504
3019898,6.289044227760327
3019899,2739.179641513073
3019900,0.3813684267474795
3019901,519.6604364545008
3019902,12.462681158174925
3019903,788.8904466202532
3019904,876.1672658028897
3019905,186.10034601182508
3019906,147.9853550724571
3019907,130.78409215552801
3019908,3191.5489946249927
3019909,30.744669561083686
3019910,0.9904996299242428
3019911,24.169815486909254
3019912,25.90852224962952
3019913,0.3903272769225654
3019914,217.55145278857034
3019915,19.21010041073911
3019916,54.87516991562187
3019917,6.004080402543167
3019918,114.25849311381435
3019919,11.12821271769506
3019920,239.7133618821833
3019921,232.09113198010166
3019922,9.315472719314268
3019923,11.09403064100297
3019924,239.42803692408444
3019925,55.90675256929987
3019926,2478.6051869415055
3019927,1.0531277878853258
3019928,16.464223326736295
3019929,6.56939727039455
3019930,0.3221678066991518
3019931,4.926656267258232
3019932,4877.390361729176
3019933,0.2447562068522158
3019934,524.021075966805
3019935,16.294077583748443
3019936,1347.6420479087633
3019937,658.4529454762308
3019938,311.8428713208912
3019939,195.4617592072075
3019940,106.49644886492308
3019941,4868.179829016697
3019942,10.379230793751969
3019943,0.38418274992091733
3019944,21.063952640330356
3019945,22.561512880016043
3019946,0.31400143345565035
3019947,267.7181851414054
3019948,0.45349347947005814
3019949,9.830283657852053
3019950,1.8194401053262679
3019951,130.2901386588128
3019952,2.087818953256081
3019953,187.93940791978488
3019954,296.7452223413385
3019955,3.037849270396954
3019956,2.0848158254168427
3019957,226.3934822791037
3019958,107.87643342334894
3019959,1246.576891806026
3019960,2.3528627523398575
3019961,1.563257919511254
3019962,17.24412279902951
3019963,0.4085416630166517
3019964,23.901072534263676
3019965,12719.574218272788
3019966,0.408348060286969
3019967,1958.3614054189413
3019968,32.44324052424008
3019969,2753.978136312163
3019970,2979.0990221405355
3019971,694.0763705445256
3019972,748.6535793653732
3019973,565.6087596122775
3019974,12639.887640603754
3019975,90.43222212848805
3019976,4.4920119708743345
3019977,138.49102064940922
3019978,140.88440824321447
3019979,0.501099600593667
3019980,869.8369863335688
3019981,43.40664309358445
3019982,39.93917157500949
3019983,52.303261613265065
3019984,575.3551030395466
3019985,29.90866260673027
3019986,1164.846943574052
3019987,756.3234134396877
3019988,56.35249245480069
3019989,43.44931841585315
3019990,1468.0603696898122
3019991,338.33766064587695
3019992,12275.103562940016
3019993,415.49733000161564
3019994,115.84052020429574
3019995,18.45881823805679
3019996,0.41600059344312396
3019997,18.481108880164637
3019998,11757.677333165564
3019999,0.41580596549045423
3020000,1484.088694693068
3020001,38.151804694907156
3020002,2938.0278845348025
3020003,2667.2527661118934
3020004,868.0038408418376
3020005,464.68524468703004
3020006,466.2181744521086
3020007,13373.668660292622
3020008,145.32541466931212
3020009,1.7589010285774287
3020010,88.4653722746814
3020011,123.55354927325702
3020012,0.9528514783727122
3020013,807.8451034274879
3020014,30.932090923892567
3020015,56.16546983871602
3020016,19.136114929736873
3020017,388.6919346736987
3020018,25.975713690857823
3020019,1455.9478737333527
3020020,891.0024550014161
3020021,34.80854192054929
3020022,36.132504354395266
3020023,1582.8606661773495
3020024,321.8721825624744
3020025,7925.538712379398
3020026,425.61999239150106
3020027,107.46242837914643
3020028,18.871315725211826
3020029,0.4361048156488145
3020030,25.780081830522917
3020031,7078.5033620432505
3020032,0.48491009783414946
3020033,1154.7996897041069
3020034,23.52120631416902
3020035,2805.7059502384386
3020036,1888.259179685037
3020037,1026.2231170562977
3020038,207.2446250296264
3020039,321.84380320452055
3020040,11837.20038992596
3020041,59.85466184950371
3020042,3.8821759032325414
3020043,56.4585272567494
3020044,33.68442789348102
3020045,0.728882030083746
3020046,838.98766723981
3020047,48.83774543143826
3020048,39.95299268647644
3020049,15.900903680464662
3020050,249.85604446899984
3020051,14.483366575686382
3020052,1207.5063053499425
3020053,960.8728582672807
3020054,33.28028014102621
3020055,58.32621974027062
3020056,1040.9115259090188
3020057,182.5838265560968
3020058,3556.6411796652633
3020059,370.7070733364883
3020060,64.59379828405127
3020061,18.74628973906814
3020062,0.4262541687429014
3020063,26.12115128788833
3020064,10287.428479712336
3020065,0.42605813144592974
3020066,1391.6318087036702
3020067,27.62101074669134
3020068,2686.973172667017
3020069,2522.547499100182
3020070,813.4158608680892
3020071,422.83276886710786
3020072,323.9952182138012
3020073,11892.833157645775
3020074,60.05962021380965
3020075,1.9012664017460423
3020076,75.90022551403015
3020077,92.03928964824978
3020078,0.8519281413085507
3020079,757.8330666404589
3020080,34.5415704275435
3020081,45.17642630900866
3020082,23.26752520206588
3020083,351.96222536212053
3020084,22.16865895457249
3020085,1113.083815580064
3020086,933.3350153379562
3020087,36.81532675679402
3020088,36.57158820513354
3020089,1395.9990186990703
3020090,280.2670213158635
3020091,6074.414638135845
3020092,527.2580194112758
3020093,81.04885683265299
3020094,17.59780633751618
3020095,0.4512370647950433
3020096,25.11973559875058
3020097,5638.302699991132
3020098,0.439462257317235
3020099,1028.921803337304
3020100,22.14283797608904
3020101,2438.388220764941
3020102,1614.0265166958386
3020103,788.6949681458866
3020104,158.58862052876017
3020105,252.81765861240712
3020106,10023.8131868078
3020107,62.11291193335596
3020108,0.6388237325146762
3020109,39.73014730420808
3020110,41.461166510888916
3020111,0.4883249743868077
3020112,739.0343281487955
3020113,45.473859849621775
3020114,16.422526938423758
3020115,9.535639643801991
3020116,219.78194696252885
3020117,9.236999599467381
3020118,1080.5863332525187
3020119,925.5409230192711
3020120,24.181065996392473
3020121,35.35123333950641
3020122,1081.8857288248737
3020123,127.20546564631522
3020124,2544.6683594502833
3020125,392.58629886182325
3020126,28.50819784876988
3020127,11.895627081435897
3020128,0.3795714186413236
3020129,14.18586993175983
3020130,7658.413167083453
3020131,0.3793817978445421
3020132,1283.7820972870559
3020133,29.913451926927713
3020134,1992.2222883081754
3020135,2410.84683700676
3020136,483.9198571694789
3020137,504.9538176675435
3020138,419.2295052120013
3020139,8639.571762081781
3020140,70.9960829888741
3020141,1.9719228333740015
3020142,57.956306864656476
3020143,60.70301511060392
3020144,0.6431121994326094
3020145,570.9546604767868
3020146,22.540515186845532
3020147,38.70326920249278
3020148,14.316497765519719
3020149,421.311954217031
3020150,20.262694843375872
3020151,929.851042610737
3020152,607.2896001599621
3020153,24.04952825166676
3020154,41.0547653256412
3020155,1145.8452490020295
3020156,247.92145526117523
3020157,8352.764132118427
3020158,244.61096648313955
3020159,78.55130358815639
3020160,5.8931455276054665
3020161,0.36926678511326544
3020162,7.10595318101117
3020163,1848.598351917116
3020164,0.3478172348176655
3020165,333.62369381793485
3020166,26.626346235983053
3020167,911.9550105531201
3020168,541.7902083531668
3020169,223.1573053948475
3020170,80.91631998389869
3020171,137.95055477250997
3020172,3054.2702194081103
3020173,25.111493814666208
3020174,1.3384408031897732
3020175,27.696812746278734
3020176,22.342835975453223
3020177,0.397775235011746
3020178,205.34217545354582
3020179,14.51283620130627
3020180,10.985038439745923
3020181,10.389663529890305
3020182,113.29490406614052
3020183,9.532645568180547
3020184,252.3947870398891
3020185,233.04188260480754
3020186,3.285375846863375
3020187,8.486228604471508
3020188,249.92647858930772
3020189,57.053815809728015
3020190,1543.1358038987871
3020191,1.1324831839468787
3020192,9.273487506581386
3020193,13.149023033278523
3020194,0.4105868472955267
3020195,18.349990107511445
3020196,5167.640404284381
3020197,0.4103929634571843
3020198,705.5950329862661
3020199,44.79649853731139
3020200,1954.7702266198041
3020201,1337.9718367546063
3020202,597.2643444884609
3020203,136.58374125920096
3020204,203.50206950193123
3020205,8075.351194206376
3020206,91.51506962931839
3020207,1.8696023776141528
3020208,65.89123599795188
3020209,47.46396180599419
3020210,0.44366556322464207
3020211,549.682637439932
3020212,23.079564757057824
3020213,13.145945353618268
3020214,5.5670899919662915
3020215,216.9919040672573
3020216,14.200579412597312
3020217,639.4673242092462
3020218,695.6468167784055
3020219,17.181452501967208
3020220,29.83374790784595
3020221,478.32629580373646
3020222,104.05289394993642
3020223,2580.5091827451656
3020224,364.7081846988737
3020225,21.479667690707473
3020226,8.72603257224516
3020227,0.3706782382574998
3020228,6.066684626307287
3020229,5120.770359337507
3020230,0.37048983982001593
3020231,931.9269916970437
3020232,14.615481430971759
3020233,1470.476600011412
3020234,1737.955213148434
3020235,272.6780327871365
3020236,339.8600017418414
3020237,377.50146023587683
3020238,5098.827021583564
3020239,51.22513546417556
3020240,1.4155658761241723
3020241,45.36826188058159
3020242,41.39375189471928
3020243,0.4617929458497022
3020244,357.93390085112384
3020245,3.886729655057045
3020246,54.51440311610397
3020247,5.963870915899199
3020248,309.793724723018
3020249,12.154376394140575
3020250,704.1987385777279
3020251,352.0701031966485
3020252,21.934538837398627
3020253,13.071403092248573
3020254,781.0814418858554
3020255,132.40452555477856
3020256,5484.0678214627615
3020257,3.7255926784770663
3020258,52.714799561834276
3020259,12.095774536130252
3020260,0.36675777406644733
3020261,10.66777129295294
3020262,5182.034052974834
3020263,0.2987961814446301
3020264,964.8702367776809
3020265,13.333216293917047
3020266,1750.3725927031956
3020267,1351.5351461548282
3020268,416.91821314804554
3020269,245.31420177422845
3020270,408.53198453883897
3020271,6937.651233685248
3020272,47.30230829774127
3020273,2.9599634262615506
3020274,55.3988906243509
3020275,47.98831361864711
3020276,0.4129306732233441
3020277,429.74537511405373
3020278,10.493039981240535
3020279,75.93408611533285
3020280,8.411461376380323
3020281,383.612509444604
3020282,12.739723080941186
3020283,558.4769422309439
3020284,416.7881809649988
3020285,17.631254792840615
3020286,28.582991314633762
3020287,560.0972574461587
3020288,123.60484459785026
3020289,5090.552990938968
3020290,4.29977282895076
3020291,9.54089720253914
3020292,10.916247392007865
3020293,0.31142524181885883
3020294,5.977573690042605
3020295,2615.200146023162
3020296,0.3112449876501273
3020297,579.4531194566298
3020298,11.163708458539839
3020299,1137.1877439799823
3020300,626.553539941587
3020301,286.0094739179494
3020302,115.79161487112809
3020303,219.59414012545548
3020304,3824.0055625155146
3020305,19.894533694425895
3020306,1.5048953555679496
3020307,30.982241442629967
3020308,26.17228263911003
3020309,0.39647448954624864
3020310,257.5909020576749
3020311,8.602013959935887
3020312,18.30712655398118
3020313,8.386467570200821
3020314,210.79799504771674
3020315,4.26566031202207
3020316,376.30727296758056
3020317,306.3137056765229
3020318,5.864262726248438
3020319,7.920505110885303
3020320,246.72336992169457
3020321,83.0751322147398
3020322,2399.7289197921036
3020323,1.7600962323714695
3020324,4.534595712410569
3020325,8.21701557915913
3020326,0.2577749369508156
3020327,1.8758893391329288
3020328,2934.6255647277694
3020329,0.24756981051607987
3020330,217.77639757078077
3020331,5.411963705178613
3020332,1104.9743559804633
3020333,260.35880801917085
3020334,237.34286868387406
3020335,71.011130421702
3020336,57.721400799188
3020337,3716.0792020174076
3020338,9.152127586225028
3020339,0.7859655069148923
3020340,23.642947725782644
3020341,11.058704345746026
3020342,0.26330386750739676
3020343,259.6933003162771
3020344,0.0
3020345,102.68126375102943
3020346,3.992487858429252
3020347,37.06617228129163
3020348,1.0465378919750403
3020349,54.317746868540645
3020350,199.53174314731788
3020351,0.4114478228555497
3020352,2.310017802201221
3020353,68.5468924197432
3020354,73.53432023732111
3020355,687.3003508291021
3020356,53.28458224970777
3020357,2.336236924126245
3020358,7.953063786574077
3020359,0.40383212081708775
3020360,8.7141081152068
3020361,3913.942361240526
3020362,0.402209516426294
3020363,649.8914361017271
3020364,15.905980831784017
3020365,1282.840427651128
3020366,1098.8182084965383
3020367,395.87630494241415
3020368,206.14613442855472
3020369,204.1091375607485
3020370,5035.9052379652285
3020371,40.927019857283746
3020372,1.1805049693779481
3020373,29.57537699602055
3020374,50.38166966457362
3020375,0.4428297168364355
3020376,347.2638466753687
3020377,27.34451195356139
3020378,22.95476586523169
3020379,21.214225011942986
3020380,188.16171490894212
3020381,8.811238764555704
3020382,556.8035907890113
3020383,373.7779400711918
3020384,12.145555845804042
3020385,17.954053075754583
3020386,631.1750962195296
3020387,128.4133109957465
3020388,2858.5771209434242
3020389,96.87805823001818
3020390,42.85138873438901
3020391,5.186176171081627
3020392,0.3241167227323514
3020393,6.43529134640473
3020394,3820.713609442407
3020395,0.3244717335962339
3020396,640.1600904524078
3020397,20.59272771485233
3020398,814.18067770977
3020399,1218.2628072996108
3020400,170.02736921566841
3020401,249.3831703167433
3020402,257.14007261113846
3020403,3363.447532310381
3020404,42.237317867052596
3020405,2.0840555663883737
3020406,33.69944491121179
3020407,29.95900668980168
3020408,0.5782751986419383
3020409,222.09273413092674
3020410,16.35693181331123
3020411,50.47127566994254
3020412,6.878507477328869
3020413,277.9097773908387
3020414,14.521359887433086
3020415,437.2870527719629
3020416,203.56725376762108
3020417,6.764689758797531
3020418,15.384854859827147
3020419,617.5377840070959
3020420,131.84622763622062
3020421,4320.107036167544
3020422,0.7609610885132689
3020423,44.02713402417868
3020424,5.628179805313045
3020425,0.5333295777944995
3020426,15.091130788695033
3020427,5114.643153037832
3020428,0.37816569796665345
3020429,894.5013276014679
3020430,24.399907671403287
3020431,1291.319328562924
3020432,1652.646626491625
3020433,316.97969166760726
3020434,379.72898661096986
3020435,198.40029553276258
3020436,5222.899432292321
3020437,44.454144472311775
3020438,3.5322566713707735
3020439,45.01234829061561
3020440,53.848322636591
3020441,0.4290442875872014
3020442,391.52796815939143
3020443,45.03325754948251
3020444,44.8411669543155
3020445,23.40968396046202
3020446,238.97451953983332
3020447,20.478689106450403
3020448,508.01121739676137
3020449,387.034442351509
3020450,23.682462710290217
3020451,25.243523511467508
3020452,753.9334087518636
3020453,171.3110472590949
3020454,4856.257296522446
3020455,0.8821377770005958
3020456,42.35554325913994
3020457,13.575316826644961
3020458,0.527932378958266
3020459,11.42968274404856
3020460,3726.0142892297426
3020461,0.39832102645781314
3020462,576.0491821534114
3020463,22.66457330564804
3020464,1689.5152566869044
3020465,884.5129421668809
3020466,606.5221697653983
3020467,193.95553928931443
3020468,153.94593594199554
3020469,7018.805240274527
3020470,14.552629246533737
3020471,1.5725805371222763
3020472,54.25551005058264
3020473,49.291251211147554
3020474,0.425053637162287
3020475,483.9975521379117
3020476,12.6854315852639
3020477,7.170122357561874
3020478,12.102763067347492
3020479,99.54631294401979
3020480,4.0900167901883755
3020481,342.5022274863414
3020482,508.9220329955199
3020483,8.465135480996164
3020484,9.66268158740382
3020485,481.6828579523438
3020486,133.00459014517958
3020487,1702.9835420560962
3020488,129.3302306895379
3020489,21.468626248778303
3020490,1.6554234108921277
3020491,0.2031335376897889
3020492,2.525051610251513
3020493,1169.1654590480675
3020494,0.2034561115756468
3020495,156.43747771196425
3020496,3.5648299738288687
3020497,264.56571466286255
3020498,356.50382544810145
3020499,66.7251285444978
3020500,67.92755330454828
3020501,46.032555080165686
3020502,1206.2756614787634
3020503,6.284668751483007
3020504,0.8183955016947242
3020505,6.061696756974485
3020506,8.728598956472913
3020507,0.2070355586259176
3020508,83.3212237859464
3020509,5.55406661116181
3020510,6.930369800459226
3020511,2.652290533589988
3020512,54.1252716996421
3020513,2.6633267070721147
3020514,106.6744519008417
3020515,77.6707238041252
3020516,2.066158586354059
3020517,3.4776307895768026
3020518,118.96314861249927
3020519,31.57281739087194
3020520,1251.7348897618244
3020521,48.44584366529229
3020522,9.761060605115382
3020523,1.7010132603047552
3020524,0.31981747698091345
3020525,2.750479074454487
3020526,1552.066873461806
3020527,0.24476816425631168
3020528,123.9119519626689
3020529,3.20424454189211
3020530,801.9122742636586
3020531,310.191153462845
3020532,277.068617136977
3020533,55.45593866874072
3020534,40.192557888309686
3020535,3101.351532619428
3020536,6.268808638449578
3020537,0.4759994824448624
3020538,9.580959987096357
3020539,9.258734730341544
3020540,0.3134327685361498
3020541,201.68713833242953
3020542,4.814091042289908
3020543,63.56713618088445
3020544,1.6495560655991337
3020545,5.656112333058633
3020546,0.6058098735342623
3020547,174.1384160140045
3020548,199.62645681726917
3020549,0.8718182161767092
3020550,3.232344464002363
3020551,183.23486057666636
3020552,22.02611884071734
3020553,270.10884568048266
3020554,10.299384699648282
3020555,1.2105480855345312
3020556,8.434664194481334
3020557,0.3880561466770996
3020558,5.517101682824804
3020559,5028.245544902842
3020560,0.3759239409585096
3020561,726.8618744125853
3020562,11.859860317307744
3020563,1951.270638683923
3020564,717.2075833304301
3020565,543.1883510374361
3020566,230.20134460612272
3020567,114.41126202263467
3020568,7864.40610755042
3020569,25.78428707481674
3020570,0.7412694627107377
3020571,31.186250151869373
3020572,20.210535314395987
3020573,0.4070167368490594
3020574,533.7355443094334
3020575,11.355129726410054
3020576,2.3370337342531817
3020577,8.718791765370772
3020578,29.985635342153863
3020579,2.6201802028263548
3020580,653.629698891463
3020581,485.903166668092
3020582,2.6194056481346255
3020583,17.811597364900237
3020584,487.82514399452253
3020585,85.95174598447447
3020586,1452.8989808178883
3020587,30.14465488223616
3020588,10.117658947212565
3020589,5.9643469966012175
3020590,0.32476374273176717
3020591,1.6090215208581968
3020592,1921.731556710738
3020593,0.3217130219078569
3020594,212.6512281719837
3020595,9.02290078796292
3020596,892.0889579437518
3020597,441.77645568465124
3020598,224.21107449772717
3020599,61.18518036794195
3020600,33.99659083895365
3020601,3055.1706849153315
3020602,7.698526318057802
3020603,0.506011429994405
3020604,11.37164786158291
3020605,21.411064974823685
3020606,0.35916436449386935
3020607,196.08698820486484
3020608,7.163892115580094
3020609,84.73031767331639
3020610,8.934560213714555
3020611,30.602556959680065
3020612,1.107703883130652
3020613,147.36437925903422
3020614,217.06419081930449
3020615,1.920400388447574
3020616,7.122345265183835
3020617,161.0493579042436
3020618,32.625806371552585
3020619,367.19930273807313
3020620,8.154949946501358
3020621,2.0024944245541
3020622,4.482564058755352
3020623,0.2360886726249078
3020624,3.2121478406776953
3020625,1555.7011653917255
3020626,0.22381584160136003
3020627,140.23258233608223
3020628,5.415730572046488
3020629,737.2224614246032
3020630,261.667125625606
3020631,166.88803052020927
3020632,54.590855322348425
3020633,25.524399016413497
3020634,2662.2179374525217
3020635,8.714570874567695
3020636,0.3895903001617541
3020637,10.518778175977788
3020638,9.446315133413957
3020639,0.23733362428196353
3020640,153.1256162986811
3020641,1.8389797317099572
3020642,65.48347127271855
3020643,2.237226918877081
3020644,13.258320999492742
3020645,0.774426053788094
3020646,118.18724036284013
3020647,199.4243917374154
3020648,0.6157043091560919
3020649,5.214492005140362
3020650,96.39329077753969
3020651,21.625090895548126
3020652,191.6059874797317
3020653,13.8487231863479
3020654,1.2690028126060566
3020655,3.349679164028154
3020656,0.21472622029715624
3020657,2.731240525544526
3020658,1596.2404614140667
3020659,0.20487037542575712
3020660,157.47452531461394
3020661,6.293081502779345
3020662,864.3753195542412
3020663,304.7048029290441
3020664,189.22236802490156
3020665,34.72683609490596
3020666,35.18781308560301
3020667,2755.1756037366195
3020668,4.849100657922221
3020669,0.3649098295379667
3020670,7.078325321532278
3020671,16.088705531285857
3020672,0.30549322951245994
3020673,173.86389577921236
3020674,0.9003863917145478
3020675,78.82314124836773
3020676,1.8065365705986505
3020677,11.875811625691306
3020678,1.8581713248133656
3020679,204.52024707219806
3020680,185.04871789512694
3020681,0.9857807673616183
3020682,4.312295019930812
3020683,70.80947493004783
3020684,63.060969979993885
3020685,351.212635660947
3020686,6.225187154635598
3020687,3.0076402119221344
3020688,3.703026186487919
3020689,0.5968470558948769
3020690,3.828012833091946
3020691,1541.7821800237089
3020692,0.2938930374729876
3020693,149.85661116774463
3020694,3.1775903039812645
3020695,791.409027409334
3020696,266.8745238011667
3020697,221.32440882487714
3020698,76.47212346248665
3020699,47.6067902875252
3020700,2530.747368127672
3020701,5.579517140438606
3020702,0.9865253480751826
3020703,9.932663295656841
3020704,16.488295677532985
3020705,0.2993735054099037
3020706,195.41754326351563
3020707,7.902807759190125
3020708,79.97670393111733
3020709,3.3365315770291852
3020710,16.0876358278591
3020711,1.3731886597382474
3020712,89.65988221177442
3020713,168.10335969012607
3020714,0.8692265493561191
3020715,5.126926250081051
3020716,93.6758073520056
3020717,37.25268450669893
3020718,515.0295732648437
3020719,13.394189831004994
3020720,2.4115121234753754
3020721,5.8247823435865245
3020722,0.3722357369421839
3020723,2.2954501949024597
3020724,1669.9981501878192
3020725,0.25593901453389434
3020726,211.1793560532161
3020727,4.45103375708643
3020728,983.6623527153116
3020729,347.66091950236427
3020730,207.67407602360376
3020731,174.6530544109481
3020732,38.03002361774125
3020733,2614.519058404175
3020734,5.231448064425036
3020735,0.42869331120863813
3020736,13.2407992842821
3020737,17.20619218634908
3020738,0.3724698528034219
3020739,226.4466233442238
3020740,0.0
3020741,85.06493231465376
3020742,2.7998401601796057
3020743,28.6658607223862
3020744,1.181851918696366
3020745,62.12030696580497
3020746,194.8560363689794
3020747,0.8251496811819601
3020748,3.010310018314769
3020749,73.58422458826416
3020750,41.5705217853369
3020751,611.3277319869484
3020752,49.06772984267271
3020753,0.9328995582487472
3020754,8.104426868729703
3020755,0.5293068545265986
3020756,4.42006263460444
3020757,4119.249564414437
3020758,0.38695357289828974
3020759,473.44511941451543
3020760,6.151029202527572
3020761,1435.7077396024229
3020762,915.5432697422401
3020763,642.7613943196611
3020764,257.52404036783673
3020765,138.16646884329333
3020766,5293.1549483720955
3020767,19.915033766871133
3020768,1.6033146577834225
3020769,27.014415495913564
3020770,30.053526023355776
3020771,0.4619844248408055
3020772,396.1666224226639
3020773,0.9236551738260534
3020774,86.43194231781565
3020775,12.505925467463276
3020776,40.46790145030478
3020777,4.627044860854354
3020778,284.1019702770173
3020779,387.8386103816479
3020780,2.5897095814479214
3020781,11.416783342586028
3020782,461.8079281171816
3020783,72.03775074467242
3020784,1787.9269694601278
3020785,40.586466257788686
3020786,16.82760225015036
3020787,4.433158533597803
3020788,0.47912639067508395
3020789,7.068156061449814
3020790,2982.794383657799
3020791,0.325094639914013
3020792,724.2117141804613
3020793,8.46963432614544
3020794,747.2256545613556
3020795,764.4679442234957
3020796,245.65228268448098
3020797,239.28408760864374
3020798,64.89241966927241
3020799,3717.1020476554927
3020800,15.097722075663246
3020801,0.9473755281628344
3020802,23.421168217903013
3020803,23.168369221160145
3020804,0.4168374198071453
3020805,286.00444915712643
3020806,12.087361670810091
3020807,3.750267706297948
3020808,10.556557371592971
3020809,44.55022631378411
3020810,2.4618082985929455
3020811,117.22324078550484
3020812,222.53223892431083
3020813,4.784414194053382
3020814,9.191469246087452
3020815,238.52162826511127
3020816,62.43722104341794
3020817,2094.108533762381
3020818,55.3388762137655
3020819,14.872462634543513
3020820,6.5374182990478165
3020821,0.369790136066504
3020822,3.308805006123807
3020823,2835.7693015767954
3020824,0.32497149121190927
3020825,209.92843036140593
3020826,4.767331948487323
3020827,993.3674306444987
3020828,368.2784331845311
3020829,320.63265151863436
3020830,69.05281013251141
3020831,39.789053565881204
3020832,3554.644575120806
3020833,10.954193250725142
3020834,1.1260220062228172
3020835,12.933487113311513
3020836,14.795018358094323
3020837,0.3983726069790593
3020838,193.1477597355887
3020839,9.094587804401899
3020840,82.02052569304031
3020841,4.033514335036531
3020842,22.46006563785671
3020843,2.2942753689517383
3020844,125.04146831895241
3020845,221.54824965930058
3020846,1.395991704327625
3020847,5.9320389657807695
3020848,85.84754446564372
3020849,27.552692387565692
3020850,470.05387091156024
3020851,11.518704366077483
3020852,4.568670471738715
3020853,7.082190440036724
3020854,0.38454141968704814
3020855,10.211539349316327
3020856,3709.368631561216
3020857,0.38135304035240875
3020858,786.4764313075459
3020859,10.483997667813075
3020860,997.7379903905484
3020861,1017.9819734399462
3020862,252.10869988188009
3020863,225.44030316852078
3020864,119.5415588177025
3020865,4502.675290902369
3020866,43.81203140432368
3020867,1.60888321558423
3020868,22.3275120919677
3020869,32.763229550004596
3020870,0.3918734115240127
3020871,315.2095869942573
3020872,30.280051811399435
3020873,19.702640322915865
3020874,6.634117931158449
3020875,83.18848195502575
3020876,10.867359866554127
3020877,430.5081929428098
3020878,335.95143755392525
3020879,9.742140782419302
3020880,10.58003262218062
3020881,557.4825876991516
3020882,118.91156612581425
3020883,2814.33486096429
3020884,55.40673212000369
3020885,45.21453034565806
3020886,11.290693555784758
3020887,0.4524861356387867
3020888,7.943834504867265
3020889,5985.599490323527
3020890,0.43551761010181517
3020891,921.741702933175
3020892,9.810710212548003
3020893,2002.649261466355
3020894,1171.7938580153636
3020895,922.9637559749013
3020896,168.0345994791279
3020897,112.52304580964525
3020898,8158.196426515199
3020899,20.026521112666504
3020900,0.9799817805199527
3020901,26.3623418133439
3020902,26.555496395584637
3020903,0.5207985605771535
3020904,588.4603789572332
3020905,3.09521838212743
3020906,7.942702645131737
3020907,8.61030784908481
3020908,48.10010815844549
3020909,2.0738928292525496
3020910,418.29830519939503
3020911,612.9449707308677
3020912,4.888292068945951
3020913,8.98852028112484
3020914,485.1415061389245
3020915,97.5606970536991
3020916,1548.708254711134
3020917,85.28528592129435
3020918,18.213707359458212
3020919,16.998089726383476
3020920,0.8105814825927407
3020921,8.032036077451378
3020922,4277.2864769994285
3020923,0.44177062102239
3020924,779.7989037996433
3020925,7.328950021356317
3020926,1911.4988056149807
3020927,968.6735892528031
3020928,493.4298024308464
3020929,365.85825257585986
3020930,101.49571480955228
3020931,6259.981961497799
3020932,22.807420441684723
3020933,0.7687278297253435
3020934,46.89114738804788
3020935,50.75293307681799
3020936,0.5099346174053205
3020937,522.344844131342
3020938,7.07587285891621
3020939,4.346983635676966
3020940,13.640923586644641
3020941,76.76287857106448
3020942,2.8383922242061232
3020943,172.58305162611393
3020944,465.39189790373814
3020945,3.084464084244881
3020946,9.599404077138061
3020947,233.10106008261582
3020948,198.39098355275897
3020949,1800.3270103543468
3020950,5.3456114856241115
3020951,7.300632491686086
3020952,5.284628901195846
3020953,0.3498446913152324
3020954,3.1114832274595763
3020955,2032.947318258244
3020956,0.26524964459879113
3020957,158.1306451796998
3020958,5.612047726850927
3020959,778.401162302654
3020960,370.8245139304352
3020961,179.08498510251752
3020962,47.34779878101585
3020963,49.139789454969836
3020964,2909.4018793926475
3020965,6.309872424029928
3020966,0.726022419601263
3020967,22.99507998615806
3020968,21.744199701773066
3020969,0.2913212240559634
3020970,202.17132414571262
3020971,0.9511389880387935
3020972,99.32142025656475
3020973,4.507602233617081
3020974,39.97302950861396
3020975,2.7526503212062763
3020976,126.00870796018724
3020977,187.07778118742624
3020978,1.1784295294353329
3020979,6.004854508945974
3020980,150.8817587285639
3020981,35.730757116870016
3020982,443.85580883835536
3020983,20.55259337191413
3020984,1.645095069152707
3020985,1.8961575840948024
3020986,0.34873770475446625
3020987,2.98485743835301
3020988,1723.4655318949062
3020989,0.34909931678571354
3020990,260.9688353577849
3020991,8.750721643256282
3020992,552.2039532520621
3020993,535.6973836667188
3020994,135.6867011676424
3020995,49.894737767679636
3020996,49.58138054780615
3020997,2187.068714820789
3020998,18.905789724892305
3020999,0.5029741553251763
3021000,12.297893299379037
3021001,11.354597909609597
3021002,0.38563226235697756
3021003,144.82867304230263
3021004,14.542453088024125
3021005,2.2129652767977976
3021006,4.379917675470593
3021007,44.731568765969044
3021008,4.637505145206259
3021009,637.8067376584966
3021010,187.17926832725257
3021011,3.846273901816472
3021012,5.447110619787374
3021013,295.1246657975123
3021014,38.22312134470993
3021015,1215.8807085294022
3021016,42.27258088663633
3021017,6.769201697732562
3021018,2.4541329795278233
3021019,0.3245149400215191
3021020,5.465895263668087
3021021,3772.094241623294
3021022,0.35693649315026804
3021023,806.0298313322411
3021024,9.654239091349327
3021025,1025.4981638515892
3021026,1318.5545544100123
3021027,264.64428762479724
3021028,230.12681853449814
3021029,124.35546106722953
3021030,3915.386362602251
3021031,31.187576143263918
3021032,0.926245359596855
3021033,20.226651673124245
3021034,34.00124849178661
3021035,0.3418123558196273
3021036,282.24865743613145
3021037,12.245257839862784
3021038,29.814680487664624
3021039,7.853559459439101
3021040,61.631969848773494
3021041,10.859210219786139
3021042,340.3409611148131
3021043,299.3340640277837
3021044,16.368608904669824
3021045,10.131745388457652
3021046,499.75369293497835
3021047,113.84021288336444
3021048,3293.7565547485274
3021049,65.92146695219715
3021050,19.514373738970026
3021051,2.187735427475443
3021052,0.32259804594105174
3021053,4.47486619263482
3021054,2375.97284403162
3021055,0.22521585402740782
3021056,395.09185453156016
3021057,5.456969467073961
3021058,449.63366704094125
3021059,641.5258783945983
3021060,148.24952611045967
3021061,108.82010954980083
3021062,80.28573455299367
3021063,2062.8585717001074
3021064,16.42868177569604
3021065,1.0994424161115166
3021066,12.819341588081864
3021067,15.023468490281807
3021068,0.2964609879315633
3021069,109.81147901588625
3021070,0.428890638194473
3021071,16.191506260421285
3021072,3.1149850095741636
3021073,181.68748359223594
3021074,6.2922534751090495
3021075,175.19344999299963
3021076,126.30146957750229
3021077,4.470510851127903
3021078,5.997956190713526
3021079,163.55970917032357
3021080,38.46120740362428
3021081,1521.9752177946007
3021082,1.2883060188029352
3021083,4.409721240422312
3021084,3.99796526950011
3021085,0.38467130919908027
3021086,0.8093742789957903
3021087,1228.6768571966052
3021088,0.0
3021089,283.12332821411496
3021090,5.640311133702987
3021091,490.83631856998045
3021092,366.6874821196429
3021093,121.96226615663281
3021094,50.255593736443636
3021095,41.731516887877476
3021096,1943.8780430340764
3021097,5.500012862030748
3021098,0.6982399848404299
3021099,11.35251161804159
3021100,9.95129468342633
3021101,0.3972283383665022
3021102,109.0988167815494
3021103,0.564728670347024
3021104,7.659691773929303
3021105,2.2108698703433785
3021106,24.169969425673223
3021107,0.47432356562391265
3021108,310.86351018118296
3021109,158.49050124135272
3021110,2.307773049750179
3021111,2.0096971329585105
3021112,171.12713708167192
3021113,32.20150126316079
3021114,609.5930487986808
3021115,0.8589338484939202
3021116,2.1936727161515965
3021117,9.982655374297659
3021118,0.47182726200469977
3021119,4.502887373207172
3021120,4714.89028148326
3021121,0.4667098078137237
3021122,919.3762526801635
3021123,16.32721184854215
3021124,1134.6241840650111
3021125,1502.3349040158678
3021126,409.8404456666058
3021127,337.31996887365153
3021128,164.36072061570687
3021129,5159.5833800972005
3021130,41.29883107855252
3021131,3.217468122995287
3021132,23.94792690036243
3021133,40.24496128713395
3021134,0.4811535030963396
3021135,342.1173879436152
3021136,13.103961801886095
3021137,48.87994152891227
3021138,10.596441576187562
3021139,206.64808774303467
3021140,5.810750725134215
3021141,358.67780683453583
3021142,352.40111315250954
3021143,14.946319647899566
3021144,13.271713056814187
3021145,542.2416876397346
3021146,124.74847043394321
3021147,3546.297012191521
3021148,2.2903475044493757
3021149,23.740638244544407
3021150,7.702774788662012
3021151,0.45656060170417817
3021152,5.008824443161751
3021153,5042.340457008221
3021154,0.4433651767135282
3021155,1092.4389415036303
3021156,14.37543930081741
3021157,1695.5856632906705
3021158,1417.5538446032513
3021159,578.0166356317725
3021160,357.2564814194003
3021161,98.00725421494658
3021162,9171.324198998833
3021163,22.50727266519284
3021164,1.1196158338814768
3021165,43.754844931601774
3021166,24.95329045125451
3021167,0.760689004639072
3021168,412.84410741326116
3021169,0.0
3021170,7.2676711220269485
3021171,6.913840912335718
3021172,63.338803469842645
3021173,1.393980561025641
3021174,254.48552176948766
3021175,449.73047518999124
3021176,7.001728340466315
3021177,8.082126914935326
3021178,327.6374308704581
3021179,124.50204566903392
3021180,2074.4835561845343
3021181,3.335445352811141
3021182,6.219786311448103
3021183,7.86700737007261
3021184,0.5121711388094983
3021185,3.9415338548366226
3021186,4605.3339214172
3021187,0.33742797456832085
3021188,1039.653635298849
3021189,12.322320209434576
3021190,1361.2177049276315
3021191,1109.8346246262006
3021192,420.0354892498237
3021193,284.5446870737574
3021194,92.32088422197025
3021195,5284.4608410168885
3021196,23.962431751603663
3021197,1.7967208750258852
3021198,31.729473233197872
3021199,25.630736272945768
3021200,0.4728397979165121
3021201,374.62258313725494
3021202,0.0
3021203,6.948229943863375
3021204,6.943940775690089
3021205,86.88769979873474
3021206,1.6073613764668773
3021207,154.07005136590493
3021208,358.1614400422642
3021209,5.438300013482072
3021210,7.072686689734725
3021211,272.815311339728
3021212,87.37420519316353
3021213,1621.1548372270593
3021214,2.3982355658259875
3021215,9.359213912466588
3021216,14.215513003739487
3021217,0.8758430075807124
3021218,23.61620658766112
3021219,10448.787168557777
3021220,0.41809975986124936
3021221,1441.3898143433505
3021222,31.255766990929033
3021223,2275.72700533128
3021224,2667.3724684344465
3021225,457.9112897394468
3021226,632.2665397518142
3021227,389.14214406212005
3021228,10421.183715828445
3021229,93.5782739904735
3021230,2.6746020668146078
3021231,67.63038782317828
3021232,64.84687242229033
3021233,0.7613979493976124
3021234,750.6289766561945
3021235,69.48881760909472
3021236,57.091991618279906
3021237,32.68730433541982
3021238,230.01738927614548
3021239,29.90035061590738
3021240,843.8001964167789
3021241,800.2035173447922
3021242,23.858499020422638
3021243,37.569166148116324
3021244,1380.8436781440282
3021245,286.4129475024292
3021246,9436.197082976452
3021247,1.8654521864052191
3021248,105.4314223764699
3021249,2.502232918159247
3021250,0.4507815477613898
3021251,0.6850266916432273
3021252,1754.7526732725603
3021253,0.24612787452878856
3021254,237.8720876360387
3021255,5.051178679131705
3021256,574.7379703459064
3021257,330.1518524447329
3021258,130.04535157725152
3021259,146.63365884973066
3021260,40.19145862375295
3021261,2074.738410150713
3021262,6.689261952728121
3021263,0.44382249986066225
3021264,14.738051981608473
3021265,8.23084754927388
3021266,0.3163975654849754
3021267,152.63552886404872
3021268,0.9843203619260283
3021269,86.40980571156275
3021270,2.2452382833118927
3021271,24.75952276053535
3021272,0.6191739149263293
3021273,55.53624520378687
3021274,109.8341895553678
3021275,1.4236602507594087
3021276,4.630716624235663
3021277,119.7606765447656
3021278,23.64547451841658
3021279,575.2563912370177
3021280,7.385678301531854
3021281,3.275726762799226
3021282,10.019893216712319
3021283,0.3732159363494161
3021284,2.3980216729000126
3021285,4096.749969006127
3021286,0.29069131321845654
3021287,741.5284977857324
3021288,8.965652317945034
3021289,1628.4102847592487
3021290,961.4549910703506
3021291,318.76105325524054
3021292,407.3138380815691
3021293,75.26221387571775
3021294,5729.030037270348
3021295,17.428517475121165
3021296,0.6116362206964681
3021297,33.8556123162198
3021298,26.77344615056206
3021299,0.3818103951848572
3021300,412.3323766212217
3021301,1.0967727344243081
3021302,5.6969889557563915
3021303,9.004119589938695
3021304,18.48490040318013
3021305,1.6274957322656847
3021306,392.2670447619044
3021307,387.97297444509894
3021308,4.601264288541663
3021309,8.437174087881065
3021310,156.26300318329075
3021311,94.10636510964288
3021312,1493.3044983851482
3021313,2.4174681890186003
3021314,5.306691293255638
3021315,1.5883055770841121
3021316,0.25641035273401225
3021317,0.8780872036629663
3021318,1208.1056530645328
3021319,0.24621629803719583
3021320,173.5141006413414
3021321,3.032863848529889
3021322,525.8552587796357
3021323,236.90145341039562
3021324,117.78561263043503
3021325,162.65428631811318
3021326,20.75659833430558
3021327,2032.786871767412
3021328,2.1420788628066636
3021329,0.404517961787994
3021330,9.06925758244871
3021331,4.2021500202642565
3021332,0.2536432984164092
3021333,112.65149681765921
3021334,0.42559250440642193
3021335,71.0233789237364
3021336,0.8229976108667654
3021337,25.232479217963792
3021338,0.37924769893242255
3021339,73.69782309624784
3021340,94.51557214406337
3021341,0.6084818825321747
3021342,1.0339405646505115
3021343,64.77198940588941
3021344,12.919414848876968
3021345,238.3902792700705
3021346,29.4352526899826
3021347,1.222947722084327
3021348,9.076784164831496
3021349,0.32884387213527255
3021350,2.717176413908777
3021351,2632.3840418981918
3021352,0.25055228102624827
3021353,352.3573885890688
3021354,7.23642385007744
3021355,1220.6905985598646
3021356,581.8587475979122
3021357,230.15126442753515
3021358,170.81792639740678
3021359,62.7527831265973
3021360,3757.243670635757
3021361,4.364381558816157
3021362,0.5236000586590976
3021363,26.195702135285117
3021364,23.87082463265297
3021365,0.37270097614045045
3021366,309.97183008072983
3021367,0.0
3021368,90.86632961496142
3021369,14.154926486840827
3021370,20.2784086837558
3021371,1.0649337460190775
3021372,343.3972323821254
3021373,293.34207624099963
3021374,2.2737555021567926
3021375,3.7021275778498834
3021376,240.06797324728242
3021377,34.043179752077606
3021378,1354.106267175784
3021379,52.12124632349069
3021380,0.8032345009226649
3021381,3.1846765155580714
3021382,0.3544656579896072
3021383,1.992259646177306
3021384,2856.2701675244616
3021385,0.31855177302049853
3021386,746.7332475282049
3021387,6.891600865404115
3021388,843.9974532067947
3021389,708.8106298757115
3021390,234.30052568546765
3021391,125.75468507772833
3021392,61.598952404814604
3021393,4408.1842288397165
3021394,7.944534828961931
3021395,2.1742326428356336
3021396,22.308045583951866
3021397,35.851447729426205
3021398,0.3462098997074537
3021399,225.72745418210704
3021400,2.029757964552294
3021401,4.250674415103971
3021402,2.934257714966544
3021403,26.333207308221215
3021404,1.846495108933642
3021405,162.03077475699536
3021406,259.2684449372355
3021407,2.946028801015715
3021408,6.673882160526765
3021409,139.61529051102266
3021410,27.821416857617812
3021411,630.0025676430811
3021412,4.049668625827262
3021413,1.847322256576645
3021414,3.5817352649110408
3021415,0.25323844762690184
3021416,0.6018068721563783
3021417,1800.0871549722572
3021418,0.24307012860958266
3021419,140.8193891800425
3021420,1.989404349298046
3021421,592.7197485802029
3021422,237.79627086635102
3021423,102.54236777722595
3021424,157.6578700608151
3021425,53.66246715037375
3021426,2332.954338795746
3021427,7.2851938009810695
3021428,0.38152232312946527
3021429,10.428032111878908
3021430,8.422503576070968
3021431,0.33377628549642285
3021432,122.07737948575931
3021433,0.45465484892172237
3021434,66.87237551843644
3021435,1.5171234348334872
3021436,39.55231389268563
3021437,0.6778367881484246
3021438,196.20662655697245
3021439,103.91779701155177
3021440,0.7244899013522299
3021441,0.998793816003317
3021442,63.443824304902435
3021443,22.924251781919935
3021444,394.65945650581153
3021445,7.964556575045306
3021446,0.8312993814761602
3021447,5.692014242024635
3021448,0.32571280193606783
3021449,1.1776434306567047
3021450,4292.944955330605
3021451,0.24760568431780505
3021452,681.101179186802
3021453,7.811165918615787
3021454,1010.9503929480477
3021455,784.2639439691495
3021456,262.1102668757774
3021457,135.37064440507513
3021458,99.1783213329236
3021459,4639.866777572241
3021460,8.422708790533346
3021461,0.4157983655929078
3021462,16.98246164071214
3021463,14.694685390784477
3021464,0.32288745905369876
3021465,288.7003277686258
3021466,0.4440278710285164
3021467,21.812548660417505
3021468,2.6261078431035236
3021469,63.73453767255212
3021470,1.0227839206918286
3021471,217.13666446782597
3021472,278.8026540962168
3021473,2.73886461726294
3021474,2.8065744943027027
3021475,121.99132241448096
3021476,43.78243965220728
3021477,1324.3652278396964
3021478,0.9774453091587767
3021479,1.1362246277588195
3021480,2.8903516123245963
3021481,0.3139991603110547
3021482,7.711918667164001
3021483,2409.55673317045
3021484,0.31248038838996556
3021485,423.04744738850763
3021486,5.652650367254251
3021487,710.6820307819734
3021488,717.7190564237075
3021489,126.65720817752255
3021490,102.5247171410831
3021491,84.0402067366692
3021492,2843.182434603543
3021493,39.24167554081447
3021494,1.442860257882196
3021495,19.10638721277009
3021496,23.04189587023619
3021497,0.35783789042969755
3021498,194.68498064016927
3021499,18.03409432586174
3021500,15.584165381243409
3021501,1.528207650938198
3021502,81.80022712452184
3021503,9.113589057739443
3021504,160.84036806574474
3021505,228.25351744782088
3021506,11.01689912226418
3021507,12.701846422869183
3021508,216.96075534593325
3021509,58.24480201110578
3021510,2066.693346786995
3021511,63.62100695639535
3021512,9.273956660278047
3021513,7.663172920956958
3021514,0.4066615775838788
3021515,10.641742395696168
3021516,2931.299165244382
3021517,0.40342225903332685
3021518,545.9531034160033
3021519,13.336708825426623
3021520,1199.1530710974246
3021521,906.5588577055087
3021522,168.22046829922942
3021523,121.71932881300962
3021524,99.67293042922927
3021525,4227.265048477059
3021526,27.208131372958363
3021527,1.2918417130521127
3021528,39.7026745403014
3021529,42.52954667559591
3021530,0.4443232906074839
3021531,403.0143447367194
3021532,39.34653596318978
3021533,15.700944088683283
3021534,9.573762682812855
3021535,121.87983477604003
3021536,13.470454486126968
3021537,152.01960838772897
3021538,474.7479375969784
3021539,10.200389104525902
3021540,14.625114694671748
3021541,141.51336528348168
3021542,88.12396447879492
3021543,2283.9964459024977
3021544,5.987972543393815
3021545,18.82932648182302
3021546,9.166626955230454
3021547,0.41295382611047415
3021548,5.468819301488992
3021549,4109.080594956009
3021550,0.3816653868148641
3021551,824.1414784327623
3021552,6.290813111510224
3021553,1735.1604784673625
3021554,752.8853246801211
3021555,212.1972684025552
3021556,267.308582943715
3021557,69.85500678242609
3021558,5182.7206833105865
3021559,37.568553902102884
3021560,2.4618112286299603
3021561,23.11350396525079
3021562,19.316398812178843
3021563,0.4698194588144367
3021564,421.88283665385995
3021565,7.198756197676397
3021566,15.210681164951904
3021567,8.265146670808019
3021568,46.99765020430544
3021569,6.200459941730837
3021570,138.46809871702968
3021571,381.6196884384272
3021572,8.72087399864678
3021573,10.558973435246115
3021574,230.13112448220764
3021575,59.471372978225396
3021576,1680.1704161661319
3021577,15.12987874799881
3021578,16.165583005817048
3021579,4.3986118995428525
3021580,0.4005652832922961
3021581,6.421571210395565
3021582,3388.881554602471
3021583,0.3776183777228608
3021584,496.34184877114257
3021585,7.360491834711809
3021586,940.5575854187763
3021587,1029.5690882908602
3021588,244.58652005580805
3021589,207.6900299793295
3021590,117.7960174208362
3021591,4114.541257893045
3021592,26.14972974541725
3021593,1.4808158121624047
3021594,19.4334278740159
3021595,15.81788569333424
3021596,0.41591241592770295
3021597,273.7247729754197
3021598,31.408012472032254
3021599,24.94681052854665
3021600,2.2441924917725524
3021601,84.63554833218564
3021602,8.29338294841299
3021603,390.1897410015044
3021604,329.28941252453376
3021605,9.649330460156198
3021606,11.655800186947271
3021607,536.9549048323782
3021608,64.12953557977092
3021609,2790.871244260763
3021610,5.042659366166749
3021611,28.805942002111728
3021612,2.8048539092355926
3021613,0.325460340374697
3021614,2.2670300791535305
3021615,4833.096424564108
3021616,0.3100766728751807
3021617,522.9742621729024
3021618,5.817809267457256
3021619,1811.6943638426776
3021620,725.1650558321086
3021621,304.99780219004873
3021622,166.6139663197784
3021623,55.65858421611526
3021624,6269.640637478818
3021625,9.277528992850945
3021626,1.8849081740758833
3021627,25.65270801696257
3021628,24.26746808004945
3021629,0.323281040385025
3021630,416.14318304928355
3021631,0.44083849789790647
3021632,1.3521794832249405
3021633,7.704482141797136
3021634,23.765194849453067
3021635,1.8858276026058132
3021636,147.02178305733105
3021637,341.9897060831251
3021638,2.7447557998424057
3021639,10.427079323197496
3021640,166.91709368110963
3021641,55.709879673191864
3021642,1085.0130888708452
3021643,51.74203226151216
3021644,4.63138436730855
3021645,9.73642492652787
3021646,0.4208858882904634
3021647,11.13799314078753
3021648,3255.045883031445
3021649,0.39744093723365553
3021650,731.0564620239
3021651,10.789130191892443
3021652,1318.3889759261906
3021653,1025.8751975904431
3021654,310.13806021474625
3021655,191.48561502988233
3021656,156.92478628687223
3021657,4780.911620081977
3021658,52.35029040562246
3021659,1.781193044994514
3021660,33.16752598851974
3021661,42.04859601525852
3021662,0.4173294033186482
3021663,352.2412655353402
3021664,31.490509272006463
3021665,23.036328513431776
3021666,10.378701676694487
3021667,75.01081068316849
3021668,16.03714498823809
3021669,271.4014702201826
3021670,451.8369904559916
3021671,19.02741415025723
3021672,12.968900014759392
3021673,256.388836843755
3021674,79.28367771972763
3021675,2701.4465007585422
3021676,0.8901065895827613
3021677,9.511397975496562
3021678,5.481051508768755
3021679,0.40272920638083615
3021680,8.3062698183934
3021681,2878.7975020194485
3021682,0.3877880311933241
3021683,566.6859527492622
3021684,10.506285445646276
3021685,841.1082077502848
3021686,900.6048589711138
3021687,185.34995379437817
3021688,165.1870136493319
3021689,104.6468441077511
3021690,3394.552754674454
3021691,37.79869543988149
3021692,0.9584552721463897
3021693,21.08735889753256
3021694,23.771537828711644
3021695,0.39496010747509125
3021696,246.8227650478704
3021697,23.46358618379365
3021698,35.06347388815655
3021699,5.680528768168664
3021700,63.38790676376911
3021701,11.257723251214284
3021702,233.00237180065457
3021703,268.54134844789104
3021704,10.320565244766648
3021705,10.974629216066957
3021706,248.7106142881766
3021707,61.27852762913333
3021708,2624.6986409400397
3021709,1.1029217378279705
3021710,20.89226735223529
3021711,6.9008335914158785
3021712,0.3329843447073826
3021713,5.187880441283202
3021714,5538.068129594081
3021715,0.25122454475675543
3021716,737.8554274257964
3021717,14.704757677065654
3021718,1476.631251719892
3021719,901.0506014128916
3021720,380.78446166946975
3021721,252.67344955985976
3021722,60.69948700440309
3021723,5975.805731441987
3021724,11.263431529281902
3021725,0.3849131216783793
3021726,17.84634378366826
3021727,20.459847058773303
3021728,0.36001091074401037
3021729,326.39979300318373
3021730,0.4598083086662979
3021731,8.705326174222568
3021732,2.090825826471442
3021733,88.94154203257852
3021734,2.1094313399503744
3021735,228.150025209481
3021736,367.7611140111562
3021737,3.264794399188146
3021738,2.184493484409786
3021739,287.0226424195354
3021740,144.4369336905023
3021741,1395.96469103859
3021742,2.6466152055692325
3021743,0.8527955309009911
3021744,21.224760787745765
3021745,0.42728462269865364
3021746,23.74930550619879
3021747,13221.77379437447
3021748,0.4588622365790806
3021749,2122.572620996989
3021750,22.302049331523744
3021751,3015.7034424181907
3021752,3367.6298228776704
3021753,750.2119292102947
3021754,864.1380570030476
3021755,503.24896777994013
3021756,13172.37749270614
3021757,86.18234687077026
3021758,5.297685749649102
3021759,152.9254373156556
3021760,146.3713696574246
3021761,0.6349123666871761
3021762,1001.9677613502976
3021763,49.40462987079965
3021764,25.736804301945504
3021765,63.174136371127176
3021766,294.6829311034483
3021767,27.124341270111433
3021768,1061.1325213661466
3021769,859.7265046135789
3021770,59.50290892308187
3021771,49.782788742065506
3021772,1561.0597213053195
3021773,360.7819046731041
3021774,13352.458102957155
3021775,428.298113296901
3021776,125.54813019247588
3021777,22.585039932452382
3021778,0.43484280644217355
3021779,23.84391284427309
3021780,13316.399467377894
3021781,0.4202113841842004
3021782,1665.7793895544917
3021783,23.292346222859884
3021784,3343.2994304235503
3021785,3099.8556025654
3021786,962.2851098441854
3021787,576.2940553982575
3021788,422.663759865525
3021789,13682.493680320693
3021790,137.18429774930084
3021791,2.052771384516391
3021792,79.02973980254261
3021793,112.65485091708952
3021794,0.9805839914649539
3021795,1018.7654399886629
3021796,53.207991673931645
3021797,41.30228594414665
3021798,14.566058557776405
3021799,218.83677643303824
3021800,25.749130961373865
3021801,1512.5022127551222
3021802,1090.6610795417294
3021803,36.39737522685675
3021804,44.2576371881053
3021805,1737.4120526217428
3021806,337.43137153261614
3021807,9578.764140036294
3021808,591.9975922446523
3021809,122.78852644429996
3021810,19.30466158366842
3021811,0.45495684631392846
3021812,30.69600693979632
3021813,9134.432508014626
3021814,0.4564466714445952
3021815,1372.1777814547163
3021816,13.900303528841569
3021817,3233.3131441588007
3021818,2241.487266367092
3021819,1207.5063415869963
3021820,237.82226419229687
3021821,328.82651550412686
3021822,13462.684567899309
3021823,62.51540239230329
3021824,3.341486879086702
3021825,56.415596806332715
3021826,44.22648497421565
3021827,0.643335601152685
3021828,1000.2589621991608
3021829,63.68277937075274
3021830,38.865635425806424
3021831,17.381623945129654
3021832,125.80640748883474
3021833,13.204738026356717
3021834,1254.164694744408
3021835,1186.2408928557118
3021836,42.73595798666847
3021837,64.31795868988652
3021838,1219.171202185636
3021839,169.9463145247427
3021840,4292.205196999192
3021841,425.0804945160666
3021842,71.56169266754466
3021843,22.67983838119031
3021844,0.4455922617116705
3021845,29.43235469831011
3021846,11766.89896600278
3021847,0.43085122478483945
3021848,1609.8072864280787
3021849,17.499197859475323
3021850,2991.571694985299
3021851,2899.2477210687634
3021852,878.4831579617248
3021853,520.4264790245513
3021854,329.650084778305
3021855,13301.401398336868
3021856,56.63988689927549
3021857,2.0687266749767135
3021858,67.61185273500928
3021859,97.52719849149699
3021860,0.9844159757388147
3021861,912.4637643885419
3021862,49.979301658152
3021863,37.02230002641955
3021864,25.42504125824265
3021865,207.4782667396071
3021866,19.133524329094033
3021867,1126.7942904161282
3021868,1084.1298995073676
3021869,39.126742966420885
3021870,45.536698391271024
3021871,1510.4084178617438
3021872,285.7339230310876
3021873,7509.861213452206
3021874,564.3896421603712
3021875,92.03895595510645
3021876,19.63117799323807
3021877,0.4592569548320317
3021878,33.52286768214097
3021879,6894.024016117523
3021880,0.4474170768957371
3021881,1276.8265716108072
3021882,18.441991878875857
3021883,2945.2663379146275
3021884,1923.2866738185112
3021885,984.432045412819
3021886,208.18879440923072
3021887,268.32502902391457
3021888,11661.84406810957
3021889,65.1975401083319
3021890,0.7896765914926558
3021891,51.10837424866591
3021892,49.71694220376445
3021893,0.566641487457624
3021894,900.8881002239706
3021895,51.18698831054182
3021896,18.180171272454235
3021897,13.995741358729191
3021898,120.55894753503291
3021899,8.698927030084853
3021900,1228.0116708818307
3021901,1191.635884384847
3021902,29.800275606652736
3021903,37.24765246850803
3021904,1298.7077759864355
3021905,142.68829788134707
3021906,3200.755451789234
3021907,458.3319456392841
3021908,34.707345569070114
3021909,14.412695244812854
3021910,0.40265435496726787
3021911,19.65411488536395
3021912,9053.16202666795
3021913,0.3883511657556221
3021914,1421.3084067556474
3021915,20.327557813345926
3021916,2105.2254677559463
3021917,2695.7394903597205
3021918,562.7361549932006
3021919,591.2562119983324
3021920,386.69621225320833
3021921,9805.67609712574
3021922,73.91412339737217
3021923,2.0095602676779962
3021924,59.75836150263388
3021925,57.668159138546635
3021926,0.6532915698877106
3021927,665.6742764353995
3021928,27.32281905997495
3021929,35.5863924086212
3021930,16.31197868699769
3021931,244.92131471638396
3021932,21.5865915529937
3021933,890.8691968674385
3021934,725.0619745967516
3021935,26.418893006744522
3021936,43.76924143751037
3021937,1244.2601394844955
3021938,251.58538710001645
3021939,9104.135743427865
3021940,234.98608094728309
3021941,89.12019313248481
3021942,8.022702300549417
3021943,0.4232067009934481
3021944,6.949271557206094
3021945,2150.122345719751
3021946,0.35626800147087045
3021947,385.134653247884
3021948,17.9688884099812
3021949,1034.8367341371834
3021950,624.2418897900559
3021951,241.3435724294938
3021952,100.12730252968122
3021953,85.16380958147576
3021954,3381.6607277585344
3021955,24.081548844924587
3021956,1.5243766060034307
3021957,24.995715538990645
3021958,25.151740243798173
3021959,0.3621846837287998
3021960,254.00507517722872
3021961,14.210803512603288
3021962,7.737036619445405
3021963,11.798059082399217
3021964,59.20477154885793
3021965,8.822447891132036
3021966,241.01570621530288
3021967,298.14740123641326
3021968,3.0962366424539347
3021969,8.579711249784422
3021970,249.08522946247137
3021971,57.423229790811405
3021972,1543.8022233198221
3021973,1.0188059655373412
3021974,11.08409410426031
3021975,12.858559646397508
3021976,0.4216398742368949
3021977,19.99405488182819
3021978,5382.413905067705
3021979,0.4071430853166445
3021980,710.4622174671549
3021981,30.837635649473818
3021982,2082.1749320479207
3021983,1432.0867539549738
3021984,651.0653455564461
3021985,151.17022997704666
3021986,142.80499503675898
3021987,8473.729292769502
3021988,73.62989974854877
3021989,2.107267857611177
3021990,55.39469695995343
3021991,53.35520354208433
3021992,0.4376041675024876
3021993,601.5423857502353
3021994,22.43168170817915
3021995,9.66450449405328
3021996,4.768787135538665
3021997,126.57688343375435
3021998,12.494067407906341
3021999,582.5203817745456
3022000,754.2446270718115
3022001,17.980827313881782
3022002,33.04133697440136
3022003,504.2978481818534
3022004,91.81324176786526
3022005,2727.3587660262074
3022006,429.45577510170267
3022007,23.2701649566718
3022008,8.47232805177417
3022009,0.3936123742286663
3022010,7.377480654028824
3022011,6034.314489158634
3022012,0.37940138817519303
3022013,1094.9883507911784
3022014,9.29667856841788
3022015,1655.2187283261887
3022016,1977.4870393834967
3022017,324.53034109581154
3022018,410.1583544484764
3022019,271.35581176698753
3022020,6052.13310841007
3022021,44.36676337473949
3022022,1.859984033460691
3022023,36.48030025992054
3022024,45.61722115731957
3022025,0.4417918023846434
3022026,421.7600095155087
3022027,5.43731418910736
3022028,44.56177153258973
3022029,5.218575571714773
3022030,157.11764902883928
3022031,12.445259215820613
3022032,688.2828979682525
3022033,424.2693745095787
3022034,25.068669169621252
3022035,14.118452826279933
3022036,848.1249047645248
3022037,145.5568271086587
3022038,6072.561703385689
3022039,4.362297307843653
3022040,52.969469338011635
3022041,12.9303216179639
3022042,0.3855937750133578
3022043,10.82152466196776
3022044,5272.932815331331
3022045,0.3044363973927567
3022046,1043.5928773012752
3022047,11.481572601035307
3022048,1814.3723347786022
3022049,1503.965913139842
3022050,441.15331439193005
3022051,261.9112034525654
3022052,272.78143870017675
3022053,7828.902141215257
3022054,46.122479396644046
3022055,2.131180956869173
3022056,52.37781500703318
3022057,58.955593425708884
3022058,0.4266832711884922
3022059,465.05285561837576
3022060,11.620933277731737
3022061,55.58462134883287
3022062,8.368735799395536
3022063,213.26042554210142
3022064,11.5822265126116
3022065,489.66017818138437
3022066,451.55047821134707
3022067,15.483446913766688
3022068,29.00757428729429
3022069,548.4209982590592
3022070,129.74510467360253
3022071,4982.942809334416
3022072,6.162914977176443
3022073,9.669084888014098
3022074,11.96103829595328
3022075,0.32348138772958884
3022076,6.306788276379473
3022077,3102.112261893481
3022078,0.3114915677674984
3022079,709.1878680113587
3022080,8.881947843725934
3022081,1280.0401059127705
3022082,778.6415080109705
3022083,334.92050518530516
3022084,144.92675406166896
3022085,130.54395209744246
3022086,4263.678106482002
3022087,21.82542791066838
3022088,1.7417048765830496
3022089,31.45638265266016
3022090,28.420470059184726
3022091,0.3968453411142585
3022092,305.23940153417834
3022093,9.131106480083787
3022094,14.031226808631155
3022095,7.80862043474187
3022096,98.48126313794897
3022097,5.933967292625769
3022098,352.318380080704
3022099,356.97708944402524
3022100,5.951812957399732
3022101,8.324034482283308
3022102,278.88753089689806
3022103,87.01175806820424
3022104,2677.3695402131366
3022105,1.876010460854436
3022106,4.5612866137348895
3022107,9.058162955250372
3022108,0.268662012658338
3022109,2.0911014622352377
3022110,4070.2115821088396
3022111,0.25562846816103735
3022112,374.7467135762952
3022113,3.9770125794945423
3022114,1529.5997370389875
3022115,375.0875624530614
3022116,307.62020522737186
3022117,86.62425189324745
3022118,42.016135445489866
3022119,4493.0509335607685
3022120,9.743482133983866
3022121,0.9374824697567723
3022122,20.887990327428074
3022123,13.59979400250405
3022124,0.27192933428243904
3022125,353.28244314171883
3022126,0.0
3022127,81.00179176624992
3022128,3.461615305043816
3022129,19.581146714928078
3022130,1.035394661180721
3022131,65.63106769761727
3022132,284.9701614321173
3022133,0.3954908985211621
3022134,2.387210795982649
3022135,72.83837680374882
3022136,100.51275737064772
3022137,828.949291989929
3022138,51.75630622989609
3022139,1.6125892691434411
3022140,8.87008425823333
3022141,0.40272492155952866
3022142,9.752974147202067
3022143,4762.611336530639
3022144,0.3994946685035419
3022145,702.5826130518158
3022146,12.389865045842358
3022147,1519.6599305374143
3022148,1413.360768959811
3022149,466.80412582718606
3022150,249.06549926425745
3022151,188.48104168477332
3022152,5735.324621634472
3022153,45.88501807572108
3022154,1.1622542981217956
3022155,31.518692926610605
3022156,51.008398307064176
3022157,0.4211925588191799
3022158,429.7290175121352
3022159,45.98851291244621
3022160,20.78134443571134
3022161,18.618545797275367
3022162,95.68407053588423
3022163,9.710079062005818
3022164,560.1930511722073
3022165,487.21091168944133
3022166,12.498474645999128
3022167,22.16414169679548
3022168,757.4244023695193
3022169,129.74867152330438
3022170,3396.7546519281536
3022171,105.14702253227487
3022172,53.725454534958075
3022173,4.283726947547155
3022174,0.32323116583435774
3022175,7.071620168009977
3022176,3784.7279339360457
3022177,0.32206602666354306
3022178,650.1094639817472
3022179,12.112185467243656
3022180,824.6660521309459
3022181,1194.4533553980264
3022182,169.43584191876212
3022183,257.84570000843576
3022184,197.25392122531895
3022185,3381.6795142081714
3022186,36.02951506059539
3022187,1.9321548275342577
3022188,25.488836851453375
3022189,28.4041572457076
3022190,0.5854670923999403
3022191,253.18423504104726
3022192,13.816961699252168
3022193,35.06968718266354
3022194,7.73437868194045
3022195,191.9127556939144
3022196,12.114573485948961
3022197,432.3544653787723
3022198,239.40714644835703
3022199,6.796209345375393
3022200,14.151387816176646
3022201,562.2650292288237
3022202,120.42463209811139
3022203,4241.793698538618
3022204,0.7967956146312924
3022205,39.897446500014574
3022206,4.928909809396259
3022207,0.6933474854724744
3022208,13.985704627855105
3022209,5244.500086064708
3022210,0.3798449494522024
3022211,929.6171478926551
3022212,15.703625679650475
3022213,1373.832573946049
3022214,1785.5282433364116
3022215,324.64749068237313
3022216,436.5666999352595
3022217,176.83285762659304
3022218,5352.7402717297555
3022219,44.65073978026806
3022220,3.4308303067389243
3022221,41.779666528896904
3022222,51.29362960205371
3022223,0.43368707477568036
3022224,453.2291210268286
3022225,39.635032695472276
3022226,37.185067248094974
3022227,22.52537494438231
3022228,118.39458315158078
3022229,19.364492745991853
3022230,457.7430887847383
3022231,470.987769164437
3022232,26.40491543533454
3022233,23.450675476859907
3022234,732.2465581273852
3022235,193.04550164127713
3022236,5213.190655284957
3022237,1.018118021930022
3022238,42.65773587777706
3022239,15.99870743361215
3022240,0.5042670590172893
3022241,11.702146683341969
3022242,4469.0468406466225
3022243,0.4021350532642129
3022244,687.4938716838877
3022245,13.763021524945039
3022246,1946.8905574583698
3022247,1038.4102642017606
3022248,669.415361391628
3022249,230.44252149270295
3022250,110.97410595273249
3022251,8120.3642190046685
3022252,13.429339521232437
3022253,1.811318468189779
3022254,49.08953415274917
3022255,55.07224979446311
3022256,0.4267957042445072
3022257,567.7316874046046
3022258,14.430634000031414
3022259,6.478605755784108
3022260,12.988315776310502
3022261,49.48438173881027
3022262,4.933515354494111
3022263,391.10330485462816
3022264,613.2721252024573
3022265,8.620513105515982
3022266,10.4283925061862
3022267,540.1050933044912
3022268,132.29857415728938
3022269,1962.430609403266
3022270,153.8324332809609
3022271,20.120096668965374
3022272,2.982767208663234
3022273,0.36979577805583463
3022274,3.941364660125778
3022275,1935.7029430889525
3022276,0.37849149440499585
3022277,340.16603149821634
3022278,7.992946008266873
3022279,544.1216471704939
3022280,622.1205384115086
3022281,139.80312178101354
3022282,135.1364927353831
3022283,103.5202364593484
3022284,2181.195518134268
3022285,15.70792358835494
3022286,1.1145261873089245
3022287,19.947334716997688
3022288,25.13319266771561
3022289,0.39071668384537755
3022290,169.15135825840753
3022291,11.139330881486744
3022292,14.113176962054514
3022293,5.4925001308363175
3022294,73.34674771000334
3022295,4.397380944292293
3022296,221.87749285921805
3022297,152.46792633719093
3022298,3.2447299562455436
3022299,7.0176153428939365
3022300,279.283763697182
3022301,59.28431463139927
3022302,2029.406652485243
3022303,52.84244207002761
3022304,20.928988514533835
3022305,1.1035465664242334
3022306,0.2542278381273724
3022307,1.6730770932676835
3022308,1180.6372682754566
3022309,0.19705591594198688
3022310,97.95534708542061
3022311,2.319614720168798
3022312,720.7235726471929
3022313,276.66510113835227
3022314,262.0278715905282
3022315,68.24774062648501
3022316,28.478767092995938
3022317,2697.575740532031
3022318,3.077161982640816
3022319,0.33295530918267313
3022320,6.618321124799385
3022321,6.209641716996382
3022322,0.24369565301933263
3022323,173.5797609313669
3022324,1.9659853298760348
3022325,44.38920322256355
3022326,1.32767992885741
3022327,7.017831274208547
3022328,0.299448248857313
3022329,173.7288100447652
3022330,178.47963335677025
3022331,0.5779690185769579
3022332,2.186260252228128
3022333,123.00671016700204
3022334,21.2598346879989
3022335,229.10499436591826
3022336,8.75521644948359
3022337,1.165935982844133
3022338,5.154528493318566
3022339,0.3047445156271152
3022340,4.4882963914055125
3022341,4385.384519786481
3022342,0.27083934918022823
3022343,617.1718850695248
3022344,8.874234471566432
3022345,1743.4356600612157
3022346,625.0431344873355
3022347,495.86603160269556
3022348,288.6304106207546
3022349,59.183457913452855
3022350,7298.662946956035
3022351,17.421269463938724
3022352,0.5646916028365316
3022353,15.780502791170477
3022354,18.78099414421454
3022355,0.27856607919613824
3022356,501.86544234017055
3022357,5.872376606482154
3022358,1.642803027886031
3022359,5.760370398824807
3022360,26.017997761589633
3022361,1.4916646216152483
3022362,561.3438747838776
3022363,386.8402864125285
3022364,1.9046138864102664
3022365,12.014757522956996
3022366,275.9624940718996
3022367,88.62020506105596
3022368,1165.6701314110219
3022369,28.968839946388215
3022370,5.997643116652724
3022371,4.208519190816146
3022372,0.2900973838626874
3022373,1.0504194860082579
3022374,1573.4794539179125
3022375,0.28781142535608345
3022376,209.69265459573154
3022377,7.116285638504044
3022378,774.0765723982943
3022379,383.6675661151402
3022380,220.49496175547762
3022381,75.4738871723839
3022382,31.985954172878586
3022383,2892.0850737687274
3022384,5.126460492454328
3022385,0.41415561735842005
3022386,11.648355505902316
3022387,16.252889221760583
3022388,0.30453272047119845
3022389,185.63234664174595
3022390,4.296979974088014
3022391,64.81061602157433
3022392,9.331397620715324
3022393,20.0557664238459
3022394,1.039216395639623
3022395,137.06631182859604
3022396,181.3388399041512
3022397,0.978609496126035
3022398,5.111372612215053
3022399,135.5608649956689
3022400,29.605350984698305
3022401,306.8127343655907
3022402,8.190821683360271
3022403,1.8154698782703629
3022404,2.985606805911646
3022405,0.20668457172386717
3022406,3.473035946250211
3022407,1507.5677772324768
3022408,0.1909612630972382
3022409,139.29124672920983
3022410,4.254464478069087
3022411,747.0223721152695
3022412,281.86907244483206
3022413,165.79501056966348
3022414,59.95137845239303
3022415,23.203490948100235
3022416,2705.841039860338
3022417,5.819488022114658
3022418,0.28442414600289717
3022419,9.176761066618724
3022420,8.761364402613813
3022421,0.20672014571462605
3022422,143.84591870945516
3022423,1.0304444981929444
3022424,51.662440818204445
3022425,1.6506537746107601
3022426,17.89156014068919
3022427,0.6160037780521874
3022428,157.25462776992796
3022429,209.95791128052645
3022430,0.42910413469855235
3022431,3.72143602699819
3022432,68.83764581454324
3022433,19.361776599618384
3022434,165.9106587798466
3022435,12.660643485012361
3022436,1.0873471884390877
3022437,2.7366170942124826
3022438,0.22219686726789575
3022439,1.633756295662327
3022440,1355.2105984332045
3022441,0.213824868770827
3022442,164.1823881187546
3022443,5.6524610516053535
3022444,984.9264886526845
3022445,371.01892230886926
3022446,231.97669295186972
3022447,41.028308062504124
3022448,29.64543062805674
3022449,2838.400871931861
3022450,3.205087362729283
3022451,0.3171514369719762
3022452,6.839836980007711
3022453,18.98652347646281
3022454,0.297805868626393
3022455,224.64788200972313
3022456,0.7261391111629831
3022457,59.72016444995626
3022458,2.414786228659082
3022459,9.254534865932982
3022460,1.4164188172376289
3022461,229.76233166320606
3022462,267.05436226871603
3022463,0.7189478256856223
3022464,4.054411882183661
3022465,57.58277196006135
3022466,84.80100433565352
3022467,354.8581352307225
3022468,8.07888940225034
3022469,2.7535288925039922
3022470,3.6890762658820284
3022471,0.5523738096729145
3022472,2.564064395380265
3022473,1645.7669519102863
3022474,0.3033999795062222
3022475,159.53284217688923
3022476,3.3267763210851067
3022477,909.3458320381746
3022478,360.2929277851005
3022479,272.21288208914893
3022480,122.4974653674191
3022481,56.55919103829959
3022482,2791.376043391128
3022483,4.91662850820708
3022484,0.8581528383188426
3022485,9.754121484454096
3022486,16.47903295452307
3022487,0.3123839139326693
3022488,243.57347790143615
3022489,6.0257325135211515
3022490,66.29834916779735
3022491,3.2358643030337744
3022492,14.78959118772055
3022493,1.1719960286217557
3022494,137.12674664243107
3022495,199.95303157460629
3022496,0.572817152542707
3022497,4.527432499359973
3022498,109.97999643946137
3022499,38.72673010441606
3022500,585.1104882103909
3022501,13.033561746512046
3022502,2.4978418736753527
3022503,3.4777150526070946
3022504,0.25630473356571043
3022505,0.8783254353633774
3022506,1353.2326078528831
3022507,0.18760825991179944
3022508,167.10184938377043
3022509,3.0167421606177154
3022510,721.7657900785601
3022511,257.92116792514094
3022512,156.68614996719432
3022513,267.34860989721176
3022514,21.616985160146996
3022515,2150.5760861051203
3022516,3.99543882173397
3022517,0.2797420026154512
3022518,9.422446566848057
3022519,12.646608115483
3022520,0.24239176710319005
3022521,166.8075033912708
3022522,0.0
3022523,62.27970304430758
3022524,1.9401259315144888
3022525,16.72348570906237
3022526,0.701664537475178
3022527,51.119821417706454
3022528,141.22551109741775
3022529,0.6086987198482019
3022530,2.1572894925879087
3022531,54.6006016077502
3022532,39.81588190315896
3022533,474.76739926950745
3022534,35.688860190060396
3022535,0.5480979094145597
3022536,6.210735278489531
3022537,0.36440998097627947
3022538,2.917029891009004
3022539,3044.162341398442
3022540,0.2652615764431712
3022541,325.2578143934797
3022542,3.6177311228308513
3022543,1186.5648380538946
3022544,692.4573400994984
3022545,526.3855747349652
3022546,302.4693917157501
3022547,86.37543971195834
3022548,4703.780059691353
3022549,9.804086037875154
3022550,0.6992635520649306
3022551,17.65376038178346
3022552,20.40680197210821
3022553,0.27002033928134506
3022554,307.93126643672997
3022555,0.3959655638759361
3022556,68.33829454132527
3022557,6.4748019002618875
3022558,20.149564284408946
3022559,2.731440299362679
3022560,239.24681854010873
3022561,310.63687790872837
3022562,1.482702093419681
3022563,6.525516321672041
3022564,371.8138752588133
3022565,54.410128159518315
3022566,1182.3884623141255
3022567,31.553999818561465
3022568,8.536470905639218
3022569,2.267544726843043
3022570,0.29215882454564224
3022571,3.2404425694851726
3022572,1984.198765953561
3022573,0.2506124506035684
3022574,514.0323760638868
3022575,5.37872328986357
3022576,601.0646043996003
3022577,532.4304461779059
3022578,197.26559711995583
3022579,250.1874923073895
3022580,43.834822786889845
3022581,2755.9364375201917
3022582,7.931355229390466
3022583,0.5548281404406539
3022584,15.383366274397446
3022585,15.766329919295078
3022586,0.26005449976330286
3022587,194.60831269522714
3022588,5.302977060345665
3022589,2.1463259874013376
3022590,5.759890807122292
3022591,33.589837280612784
3022592,1.313079127518178
3022593,74.46437690902853
3022594,169.58332426759776
3022595,2.386160102887872
3022596,5.044823330332156
3022597,150.04006919188916
3022598,43.6000698052186
3022599,1482.0614016735738
3022600,45.53270670885076
3022601,8.553160646954808
3022602,4.454372898957769
3022603,0.3116140596973711
3022604,2.516129125688757
3022605,2520.0039588360096
3022606,0.2831227182667673
3022607,182.03594986587143
3022608,3.905664253543798
3022609,981.5351020506758
3022610,357.10227669533333
3022611,306.4693456748712
3022612,80.62869054686718
3022613,40.5033026841689
3022614,3282.3346126601627
3022615,9.03106238778359
3022616,0.8242221257869482
3022617,11.604536375014337
3022618,13.85890423302435
3022619,0.29564627176473246
3022620,189.76806037830016
3022621,5.837428606945954
3022622,69.4554710291304
3022623,3.3440566318886917
3022624,14.973825222635691
3022625,1.7004275559334308
3022626,142.08061789971998
3022627,195.28775795341843
3022628,0.9596674876061841
3022629,4.536900765472767
3022630,82.34936203225021
3022631,22.322136355661392
3022632,450.5746522630554
3022633,7.083548297187992
3022634,3.4482220213053942
3022635,4.250785015601878
3022636,0.29351289921780155
3022637,6.499816241019456
3022638,2747.4315366722117
3022639,0.29238820885916544
3022640,626.7810470906072
3022641,7.414858861264104
3022642,788.4808235905307
3022643,773.4848386889613
3022644,215.046504951033
3022645,162.2239881855296
3022646,82.70920146633529
3022647,3502.365120338774
3022648,32.438828304797376
3022649,1.0917215977183532
3022650,15.103867020968138
3022651,22.55606504360282
3022652,0.30938045836949085
3022653,240.12538939080233
3022654,15.766919209466323
3022655,9.647973394124667
3022656,4.805049637675208
3022657,49.26596430536124
3022658,7.328317002003933
3022659,370.17946635558474
3022660,233.6113071755157
3022661,6.72968626290375
3022662,6.536682171609641
3022663,431.76061473359965
3022664,104.0056305464268
3022665,2038.257469843067
3022666,38.70345506998619
3022667,31.923741139020954
3022668,5.223267305408268
3022669,0.26816774856692643
3022670,3.2892526348427698
3022671,3857.7312979753274
3022672,0.23611604199672434
3022673,476.00545368175835
3022674,4.680129676895278
3022675,1292.2167679519305
3022676,679.7741571846954
3022677,538.7519770962236
3022678,143.97117722444338
3022679,59.450351598502834
3022680,5829.627077225889
3022681,10.068924547347898
3022682,0.47043228469429915
3022683,14.63492897777269
3022684,13.581863430404702
3022685,0.23254700366013692
3022686,340.9664977507051
3022687,1.1037763179834297
3022688,4.474873719978586
3022689,5.024548085628786
3022690,25.973061596053338
3022691,0.9915041132494371
3022692,257.20033340354547
3022693,358.77416894864444
3022694,2.5879196746796502
3022695,4.223793814381316
3022696,283.64612790300356
3022697,56.33119762065647
3022698,900.0555369345369
3022699,54.92284762872452
3022700,9.167087188811438
3022701,7.660568132900357
3022702,0.322444182211903
3022703,3.188104788937033
3022704,3199.3967793028983
3022705,0.2607147915634676
3022706,478.7294496223062
3022707,4.26901002962834
3022708,1318.254481898875
3022709,624.3183227740006
3022710,329.2906643117424
3022711,379.23077526389864
3022712,63.64906417684408
3022713,4485.222553252954
3022714,11.61546463815725
3022715,0.48021670460371935
3022716,30.68695957544664
3022717,33.7068286804289
3022718,0.26733551110298204
3022719,339.41294675274224
3022720,3.067998484353663
3022721,2.0044734954983183
3022722,6.9339054197382435
3022723,46.842396016303965
3022724,1.4471682524922773
3022725,108.59501452379108
3022726,308.5605827549293
3022727,1.790437003316883
3022728,4.8520251000866566
3022729,146.21810172301454
3022730,142.2069749776959
3022731,1149.6409804906193
3022732,2.751931820726174
3022733,4.156610692362356
3022734,3.73906499121406
3022735,0.28691961619981726
3022736,2.4270252991217336
3022737,1791.861727176076
3022738,0.20545630766066258
3022739,150.90018514958595
3022740,4.816158805793772
3022741,701.0419880005225
3022742,318.8268470770885
3022743,157.4589846656254
3022744,63.58049900537428
3022745,40.45525375709081
3022746,2635.3122782742307
3022747,4.265415596358249
3022748,0.4580916502980017
3022749,18.82411537361014
3022750,15.72320127270391
3022751,0.27964509830016143
3022752,185.50201118752486
3022753,0.4961206946913543
3022754,74.97751043154125
3022755,3.949520934491411
3022756,29.646292840339747
3022757,1.7895451089569199
3022758,108.19512405210607
3022759,177.25296142059335
3022760,0.8210277202519312
3022761,4.282339977537337
3022762,129.48451086829505
3022763,29.014807850290858
3022764,475.90320384495817
3022765,12.832691618843832
3022766,1.2352135656963927
3022767,1.4999812911974062
3022768,0.266694755023987
3022769,1.5593059103291127
3022770,1362.0278212767225
3022771,0.2681600609451313
3022772,281.11255126883646
3022773,6.039041264190198
3022774,505.3108585060169
3022775,456.48260749750636
3022776,128.97170588329843
3022777,45.40212240040822
3022778,46.70584434173014
3022779,2014.0623107812407
3022780,18.99369433963594
3022781,0.36727516130159593
3022782,8.847076694675941
3022783,12.987279987594041
3022784,0.28091228326300166
3022785,131.5070943006961
3022786,9.768334526039169
3022787,1.1146013212633492
3022788,3.895452851648752
3022789,36.17356719049178
3022790,3.4108292650566554
3022791,408.3110516158259
3022792,144.6692442780203
3022793,2.6542966289880465
3022794,4.3319559318437015
3022795,288.23874673712567
3022796,27.991498174173675
3022797,1112.1667019393126
3022798,29.04550097541473
3022799,5.816367336635747
3022800,2.1009081671870486
3022801,0.31682900535804465
3022802,4.722867841182121
3022803,3204.678540330903
3022804,0.31556149048906335
3022805,719.5276133533869
3022806,11.725402224977167
3022807,977.6816690123723
3022808,1237.7915921497938
3022809,261.50353649037294
3022810,220.97988854966118
3022811,129.97680624418504
3022812,3720.3763166092335
3022813,28.216845598244934
3022814,0.7109539960337268
3022815,16.966860734859928
3022816,32.28750022288702
3022817,0.3229245792539998
3022818,255.90443795170654
3022819,8.756144051283696
3022820,27.00350825099132
3022821,7.753523714368555
3022822,52.76117852745342
3022823,9.810288897159703
3022824,342.2527542971814
3022825,266.5389025903454
3022826,16.415035266600686
3022827,7.70360338754374
3022828,492.6297102885274
3022829,109.71476018003955
3022830,3050.5573646796197
3022831,53.10460559789499
3022832,20.45446259568262
3022833,1.9182151962822909
3022834,0.2741260905582146
3022835,2.6323228100917233
3022836,1817.402852559019
3022837,0.19660252522228772
3022838,362.17896129905216
3022839,4.076819790486205
3022840,381.0596136907763
3022841,526.8549357549397
3022842,128.4949371017951
3022843,102.25248217805661
3022844,60.17500471606208
3022845,1610.5822686638815
3022846,14.042865803967935
3022847,0.6347840625823684
3022848,10.496316143110402
3022849,14.709949323501997
3022850,0.26562441872162307
3022851,90.96776543436275
3022852,0.3399655584644595
3022853,11.580349620032257
3022854,2.2843532075184143
3022855,122.7126441742021
3022856,5.39503227181933
3022857,157.99214026858567
3022858,96.56271708660482
3022859,3.3700559285129605
3022860,4.190641697175585
3022861,146.42954569815166
3022862,31.039821460121807
3022863,1292.9126888382907
3022864,0.6898220342333856
3022865,3.193167058035363
3022866,2.440202365947165
3022867,0.24680468943310088
3022868,0.37590838078250033
3022869,822.5557058153206
3022870,0.0
3022871,209.99399914829314
3022872,3.294684918972183
3022873,320.23115953691877
3022874,225.61191590700165
3022875,84.03485799667523
3022876,30.15298620853545
3022877,24.009568946372713
3022878,1339.7022707963984
3022879,3.9127021177814942
3022880,0.37199511076896147
3022881,6.5739985402736085
3022882,5.420467748244154
3022883,0.2410331982341847
3022884,71.83534029513828
3022885,0.31192564891084645
3022886,4.593541697358034
3022887,1.2451036464911143
3022888,12.596032981052188
3022889,0.263587087815604
3022890,218.69032396267252
3022891,103.30329364838967
3022892,1.5626429276942346
3022893,1.1024699741148187
3022894,114.36474291326613
3022895,16.976598498109905
3022896,398.01219589203026
3022897,0.46670519188154863
3022898,1.1276434731354632
3022899,4.449748498105784
3022900,0.29736463326484686
3022901,3.0532255647442836
3022902,3152.6664608788356
3022903,0.2701126299480441
3022904,667.31337640916
3022905,9.850370295933475
3022906,871.1557365727987
3022907,1026.3522716534246
3022908,267.7114983101934
3022909,231.70153083688257
3022910,91.78555375620647
3022911,3924.830746519816
3022912,26.175342630894512
3022913,1.2171357325806529
3022914,13.80044534989963
3022915,27.260973809485307
3022916,0.30279268506062756
3022917,242.44186464330778
3022918,4.813353936394632
3022919,27.434620943592105
3022920,5.639563644295812
3022921,87.82822875313462
3022922,3.3636781902894217
3022923,268.9233419727584
3022924,244.18590520879295
3022925,7.948680071303469
3022926,7.568158058989857
3022927,390.0598706862448
3022928,80.34018173628952
3022929,2602.6319999200523
3022930,1.0409339464520704
3022931,15.982332445779633
3022932,4.16532982339155
3022933,0.26288323873451336
3022934,2.2002918376888783
3022935,3255.7325881969728
3022936,0.25724169709599337
3022937,642.070364129132
3022938,8.355225628518111
3022939,1059.0559721200316
3022940,811.0498747210396
3022941,323.31480028329554
3022942,327.47213929059745
3022943,53.646037349604775
3022944,5446.305772631854
3022945,13.612749001037944
3022946,0.5223129572214382
3022947,23.59402682089072
3022948,16.367548691358
3022949,0.4628251559033172
3022950,249.3379760958825
3022951,0.0
3022952,3.3128016053579525
3022953,3.4530346585580496
3022954,24.045559499559225
3022955,0.7270200569123138
3022956,162.23902106232924
3022957,284.4209305281008
3022958,3.49234718551343
3022959,3.6583055004006546
3022960,174.65599427527863
3022961,74.42928219394265
3022962,1300.0011072222096
3022963,1.4244908874842048
3022964,3.2481036645147014
3022965,4.3800943844820015
3022966,0.3198766526923696
3022967,2.3060977840100922
3022968,2993.7601613259308
3022969,0.25712544164608875
3022970,672.4071039406475
3022971,7.309955054141323
3022972,897.8893910564423
3022973,701.9138691251874
3022974,269.73449643701736
3022975,349.83817178601333
3022976,53.208590682561805
3022977,3922.783314326502
3022978,12.98543557117551
3022979,0.7947303670211985
3022980,22.974021753232144
3022981,15.216796871732228
3022982,0.2714248516522465
3022983,249.7015147521304
3022984,0.0
3022985,3.192399646544347
3022986,3.668553517277287
3022987,51.36762597100501
3022988,0.8549154855232022
3022989,119.695644598972
3022990,232.68798932631316
3022991,3.364676529589345
3022992,3.927685455808053
3022993,174.53004399799005
3022994,59.10093575072524
3022995,975.9640074169657
3022996,1.1762780564667485
3022997,4.438795231598091
3022998,8.002022003394874
3022999,0.5930188201374187
3023000,16.70553696035349
3023001,8129.671286166348
3023002,0.29984403273878185
3023003,1116.861654759611
3023004,24.84980565949463
3023005,1823.11348682195
3023006,2003.2883391502037
3023007,343.70316401110614
3023008,464.78392010872
3023009,282.8804194053399
3023010,7936.200982760336
3023011,75.43668592816276
3023012,2.149226316564584
3023013,42.56061264395871
3023014,58.77773515356661
3023015,0.537242939737133
3023016,516.0001475629244
3023017,37.33928192450738
3023018,38.29899521664115
3023019,23.575111397210584
3023020,143.83948336238032
3023021,20.860443141538347
3023022,665.7118750855195
3023023,524.4155814829338
3023024,15.39974384515659
3023025,23.48600078272542
3023026,1070.5341475445084
3023027,222.73241623476082
3023028,7807.860292768465
3023029,0.9628567520258167
3023030,80.47482337905929
3023031,1.8642083248871009
3023032,0.28978811608691135
3023033,0.5600528294713105
3023034,1357.2039759858078
3023035,0.1948050952048948
3023036,164.04955197349926
3023037,3.345426454983844
3023038,456.37711085037614
3023039,266.70105233260193
3023040,108.08344212907244
3023041,197.4678382519956
3023042,34.709313784338235
3023043,1828.1412035418252
3023044,4.681050836902051
3023045,0.308721453144098
3023046,9.784310453852084
3023047,5.649131404480452
3023048,0.26020657660635954
3023049,124.58598041986305
3023050,0.43844915637252996
3023051,69.48040647418891
3023052,1.7274754413827451
3023053,20.075414033230384
3023054,0.434383514610107
3023055,46.87013402354901
3023056,87.32576194438529
3023057,1.2384558432214567
3023058,3.5793611435328536
3023059,88.42804453777113
3023060,17.704769980512594
3023061,458.0069688188383
3023062,4.060741797776574
3023063,2.5441375791135363
3023064,5.948138176082728
3023065,0.2878947615180785
3023066,1.3093743754391158
3023067,3233.938211158628
3023068,0.26661427678504035
3023069,523.7176608361813
3023070,6.1866963506276935
3023071,1100.288513904987
3023072,636.8962169435925
3023073,217.00036911557788
3023074,414.62144564686935
3023075,53.80652821472593
3023076,4201.223258419129
3023077,12.554092517767986
3023078,0.345478841245373
3023079,17.333011443288434
3023080,16.30543032522759
3023081,0.27912117207229575
3023082,262.2219630980002
3023083,0.551402470033687
3023084,3.7258655259305966
3023085,5.512839499666572
3023086,12.137925788847424
3023087,0.9389683597837908
3023088,294.4671830198854
3023089,252.95949672789308
3023090,3.060854582704148
3023091,4.735239542352119
3023092,106.61816227844938
3023093,57.131549045664954
3023094,993.8069469349914
3023095,1.1383323745808585
3023096,4.4430517012794155
3023097,1.180241886096351
3023098,0.1917695593635
3023099,1.3119205838307084
3023100,950.5664573225285
3023101,0.1830301771076261
3023102,113.88054420303173
3023103,2.1822404483006848
3023104,482.80829168972963
3023105,173.64090420465195
3023106,87.43107096901856
3023107,342.431769421854
3023108,13.551007217599775
3023109,1598.3665628999333
3023110,1.2294644891208675
3023111,0.26724854279355603
3023112,5.523100277597618
3023113,3.3017275009472087
3023114,0.18881977840364836
3023115,97.67791740009143
3023116,0.2891557338002332
3023117,50.80708591658538
3023118,0.6591575600888784
3023119,10.134152964648813
3023120,0.2711949951141459
3023121,59.83515575795831
3023122,79.47505317659753
3023123,0.4180750740692942
3023124,0.8541866404785212
3023125,45.743878016846736
3023126,9.291401085188808
3023127,162.34317025911935
3023128,19.441791254510917
3023129,0.9519516990616139
3023130,5.838319688907565
3023131,0.2632280743950014
3023132,1.345190125256316
3023133,2204.5670994275924
3023134,0.19736693399034508
3023135,240.37584716220306
3023136,4.45314496892927
3023137,945.9242368409525
3023138,412.6181287058289
3023139,171.9997827077761
3023140,325.98005900666
3023141,37.240002173692716
3023142,3029.3468650035556
3023143,2.2328194211222
3023144,0.3559272400240787
3023145,22.211749788769577
3023146,13.48367272297828
3023147,0.2575590674726246
3023148,216.46428922769198
3023149,0.0
3023150,71.41803142706759
3023151,8.654935181494707
3023152,17.231644486022912
3023153,0.7586886508812933
3023154,220.64638652112376
3023155,216.9856049160548
3023156,1.3306258466511367
3023157,2.55472460197142
3023158,168.26202027529462
3023159,29.474401213774485
3023160,1078.0345203230731
3023161,36.77640080281392
3023162,0.6658407010522072
3023163,2.304810482887243
3023164,0.3211741442648077
3023165,1.3274011425960777
3023166,2532.830748498204
3023167,0.3065630364733466
3023168,704.3826187198321
3023169,7.276220128755652
3023170,945.6737638040915
3023171,663.8093333130248
3023172,226.77135613767416
3023173,165.3043161501492
3023174,53.589304736009176
3023175,4025.376729246585
3023176,5.4157427724196845
3023177,1.938486374941213
3023178,19.13697282836165
3023179,33.58931973346453
3023180,0.32156629548773324
3023181,217.60008678784837
3023182,1.312249126705514
3023183,4.194934372556022
3023184,2.97081219866653
3023185,20.313986503982598
3023186,1.5818219855214934
3023187,167.96427262217776
3023188,277.26693932683963
3023189,2.8759711466313624
3023190,5.531776341510654
3023191,142.61125794974146
3023192,28.328111211124078
3023193,611.8363125655691
3023194,2.6461576967527685
3023195,1.7177124910016337
3023196,2.340861084278886
3023197,0.19534719031310155
3023198,1.0771544325590967
3023199,1412.3543214952122
3023200,0.18398554388877864
3023201,102.82245763190203
3023202,1.3055815744055046
3023203,498.4656753163084
3023204,179.5042016951135
3023205,85.5463442801447
3023206,228.776366949574
3023207,28.175220983714652
3023208,1973.357629131546
3023209,3.3919398114501362
3023210,0.2935746580115213
3023211,8.165533406022835
3023212,4.565404727100309
3023213,0.22994307223583582
3023214,97.09358286238245
3023215,0.28914870548414795
3023216,48.181557332013774
3023217,1.198637240951638
3023218,13.051545418025631
3023219,0.4378756274994727
3023220,159.05874582983256
3023221,82.62763208217248
3023222,0.4932504785658075
3023223,0.6795927492103018
3023224,42.07120863751033
3023225,14.567423142874063
3023226,301.13479496911157
3023227,3.7644562461018145
3023228,0.5107990771343558
3023229,3.4468320504182683
3023230,0.2745972926015144
3023231,0.7851225365367138
3023232,3126.7754822477586
3023233,0.20371783566120705
3023234,506.1376704462195
3023235,6.218236056850109
3023236,804.5600643120493
3023237,574.6628901100114
3023238,187.4627961909529
3023239,171.40947429767266
3023240,63.93613005374917
3023241,3568.672369052112
3023242,4.870850377685097
3023243,0.36351559701435904
3023244,16.3590474062922
3023245,9.338708190960663
3023246,0.2940769134552781
3023247,215.73373898353884
3023248,0.32082417095073285
3023249,12.22153258286961
3023250,2.1027237805879304
3023251,34.95816210396571
3023252,0.7393419021660643
3023253,197.6221743638339
3023254,211.39560542769036
3023255,2.3756979945519276
3023256,2.515068468333762
3023257,111.21174135755382
3023258,42.372179130232944
3023259,964.0396529169162
3023260,0.732403849536907
3023261,0.7641636728946031
3023262,2.362318992431326
3023263,0.3281236306732316
3023264,7.108009904848098
3023265,2640.8385081029114
3023266,0.3256468014292251
3023267,547.3687729297731
3023268,5.342498782442755
3023269,861.6058857805773
3023270,870.1818965840993
3023271,154.74837501518104
3023272,128.54272608748087
3023273,95.5530980616506
3023274,3150.3102542173883
3023275,43.28546976071049
3023276,1.0710096914538147
3023277,21.348561980252217
3023278,25.713021947209338
3023279,0.3355441319591883
3023280,229.59103507921688
3023281,18.054578335857947
3023282,15.752217727882016
3023283,2.043476402198616
3023284,77.4472928748514
3023285,7.551133651206403
3023286,180.27110218492447
3023287,260.6059122305215
3023288,9.68474519502256
3023289,11.561416115180428
3023290,229.4072244357299
3023291,72.04525072093487
3023292,2141.762755689855
3023293,53.74554364300729
3023294,10.306941924055518
3023295,4.376567221275085
3023296,0.2795895831482612
3023297,6.37916029671507
3023298,2037.7840437984855
3023299,0.279489775582299
3023300,454.13826467160555
3023301,10.213130884353943
3023302,860.55346454458
3023303,685.9307541131021
3023304,146.627469894677
3023305,84.01906982634208
3023306,87.18005943275797
3023307,3240.3551863181656
3023308,18.240736840543672
3023309,0.7302655486654066
3023310,30.746040853387697
3023311,30.771166354735232
3023312,0.28481251779645755
3023313,297.38536255292996
3023314,17.417294479026936
3023315,9.824166263949147
3023316,5.760782324000181
3023317,62.60173546003569
3023318,8.141972837426051
3023319,155.17669867855122
3023320,356.8674155419825
3023321,6.488126867653486
3023322,7.134420035302991
3023323,115.579833898986
3023324,73.03326338445412
3023325,1776.0297597762021
3023326,3.145962206389653
3023327,13.279648536838986
3023328,6.491180403525753
3023329,0.2827709605140502
3023330,3.9693443287234205
3023331,3435.1861965470966
3023332,0.28187619088777016
3023333,690.2771670708679
3023334,4.246685164903306
3023335,1494.6983338074258
3023336,645.5702094083845
3023337,203.06198839383504
3023338,613.3634058025526
3023339,54.687341006982734
3023340,5090.681650313624
3023341,34.168127063869306
3023342,0.9862878031586215
3023343,17.41710543950736
3023344,15.932271556364523
3023345,0.2883854275608688
3023346,352.03831848212855
3023347,3.327491287722008
3023348,10.094471533156588
3023349,6.298307107968279
3023350,31.89485404960905
3023351,3.81015126073833
3023352,154.3164994413703
3023353,323.0367803468136
3023354,5.3343526474699114
3023355,6.484748963917253
3023356,201.71650500470167
3023357,49.94319060023667
3023358,1425.9162226166297
3023359,15.553343145125027
3023360,11.590453569300841
3023361,2.4587346679356115
3023362,0.27568591287871186
3023363,4.457075260686789
3023364,2372.014633118745
3023365,0.2667084863233232
3023366,370.54376533868555
3023367,5.104489586051772
3023368,695.3969543128262
3023369,703.2140159531956
3023370,159.61324172284677
3023371,133.96389324191404
3023372,67.45706706241988
3023373,2922.492958629019
3023374,17.61112174126235
3023375,0.9202348219400032
3023376,10.299905552193229
3023377,9.070976168735998
3023378,0.28986808024012944
3023379,198.7688088972123
3023380,14.686417468028125
3023381,14.512375368558905
3023382,1.5190914222448075
3023383,42.10214958187048
3023384,5.405403977712212
3023385,318.05067780932404
3023386,209.16283148992488
3023387,5.4599713993095245
3023388,6.1275843564558725
3023389,373.8375152310345
3023390,46.49911353685887
3023391,1942.992944580467
3023392,2.8932057595947067
3023393,20.468337403801264
3023394,2.198758879373211
3023395,0.2997809484480057
3023396,2.840512234231762
3023397,4975.311456521664
3023398,0.29010831448233415
3023399,462.92258822640815
3023400,5.262904441539227
3023401,1530.2369160926414
3023402,691.2864538049614
3023403,283.54232840096483
3023404,236.5594429551113
3023405,49.72977366965845
3023406,6279.633154565926
3023407,6.932138077957019
3023408,1.3340901505286635
3023409,23.3754027921253
3023410,21.61720252951103
3023411,0.30071277614053077
3023412,397.917779189109
3023413,0.3777203192449969
3023414,1.0653540224304283
3023415,6.820247774295255
3023416,20.955536424711937
3023417,1.536362944437054
3023418,132.9793433483465
3023419,328.61898676322335
3023420,2.43019196198615
3023421,7.205709890788594
3023422,162.52910333963905
3023423,59.966581178118155
3023424,1052.310047040454
3023425,40.745480033662965
3023426,4.421951538309427
3023427,5.087913438171206
3023428,0.2970327950228165
3023429,6.671709984277332
3023430,2221.708844797818
3023431,0.28478144427975816
3023432,475.6224489126049
3023433,7.699641102306019
3023434,873.2126333439463
3023435,691.6129474261082
3023436,195.0690659662213
3023437,133.6955252163937
3023438,94.65333093389727
3023439,3344.5710722609197
3023440,29.763413489390675
3023441,0.8344190705889416
3023442,19.510413830040473
3023443,27.010809728702867
3023444,0.2977131231226982
3023445,225.2836306940233
3023446,11.721032711318314
3023447,11.32100361072312
3023448,5.8523556300439905
3023449,45.689215141342146
3023450,8.653786315956827
3023451,184.12007707179282
3023452,261.7055012381499
3023453,11.257908499982381
3023454,7.296651448401056
3023455,186.04274011738988
3023456,53.34755723077176
3023457,1859.928307102999
3023458,0.6156477955664528
3023459,5.932577116997185
3023460,2.7224199535632647
3023461,0.27661311929437843
3023462,4.688078642893704
3023463,2357.3840112957787
3023464,0.27253692711176347
3023465,479.6403212319696
3023466,7.009725070096913
3023467,714.2314629174374
3023468,736.0658633727279
3023469,153.35364959595674
3023470,130.77158635901245
3023471,87.88277168883272
3023472,2917.5529145848664
3023473,25.375042407130447
3023474,0.744490769914713
3023475,16.37184106002137
3023476,21.26455200375613
3023477,0.2855530598634178
3023478,215.2943122011509
3023479,10.170824103890874
3023480,23.780722965144456
3023481,5.303542636914358
3023482,43.664963271893185
3023483,7.291842450125113
3023484,206.29900107546894
3023485,211.34141668122282
3023486,6.48958600830847
3023487,6.700312914116403
3023488,205.77621662416738
3023489,49.05102911528769
3023490,2242.357017130938
3023491,0.6934231548289562
3023492,13.122712201358215
3023493,3.8952851255816734
3023494,0.28266727599840913
3023495,2.8076417238481706
3023496,4853.211035481126
3023497,0.20092483313504858
3023498,579.9103555004225
3023499,8.688736003321058
3023500,1226.6022835761164
3023501,734.852279509948
3023502,325.68611240256746
3023503,350.583122440449
3023504,52.73058051056179
3023505,4753.680679149747
3023506,7.3582049157282885
3023507,0.29459666565651865
3023508,13.860971274205419
3023509,14.83863092780164
3023510,0.2695877195628185
3023511,269.67884567449414
3023512,0.3189281739058506
3023513,3.908374796446216
3023514,1.401462731101812
3023515,44.957502929030866
3023516,1.5233941664233748
3023517,203.80851821826477
3023518,282.64570357545614
3023519,2.43548543305836
3023520,1.5630700946367608
3023521,199.4102695760893
3023522,126.93621850301828
3023523,1157.9462305640934
3023524,1.8142648661268064
3023525,0.5105575099141517
3023526,12.145009172292252
3023527,0.31110701190248713
3023528,14.046264591718034
3023529,8479.308845338062
3023530,0.29999173123814993
3023531,1527.4103206025852
3023532,17.923614966474005
3023533,2150.589048397861
3023534,2336.0135054115613
3023535,508.0292676086468
3023536,598.4015217507663
3023537,314.2563167944635
3023538,9070.030195620315
3023539,75.5969379367594
3023540,2.6455465079183664
3023541,96.89756458920994
3023542,94.98902986174711
3023543,0.3852454305350958
3023544,629.0643496905791
3023545,33.57019205671722
3023546,17.43009362185107
3023547,47.325913810479
3023548,205.58030772800387
3023549,19.594570430114118
3023550,730.8081038419067
3023551,546.9439775159909
3023552,33.28520294564944
3023553,34.60164451026648
3023554,1016.9103498165591
3023555,293.09779048037615
3023556,8763.515633725805
3023557,307.32543379796243
3023558,82.48360889020016
3023559,12.94079806152338
3023560,0.2958625207897708
3023561,13.313843334242259
3023562,8529.680260558973
3023563,0.2876167443883993
3023564,1186.9838923890502
3023565,17.62060291770528
3023566,2475.8623139040747
3023567,2067.3619893425825
3023568,648.2087580731145
3023569,384.44454199473176
3023570,260.5546988025591
3023571,9796.189058744016
3023572,94.8972924235298
3023573,1.1926264728636449
3023574,42.42794771503213
3023575,74.03601502648446
3023576,0.5768352522092428
3023577,666.0215630028218
3023578,20.554390453574715
3023579,23.02896533329389
3023580,16.214136097203188
3023581,139.3963857926733
3023582,16.70216652501445
3023583,990.6802451588145
3023584,736.7036951108556
3023585,18.161897659263953
3023586,27.684675023635787
3023587,1193.8854973985729
3023588,230.81900778510112
3023589,6397.946629988457
3023590,432.24567456328737
3023591,81.41522903632517
3023592,9.444561220083612
3023593,0.2793047062794145
3023594,16.915444673975244
3023595,5433.232018113221
3023596,0.27138604816910933
3023597,861.1695130843043
3023598,10.887230064326017
3023599,2055.930639206723
3023600,1440.2221296919124
3023601,729.6707534986265
3023602,138.00286510123135
3023603,204.16795816962068
3023604,8856.763174380843
3023605,40.98560900592111
3023606,1.600876568420401
3023607,29.783767439648557
3023608,26.59933978553983
3023609,0.3851534236483877
3023610,583.199802885991
3023611,26.747181528121782
3023612,16.281284206833206
3023613,11.737762925091948
3023614,85.66035866200423
3023615,8.010842275799162
3023616,907.5100833514743
3023617,679.0787885407714
3023618,17.27809196734416
3023619,36.15112495211991
3023620,741.8773794289623
3023621,122.24248299940861
3023622,2649.639458005267
3023623,248.567922950387
3023624,40.282476112597834
3023625,12.536604453076015
3023626,0.29999561886493326
3023627,17.324588336787382
3023628,8298.924881995477
3023629,0.29116179525568703
3023630,1102.28380885599
3023631,13.689108799131645
3023632,2179.91150895233
3023633,1996.703201916129
3023634,611.889427497521
3023635,341.54159685309867
3023636,211.74153682411637
3023637,9487.19178301654
3023638,43.806981589176914
3023639,1.0353557617924785
3023640,45.929929352767715
3023641,64.09162519199468
3023642,0.5377854891472689
3023643,604.569412280818
3023644,21.684593522503114
3023645,24.135451755366162
3023646,22.38756412635209
3023647,133.63918210126084
3023648,11.597189134545705
3023649,775.4038683275295
3023650,714.3014709817909
3023651,18.214924958568503
3023652,21.57313271274187
3023653,1072.8208162688254
3023654,224.40965571743897
3023655,5167.699102290365
3023656,353.88634657427843
3023657,64.71357335309429
3023658,10.514991931760528
3023659,0.2606363459562101
3023660,17.386459716766957
3023661,4416.565529395008
3023662,0.2558440714943895
3023663,789.3656757644906
3023664,12.784735318608675
3023665,1924.3705913760548
3023666,1220.8233608437993
3023667,597.6014615128652
3023668,115.32225424660948
3023669,147.78093511285198
3023670,7640.369934127668
3023671,32.52760332131513
3023672,0.44480973054556805
3023673,23.18856162162941
3023674,30.109000110262237
3023675,0.25950343607196924
3023676,539.760068854226
3023677,21.526125834976355
3023678,6.866405032318107
3023679,9.909511858125423
3023680,77.5096167938176
3023681,4.439865501166306
3023682,758.6126572795796
3023683,711.9928988985632
3023684,15.024102789271645
3023685,20.16391085506308
3023686,774.4866456854418
3023687,86.65882675144455
3023688,1893.5681104206897
3023689,303.10187226392327
3023690,18.603087065524797
3023691,8.777760210276671
3023692,0.31167322494995503
3023693,11.76678671195322
3023694,7306.810611826494
3023695,0.30180430298948346
3023696,1175.8958277853476
3023697,19.45161102136295
3023698,1803.8610950629445
3023699,2203.6312678141776
3023700,424.8527278585456
3023701,460.6071938515764
3023702,271.92085563175385
3023703,8124.951787748859
3023704,71.62391796309474
3023705,1.2604141406205995
3023706,48.54674230232446
3023707,51.727476452376166
3023708,0.4461061955394298
3023709,516.694761541044
3023710,16.720018654692083
3023711,24.054364925343272
3023712,11.48668272374366
3023713,163.94015194212884
3023714,16.653796713066257
3023715,756.91337192333
3023716,528.3263665199279
3023717,18.685219928961637
3023718,28.229410714842896
3023719,966.3988329508478
3023720,227.80846063728936
3023721,8116.197025777088
3023722,236.0471263486809
3023723,82.72269855872408
3023724,4.910980119872606
3023725,0.30175592141643026
3023726,5.642118984953231
3023727,1863.2125944664058
3023728,0.29482058007386547
3023729,363.2338505695459
3023730,17.878637026820286
3023731,822.587687477471
3023732,564.5870765713642
3023733,217.88267566657115
3023734,80.48522470888925
3023735,72.71982437643389
3023736,2903.3396499862342
3023737,22.279335490140046
3023738,1.0060307098770922
3023739,20.747936207174227
3023740,21.451899063482436
3023741,0.3167860678657526
3023742,210.83517255729524
3023743,10.01219183374308
3023744,6.674744098383151
3023745,8.794650076086617
3023746,42.44685230806774
3023747,6.567422236597867
3023748,237.51443727512685
3023749,232.10349773015693
3023750,2.42813991604155
3023751,5.961058378045292
3023752,200.02636507886888
3023753,62.750480886222036
3023754,1315.137579408272
3023755,0.746629951004365
3023756,8.245757445877206
3023757,6.9732126371610015
3023758,0.2846342064277868
3023759,11.380793396619534
3023760,3945.5751088158086
3023761,0.27601751932737406
3023762,577.1665481356947
3023763,21.553057846653473
3023764,1477.888403042944
3023765,1059.0412226736569
3023766,418.88921067514474
3023767,109.13738866966041
3023768,116.09876414584076
3023769,6277.446646245644
3023770,58.019222425030975
3023771,0.9597234789287428
3023772,50.3150457546941
3023773,37.57926692355529
3023774,0.29450888593591634
3023775,417.4189510361151
3023776,17.159391699057938
3023777,6.515152513871363
3023778,2.740437948847697
3023779,90.88062180743147
3023780,7.768539617313115
3023781,470.32422189060054
3023782,520.2669839105026
3023783,10.569438188524405
3023784,19.102885178038886
3023785,377.90260412638173
3023786,70.34368762906111
3023787,1978.0662163576637
3023788,310.1180099651576
3023789,13.372782215439225
3023790,5.211971674674876
3023791,0.29563019298599624
3023792,3.935116913278625
3023793,4462.171708055604
3023794,0.2858819774846107
3023795,830.5939711162825
3023796,7.152877608962147
3023797,1309.5034077442033
3023798,1457.843592982331
3023799,236.75530284012768
3023800,311.36399312072876
3023801,192.96598595942163
3023802,4853.985252343278
3023803,41.50896594239131
3023804,0.9829563580817133
3023805,22.64361632242008
3023806,41.80580015420163
3023807,0.32772901020984124
3023808,290.620092267266
3023809,2.2735321020380956
3023810,32.23822499383686
3023811,3.491418900851426
3023812,91.99507768418827
3023813,8.072100091400658
3023814,529.21784072592
3023815,287.8581773486972
3023816,17.57471623423138
3023817,8.913012492294653
3023818,665.9042789207562
3023819,115.41027341676998
3023820,4825.6843431276275
3023821,2.4804698399422387
3023822,44.746420248079815
3023823,6.065785532079707
3023824,0.28304255260877875
3023825,7.28912232426344
3023826,4167.777115296393
3023827,0.277244038777776
3023828,783.2990110705032
3023829,7.8801216335586854
3023830,1354.3861363616838
3023831,1120.897247007224
3023832,305.8535684004411
3023833,203.82214616696277
3023834,227.07371847113666
3023835,5435.0448799302
3023836,39.40673112060452
3023837,1.6574015132008593
3023838,41.918234751982894
3023839,42.26616088744652
3023840,0.29706642131431815
3023841,316.4602443952813
3023842,6.5168654616541115
3023843,38.281781054090764
3023844,6.001735637415783
3023845,173.1909928337781
3023846,7.232102136786567
3023847,386.367307074247
3023848,312.49476149846646
3023849,11.658532963536441
3023850,19.1397565467669
3023851,423.49327367019924
3023852,118.74512642437728
3023853,4197.047825742009
3023854,3.386221809725944
3023855,6.646989108360873
3023856,5.585288512959767
3023857,0.2712255513087494
3023858,3.4307731429390955
3023859,2035.5784392449798
3023860,0.2642641943833471
3023861,458.7093935218315
3023862,5.003958661951891
3023863,830.1493233508977
3023864,516.7626278124786
3023865,208.08938196596188
3023866,86.1744462877301
3023867,85.68811196825928
3023868,2884.373636874802
3023869,13.763107193068286
3023870,0.7456834338283729
3023871,19.56218421464271
3023872,19.30240996361574
3023873,0.2729580512118178
3023874,201.50234254670656
3023875,4.20138450833776
3023876,7.954478733231843
3023877,4.607899430680401
3023878,47.59386667454033
3023879,2.8608968918703526
3023880,216.56411624855238
3023881,223.214664761676
3023882,3.835434055700663
3023883,4.385783361744224
3023884,157.98395499117998
3023885,55.32822448039901
3023886,1728.1776411475334
3023887,1.040783449816077
3023888,2.8753208852345558
3023889,4.5898888978084615
3023890,0.2002922112500769
3023891,1.0554786176134545
3023892,3306.4054906530464
3023893,0.1857108956706835
3023894,253.63323283147793
3023895,2.39870793933457
3023896,1064.147461791593
3023897,269.068469653952
3023898,217.52737597931775
3023899,78.43464269350176
3023900,24.71605357770241
3023901,3184.9902000472403
3023902,5.632607892437348
3023903,0.4995986061868378
3023904,17.231272899073122
3023905,8.310569405813512
3023906,0.20311197096118622
3023907,227.07686569949004
3023908,0.0
3023909,59.38453140474975
3023910,2.233865670144195
3023911,12.474629489064348
3023912,0.5535467595173638
3023913,50.43078420264007
3023914,200.01129499960388
3023915,0.2964000769904328
3023916,1.5143908741826535
3023917,52.91615337790969
3023918,83.76772926321844
3023919,566.4871171593423
3023920,36.46008538267783
3023921,0.9366198131406038
3023922,4.999458264390321
3023923,0.26909492516008654
3023924,5.7828947892288385
3023925,3177.441217453837
3023926,0.2689163155849678
3023927,527.8055384919732
3023928,7.465414835363685
3023929,1087.3328078692182
3023930,922.1251758209861
3023931,312.531899316363
3023932,171.62693793684574
3023933,112.86786226292335
3023934,4682.6790702788685
3023935,33.07468289129105
3023936,0.6871416985503791
3023937,21.513355815249216
3023938,40.951532852935365
3023939,0.27474151023817256
3023940,298.78500552434866
3023941,18.089649670757122
3023942,10.181085276454567
3023943,15.246603715246419
3023944,52.333562426463786
3023945,5.428245087704588
3023946,392.40706057767164
3023947,310.14738180089415
3023948,7.327926872319612
3023949,11.203006307931902
3023950,524.9562434441244
3023951,80.15958202707448
3023952,2375.2967160297544
3023953,77.40265985727433
3023954,36.46056085221696
3023955,4.014564825743132
3023956,0.34160705182149664
3023957,5.443148556730195
3023958,3817.948232503635
3023959,0.3300639881291284
3023960,696.6279168898192
3023961,14.867921219691622
3023962,1034.3622766207666
3023963,1300.8816080900056
3023964,199.76368018509743
3023965,309.2396194646808
3023966,181.2371355704951
3023967,3872.417663236196
3023968,37.35102198728946
3023969,1.6951305435482444
3023970,28.792456414711687
3023971,33.560700563987645
3023972,0.6694905866608198
3023973,271.706282193127
3023974,11.857352805337984
3023975,31.72719203052919
3023976,7.348534452146845
3023977,111.83555991977148
3023978,12.983685358788113
3023979,480.653803074325
3023980,272.51466857456563
3023981,6.83856537972948
3023982,13.272822565843976
3023983,669.0418348332839
3023984,141.7013006408337
3023985,4709.606501017245
3023986,0.7550960759646388
3023987,46.22970868104797
3023988,3.1348125049976154
3023989,0.4737774006494653
3023990,9.476764302998248
3023991,4189.079953462324
3023992,0.2960187493971567
3023993,762.9937842408614
3023994,14.86189515927185
3023995,1133.4062527321896
3023996,1297.9205007141124
3023997,260.66019534808197
3023998,297.7819097303307
3023999,138.60524090759233
3024000,4371.67706163593
3024001,37.909406862293444
3024002,1.931453874777596
3024003,31.255041775981404
3024004,45.655459750056586
3024005,0.3247723393394938
3024006,331.6449665377283
3024007,21.602949558991682
3024008,25.669311246908485
3024009,20.00838509634303
3024010,88.53489772003753
3024011,13.198204099010132
3024012,391.38221471451675
3024013,329.974265899311
3024014,15.368972349822858
3024015,18.288412675999723
3024016,571.0470570211514
3024017,137.42711100855718
3024018,4271.842402887322
3024019,0.6947466004707707
3024020,37.034940569384965
3024021,8.090694924653315
3024022,0.3108651073988589
3024023,6.84026137414602
3024024,3350.293338354247
3024025,0.2838878577383095
3024026,543.9995836256859
3024027,9.935696834775367
3024028,1559.5988453149116
3024029,780.0645775765641
3024030,537.4442313281138
3024031,290.20631821944085
3024032,71.17305557153517
3024033,6406.340735469973
3024034,8.07029144106892
3024035,0.9861859353013867
3024036,41.90597450578332
3024037,34.62399434808845
3024038,0.28903720508997366
3024039,414.9141679844125
3024040,7.48091601551968
3024041,3.795535659244007
3024042,8.492355140600921
3024043,36.070494715593526
3024044,3.372065428042716
3024045,317.91269135342645
3024046,450.6114736107572
3024047,5.531684627896719
3024048,5.978284780806169
3024049,372.25657085816357
3024050,92.98679082551101
3024051,1340.28615948469
3024052,116.16454244365137
3024053,13.437032512987873
3024054,2.979201700151749
3024055,0.35090554541244623
3024056,3.8713483920999314
3024057,2022.1153543535058
3024058,0.34934411563959133
3024059,342.7160949311839
3024060,9.705499896720879
3024061,637.5518695928772
3024062,652.3452329077088
3024063,128.9943177807756
3024064,127.02726990083312
3024065,97.55799383501063
3024066,2446.4030036906674
3024067,17.004136358271833
3024068,1.3491339973087935
3024069,19.717631322363587
3024070,27.14111470598407
3024071,0.35973733793424917
3024072,181.07674253763153
3024073,9.159755490198359
3024074,13.026060757234205
3024075,6.0683298759472075
3024076,84.96669917414116
3024077,4.009155052046718
3024078,254.4981939277434
3024079,164.75681211472514
3024080,3.063039431442899
3024081,7.278102179740538
3024082,274.6045476113905
3024083,59.84906414328114
3024084,2002.3097390083828
3024085,49.88032520582498
3024086,19.708544529735107
3024087,1.1568327678809562
3024088,0.24893494596588425
3024089,1.3506191138584787
3024090,1265.8685358079235
3024091,0.19399863178619425
3024092,101.54669228239551
3024093,2.3312019981639542
3024094,721.0231827292287
3024095,300.51588983000767
3024096,221.17557670294326
3024097,40.425112751550266
3024098,26.44664472234532
3024099,2526.829400655981
3024100,3.065314424407063
3024101,0.3200392490635319
3024102,5.681067346908038
3024103,6.255797079506627
3024104,0.24355978083095678
3024105,175.48870303059005
3024106,2.195842686919005
3024107,38.55379305187634
3024108,1.1139009393692563
3024109,8.511720233217057
3024110,0.33946201971053985
3024111,174.6193863393339
3024112,173.43610418995837
3024113,0.5111360009136079
3024114,2.29902777117319
3024115,125.19817840711941
3024116,20.58485286258722
3024117,319.3321128388902
3024118,9.226747568627651
3024119,1.2916351201769776
3024120,5.288504300091653
3024121,0.2969555573020622
3024122,4.30367043519609
3024123,4313.699651384141
3024124,0.266991915278426
3024125,765.1383875308536
3024126,9.223492960380007
3024127,1812.5068176403984
3024128,622.0057045506354
3024129,507.0532701213727
3024130,304.4536366465095
3024131,73.42060658375479
3024132,7096.126754190487
3024133,17.656007422607562
3024134,0.49328041496266056
3024135,20.648683945574923
3024136,14.484156426080762
3024137,0.26999359651227595
3024138,482.1065587872617
3024139,5.615534690736552
3024140,1.636115180038633
3024141,5.95511047715647
3024142,26.0946225777315
3024143,1.5319801172051117
3024144,631.2844664796414
3024145,401.50181049142867
3024146,1.5838134200506304
3024147,11.38159303254921
3024148,392.6307327366442
3024149,96.61858318145914
3024150,2098.62035177711
3024151,27.421849234857323
3024152,5.583429251103184
3024153,3.7759664797510677
3024154,0.2952628734296927
3024155,0.9297939752417765
3024156,1503.1457956642228
3024157,0.28305912611165485
3024158,173.82085118291792
3024159,7.061866955095947
3024160,778.5157250595047
3024161,368.8554309578369
3024162,201.17069134457176
3024163,50.71001926810673
3024164,33.08319851696726
3024165,2730.9156192346472
3024166,5.34749401112536
3024167,0.3741678562471314
3024168,10.415989769256063
3024169,15.866831837682582
3024170,0.2991938173763951
3024171,168.36174208331104
3024172,3.995347874167055
3024173,58.71842947157774
3024174,9.575722896865505
3024175,22.753776003571538
3024176,0.9179950700312345
3024177,165.76579008479922
3024178,187.1018615921217
3024179,1.002607587566624
3024180,5.091520982996967
3024181,143.62927841283863
3024182,35.15409842676255
3024183,417.7812836324608
3024184,12.523608873752648
3024185,1.9217942721622379
3024186,3.223222812877834
3024187,0.20136835219977478
3024188,2.4200119917892957
3024189,1346.3739205736954
3024190,0.18655663932035266
3024191,127.91771978566666
3024192,4.229940950798403
3024193,709.9401039183991
3024194,253.74537123011967
3024195,162.55588704575098
3024196,43.48048055220548
3024197,26.3018208984697
3024198,2653.8509731345252
3024199,5.31979794847181
3024200,0.27456657353451025
3024201,8.214216533281972
3024202,6.314350564670603
3024203,0.195765816232436
3024204,140.3563133662454
3024205,0.8273401105146114
3024206,43.12367981153208
3024207,1.4108203537835733
3024208,18.249353445641546
3024209,0.5549295571795905
3024210,168.4084724648941
3024211,186.5749531501358
3024212,0.479914829754004
3024213,3.9390685002903094
3024214,86.48485974836078
3024215,18.868137151458736
3024216,251.68150520386862
3024217,11.941065277374875
3024218,0.9714082428666284
3024219,2.4073995897281275
3024220,0.27077379074118774
3024221,2.4945187015827366
3024222,1427.0054047207082
3024223,0.20520865038873604
3024224,174.7359894804256
3024225,5.6060425323151835
3024226,922.0837698059947
3024227,364.5406295799835
3024228,227.48458199163133
3024229,30.65243138113915
3024230,31.99290926594785
3024231,2932.7138600601884
3024232,3.4540358169828727
3024233,0.30879382585020343
3024234,6.597431093938281
3024235,15.84462081587608
3024236,0.2735243468121877
3024237,192.06577654754088
3024238,0.5945155187663296
3024239,57.766345390527746
3024240,2.1182274811584336
3024241,11.436906852989422
3024242,1.3456893074329552
3024243,187.45475443108342
3024244,254.54718089522856
3024245,0.6399292566701986
3024246,4.07203024285624
3024247,59.45166790520563
3024248,84.07192117590307
3024249,489.56491744309346
3024250,3.8865196471308545
3024251,2.4468766623432074
3024252,2.957152393879316
3024253,0.5489786567890422
3024254,2.397406526420541
3024255,1656.3113480754216
3024256,0.2943497417770497
3024257,155.66350781835033
3024258,2.667627571206613
3024259,808.896970057226
3024260,343.10770168931185
3024261,253.11882335092048
3024262,89.43058340193595
3024263,54.32398593202047
3024264,2718.524882728094
3024265,4.602597368918919
3024266,0.9119383714996392
3024267,10.800479217991134
3024268,18.631861281998
3024269,0.3130623915307869
3024270,223.1916778450939
3024271,5.719221567429067
3024272,62.78210474886435
3024273,3.049735103967426
3024274,16.210131672767897
3024275,1.1083819334571232
3024276,136.04598892740003
3024277,188.66010648616958
3024278,0.5768204274635322
3024279,3.897148882228879
3024280,123.07284661141105
3024281,47.71836750153386
3024282,949.8530319543097
3024283,11.093581681720107
3024284,2.7328320808936155
3024285,2.9981929548960546
3024286,0.24490368540392865
3024287,0.7100872248348091
3024288,1393.0640751981605
3024289,0.18428684682532098
3024290,164.50398446279863
3024291,3.4277120883274783
3024292,797.0304741118678
3024293,246.6582363617298
3024294,172.3011752218524
3024295,122.11203071672179
3024296,20.384987753888748
3024297,2107.1570753140513
3024298,3.1539157566318474
3024299,0.2649537723264805
3024300,8.763288196382906
3024301,10.02097238710833
3024302,0.23362767262242842
3024303,161.0636226105608
3024304,0.0
3024305,56.236074217755366
3024306,2.03595610305467
3024307,15.616513981897295
3024308,0.6121576370235671
3024309,53.809358522305594
3024310,128.0769944439576
3024311,0.5124148838311813
3024312,1.8425712848017461
3024313,58.98305967643862
3024314,32.789817760105215
3024315,851.9546664104638
3024316,24.603983856097976
3024317,0.5771823637580362
3024318,4.945815689015355
3024319,0.30859800655599373
3024320,2.7919904956516235
3024321,2867.850104823345
3024322,0.26043309524900266
3024323,324.5720217101683
3024324,3.9836797445857535
3024325,1120.9756135823395
3024326,693.5168232232428
3024327,469.25629544471985
3024328,198.44870705264609
3024329,97.16597050645025
3024330,4415.603691587781
3024331,9.998245307228276
3024332,0.8947362711587992
3024333,17.3860523657679
3024334,20.314230609221383
3024335,0.25831219399215055
3024336,291.26991136638424
3024337,0.46575323776671396
3024338,59.71478015158484
3024339,8.598695368676042
3024340,19.007354716721128
3024341,2.3702035788778626
3024342,259.54810783971305
3024343,282.7878979141548
3024344,1.2942102221026537
3024345,6.029603485089728
3024346,341.5071415492642
3024347,52.05571811753188
3024348,2101.1273858571194
3024349,29.936819561668905
3024350,9.394297845339388
3024351,2.1545633747044475
3024352,0.37326335841555597
3024353,3.9126687893320273
3024354,2053.1393573724654
3024355,0.25014256653375333
3024356,532.6087887674521
3024357,5.502762208833913
3024358,600.282357563142
3024359,561.3250241362591
3024360,201.56097954269038
3024361,175.09242516185262
3024362,43.701849943030524
3024363,2913.7041699947154
3024364,8.287136300310182
3024365,0.5969324176965674
3024366,11.43107417674183
3024367,14.735799585706438
3024368,0.2591067421483285
3024369,180.64982878451727
3024370,4.57429762156398
3024371,4.754411091186449
3024372,5.949954660428118
3024373,39.64762836310794
3024374,1.140577419099745
3024375,86.72356914536606
3024376,167.55928342378493
3024377,2.314244150136202
3024378,5.418329549752945
3024379,168.36353233271865
3024380,52.098938267571086
3024381,2815.8832482056755
3024382,42.39298932498158
3024383,8.455447863504903
3024384,4.269886906613775
3024385,0.2885809404515847
3024386,3.2999490451448494
3024387,2480.0130732442694
3024388,0.27461705729975405
3024389,174.6912393328471
3024390,4.713288349100198
3024391,893.7926809279245
3024392,321.51420978178146
3024393,317.5301562180472
3024394,55.81860898295735
3024395,36.043625988613904
3024396,3182.3126012565813
3024397,7.937027755316944
3024398,0.8558938362834874
3024399,9.88369649968348
3024400,9.4482491135306
3024401,0.27632259094893014
3024402,184.81116774990207
3024403,4.316080483825908
3024404,62.64521629491197
3024405,3.126986726218294
3024406,17.665696101073134
3024407,1.7907896355170112
3024408,137.8514594312132
3024409,173.73809902619888
3024410,0.9492094222404146
3024411,3.6661342068347915
3024412,82.3926185631301
3024413,24.501842753353873
3024414,587.5255683739485
3024415,12.653797292796307
3024416,3.4897631989856484
3024417,3.7623685011050707
3024418,0.2882120233110583
3024419,5.891601238734025
3024420,2504.4025963268227
3024421,0.2889064937226176
3024422,600.4168011072387
3024423,9.020466943863598
3024424,762.3351234889559
3024425,725.6068957373046
3024426,198.58887512295152
3024427,150.36074461583567
3024428,77.39641486191366
3024429,3309.541424184189
3024430,25.933910612619655
3024431,0.9077656674072516
3024432,15.058776658318394
3024433,22.208297618311565
3024434,0.3030896626205553
3024435,221.47228421342098
3024436,15.421038864515971
3024437,10.257652033316045
3024438,4.366682872030681
3024439,54.767777399641034
3024440,6.997387665834949
3024441,381.1861014128734
3024442,238.96101170897117
3024443,6.560991062903138
3024444,6.17900378199377
3024445,389.1882979173217
3024446,90.47797278753835
3024447,1868.5186817112249
3024448,28.15304611834452
3024449,29.378021654803256
3024450,4.9089213104724045
3024451,0.2472777414489866
3024452,3.1800612939513284
3024453,3506.1250040304567
3024454,0.23893560673544043
3024455,423.5790240143616
3024456,4.430074506279998
3024457,1184.4664202312495
3024458,639.2903040690315
3024459,563.6236749149305
3024460,83.89406960341226
3024461,59.2387088585569
3024462,5093.39106664976
3024463,8.40046385367728
3024464,0.41935050670323154
3024465,15.705498969087518
3024466,12.696822280695745
3024467,0.23521508735455704
3024468,304.99896563648105
3024469,1.0022073100194033
3024470,7.163759998332832
3024471,4.492628451730486
3024472,28.023170586033793
3024473,0.76152848928534
3024474,263.62536365254687
3024475,328.72329761689144
3024476,2.3556028111422345
3024477,4.198650422530155
3024478,255.78257553964772
3024479,54.193075002957315
3024480,1453.7120999621054
3024481,57.15508493190916
3024482,8.649515635685331
3024483,7.347846014772141
3024484,0.33253673851024385
3024485,3.001759232983141
3024486,3193.03255451938
3024487,0.26011849863959696
3024488,447.27777515447195
3024489,4.667810974103375
3024490,1164.3871894892175
3024491,586.7632795189281
3024492,331.4663523976695
3024493,307.1186772690346
3024494,68.48332619871393
3024495,4057.405082116075
3024496,12.618165946933946
3024497,0.4344948056689998
3024498,29.429032005303736
3024499,30.301861872286054
3024500,0.2701363576334867
3024501,311.5464244873487
3024502,2.2488250495860105
3024503,4.204216708456172
3024504,6.467569163998325
3024505,54.28801339360197
3024506,1.2039991839926398
3024507,108.65320905499
3024508,281.34758986169237
3024509,1.556247680441364
3024510,5.05615085736592
3024511,158.98558370479242
3024512,134.3313267958188
3024513,2077.7185476098825
3024514,2.219604668782826
3024515,4.070139991256028
3024516,3.134738175837379
3024517,0.2781534093559087
3024518,2.4326742876321603
3024519,1738.329531125584
3024520,0.20391688366633495
3024521,123.06823294166695
3024522,4.08477182289353
3024523,617.1319726259019
3024524,295.05867098386204
3024525,146.87473363684146
3024526,51.19351020719053
3024527,39.8364463266842
3024528,2385.388145391909
3024529,4.535310986649558
3024530,0.6755320988502913
3024531,23.932554563989793
3024532,15.947734264142174
3024533,0.2663378612370831
3024534,172.58764462206463
3024535,0.501906223716525
3024536,64.74425703655673
3024537,3.284878224305775
3024538,29.174161558304544
3024539,1.9630388442590818
3024540,98.73173888208143
3024541,152.83517406606347
3024542,0.7547541000870137
3024543,4.15257332462392
3024544,133.26076263859545
3024545,30.537827854851507
3024546,637.3834809565569
3024547,18.782209141431707
3024548,1.134090080260794
3024549,1.2881942911784874
3024550,0.2605685285588589
3024551,2.426544554612584
3024552,1325.8661647379113
3024553,0.26178257741434435
3024554,259.30670999173964
3024555,6.965046990310568
3024556,488.8408116141049
3024557,440.5462586380636
3024558,113.8678167182324
3024559,46.73803901231754
3024560,55.38601710521901
3024561,1901.7598421420748
3024562,18.03767749013067
3024563,0.3712314071173493
3024564,7.779913978147356
3024565,12.768176051331176
3024566,0.2651901493064529
3024567,122.07978842286433
3024568,9.892056317915348
3024569,1.120295315895755
3024570,5.657733811749178
3024571,40.22441914025021
3024572,2.9957467506871853
3024573,561.2948188997426
3024574,139.6194898064743
3024575,2.5248570699770925
3024576,3.680386189265242
3024577,325.2981734829716
3024578,28.43597016793004
3024579,1054.8284748730898
3024580,22.300149812757876
3024581,6.650887307311877
3024582,2.0807505108962165
3024583,0.33079803831331894
3024584,3.3650849294313794
3024585,3107.3218168442068
3024586,0.3136913818688778
3024587,706.6204347623499
3024588,12.893085842272534
3024589,995.4239051150706
3024590,1208.1215437628343
3024591,258.0022569582254
3024592,200.24962835801531
3024593,129.60224179505715
3024594,3643.3886777229604
3024595,28.465820300106905
3024596,0.7308290314727368
3024597,18.132083461015906
3024598,36.4111886785026
3024599,0.3155870722753755
3024600,239.95865903295254
3024601,8.738377042856875
3024602,27.423150827097043
3024603,6.72503845721711
3024604,65.71972784040818
3024605,8.506621321611867
3024606,355.14709954104615
3024607,264.0254694417731
3024608,16.771546278605047
3024609,8.018903964410745
3024610,471.76916781763254
3024611,102.36926566353617
3024612,2969.3602863542255
3024613,52.744742591351816
3024614,23.121460384712925
3024615,2.199517934661276
3024616,0.2707818592347314
3024617,2.3046066552775626
3024618,1554.6470471168604
3024619,0.2584926145765591
3024620,314.76487137284903
3024621,4.25316556878117
3024622,360.67748434033393
3024623,476.92705549498794
3024624,120.72505590445137
3024625,86.1808630568299
3024626,57.86345162658487
3024627,1539.667179756465
3024628,12.212903649974713
3024629,0.6383228674847998
3024630,10.201226812937138
3024631,13.020982151177662
3024632,0.26482686704893527
3024633,74.69420891502332
3024634,0.34281525085935005
3024635,11.776085340465253
3024636,2.484279146627032
3024637,124.80763892256061
3024638,4.867492507717846
3024639,147.65510555938678
3024640,99.39479757447583
3024641,3.1235334152286853
3024642,3.9252240632382938
3024643,138.66564621514195
3024644,27.286977750612465
3024645,1159.4793830086867
3024646,0.7668204066006994
3024647,3.497060613634182
3024648,2.3675130676488982
3024649,0.24726703417591575
3024650,0.3967558183373737
3024651,820.4658744193385
3024652,0.0
3024653,205.63383083006084
3024654,3.334507955176673
3024655,293.05858045492573
3024656,220.9824602833282
3024657,79.19871824993169
3024658,28.80449159470366
3024659,21.78089054230175
3024660,1248.4855767798438
3024661,3.7279371409960724
3024662,0.4418240760055175
3024663,7.088669406272869
3024664,5.774019106060807
3024665,0.23935597116902635
3024666,70.55105260939659
3024667,0.32049900364469475
3024668,2.8024543585895563
3024669,1.1867525442710622
3024670,11.013097704845796
3024671,0.26081173935272195
3024672,174.03747940298055
3024673,114.73660220667182
3024674,1.366999786122764
3024675,0.8850523727805151
3024676,111.04925331395829
3024677,15.984216635851542
3024678,387.1617207013093
3024679,0.43515693434661185
3024680,1.1515804273917514
3024681,4.235344696276708
3024682,0.3131725360461799
3024683,2.7320343186482705
3024684,2799.1819457012352
3024685,0.26875441993734905
3024686,608.1413766852414
3024687,11.414685247503966
3024688,791.2993732292464
3024689,875.6182447324957
3024690,261.0827258581415
3024691,206.67413246652356
3024692,82.38010861521704
3024693,3524.4402307355554
3024694,23.69651089866124
3024695,1.5589324801945392
3024696,15.04822300669295
3024697,25.110000875865477
3024698,0.2678805922702515
3024699,217.35613933215168
3024700,4.132452155314461
3024701,25.94187857073275
3024702,6.217521011088548
3024703,76.65451605450282
3024704,2.523785405311773
3024705,248.23470069838058
3024706,228.4208768259737
3024707,7.675580579634184
3024708,6.966500796810526
3024709,361.54133958655996
3024710,66.88355581112975
3024711,2187.7944362082417
3024712,0.8882261876555126
3024713,12.712899839758542
3024714,4.2901439230986735
3024715,0.2680875680325656
3024716,3.1420640995691826
3024717,3214.237654578646
3024718,0.25746391700706545
3024719,638.7308749911779
3024720,9.517573603133197
3024721,1099.0318853141675
3024722,902.1625035240738
3024723,357.8053625223317
3024724,269.84595708696037
3024725,68.62392285629262
3024726,4855.846704995446
3024727,12.614660752508694
3024728,0.559618180255655
3024729,23.11647466989156
3024730,13.86833936601189
3024731,0.5010980288763873
3024732,281.4395479616272
3024733,0.0
3024734,5.191722461878125
3024735,3.391913897906159
3024736,26.902764305868267
3024737,0.811045387886169
3024738,207.5802938164998
3024739,323.1848708681498
3024740,3.1843730903773615
3024741,3.3203136535542557
3024742,207.52103704494345
3024743,75.49675398997773
3024744,2599.5380712195993
3024745,1.3203656441572438
3024746,3.722426524257842
3024747,4.805188329735244
3024748,0.31273353079477934
3024749,2.2129071128904423
3024750,3154.0780350723026
3024751,0.2584704683864185
3024752,718.4925592453409
3024753,8.64280291745293
3024754,1000.884442310614
3024755,722.1902311282068
3024756,292.1696805134535
3024757,246.16308248506718
3024758,57.0019075794329
3024759,4161.534895443981
3024760,14.867306733832182
3024761,0.7939275779482882
3024762,23.2477613568751
3024763,17.12360636256847
3024764,0.2659155415055899
3024765,258.6324092992018
3024766,0.0
3024767,7.278098875812997
3024768,3.5742408025719907
3024769,48.43599191966313
3024770,0.9895931345965119
3024771,127.17361871494361
3024772,247.96689471758648
3024773,2.9923424039454187
3024774,3.5063962434107694
3024775,190.0544178858947
3024776,64.70158328168998
3024777,2113.095248576182
3024778,1.2688783453962733
3024779,4.526103204325511
3024780,8.379185489120953
3024781,0.5692617550359276
3024782,12.437712454695953
3024783,7396.684044773886
3024784,0.298939834838111
3024785,1068.9985322520088
3024786,28.47759734581421
3024787,1711.8941239591081
3024788,1870.712753709857
3024789,317.65824051685297
3024790,400.6214794266698
3024791,273.08797376064115
3024792,7395.54228593178
3024793,66.17212316353897
3024794,1.8116193051358311
3024795,40.24510873468768
3024796,49.749492890745316
3024797,0.5118777620735464
3024798,468.26954123228114
3024799,30.600824400146635
3024800,41.868443716747414
3024801,22.495101471494124
3024802,140.68743121211236
3024803,19.99380673730444
3024804,642.7945349318761
3024805,488.92460043025403
3024806,15.619804584049803
3024807,23.097571073717045
3024808,1021.5332760911731
3024809,235.3863667609757
3024810,6996.705427691864
3024811,0.8792957298831128
3024812,73.0547214930257
3024813,2.0641370221163644
3024814,0.26788779960364245
3024815,0.5553976595997716
3024816,1778.3729728532312
3024817,0.1966364543872261
3024818,171.45004551257588
3024819,3.191418187532702
3024820,640.600816445955
3024821,287.16461391122857
3024822,118.8461150822885
3024823,106.53867583440262
3024824,44.18956659981649
3024825,2278.622015025908
3024826,3.371705239219743
3024827,0.35883089427839626
3024828,9.911062986258795
3024829,6.5130758886650675
3024830,0.2631059727758757
3024831,148.8557504624363
3024832,0.4880235334298012
3024833,63.453084371850224
3024834,1.591035838538804
3024835,17.033374875676394
3024836,0.42737308439356997
3024837,66.17031793244824
3024838,102.84685435134259
3024839,1.0298959242978554
3024840,3.149002101592311
3024841,95.14526173144294
3024842,20.181822133178873
3024843,1031.1033761023434
3024844,3.536415711179936
3024845,2.503527981788091
3024846,5.511721521800845
3024847,0.289957310416802
3024848,1.2845215003486459
3024849,3139.752330702209
3024850,0.2691500202090476
3024851,573.4027146121015
3024852,7.10069661155557
3024853,1127.425982628019
3024854,642.515455083685
3024855,232.3592721012611
3024856,323.9407046962991
3024857,82.70077801186278
3024858,4320.625323506298
3024859,10.268350005391632
3024860,0.3582377450631441
3024861,16.31256805956381
3024862,16.184250241179917
3024863,0.27813122430544157
3024864,277.2930954948519
3024865,0.5605251172967949
3024866,3.6680317909086186
3024867,7.823352459530927
3024868,16.21406978275083
3024869,0.8266185330322564
3024870,312.9234192487262
3024871,250.03778369830007
3024872,2.677220478965625
3024873,4.678987989675947
3024874,115.52561420361938
3024875,56.201440478127076
3024876,2128.804592702367
3024877,1.2200917391289599
3024878,3.738931386012256
3024879,1.0871452639686545
3024880,0.19252903825375833
3024881,0.4672320344509776
3024882,994.1597612016227
3024883,0.18355505435117053
3024884,103.53401851501906
3024885,2.6775970050195133
3024886,514.767986422152
3024887,153.64687800419054
3024888,80.10517808761033
3024889,185.20014777126647
3024890,14.225650187366336
3024891,1858.158658078271
3024892,1.071259204092538
3024893,0.2679158571290242
3024894,5.218525534943586
3024895,2.975726027392235
3024896,0.19265933082938225
3024897,85.99805512314722
3024898,0.29302663463448775
3024899,41.48813186945319
3024900,0.6010434316093483
3024901,10.980539565383983
3024902,0.2561232701697592
3024903,66.65828975013088
3024904,81.47531695857111
3024905,0.4444389564104952
3024906,0.9542064343871917
3024907,47.400291018516185
3024908,8.789773374343607
3024909,348.91368679402393
3024910,15.77781347695446
3024911,0.9748779926163194
3024912,5.829351637307077
3024913,0.25766274447378884
3024914,1.4680445302423109
3024915,2205.7755193678518
3024916,0.19554189955730275
3024917,249.06738276677865
3024918,6.0742085551310785
3024919,986.2499136694207
3024920,405.40808045056525
3024921,187.76639960729898
3024922,160.15239871146073
3024923,41.16292271363602
3024924,3000.711029833603
3024925,2.1421857199794228
3024926,0.37796253481148356
3024927,22.01262855268116
3024928,13.433177684047825
3024929,0.2659426207174422
3024930,212.54201840436036
3024931,0.0
3024932,62.18622209577025
3024933,8.683320095404701
3024934,21.937620920816837
3024935,0.7521775528025447
3024936,224.89684148901102
3024937,212.22844777753824
3024938,1.3760704915528037
3024939,2.5520889509498885
3024940,196.413827255583
3024941,31.97840088643106
3024942,2077.2597077365367
3024943,26.454491907257125
3024944,0.6609569222991323
3024945,2.433952769667252
3024946,0.3102012054754855
3024947,1.3518800005463856
3024948,2359.2645319154844
3024949,0.297901992551308
3024950,653.3926368976262
3024951,7.283199158168177
3024952,905.1204609567175
3024953,577.4379801011992
3024954,223.57454134157115
3024955,116.97855952522977
3024956,54.55117218215728
3024957,3868.406236940069
3024958,5.66667763193106
3024959,1.9384956189836036
3024960,20.860021990861366
3024961,37.060963982244076
3024962,0.3118738493469292
3024963,213.6514331406743
3024964,1.1717142854744913
3024965,5.048388790926265
3024966,2.5204473467979995
3024967,16.48616634978536
3024968,1.6152195660907402
3024969,163.9750630629782
3024970,256.87441619818026
3024971,2.7487035645966413
3024972,4.378950043597071
3024973,127.69347229659436
3024974,30.661904968642016
3024975,1004.9516352111402
3024976,2.436147454997713
3024977,1.609482596539785
3024978,2.140190694196612
3024979,0.24726703417591575
3024980,0.366556109446979
3024981,1278.5824439357866
3024982,0.18412027012828958
3024983,111.95964705963928
3024984,1.6668657487257863
3024985,427.99525731713254
3024986,153.6853615288603
3024987,94.49316857440385
3024988,144.42964223200562
3024989,29.77761260364124
3024990,1827.2489142719674
3024991,3.418701334340219
3024992,0.2865074626954074
3024993,6.582989969067011
3024994,4.217391732582538
3024995,0.24599668517011813
3024996,87.51103102229068
3024997,0.2905052567855791
3024998,40.960011066029814
3024999,1.2011315630228574
3025000,14.274757061142463
3025001,0.39636102346395774
3025002,184.16342842749216
3025003,80.17614242297451
3025004,0.5264781465074426
3025005,1.366723498448751
3025006,40.69281067567584
3025007,13.860099355957946
3025008,573.3351827832312
3025009,2.9906430488374465
3025010,0.577973967844704
3025011,2.804309086990025
3025012,0.2765607645082939
3025013,0.8099094004219325
3025014,3212.1690115444376
3025015,0.2685550080368949
3025016,607.8978554182079
3025017,5.778448029735062
3025018,901.8333508509078
3025019,661.7880319918232
3025020,219.80653774365123
3025021,161.97490175224365
3025022,61.594078418642326
3025023,3999.750286277659
3025024,7.008484318304266
3025025,0.3383137887179644
3025026,16.656772524961436
3025027,9.125919124655464
3025028,0.28121299083463963
3025029,229.36463237838615
3025030,0.3269721718125003
3025031,21.23074255406792
3025032,2.2268570099582217
3025033,36.90980348126871
3025034,0.7805622840807769
3025035,221.54326725485168
3025036,230.99874650587233
3025037,2.1783713439813748
3025038,2.6570493616998623
3025039,137.85056344622043
3025040,47.841589055851585
3025041,2142.8067155034573
3025042,0.7772041511543808
3025043,0.8112947303595208
3025044,2.816277111083283
3025045,0.31775994466156104
3025046,6.116985606226516
3025047,2479.8510962743235
3025048,0.31623682587797364
3025049,513.8293366039946
3025050,6.052833804072221
3025051,895.4434512778905
3025052,817.0081930868212
3025053,152.44387027426842
3025054,116.86292800455493
3025055,113.33482167729862
3025056,3284.402608735831
3025057,47.672621737207066
3025058,0.994168546503648
3025059,19.162234662534473
3025060,24.692394174879112
3025061,0.3460530932163129
3025062,231.76895157544087
3025063,17.78321701823482
3025064,16.433695579150854
3025065,1.8378071316087108
3025066,79.59391945717529
3025067,7.694519336259164
3025068,214.34790097616374
3025069,272.7083764137624
3025070,8.442784544402615
3025071,10.59937516633536
3025072,231.01237219861227
3025073,70.83947196803
3025074,1989.138221570084
3025075,54.67868703212018
3025076,9.357063117449268
3025077,3.8346283514897586
3025078,0.276009111441799
3025079,5.367113290622811
3025080,1875.953202373257
3025081,0.2789375517076993
3025082,408.9575516752012
3025083,8.838132904260048
3025084,810.457165963405
3025085,714.7591303298196
3025086,130.51007243835403
3025087,71.19407111019724
3025088,88.33323414196987
3025089,3030.030633594321
3025090,18.42669151436279
3025091,0.6944681297065665
3025092,25.572384314381868
3025093,30.987381950974147
3025094,0.28117748152824135
3025095,278.0371724358969
3025096,16.819717075121055
3025097,11.161802890809392
3025098,6.32801672502337
3025099,62.40969295882573
3025100,7.645303286452693
3025101,127.27671845211592
3025102,299.7192043374922
3025103,6.269646840272745
3025104,8.01359826742069
3025105,104.93158256265563
3025106,68.52149871317877
3025107,1570.0918320361295
3025108,3.539129234751412
3025109,11.563700446888912
3025110,6.033215882759441
3025111,0.30906449904307204
3025112,3.8514359613930145
3025113,3140.4291383938157
3025114,0.2789905182111735
3025115,666.0581224762999
3025116,4.558302784665017
3025117,1388.3280408549847
3025118,648.9025525339183
3025119,199.30959231601483
3025120,366.9529529472992
3025121,62.124013075733814
3025122,4814.100537575012
3025123,28.608735932167683
3025124,0.9613795370246334
3025125,17.701956264040934
3025126,14.024688954682617
3025127,0.28232976234241436
3025128,354.87381407086326
3025129,3.3289714020072374
3025130,14.68121076092173
3025131,5.7583568273307195
3025132,37.400019159707455
3025133,3.5812587027459175
3025134,158.1817568188623
3025135,322.22936013017215
3025136,5.580109490509233
3025137,7.477405326237875
3025138,192.30744205070866
3025139,54.59895722671446
3025140,2543.9696100960396
3025141,9.403528869894068
3025142,10.82853541471625
3025143,2.4466025886753027
3025144,0.27473198090089057
3025145,4.543378501980729
3025146,2079.2571257616523
3025147,0.2694981463900433
3025148,329.51339437846855
3025149,5.0474594478639725
3025150,713.7159574129824
3025151,641.696765912573
3025152,170.40405673144542
3025153,119.02098808738882
3025154,66.63915117335134
3025155,2853.2026593660676
3025156,17.233557823053175
3025157,0.7957556734445155
3025158,13.515434852840336
3025159,8.750667560490816
3025160,0.27394071124731956
3025161,199.91765358204066
3025162,12.814356645064413
3025163,15.673226979788065
3025164,1.556835600796933
3025165,48.29891575788499
3025166,5.280342387372593
3025167,295.55655965882005
3025168,222.81397280864928
3025169,4.494972197273787
3025170,5.93249270699505
3025171,350.1788745129573
3025172,50.42331781271126
3025173,1813.983588621181
3025174,2.3967341090222467
3025175,20.68623874834355
3025176,2.2115332532481546
3025177,0.2961388539570352
3025178,2.6903202960456998
3025179,4961.204986713937
3025180,0.2809506054419953
3025181,457.93861570973036
3025182,5.576587278671342
3025183,2018.494918075896
3025184,644.0277719585513
3025185,296.20921561619775
3025186,190.92575746633838
3025187,63.82577647167351
3025188,5500.110197402578
3025189,7.21083890027359
3025190,1.2294530345694543
3025191,25.624352777266708
3025192,24.003320702346702
3025193,0.2859659128965117
3025194,393.6315668291334
3025195,0.36600383733527153
3025196,1.0467443206460532
3025197,6.552387930442911
3025198,29.20576586132063
3025199,1.4190145219344577
3025200,129.82337636221033
3025201,313.8560760241221
3025202,2.1491623152071235
3025203,8.266263276783429
3025204,161.5285416991412
3025205,59.17431467086324
3025206,1998.9998692687434
3025207,30.658255460505313
3025208,3.0623217889094496
3025209,5.245797180012244
3025210,0.2824562725464599
3025211,5.426568558787863
3025212,1947.2987695713734
3025213,0.2840835444049368
3025214,414.9818839197707
3025215,7.511949956801445
3025216,846.0958254710466
3025217,621.34043091953
3025218,186.97330538734
3025219,108.34751423436946
3025220,90.6477901831105
3025221,3110.822633876011
3025222,26.44810932388953
3025223,0.8827739520766709
3025224,19.55250873473205
3025225,27.029910262705023
3025226,0.2962709454887439
3025227,222.10577621454826
3025228,13.640845508785373
3025229,12.192440820404293
3025230,5.186919224124294
3025231,48.407123212272936
3025232,7.85881469412457
3025233,166.24751949538478
3025234,260.2174866287286
3025235,11.536990531691297
3025236,6.701572572216542
3025237,170.4053063468342
3025238,51.24959829623725
3025239,1634.3355825302995
3025240,0.5674607427822349
3025241,5.359025436009984
3025242,2.672424751705354
3025243,0.27503071406650537
3025244,4.903655148474572
3025245,2195.9426363379944
3025246,0.27186245668172715
3025247,445.52415696316166
3025248,6.3863098661147655
3025249,719.0512224015775
3025250,732.7239711397083
3025251,158.75491674541556
3025252,110.51041550788133
3025253,87.7233910751863
3025254,2774.4922459055674
3025255,24.2239979607002
3025256,0.6337968805509908
3025257,15.838189918555717
3025258,20.025119212831363
3025259,0.278122183758932
3025260,188.3021222965568
3025261,10.479936569858864
3025262,25.990181565217714
3025263,3.4130301530779557
3025264,43.204366168871736
3025265,6.659442556735335
3025266,196.3182522670465
3025267,210.17910644912732
3025268,6.902815241670787
3025269,6.668673369252018
3025270,203.46617805358977
3025271,53.07690251205566
3025272,1996.0102576338195
3025273,0.6859999350705039
3025274,12.598593432559817
3025275,3.6498625598597174
3025276,0.27088362746377675
3025277,3.9307896754798044
3025278,4604.455600739369
3025279,0.1963516758070174
3025280,534.1736223526359
3025281,10.296094550403419
3025282,1138.693319538497
3025283,668.2144952308478
3025284,292.87510724494285
3025285,202.92283259963932
3025286,56.37398623693899
3025287,4595.269700507261
3025288,6.756337927636665
3025289,0.29410880856790794
3025290,14.53019328413284
3025291,13.69714046058246
3025292,0.2636362559701298
3025293,239.33153897603927
3025294,0.3184851156971086
3025295,9.924941070534315
3025296,1.2088359215950915
3025297,40.82287975392288
3025298,1.4328597080878698
3025299,199.77623408554783
3025300,272.19136505066115
3025301,2.205222243844569
3025302,1.3627176766275095
3025303,224.93688871899766
3025304,123.64597676018019
3025305,1885.0478744912298
3025306,1.5466559010144163
3025307,0.5243040047221188
3025308,10.958942164428162
3025309,0.3078579467832298
3025310,11.95168323616805
3025311,7960.138006131741
3025312,0.298939834838111
3025313,1346.724162493274
3025314,23.21007354740346
3025315,2052.8465574850657
3025316,2080.6510588422047
3025317,478.6746185595842
3025318,503.054180419952
3025319,343.7583967213134
3025320,8499.849710619546
3025321,75.95920999515812
3025322,2.5724288447678823
3025323,107.73517229164085
3025324,104.79237905821218
3025325,0.3562871320493155
3025326,569.8100211729522
3025327,33.50182876245406
3025328,16.232516116764643
3025329,48.10661391076702
3025330,234.94257010735575
3025331,17.40623923773962
3025332,705.0527429390557
3025333,509.88394000713987
3025334,30.02305221377171
3025335,33.36947002732857
3025336,919.3981838891893
3025337,293.28876188407537
3025338,7501.72472398292
3025339,269.0557890149762
3025340,80.05089881998917
3025341,10.318132182639276
3025342,0.29265123316989794
3025343,12.534993591803106
3025344,7335.942860555887
3025345,0.28601535269951844
3025346,1042.8416293246323
3025347,20.55238510938862
3025348,2210.669748590836
3025349,1871.3309336890034
3025350,610.7283500227766
3025351,308.4574190101256
3025352,229.24933558483437
3025353,9402.501074303424
3025354,92.89112415427107
3025355,1.204761882087869
3025356,51.49985971738004
3025357,76.22036216329117
3025358,0.5097435904305097
3025359,580.80814847469
3025360,21.129244305860585
3025361,25.777608033443045
3025362,15.521129696449517
3025363,136.25749597768845
3025364,15.801725090006613
3025365,877.0530711348822
3025366,648.0905902423966
3025367,17.379289193170738
3025368,23.81657369180184
3025369,1054.3735827176793
3025370,209.97317067860638
3025371,5054.015781991661
3025372,413.46435506832165
3025373,77.00389223552554
3025374,10.697659889091161
3025375,0.27586786702116883
3025376,16.162817220967305
3025377,4838.586170864156
3025378,0.27153257687720617
3025379,793.1111795857954
3025380,11.41904003882619
3025381,1777.562529254593
3025382,1258.213561868517
3025383,664.8122313738595
3025384,112.9356971690432
3025385,194.68590556711453
3025386,7999.007408060915
3025387,44.81906102866625
3025388,1.4984255688951267
3025389,28.084115271674197
3025390,25.542926632944575
3025391,0.3551079154167405
3025392,525.5883994744495
3025393,29.026812528861804
3025394,17.985237649513493
3025395,10.914394114510069
3025396,80.57750126582863
3025397,7.952803146540434
3025398,840.0651219863746
3025399,641.7046562481618
3025400,17.82513975129148
3025401,35.51465386877958
3025402,657.0968015601386
3025403,106.81515172250114
3025404,2125.5729557714553
3025405,262.3864634653934
3025406,35.920981716344144
3025407,10.681277753264464
3025408,0.29677408898057045
3025409,17.572371606113357
3025410,7135.474708560556
3025411,0.2901170436533028
3025412,1041.2324592456157
3025413,16.354691454830256
3025414,2048.167789220023
3025415,1852.0496606741613
3025416,556.9144883942413
3025417,311.32276964670206
3025418,209.66942796234667
3025419,9225.28752231717
3025420,40.60435478973816
3025421,1.169331665034206
3025422,54.45506889767033
3025423,64.0107752648212
3025424,0.6317500420952447
3025425,555.5909496355965
3025426,22.74784598231648
3025427,23.379608969939696
3025428,22.8572923212228
3025429,140.2349433479403
3025430,11.22572294010369
3025431,731.4768313962627
3025432,644.8876329638304
3025433,18.211743611136477
3025434,22.501770481572713
3025435,989.3478099408494
3025436,208.36025353361094
3025437,4655.5784487314795
3025438,384.57616616614064
3025439,59.03577547962392
3025440,9.636848220091522
3025441,0.2543974260333441
3025442,16.049793938425445
3025443,3732.5139923935953
3025444,0.25058903319510617
3025445,679.591152602106
3025446,11.259516266607928
3025447,1689.3807914414633
3025448,1054.823799959919
3025449,501.05482019827735
3025450,83.42607272556116
3025451,127.61708460003965
3025452,6688.233618799184
3025453,30.16452881083983
3025454,0.3685703011439721
3025455,24.429114443084963
3025456,30.35923769991921
3025457,0.24265359367939554
3025458,482.6366058514967
3025459,21.42072709341372
3025460,6.216687591702792
3025461,7.321351978006055
3025462,79.23094789313383
3025463,4.313133871102506
3025464,686.0615672835331
3025465,608.8575822439471
3025466,12.82411192775887
3025467,18.70426205256966
3025468,645.0405160401895
3025469,72.04737448448715
3025470,1502.6218734103452
3025471,244.9608792389206
3025472,16.85518675498397
3025473,9.147408756467495
3025474,0.3065342758093723
3025475,11.52596123940722
3025476,5921.131448691656
3025477,0.297625189803158
3025478,1093.8325193334945
3025479,20.710818119793927
3025480,1717.2146839148186
3025481,1995.3224101190738
3025482,392.34171372018744
3025483,422.03879122921796
3025484,274.26455584101956
3025485,7361.995407842761
3025486,71.01276440727871
3025487,1.0138872167128379
3025488,43.600934203186085
3025489,46.66429968495641
3025490,0.4005444134490862
3025491,484.6850607605069
3025492,19.319879695512462
3025493,19.880966427969174
3025494,11.920837846077275
3025495,153.31103837305383
3025496,14.47536786649216
3025497,697.6774886395067
3025498,480.2097121954116
3025499,14.764037275896518
3025500,26.02339373670357
3025501,884.2782536599917
3025502,204.64187421712398
3025503,6695.99223039216
3025504,216.3068316988316
3025505,72.39198518705751
3025506,5.073590681131137
3025507,0.29032273627055666
3025508,5.559035807862032
3025509,1737.8453414645353
3025510,0.28436006144247533
3025511,338.3284619513762
3025512,17.05761521834591
3025513,769.9483312611355
3025514,507.56583116361793
3025515,207.0295511969797
3025516,75.32308221241624
3025517,63.132214307408674
3025518,2743.799002659063
3025519,20.323722257214108
3025520,0.9276494864027405
3025521,22.16096779705902
3025522,19.94886817068761
3025523,0.2943353387607131
3025524,194.08706333767424
3025525,10.67114577564396
3025526,5.4630971594381235
3025527,7.757643345739167
3025528,42.46490331599289
3025529,6.040339195687045
3025530,222.60402907588775
3025531,241.60577393665338
3025532,2.307081312192968
3025533,5.9475814463880505
3025534,212.12762311457655
3025535,49.316400725477315
3025536,1290.8352077729025
3025537,0.8064631670359632
3025538,8.074013594270887
3025539,7.415046541989502
3025540,0.27865760606694023
3025541,11.222343249210695
3025542,3792.277548640895
3025543,0.2730214041904358
3025544,517.521994101161
3025545,24.94993407533884
3025546,1390.9022607865722
3025547,1011.6135762007849
3025548,409.53548804044163
3025549,83.43947249794168
3025550,107.61726578392872
3025551,5986.319157036755
3025552,65.10806769054628
3025553,1.1781841154022912
3025554,42.06350104245296
3025555,29.912473872082277
3025556,0.2768777047531369
3025557,368.8790827444363
3025558,17.46157724305156
3025559,5.17057696675657
3025560,2.6437429007680313
3025561,95.43136317504103
3025562,7.326777754448226
3025563,452.165136668262
3025564,435.0492265836828
3025565,8.574403990234417
3025566,18.600860330929983
3025567,358.9726863859255
3025568,72.37277594317695
3025569,1755.9194103118837
3025570,264.0775910989096
3025571,13.248932754223224
3025572,5.774823143128077
3025573,0.2903857797321134
3025574,4.1822670307456615
3025575,4007.6307307044513
3025576,0.283641951037186
3025577,764.0249086803784
3025578,8.215389459882381
3025579,1267.633550268921
3025580,1357.4200569419977
3025581,219.67608477811356
3025582,300.9935926097449
3025583,191.00698880353556
3025584,4661.420478118453
3025585,42.97470622874332
3025586,1.24226517556921
3025587,24.953961012227005
3025588,42.94921468834651
3025589,0.3443460615107038
3025590,289.6973609422446
3025591,2.1449377150362037
3025592,35.72637846760433
3025593,3.568700972171219
3025594,85.55866348506449
3025595,7.884239120560212
3025596,529.5409034057413
3025597,257.3700622741254
3025598,15.776846559715409
3025599,9.438573408051155
3025600,652.3482934099902
3025601,100.69760872632646
3025602,4389.977621709067
3025603,2.0412009347625966
3025604,45.283742697729856
3025605,5.604922097792146
3025606,0.2864774155147502
3025607,7.038719397791045
3025608,3930.7703421683314
3025609,0.2776275108261689
3025610,700.2978949079852
3025611,8.549611645893666
3025612,1319.4228657294516
3025613,1049.5435868745135
3025614,313.1180627394195
3025615,167.9934067700873
3025616,210.16029619548448
3025617,4840.997726851879
3025618,30.582704033404436
3025619,1.517967564892368
3025620,49.47481141215086
3025621,47.73712723378561
3025622,0.2867674119774763
3025623,299.37826611229156
3025624,5.838572819951583
3025625,41.003104521090336
3025626,5.521113251214465
3025627,152.25922581008388
3025628,7.443856486515701
3025629,386.9958163389589
3025630,297.5614695808615
3025631,10.427985811844406
3025632,18.25371971247277
3025633,379.5262236043051
3025634,112.96523336162797
3025635,3695.598142292427
3025636,3.477725467295426
3025637,6.688562127261252
3025638,5.695125230843226
3025639,0.27039594039631754
3025640,2.8298594276589353
3025641,1852.4755039052425
3025642,0.26440990228958294
3025643,430.9515028810393
3025644,4.955663853596014
3025645,803.6090148364967
3025646,467.94418461503153
3025647,203.44065859757262
3025648,81.97072784853235
3025649,78.48089649462652
3025650,2676.0953672906685
3025651,13.116388163273768
3025652,0.7968600872896443
3025653,16.03224144910614
3025654,20.604586226601626
3025655,0.2686895389534116
3025656,183.70919033456968
3025657,4.244086043724567
3025658,8.435372747382171
3025659,4.501543079824763
3025660,43.6701326449712
3025661,2.5204114987531985
3025662,204.7938152900027
3025663,202.77045578287593
3025664,3.2544573855712677
3025665,4.507380277306615
3025666,152.06355615503765
3025667,48.76808754112747
3025668,1507.2217355909202
3025669,0.9385257470946704
3025670,3.312492651471529
3025671,4.661849723393384
3025672,0.1993003728065479
3025673,2.237650284906793
3025674,3195.6110479020635
3025675,0.18708675964348892
3025676,270.13957511513183
3025677,2.513881345780934
3025678,1090.536309237868
3025679,247.39452548741087
3025680,218.04313357970986
3025681,63.78349081288184
3025682,25.0297601695612
3025683,3267.376402078044
3025684,5.908730101050916
3025685,0.5118278434203452
3025686,16.195033362133596
3025687,8.552310145337232
3025688,0.18937403586865734
3025689,212.2751292670343
3025690,0.0
3025691,55.396920559891086
3025692,2.570135754526227
3025693,16.72416194408667
3025694,0.4834105913112323
3025695,49.20631534656023
3025696,174.19284983209135
3025697,0.2896826371154376
3025698,1.5405722862667237
3025699,58.51326237482789
3025700,85.8286525808373
3025701,861.3228067150844
3025702,26.366771073439967
3025703,1.0225793893474906
3025704,4.936692300966533
3025705,0.26784117351735603
3025706,5.76666986473914
3025707,2942.207347336044
3025708,0.2674174796916263
3025709,486.065650222548
3025710,8.516871703812665
3025711,1073.2766513155655
3025712,849.2544788016786
3025713,313.1363036832649
3025714,145.35181011911055
3025715,116.99342988590398
3025716,4312.361743444513
3025717,30.287515496330993
3025718,0.7048829519395852
3025719,17.70753537013734
3025720,46.881630121087206
3025721,0.2736753981071852
3025722,279.57884667086705
3025723,17.388399796312036
3025724,11.344762677180794
3025725,15.022865701334911
3025726,53.83855384566127
3025727,5.030301785979346
3025728,404.4339995677291
3025729,330.99618048830615
3025730,7.764012559936239
3025731,10.202847777898018
3025732,462.5156994121471
3025733,87.05093064389285
3025734,1956.2295002363435
3025735,59.50827825233898
3025736,34.50583562241758
3025737,3.7085410458323578
3025738,0.3342288661010802
3025739,5.685419176039537
3025740,3748.459858900749
3025741,0.3274778479302169
3025742,685.6335145325751
3025743,15.191450912113314
3025744,1053.1950300234869
3025745,1266.3157566473308
3025746,183.90578903992676
3025747,270.28157420459996
3025748,188.9469431818983
3025749,3840.6640774204193
3025750,34.343115069804725
3025751,1.4257651144257983
3025752,26.05168388342468
3025753,33.5389953638197
3025754,0.6332844141221894
3025755,254.37821226517747
3025756,11.052875674433551
3025757,37.31932525567252
3025758,8.521327243911584
3025759,107.60326631221581
3025760,12.627908364070713
3025761,451.9167516963157
3025762,255.20360903005297
3025763,5.7792333025985085
3025764,12.834356347235207
3025765,638.0466230750895
3025766,119.23885693021138
3025767,4488.300893677263
3025768,0.6852532271659626
3025769,47.914593236353554
3025770,3.0262674849628084
3025771,0.5035804170230969
3025772,7.292964944407885
3025773,3198.7988261616406
3025774,0.29497222212548224
3025775,729.3696648060508
3025776,16.167195259034578
3025777,1002.9750184578314
3025778,1219.55274221015
3025779,246.88739160682923
3025780,257.8651205455425
3025781,136.95434771418076
3025782,3576.3778766751216
3025783,33.57596395513259
3025784,2.1041876281654357
3025785,32.335965144334956
3025786,39.95389733388901
3025787,0.32547134176810355
3025788,314.9228533042914
3025789,26.018367480863706
3025790,27.319027646623983
3025791,17.63789436720699
3025792,90.35585942537868
3025793,13.95349629721003
3025794,367.8710585185752
3025795,291.20914070399607
3025796,14.479175674691641
3025797,18.354777119219687
3025798,495.49215554907056
3025799,123.76845701932112
3025800,3762.966164323185
3025801,0.6355170242194796
3025802,32.06618784194474
3025803,9.027966670416635
3025804,0.330653312542354
3025805,6.785726545238734
3025806,3205.7372908846364
3025807,0.2838254606385979
3025808,492.4193396960569
3025809,12.490306640175895
3025810,1491.609698891936
3025811,772.2879436722098
3025812,524.8337348460959
3025813,206.11830039889207
3025814,76.38273109035129
3025815,6279.415265582915
3025816,7.9419151072075
3025817,1.0119313885285388
3025818,45.20128107655165
3025819,36.289352665771474
3025820,0.2918159570567394
3025821,417.0311302572687
3025822,7.265474964237532
3025823,5.278391215146517
3025824,8.83901213245713
3025825,36.39132435806693
3025826,3.1679893134186354
3025827,341.6860518384442
3025828,478.0757917796942
3025829,5.204869954662071
3025830,5.17949850552799
3025831,395.9036872123912
3025832,97.56199130236227
3025833,2303.9585045283843
3025834,118.0075014781127
3025835,11.244123751314977
3025836,2.6880578205601777
3025837,0.3613007967554432
3025838,2.694459662060995
3025839,2302.168563896922
3025840,0.35972735174214576
3025841,395.16513940176367
3025842,8.518576710138415
3025843,745.9885226947399
3025844,782.8348478456832
3025845,143.41709956425854
3025846,138.2746818802483
3025847,134.31727929577295
3025848,2745.353874135417
3025849,16.52241477973361
3025850,1.1046561435314586
3025851,20.56803905736179
3025852,26.252613300123713
3025853,0.36914204032640585
3025854,199.80474709343898
3025855,9.621618382891851
3025856,24.490551764755807
3025857,5.478698272327846
3025858,100.56845874937953
3025859,4.241216446367547
3025860,270.67237273924866
3025861,174.8889738535457
3025862,3.2783137831984464
3025863,7.791699927489242
3025864,319.4962137958892
3025865,59.827542118071875
3025866,4097.109070441838
3025867,57.99170521023688
3025868,21.70254158571102
3025869,2.329780559978773
3025870,0.2628938379152214
3025871,2.0863990420042886
3025872,1273.2849819030505
3025873,0.2031864805760389
3025874,91.31165140748399
3025875,4.167921046617142
3025876,706.7161484580441
3025877,356.9738891124452
3025878,239.4828983778522
3025879,39.12308553392418
3025880,34.65695297812514
3025881,2718.4282826276526
3025882,4.568464185325212
3025883,0.3342917535420933
3025884,9.974313052639097
3025885,9.821034804207994
3025886,0.24724831422567217
3025887,173.76831125357046
3025888,4.174990516792453
3025889,47.25199305010658
3025890,1.7848555423435002
3025891,13.62299778998371
3025892,1.028769807644506
3025893,183.1615149029026
3025894,172.34306916359625
3025895,1.4137574226935157
3025896,3.3314733651960244
3025897,132.05647094455793
3025898,23.653402732126754
3025899,271.67395328555483
3025900,5.0186122580995605
3025901,2.011552923499426
3025902,4.547557626043438
3025903,0.28470162388113157
3025904,3.878186214419313
3025905,4147.575576957301
3025906,0.2763745804570699
3025907,656.6165300493774
3025908,10.097042562902685
3025909,1759.1123242460678
3025910,712.4944307878566
3025911,479.1963075344439
3025912,188.91127308630465
3025913,74.61309230196625
3025914,6871.04774529032
3025915,18.973735135289154
3025916,0.4797733392799704
3025917,21.798381368679667
3025918,15.700029401008678
3025919,0.28163694866687267
3025920,476.7740148040119
3025921,6.076614814110747
3025922,1.603071820917715
3025923,6.184461913553099
3025924,31.730551801625886
3025925,1.2485419801109403
3025926,613.6662501890535
3025927,379.94311121420867
3025928,1.6676836662847818
3025929,9.982847737811872
3025930,395.3046601419476
3025931,93.33304298221184
3025932,1320.1839083051866
3025933,31.03567582162234
3025934,7.144864855661764
3025935,3.6930045716025814
3025936,0.2943078773009872
3025937,0.9716618960102237
3025938,1434.2930086680976
3025939,0.29293229759218525
3025940,174.15028270268397
3025941,6.2652590119857345
3025942,742.0976840847103
3025943,444.0028907048758
3025944,189.86751064462746
3025945,48.963940721644086
3025946,32.64305175449171
3025947,2703.018535058207
3025948,5.884559600629716
3025949,0.37967944486685457
3025950,9.683731531389578
3025951,16.643783436340897
3025952,0.30802603921624044
3025953,171.00522398798418
3025954,4.107351291350174
3025955,74.23037985941815
3025956,7.650193295487345
3025957,26.35490500592111
3025958,0.8292026643746466
3025959,131.88675540437237
3025960,171.47616341342763
3025961,0.9808614452154669
3025962,4.491197768077354
3025963,130.62161376039842
3025964,31.893468186517964
3025965,303.3602584815633
3025966,10.191055862504939
3025967,1.9578807305322434
3025968,3.089951402211584
3025969,0.21061291116916303
3025970,2.2679659226249416
3025971,1331.1102370657072
3025972,0.18655663932035266
3025973,110.16951687156998
3025974,4.4189618705227485
3025975,689.9308209652374
3025976,319.0243988072113
3025977,143.44054923525195
3025978,42.583088503168916
3025979,22.654581347879034
3025980,2703.7706480984793
3025981,5.724002246631711
3025982,0.31570851563523195
3025983,7.140598090374144
3025984,7.522653327965932
3025985,0.20496726354998718
3025986,135.22280659817457
3025987,0.7860213337881354
3025988,58.63268904750225
3025989,1.4581836713711525
3025990,20.548205677851122
3025991,0.591311747697737
3025992,120.50475970126381
3025993,185.67728834799397
3025994,0.4156045984157761
3025995,3.349005040410317
3025996,61.45393488963438
3025997,17.484380050345948
3025998,180.69320315031155
3025999,6.85450843782835
3026000,0.9273337747027273
3026001,2.2927628882001896
3026002,0.2735469257964881
3026003,2.762947185366956
3026004,1437.0589770765018
3026005,0.20783870648659988
3026006,161.8543439606555
3026007,5.342618496429893
3026008,928.9226004559671
3026009,450.1142915338348
3026010,226.40685952880088
3026011,25.536065871685484
3026012,33.69546083487696
3026013,2828.296272785798
3026014,3.6476465307575063
3026015,0.32315311221123305
3026016,7.826228610648677
3026017,17.86504151866557
3026018,0.28332414793188515
3026019,191.6714518399737
3026020,0.6377589308686336
3026021,77.11433996961851
3026022,2.133941665129609
3026023,13.555176036364967
3026024,1.211131835530924
3026025,148.9847327993587
3026026,264.2190749256902
3026027,0.7914033189842447
3026028,4.0262933712855
3026029,58.58675926736196
3026030,82.96080698207668
3026031,364.5052763624653
3026032,8.152574447203586
3026033,2.8839306730777294
3026034,2.483856319769029
3026035,0.6590002867345393
3026036,2.2340290442571105
3026037,1607.4063496330834
3026038,0.30498576951730677
3026039,140.58190721858975
3026040,2.570970600148599
3026041,828.8645706139569
3026042,405.0209234912574
3026043,244.4270335366555
3026044,87.87107095277891
3026045,54.74324695904131
3026046,2640.730915725661
3026047,4.857085946501284
3026048,0.8299494724516037
3026049,10.171317804710464
3026050,19.13992586169549
3026051,0.3179870291715786
3026052,223.39347577629016
3026053,5.735648506067537
3026054,80.53715366527766
3026055,3.09578164538926
3026056,19.871933950530167
3026057,0.9712675045652006
3026058,121.27480836350078
3026059,182.8341804997316
3026060,0.6147906426629353
3026061,3.762591631635935
3026062,111.1061890737989
3026063,45.68892445202814
3026064,652.7052361629597
3026065,11.051567182148633
3026066,2.9560769147474333
3026067,5.059412920242203
3026068,0.25448324983131887
3026069,0.7975861376615496
3026070,1408.6099838910025
3026071,0.18428684682532098
3026072,157.32577289316436
3026073,4.5642534001162245
3026074,785.7543973601404
3026075,275.3579974110711
3026076,158.48576235371053
3026077,116.12213365147714
3026078,29.94405380772558
3026079,2321.6103951441705
3026080,5.199556993467689
3026081,0.27492237285629245
3026082,13.856750215128026
3026083,13.272742451148844
3026084,0.24715976295196748
3026085,165.26293509298634
3026086,0.0
3026087,69.95050213910315
3026088,1.8609143842677875
3026089,32.597161103556545
3026090,1.347674972212403
3026091,55.92933184941172
3026092,141.1784596398702
3026093,0.5443023072928654
3026094,3.5783479852806774
3026095,69.34869730589416
3026096,35.81746389196413
3026097,614.4391909240927
3026098,22.125916171809042
3026099,1.3820844404233616
3026100,5.01609854277984
3026101,0.29770715595548497
3026102,2.100528519037555
3026103,2558.703843284312
3026104,0.26957980091962985
3026105,293.54579554494103
3026106,3.956236011569513
3026107,1035.8210092231777
3026108,945.6354857864452
3026109,434.27617682615875
3026110,152.37020122020718
3026111,74.09732269059693
3026112,3941.7696328827806
3026113,8.77127882087927
3026114,0.6615741430076962
3026115,18.558537002146988
3026116,20.16470494141721
3026117,0.26799493722236883
3026118,283.2988629316544
3026119,0.41744937480924454
3026120,69.60404928875388
3026121,7.0833609050443815
3026122,24.999210281960615
3026123,2.2827656836648313
3026124,229.23294216347307
3026125,253.33354094885948
3026126,1.2987388325223521
3026127,6.170507994648757
3026128,289.25401666769
3026129,51.86634162988085
3026130,1275.5890586640799
3026131,26.376510545713245
3026132,7.9159539423253324
3026133,2.3505648967332946
3026134,0.2917896873588242
3026135,3.600919240848844
3026136,1855.234151084744
3026137,0.25014256653375333
3026138,442.4704033017517
3026139,5.128753476938608
3026140,530.5322414863939
3026141,635.1464076891734
3026142,189.7493628982096
3026143,153.51000339382972
3026144,39.71195336228504
3026145,2593.1804403901124
3026146,7.745925127199989
3026147,0.5295668289620077
3026148,14.04677871059404
3026149,16.98189077476933
3026150,0.2598984444390522
3026151,171.30510892022954
3026152,5.292104784545356
3026153,2.7479429522431364
3026154,5.635098789280051
3026155,46.285590310568644
3026156,1.1908962246524704
3026157,75.91088534865614
3026158,153.93575141887726
3026159,2.400300221934896
3026160,4.5621087453038385
3026161,142.19296929258041
3026162,50.18185429370744
3026163,1643.9663002595494
3026164,33.51098068263475
3026165,7.451634410947232
3026166,4.4439444451926775
3026167,0.29318735974455984
3026168,3.1074502942090554
3026169,2251.341191592795
3026170,0.28386669308750534
3026171,139.8429267552574
3026172,3.979124497236838
3026173,784.6535582085718
3026174,342.656819940875
3026175,252.7099752254392
3026176,46.05296517224562
3026177,33.49030680296593
3026178,2858.4769979927482
3026179,8.274050234718269
3026180,0.819748518013572
3026181,9.94175143401751
3026182,10.318476921703537
3026183,0.29580634752678575
3026184,161.44780209512797
3026185,4.542608820270423
3026186,73.675653777031
3026187,2.806056849548668
3026188,19.936249328618516
3026189,1.5217541462040027
3026190,118.53844742694831
3026191,159.95822159210368
3026192,0.8048135984474549
3026193,4.050970526906645
3026194,75.11453408477281
3026195,21.252513780431613
3026196,384.5890998337492
3026197,12.316993353688353
3026198,2.7849269805098524
3026199,4.459062810432131
3026200,0.3048241699254295
3026201,5.614712278023118
3026202,2637.3750123483255
3026203,0.3019841709645097
3026204,618.9049480265656
3026205,8.321414253594927
3026206,825.3005678509212
3026207,766.1910402275223
3026208,203.68361744609425
3026209,144.99430574419483
3026210,98.87701693411161
3026211,3450.4181546743825
3026212,29.096783263668858
3026213,0.9209786300461282
3026214,18.699165456411023
3026215,24.620953076137617
3026216,0.3112905582420657
3026217,238.39645263155532
3026218,14.831775387336757
3026219,17.879248097781893
3026220,5.032554904716042
3026221,68.11441654392293
3026222,6.906524784006821
3026223,379.1023048226658
3026224,248.01496177744895
3026225,6.659243783310792
3026226,6.738814102017802
3026227,417.525673285329
3026228,109.71489781493591
3026229,3267.9281081580953
3026230,26.514181917168088
3026231,32.16098574339987
3026232,5.30497050293933
3026233,0.2633620197625336
3026234,4.172298041857948
3026235,3060.575710005583
3026236,0.24678237622611263
3026237,384.90764157148027
3026238,4.958765788789263
3026239,1025.965970875054
3026240,802.4759190157164
3026241,486.34212343888595
3026242,63.62062303439623
3026243,54.938037447785746
3026244,4763.662368954475
3026245,8.99625348897495
3026246,0.43099632348231415
3026247,15.352550166920384
3026248,11.86416027526753
3026249,0.24246754715162439
3026250,295.70554952920577
3026251,0.9979976000195412
3026252,4.50333622618918
3026253,4.42408217928968
3026254,34.08589756972703
3026255,0.7380104977103374
3026256,244.41641764793562
3026257,313.8760556090012
3026258,2.4272508974757367
3026259,4.115378820396172
3026260,231.59150276761403
3026261,51.390098012094505
3026262,875.905686346594
3026263,56.85118806836462
3026264,9.146071440682686
3026265,7.34590693578741
3026266,0.3159243286895228
3026267,2.7365902137312963
3026268,2631.5998548488424
3026269,0.26696502059405885
3026270,366.05413757712125
3026271,4.227165468303486
3026272,1007.5500938503986
3026273,650.8153171403229
3026274,276.8178667342379
3026275,227.92650874375562
3026276,67.29085176112795
3026277,3548.1420956344527
3026278,10.71583307812159
3026279,0.43393237328167505
3026280,30.55422725742208
3026281,28.046764499625404
3026282,0.26651687764732135
3026283,272.4863596079405
3026284,2.0783191472592315
3026285,2.1073200761477278
3026286,5.681354720993407
3026287,77.91080154399259
3026288,0.9669323971219888
3026289,97.08813805365712
3026290,242.06468967029681
3026291,1.7594691006400063
3026292,4.260032223719791
3026293,141.75118431646465
3026294,116.85547561434569
3026295,1267.0572313530913
3026296,2.684226955823296
3026297,3.432852891439044
3026298,3.245905194810393
3026299,0.2853675022037754
3026300,1.546272139252773
3026301,1538.1950358560473
3026302,0.2628015438340835
3026303,120.98816741548244
3026304,4.709366206670227
3026305,626.0103848017345
3026306,349.25173408400633
3026307,144.9688972532982
3026308,45.515231341242654
3026309,39.36201991506719
3026310,2403.6661374964165
3026311,4.834828651189671
3026312,0.524265136577267
3026313,20.805791519252335
3026314,15.641033124637602
3026315,0.2663378612370831
3026316,170.16792817617815
3026317,0.5809061596811942
3026318,78.44283335272176
3026319,2.9484764639580554
3026320,38.52457636210723
3026321,1.5430675259512334
3026322,109.03374213489815
3026323,163.96933362804938
3026324,0.9212241306666753
3026325,4.395617678974198
3026326,128.34904186022146
3026327,30.193919186171453
3026328,413.27805596860935
3026329,20.38916903522991
3026330,0.9718581814325558
3026331,1.4215738800559063
3026332,0.27026863433897147
3026333,1.6789005845523879
3026334,1307.744869115143
3026335,0.275491009379662
3026336,267.1949756044838
3026337,6.368650528667071
3026338,517.475978836958
3026339,454.2169364473519
3026340,121.11304603298639
3026341,43.77304207843357
3026342,51.616951255791655
3026343,2041.0518444681518
3026344,19.882467099340836
3026345,0.35839979245698184
3026346,9.461557789186239
3026347,11.41715283564955
3026348,0.2703759022293062
3026349,126.87045510680818
3026350,9.564313171932481
3026351,2.4006961444072608
3026352,4.5380840000286105
3026353,40.4354582188786
3026354,2.7780161500259033
3026355,617.8006124074933
3026356,149.3843719748694
3026357,2.596085128383151
3026358,3.998010979882486
3026359,303.7541799438683
3026360,30.454109130938843
3026361,1671.1059073327099
3026362,21.85182694918654
3026363,6.760982185271104
3026364,2.1244248085408945
3026365,0.33126577842999744
3026366,3.632795523533873
3026367,3177.4632568159877
3026368,0.3397168992321093
3026369,753.0244165179063
3026370,11.372197428455657
3026371,1077.713730093972
3026372,1256.7925455237566
3026373,280.4753069342087
3026374,208.73110314067023
3026375,159.96910112909706
3026376,3841.847488537927
3026377,25.568532354385066
3026378,0.7164193726224994
3026379,18.613872885241403
3026380,36.116097039105284
3026381,0.34197818571146865
3026382,269.3848967642557
3026383,8.965711624120416
3026384,44.133158420566104
3026385,6.760822069634399
3026386,73.39923719979988
3026387,8.59844745433002
3026388,395.14773801957836
3026389,280.52296260854956
3026390,16.307605471937585
3026391,8.609880270070818
3026392,522.5716061810367
3026393,109.63485867826434
3026394,5228.356666479954
3026395,60.367679406388646
3026396,22.281717696831564
3026397,1.8104549933244694
3026398,0.288837147586202
3026399,3.1275265442456135
3026400,1676.8194467911687
3026401,0.2684322755762782
3026402,346.06713239540517
3026403,4.579889483392535
3026404,389.1573941791205
3026405,524.5116244009203
3026406,137.83679511963547
3026407,96.846163871914
3026408,65.66793068531712
3026409,1702.9838261547645
3026410,12.980409288749895
3026411,0.664975110093321
3026412,11.113977000758956
3026413,17.06388997981506
3026414,0.29275083649939787
3026415,89.48732709195404
3026416,0.35342089782477587
3026417,27.526374784529814
3026418,2.433641983138118
3026419,143.56172396604435
3026420,4.603439502904376
3026421,196.81988991167455
3026422,101.37062254064845
3026423,3.224897545120533
3026424,3.912738845468745
3026425,165.27064673230794
3026426,31.118268337035566
3026427,2282.4535200566975
3026428,0.7398005642268788
3026429,3.7820420082174664
3026430,2.481509779857339
3026431,0.24726703417591575
3026432,0.48407192049657816
3026433,767.7963226826507
3026434,0.0
3026435,187.8844516134048
3026436,3.294555229130225
3026437,288.8983276915776
3026438,218.8624682080426
3026439,71.95835152546736
3026440,26.049095207805674
3026441,24.30765420781909
3026442,1195.739695968139
3026443,3.26444442613398
3026444,0.3889759402074487
3026445,6.1975927953922625
3026446,5.545216121970993
3026447,0.24192580700844835
3026448,62.520428779469015
3026449,0.3306602759021663
3026450,6.862811398148323
3026451,1.2209829260008105
3026452,19.188663485590453
3026453,0.2682703243211491
3026454,200.165300229624
3026455,99.01430513134177
3026456,1.20223862187866
3026457,1.1691683645302673
3026458,111.22501143741812
3026459,15.176575030172316
3026460,779.5330690417638
3026461,0.5581150109060866
3026462,0.9960140517297094
3026463,4.322483620817495
3026464,0.36292128461680373
3026465,2.8034942184937943
3026466,2801.8111609415378
3026467,0.28162762748496745
3026468,613.6709591451039
3026469,9.774532835674384
3026470,846.7645540399211
3026471,868.2825662359296
3026472,265.8684815500317
3026473,213.99207012591518
3026474,101.27687778838035
3026475,3489.5504214239795
3026476,22.725580554017565
3026477,1.4748565388658106
3026478,17.819307362497618
3026479,24.565922177584834
3026480,0.2880004815263721
3026481,209.10564959822997
3026482,4.0085765422982265
3026483,38.03575323623004
3026484,6.3156030222961475
3026485,92.0515753555888
3026486,2.510966804182448
3026487,257.0658161146379
3026488,219.04732590801095
3026489,8.141432061654433
3026490,7.5630250841928675
3026491,355.63038371208654
3026492,75.12819478396251
3026493,3806.760842139661
3026494,1.0660879977185562
3026495,16.500058489498972
3026496,4.1121106018827165
3026497,0.2689941679741456
3026498,2.6174266576731418
3026499,2707.6429970550985
3026500,0.26429601599142827
3026501,537.6434012819954
3026502,10.457388364144938
3026503,937.5071002953691
3026504,913.357602774488
3026505,285.5676267927072
3026506,199.35702344202855
3026507,53.2321601472805
3026508,4358.592696796434
3026509,9.92547108682036
3026510,0.5144724641159901
3026511,23.887450185888756
3026512,14.400501285373336
3026513,0.4821776928195271
3026514,233.36384107951264
3026515,0.0
3026516,4.688438001609129
3026517,3.384654985545004
3026518,29.85966708425458
3026519,0.6920426750308377
3026520,180.95928384925108
3026521,284.20945196437805
3026522,3.4930773121499845
3026523,3.176719497041745
3026524,166.92680626771184
3026525,66.17272237340862
3026526,1522.3314652559916
3026527,1.3655850129310938
3026528,2.5966089426818972
3026529,3.78116817644183
3026530,0.35693563029707737
3026531,1.9766903532907492
3026532,2804.370508151325
3026533,0.2556458108560675
3026534,576.5618957789932
3026535,8.160768677943741
3026536,824.2148481164173
3026537,805.3896875496581
3026538,233.14461058808268
3026539,154.64036430490665
3026540,50.16632633562931
3026541,3630.9568867747994
3026542,11.759266769057808
3026543,0.7359019358302534
3026544,18.698292895870416
3026545,16.956954289644454
3026546,0.28186818483009857
3026547,210.2049024700176
3026548,0.0
3026549,4.758458578049569
3026550,4.098182082281932
3026551,60.784127686818664
3026552,0.7600779716460608
3026553,106.66976723805155
3026554,210.68032942831226
3026555,2.830511406746769
3026556,3.375497696412295
3026557,146.7359886314547
3026558,58.692169414663596
3026559,1155.3060584387372
3026560,1.1827731786441125
3026561,3.8975858160688057
3026562,7.276262351844002
3026563,0.5784517885968807
3026564,12.240469379638267
3026565,7573.66930910119
3026566,0.3147954362345914
3026567,1191.6378609127928
3026568,30.986799591610918
3026569,1904.4658992202985
3026570,1920.9559360858332
3026571,317.4399410369115
3026572,437.569947020316
3026573,311.5505203159424
3026574,8188.335775562914
3026575,74.71343941680297
3026576,1.7177320761872954
3026577,46.45359312334207
3026578,49.2567574709031
3026579,0.537212529127135
3026580,484.8510077307945
3026581,33.53291217911744
3026582,70.91310287244407
3026583,26.364701875130567
3026584,162.5908179083352
3026585,19.240121152488
3026586,654.631753824997
3026587,506.17715012530806
3026588,15.432856383322065
3026589,22.998980400729856
3026590,1006.069209289206
3026591,224.57034772226038
3026592,11653.011367167615
3026593,1.0160389088639428
3026594,77.07892632141379
3026595,1.9645507702814613
3026596,0.2705011647392119
3026597,0.6546942393535584
3026598,1509.4771439735919
3026599,0.193950584311696
3026600,145.27991643119225
3026601,3.4948529566787636
3026602,528.5110433890998
3026603,337.701777929078
3026604,114.6531453093816
3026605,88.48924460744156
3026606,40.562670464995264
3026607,2112.505805907668
3026608,3.6547814986386884
3026609,0.3567604395577145
3026610,8.994675800555495
3026611,6.572742565749945
3026612,0.27229913533534716
3026613,131.94552118087614
3026614,0.4419601314933969
3026615,78.814621070617
3026616,1.923712463038734
3026617,23.052962304629347
3026618,0.4570023054638584
3026619,50.40353869184169
3026620,94.09395789819125
3026621,1.110316703169571
3026622,2.87815007644396
3026623,90.04165690772037
3026624,18.079082195787496
3026625,556.2045164785741
3026626,3.8330866377618102
3026627,2.4295145065166617
3026628,5.805830509962127
3026629,0.28304199764783106
3026630,1.15923783655961
3026631,2820.4291926680758
3026632,0.26630139225012134
3026633,453.2362839623988
3026634,6.175555786119407
3026635,1000.0404151629232
3026636,739.1322391941063
3026637,207.11537458569737
3026638,224.710590089773
3026639,72.45138955433167
3026640,4241.322583257271
3026641,9.618417269769557
3026642,0.3451764249894652
3026643,17.220764816287833
3026644,18.48624366524208
3026645,0.2835595140056346
3026646,254.9561724097823
3026647,0.5739343630313374
3026648,3.630703920593853
3026649,5.57725252190351
3026650,16.80478826539244
3026651,0.8573185137689341
3026652,278.2063439652534
3026653,232.37513121670344
3026654,2.6744685448240086
3026655,4.228562152370589
3026656,97.38820543700007
3026657,57.84283910229499
3026658,1185.3907748777262
3026659,0.9977793445332597
3026660,4.333447817050374
3026661,1.0848561203392117
3026662,0.19252903825375833
3026663,0.4812768885161766
3026664,880.9069113919242
3026665,0.18355505435117053
3026666,103.96571357247107
3026667,2.1255417682334294
3026668,522.2551718976239
3026669,187.2513448701893
3026670,78.47791045966416
3026671,134.42676979707377
3026672,14.514545985847755
3026673,1602.969185077818
3026674,0.9720069821067674
3026675,0.2754078882096699
3026676,7.005876031867233
3026677,3.094629341785569
3026678,0.20183687366547806
3026679,85.10980917592245
3026680,0.29584833076488287
3026681,55.07164280029309
3026682,0.669572356191082
3026683,13.215030776827918
3026684,0.27196782387743174
3026685,56.725031410659426
3026686,76.81372341619358
3026687,0.4017708305463791
3026688,0.7665407729127067
3026689,43.29003752800866
3026690,8.10713402814568
3026691,190.19749965708993
3026692,15.308226775578898
3026693,0.7926878816136738
3026694,5.297980539245921
3026695,0.27171918385481647
3026696,1.483468962025667
3026697,1861.7913007881439
3026698,0.1987408721401632
3026699,205.18836735950393
3026700,5.587055690867895
3026701,862.6227646114077
3026702,530.2678661777735
3026703,174.8572473032507
3026704,111.94412459037386
3026705,42.591591920357686
3026706,2693.0893294358225
3026707,2.1132979142185544
3026708,0.3500111748774921
3026709,21.486994097940773
3026710,11.775690949874619
3026711,0.2616530279037958
3026712,192.3178266825875
3026713,0.0
3026714,70.41834494747145
3026715,10.068828373176569
3026716,37.698603988779105
3026717,0.7428461383540912
3026718,232.5983845256942
3026719,187.88759518051089
3026720,1.4037340581409086
3026721,2.331816595325783
3026722,190.533383117591
3026723,25.599920309046638
3026724,1235.2794352855449
3026725,24.677332101263275
3026726,0.5736565483018288
3026727,2.086118352403051
3026728,0.3274497988117995
3026729,1.490419250935879
3026730,2102.0041148870664
3026731,0.3085672101129524
3026732,594.5940056698751
3026733,6.327158645407139
3026734,802.1052478835877
3026735,725.8431659301746
3026736,212.84690899075238
3026737,95.67241032180343
3026738,62.90138949925245
3026739,3545.3370485257333
3026740,5.320220165842067
3026741,1.6248251157534837
3026742,23.744415456786133
3026743,33.71570306348984
3026744,0.3281176696892444
3026745,196.41678090382953
3026746,1.1187189174158023
3026747,3.785812325612766
3026748,2.7301128486049313
3026749,25.802258277420748
3026750,1.5844413840571336
3026751,160.6724075627055
3026752,252.58933454292642
3026753,2.5368487024612745
3026754,4.53585343617792
3026755,131.06001675585605
3026756,27.1003325709928
3026757,680.9381148632428
3026758,2.4275446733292134
3026759,1.7946290129864586
3026760,2.242378256634842
3026761,0.24726703417591575
3026762,0.38833183832075663
3026763,1158.798767999422
3026764,0.18412027012828958
3026765,85.76416056289611
3026766,1.4662563239986635
3026767,443.6297840312682
3026768,186.15026396233216
3026769,77.49460095177758
3026770,124.75597397965834
3026771,29.963944619931578
3026772,1637.2944395975671
3026773,3.2789775025032304
3026774,0.3510933742192761
3026775,5.828086629251218
3026776,4.368077687855373
3026777,0.23929650996401636
3026778,86.32975204481794
3026779,0.29332145066108717
3026780,51.901340493434574
3026781,1.1848665703861299
3026782,17.227005394847758
3026783,0.39478649885641365
3026784,151.92718968087777
3026785,79.20961424551683
3026786,0.5286069463860517
3026787,0.8881975500127892
3026788,36.5487879256231
3026789,12.711401990545042
3026790,359.37825689239247
3026791,3.0142660625154045
3026792,0.48645544827800563
3026793,4.589514107996751
3026794,0.28349662118355556
3026795,1.439272219847671
3026796,3444.8153795993762
3026797,0.2675121066881338
3026798,511.27372699840987
3026799,9.212585665006097
3026800,914.6871372879701
3026801,696.9509824401648
3026802,223.32493102670753
3026803,115.39853509142655
3026804,73.2483773362092
3026805,3883.287509203601
3026806,7.75718603765819
3026807,0.3671347745207893
3026808,24.09319995334096
3026809,12.357438821116158
3026810,0.28547367035743576
3026811,226.93527774781208
3026812,0.3470557119725606
3026813,25.90486475385268
3026814,6.513045965801515
3026815,52.324832435202076
3026816,1.8513632270650566
3026817,241.06468614665715
3026818,227.8188377885898
3026819,3.5993551615674733
3026820,5.8628882150536965
3026821,113.92296564264134
3026822,49.61128291518526
3026823,1673.9029276384565
3026824,0.7282593909732715
3026825,0.6932095457652843
3026826,2.6363152796494926
3026827,0.3285883404761091
3026828,7.124598450247792
3026829,2680.8822295950135
3026830,0.32705270580665935
3026831,525.8561906876026
3026832,6.030049611107744
3026833,987.6206331538659
3026834,855.8023040630758
3026835,156.85487843944415
3026836,125.3068858565917
3026837,122.86225956290397
3026838,3553.9836677542244
3026839,47.82459474220065
3026840,1.2121291904766163
3026841,18.84464037527313
3026842,23.668336733878604
3026843,0.3334026307454577
3026844,246.8529330071375
3026845,18.553615030148965
3026846,27.314667159196034
3026847,1.8666474236918265
3026848,102.41350618542621
3026849,7.2225979219102125
3026850,219.04134514376815
3026851,257.15143815769864
3026852,10.477225436803584
3026853,12.315833991881727
3026854,245.81046938411745
3026855,75.65456829651652
3026856,3849.71994524004
3026857,59.20177607183222
3026858,10.894295512257703
3026859,3.9650559821514415
3026860,0.28895592752071625
3026861,6.331050964459377
3026862,2134.17036558143
3026863,0.2919140807229748
3026864,469.1948529159346
3026865,8.660746371331113
3026866,907.8865658722785
3026867,761.6694087302267
3026868,137.1051288980502
3026869,78.11582435484193
3026870,121.1707546403373
3026871,3249.6248207717094
3026872,21.410125421468834
3026873,0.8350245106071483
3026874,32.205981441623656
3026875,33.494902293440845
3026876,0.2995080707851408
3026877,285.08304152045247
3026878,14.719467817838035
3026879,23.152556118167357
3026880,6.726792184582861
3026881,80.02209732288578
3026882,8.2205771441226
3026883,153.6515493797076
3026884,339.37596559475725
3026885,6.249651030869447
3026886,7.253154030641191
3026887,118.79461671861222
3026888,69.23181252540427
3026889,2761.1528225768584
3026890,3.4056502217993083
3026891,13.519310132972118
3026892,5.750580257133784
3026893,0.2921805959614214
3026894,3.5598071912239053
3026895,2907.7002783985563
3026896,0.28827189131197184
3026897,630.0623651891019
3026898,4.419294777086584
3026899,1239.3209654318289
3026900,717.6405286245551
3026901,188.19981423810376
3026902,254.44412613041592
3026903,60.63360723780066
3026904,4756.444565952739
3026905,26.864169660539368
3026906,0.9179037501767995
3026907,16.332843238967932
3026908,15.223578660175068
3026909,0.3103410532830859
3026910,306.2457931430755
3026911,2.8717544764539977
3026912,12.1142216921104
3026913,5.697627960565627
3026914,40.21870911358213
3026915,3.125617122627027
3026916,145.07808001398305
3026917,281.46385352902547
3026918,5.132218992581302
3026919,6.711318290799918
3026920,179.96531466291253
3026921,54.30768036380349
3026922,1615.5842902402314
3026923,11.481527490719833
3026924,11.073175778715
3026925,2.6762031166384475
3026926,0.30700878071120014
3026927,3.7092634289007425
3026928,2157.5811307706044
3026929,0.277538483005928
3026930,352.1144517806669
3026931,5.53919077490601
3026932,738.054479264964
3026933,668.7726559829541
3026934,178.47088463380166
3026935,118.41116646924176
3026936,80.94411933931075
3026937,2874.048934743689
3026938,15.737147529454798
3026939,0.905388514368227
3026940,11.431931640004775
3026941,9.784773624714564
3026942,0.291589136639119
3026943,188.20770802126776
3026944,13.95171586120819
3026945,25.211226201301393
3026946,1.5576870505425418
3026947,62.73391065216353
3026948,5.317156944935343
3026949,303.3413032394644
3026950,212.7601676895728
3026951,4.731017451790731
3026952,6.505698630229633
3026953,324.5261411488742
3026954,53.17999482791015
3026955,2992.9549237242404
3026956,2.858794037903268
3026957,19.905090025653614
3026958,2.2061763351577754
3026959,0.3047280887713711
3026960,2.5623578163640355
3026961,4376.793019075324
3026962,0.2914765287945776
3026963,400.120846747237
3026964,6.554927444134207
3026965,1650.5703909989584
3026966,849.7111426601128
3026967,257.35792623779537
3026968,158.41799118899254
3026969,45.75494623485501
3026970,5038.089779352436
3026971,7.3293415334812035
3026972,1.269759434938806
3026973,24.87889468495243
3026974,22.42696882215919
3026975,0.29653304840952527
3026976,358.92009103783363
3026977,0.36671178573135066
3026978,1.1544832116953292
3026979,6.392548016411698
3026980,23.682167816662364
3026981,1.3163222310620188
3026982,130.14030760510215
3026983,291.6339961883776
3026984,2.10607938963374
3026985,7.277451036220304
3026986,148.04927333473836
3026987,56.25528197815348
3026988,1186.0490585726354
3026989,31.375626687743406
3026990,3.3704560991346986
3026991,5.251615604425908
3026992,0.30640037342549475
3026993,5.594380536850024
3026994,2169.332946354466
3026995,0.2971122863867166
3026996,475.9685356164317
3026997,7.366084724671184
3026998,913.8672220344522
3026999,676.1702216241973
3027000,198.26434543250713
3027001,112.05750779667726
3027002,107.72098257904275
3027003,3449.9975913739927
3027004,26.91500786527026
3027005,0.8671480570605696
3027006,19.245203576319287
3027007,28.12639531297682
3027008,0.31549371593957865
3027009,230.45087267132473
3027010,11.328855547954458
3027011,21.699140493196868
3027012,5.549318627089053
3027013,59.749049826304926
3027014,7.876579185219143
3027015,182.4201003692007
3027016,274.4981544380054
3027017,10.426923401104455
3027018,6.778718369102315
3027019,178.26806935393697
3027020,60.32290726223692
3027021,2761.0910191549265
3027022,0.5689349669859716
3027023,5.537424784499179
3027024,2.458290389331883
3027025,0.28222718194573493
3027026,4.476889638295454
3027027,2239.444292233719
3027028,0.27367562196737777
3027029,455.8138805435543
3027030,6.788828518410843
3027031,704.0956218749573
3027032,727.7541802905886
3027033,153.25606832933946
3027034,111.03850467601784
3027035,105.64301524861466
3027036,2876.3372215201885
3027037,24.05287026646836
3027038,0.6142761350058474
3027039,14.028456587327653
3027040,18.10102234516555
3027041,0.2891664931840672
3027042,191.03012986480897
3027043,9.208677561652763
3027044,38.8424222180477
3027045,4.879756109105352
3027046,61.66025553095081
3027047,6.309603934981441
3027048,204.2125353396575
3027049,214.80597925298235
3027050,6.917083765090202
3027051,6.218165203358129
3027052,209.12303377189934
3027053,51.40361051942926
3027054,3168.3556303587175
3027055,0.7349122041511309
3027056,11.625193173878305
3027057,3.7642205307081564
3027058,0.2806631081832461
3027059,3.6407655976808053
3027060,4225.476740560195
3027061,0.1963516758070174
3027062,470.72821078068006
3027063,9.969035681727593
3027064,1065.5816640002884
3027065,719.0286294610521
3027066,264.23516496966175
3027067,155.7322468387966
3027068,47.58090993931986
3027069,4303.850319377274
3027070,6.556594451691669
3027071,0.32147482201573746
3027072,10.716710366137097
3027073,15.251634542660767
3027074,0.273207720011095
3027075,237.10151010817896
3027076,0.3182830451033026
3027077,6.559490375636897
3027078,1.2441294505306613
3027079,52.14521828604655
3027080,1.570454591526751
3027081,186.37432203706123
3027082,276.387322527224
3027083,2.2362734411109684
3027084,1.3469534050254017
3027085,217.6058400207485
3027086,101.40011287908054
3027087,1177.6048982011716
3027088,1.4151276484565738
3027089,0.48668259482033127
3027090,12.092695850806116
3027091,0.32382240774688836
3027092,15.270695233758694
3027093,8708.113932029975
3027094,0.3147954362345914
3027095,1450.813544416399
3027096,25.535928437520372
3027097,2245.7755456793398
3027098,2192.219774138377
3027099,478.7768515602293
3027100,517.2221064095557
3027101,390.7941845990772
3027102,9652.520105000447
3027103,94.53519404421557
3027104,2.6868917479251277
3027105,109.0028057076069
3027106,118.69778753550088
3027107,0.4120632571287819
3027108,596.5503637631407
3027109,32.77819421140077
3027110,24.23306327234292
3027111,49.08798877296523
3027112,276.7712356028229
3027113,17.829928928942564
3027114,751.8641202103605
3027115,528.4458627633817
3027116,30.99625402478423
3027117,36.43368867837265
3027118,997.5179551138842
3027119,331.13299698510355
3027120,12067.324501560139
3027121,266.5601588211046
3027122,83.30658119366156
3027123,12.62916317300848
3027124,0.3084300723032478
3027125,10.922732256013587
3027126,7969.268026557205
3027127,0.30171319048636164
3027128,1101.1896940788652
3027129,22.03508354205686
3027130,2281.9174983639114
3027131,1917.8907299704854
3027132,596.135221707586
3027133,308.83915516243883
3027134,257.48203121426945
3027135,10151.730635048192
3027136,112.28879353672285
3027137,0.9576891085278074
3027138,54.0798877713212
3027139,79.88993568742555
3027140,0.5559029404266287
3027141,566.4969449216863
3027142,18.400540431783703
3027143,39.22115163141186
3027144,17.903655381589484
3027145,178.91502479355296
3027146,14.412737107834465
3027147,866.8277079662201
3027148,636.5023292645006
3027149,17.216881195224975
3027150,25.755845903887774
3027151,1037.1402779972316
3027152,239.2624007537019
3027153,8622.303788900012
3027154,438.336402727533
3027155,80.44574099839564
3027156,9.058491866982774
3027157,0.2888132499868585
3027158,14.3311813677629
3027159,4900.788715683706
3027160,0.2844339725361916
3027161,792.4504083527733
3027162,9.950580418768773
3027163,1882.6158862677823
3027164,1232.6254688609033
3027165,626.6809198005479
3027166,104.52887242772165
3027167,195.93444599712026
3027168,8300.358070745413
3027169,35.92880594935229
3027170,1.3864255143373456
3027171,29.92663735734693
3027172,26.86447940118077
3027173,0.37642813965430255
3027174,513.2324183733077
3027175,25.887076365046568
3027176,31.851471846497162
3027177,10.431637914330823
3027178,95.67796402765899
3027179,7.837160061085331
3027180,858.4473689184548
3027181,633.2894078686667
3027182,16.643721167776953
3027183,34.80495724903429
3027184,622.6223888468912
3027185,116.84621691303087
3027186,3346.115496542391
3027187,235.2708159613949
3027188,35.22065010463239
3027189,10.768712374745842
3027190,0.3099315934806496
3027191,17.962410507460255
3027192,7455.097543923468
3027193,0.3032070035404883
3027194,1035.307651505741
3027195,16.940087666987704
3027196,2029.3842223883087
3027197,1885.6707959161001
3027198,531.4393505365027
3027199,294.17323730001897
3027200,228.9592575234875
3027201,10007.698208175836
3027202,45.30651325937479
3027203,1.0645605966090192
3027204,57.172840147288255
3027205,63.65946961156655
3027206,0.5516703309509559
3027207,535.7910229104856
3027208,20.088778570889993
3027209,34.541619734004954
3027210,23.363945359185827
3027211,163.29220531133356
3027212,10.802297149526831
3027213,714.041150022168
3027214,641.3247455807788
3027215,17.71605300489951
3027216,22.073582646406297
3027217,927.7604402444157
3027218,201.22904478337747
3027219,7364.469744193251
3027220,405.971998286832
3027221,58.54416053145648
3027222,8.841227418826934
3027223,0.2696304593958313
3027224,15.30460681861464
3027225,3624.502244485476
3027226,0.26577581855519933
3027227,678.6096398299973
3027228,10.884090040088434
3027229,1621.6158602518335
3027230,1018.7320682059685
3027231,503.05856112680925
3027232,83.932259998788
3027233,130.02019025760666
3027234,6613.683719985731
3027235,32.329472693950905
3027236,0.3795526004529632
3027237,24.438181863384234
3027238,33.202637044060786
3027239,0.2721336877081906
3027240,483.0795115720247
3027241,21.589949419464418
3027242,14.509576952630633
3027243,9.39666428417187
3027244,95.09446684717949
3027245,3.9331016038241913
3027246,657.4770524618789
3027247,604.7990406409627
3027248,13.133031937447011
3027249,17.286492123499073
3027250,615.3427196904594
3027251,72.56469661989298
3027252,2465.4882225550355
3027253,254.24209931880966
3027254,18.41156874838117
3027255,8.47744600971609
3027256,0.32248257928922847
3027257,12.820779728811775
3027258,6099.009804744709
3027259,0.31346474389160056
3027260,1142.0081978067935
3027261,21.470511719346117
3027262,1832.467162631645
3027263,2030.7308839058014
3027264,384.1656209016954
3027265,423.92649338148254
3027266,308.8343633487129
3027267,8125.462693494551
3027268,65.84868608766203
3027269,1.1253132285746563
3027270,45.51565783066656
3027271,48.44230201145338
3027272,0.45906744394697
3027273,456.6831647163286
3027274,18.79294206452995
3027275,36.25305118806765
3027276,11.3864746233323
3027277,193.7889164250183
3027278,13.633711546489858
3027279,691.0775527462516
3027280,466.0925834426533
3027281,15.075467581277277
3027282,26.914270225869778
3027283,838.4973066650196
3027284,231.7096863582842
3027285,10848.348678781495
3027286,215.63174785674877
3027287,76.35570485363183
3027288,4.635994010623282
3027289,0.2956202181060778
3027290,4.98278213781781
3027291,1814.214397959046
3027292,0.29424324365232063
3027293,342.1426147978199
3027294,18.98479596777684
3027295,818.2977117821947
3027296,553.6837765835021
3027297,211.8181767879519
3027298,79.61222416152467
3027299,72.94294779665964
3027300,2843.205404581064
3027301,20.29811331008296
3027302,1.032097653565415
3027303,23.712223575595598
3027304,21.424907590976396
3027305,0.3009223274258512
3027306,190.32330202151118
3027307,9.448658857413644
3027308,9.345787123414917
3027309,8.67186045964535
3027310,55.010773892242995
3027311,5.9241481077749505
3027312,213.31606326237804
3027313,239.3642166507812
3027314,2.381695432156688
3027315,6.277705916418091
3027316,208.04683332017004
3027317,52.12233902052579
3027318,2108.8730013547374
3027319,0.772517348720811
3027320,9.127065002424905
3027321,7.3648541165248105
3027322,0.2916312946599252
3027323,11.165443325341636
3027324,3686.943462332191
3027325,0.285937905990298
3027326,558.8123340345605
3027327,25.20335259942685
3027328,1402.2981063557856
3027329,989.4968276878636
3027330,412.3396908171527
3027331,90.77320095417927
3027332,120.29909281121134
3027333,5858.075756672989
3027334,57.34587154954081
3027335,1.1611365564633398
3027336,48.71273853735477
3027337,34.48073948796088
3027338,0.29440474767873764
3027339,366.5237015601919
3027340,13.60823630039958
3027341,11.01627935735616
3027342,2.9423404738970316
3027343,109.29788219472879
3027344,7.015291891020745
3027345,500.5001219732226
3027346,451.5312002828068
3027347,8.484493099246496
3027348,18.13092153380935
3027349,347.0373058402274
3027350,76.17258613592001
3027351,2780.591393308967
3027352,304.7311812184486
3027353,13.73861047683791
3027354,5.434401044528927
3027355,0.306136965447092
3027356,4.757478356319713
3027357,4218.578245536974
3027358,0.2993108177279843
3027359,857.8475164511887
3027360,7.736346698289994
3027361,1367.442107871241
3027362,1523.083569805825
3027363,231.53765136158407
3027364,325.54268014427356
3027365,220.595194857678
3027366,4859.110358623431
3027367,37.56192158692272
3027368,1.0613178658192193
3027369,26.902986957693052
3027370,37.290919941625205
3027371,0.3777017455328199
3027372,322.8202413153833
3027373,1.97003878295736
3027374,50.1178512804234
3027375,3.7904156265131226
3027376,116.26251889223505
3027377,7.46625750063024
3027378,566.14151575226
3027379,284.268453832555
3027380,15.777522923890974
3027381,8.438763638015368
3027382,678.5999299116241
3027383,115.0920839965635
3027384,8492.400518168775
3027385,2.7136856882916724
3027386,47.00997632304909
3027387,7.231044856062439
3027388,0.2914836375203834
3027389,6.0105393276693295
3027390,3974.5992360138075
3027391,0.2776275108261689
3027392,755.4265894206953
3027393,8.255992593773843
3027394,1437.8575753000637
3027395,1103.5261797386697
3027396,319.7012910425703
3027397,191.63238338956234
3027398,243.84031152262975
3027399,5225.597723249557
3027400,35.17910307157634
3027401,1.776887285205233
3027402,39.7309795419594
3027403,45.058557376772356
3027404,0.30641061441319206
3027405,325.61898531580186
3027406,5.224654795360253
3027407,56.073229811426266
3027408,6.534494660136525
3027409,193.94424822521495
3027410,7.441256227063086
3027411,403.986127495028
3027412,333.7787902935445
3027413,10.990820213153079
3027414,19.349208955090184
3027415,409.4197404299598
3027416,123.29526497803724
3027417,6195.746685929201
3027418,3.2191756467719035
3027419,7.061993282611619
3027420,6.364222096170238
3027421,0.2734862950501877
3027422,3.866783079382853
3027423,2022.8866951091165
3027424,0.26748569535668076
3027425,482.29570923664096
3027426,5.324801211201063
3027427,939.5025224514151
3027428,549.3579792690739
3027429,218.69121759241563
3027430,91.55666779349166
3027431,104.4393625941128
3027432,2949.1180376662237
3027433,11.7904830570701
3027434,0.8648095726107208
3027435,21.938701807673112
3027436,21.735542761178706
3027437,0.28564703286383075
3027438,198.20697279358956
3027439,3.7471564646122353
3027440,12.583426678133819
3027441,4.451934459510019
3027442,66.41801921640094
3027443,2.3397884755940686
3027444,238.57287686648593
3027445,240.23559923330052
3027446,3.2551100771438897
3027447,4.467340646482753
3027448,170.73312234366256
3027449,85.6020164435455
3027450,2840.329573757611
3027451,1.1980389240922
3027452,3.36291773316446
3027453,4.256485316965006
3027454,0.25867841812619036
3027455,1.4047289294088703
3027456,2523.098107066847
3027457,0.19026310837621196
3027458,219.1817519228837
3027459,2.7243173234760087
3027460,918.4854659346245
3027461,251.8176796038144
3027462,187.422430816551
3027463,54.17001704749869
3027464,25.41774544808786
3027465,2791.130644458912
3027466,5.401111304615698
3027467,0.5767599783144335
3027468,11.553840206263747
3027469,7.168646029054109
3027470,0.1985262982793611
3027471,179.7843498700868
3027472,0.0
3027473,68.81195236360982
3027474,2.6248035182945153
3027475,16.939983147257035
3027476,0.5299641540390638
3027477,41.75989245672438
3027478,154.59091239814296
3027479,0.29984611605110895
3027480,1.3669097792982359
3027481,43.7112696874552
3027482,74.77702356467472
3027483,572.7662741623736
3027484,23.79618344446802
3027485,0.9961894096597188
3027486,4.829308332564002
3027487,0.27809860983834334
3027488,5.1593048608159275
3027489,2922.363841649223
3027490,0.27972035238401205
3027491,523.9959700763803
3027492,9.032821614136488
3027493,1080.972384367231
3027494,853.6328594565977
3027495,305.0397759991405
3027496,147.04764744607834
3027497,115.43472818569221
3027498,4471.426772065906
3027499,28.29445078191419
3027500,0.620122121367104
3027501,19.13285376169693
3027502,47.97148769452011
3027503,0.28836014374178076
3027504,270.1625156856862
3027505,16.700245891799675
3027506,20.779833349245333
3027507,13.965825827865196
3027508,63.465134877541374
3027509,5.270347634425808
3027510,415.54440383759135
3027511,313.0710589023733
3027512,7.036492439841728
3027513,10.854265879452242
3027514,439.74745512004006
3027515,80.69728400521946
3027516,3464.7322455857516
3027517,59.94967490191284
3027518,35.00827851547313
3027519,3.838456076941692
3027520,0.33516191088571157
3027521,5.129119108303042
3027522,3878.096629896695
3027523,0.33361867822498376
3027524,693.4015995868501
3027525,13.939274362329357
3027526,1094.3022905607074
3027527,1325.5187116165066
3027528,186.7414364135739
3027529,275.3849619847079
3027530,190.16974185730993
3027531,3888.5442100483774
3027532,41.464054967589
3027533,1.8567834579537683
3027534,26.233875737700764
3027535,31.040519829008197
3027536,0.6205589394161801
3027537,263.8157749769551
3027538,10.902838693343115
3027539,44.93474855803788
3027540,7.8153212753314545
3027541,129.4340891164877
3027542,11.728818864220207
3027543,481.5915332309402
3027544,258.88360075630925
3027545,5.579594129519566
3027546,13.091242139123322
3027547,645.9974379685543
3027548,133.87239641858903
3027549,6833.494125225223
3027550,0.7916777696244726
3027551,48.97182535036671
3027552,2.9542816767179705
3027553,0.45011549432215886
3027554,9.343252641251343
3027555,3912.0074448415553
3027556,0.3107793925754478
3027557,786.6693474345084
3027558,18.17698545395963
3027559,1157.1823106390798
3027560,1310.5885439022204
3027561,257.11467979878046
3027562,275.23290543083385
3027563,153.70615703286614
3027564,4564.0199613446075
3027565,34.3963780133598
3027566,2.121839441087076
3027567,37.0229944126342
3027568,53.338268898222296
3027569,0.39417949052817114
3027570,332.62749028860634
3027571,24.67043030116376
3027572,43.50271717818834
3027573,16.73177417055236
3027574,125.83308485256974
3027575,14.745782523671405
3027576,389.7758258375858
3027577,311.46522827643327
3027578,15.734195462039565
3027579,18.480412108482383
3027580,520.3561122823983
3027581,148.07416516221787
3027582,6263.305266102539
3027583,0.755212648663673
3027584,37.396488667922796
3027585,7.918719172026931
3027586,0.3298390899321433
3027587,6.87560967856815
3027588,2900.0676425081992
3027589,0.290800788126805
3027590,438.9083152785739
3027591,10.484285130325706
3027592,1366.968649495572
3027593,874.704375999892
3027594,478.7516461330008
3027595,148.3203122643802
3027596,84.3779837022002
3027597,5926.334664337404
3027598,6.62339375871431
3027599,0.9015327384209382
3027600,38.799003025986906
3027601,34.552958347345715
3027602,0.29206466054551866
3027603,386.45495300053614
3027604,6.027866306771793
3027605,3.77976362874949
3027606,8.751656527194315
3027607,40.11683985744098
3027608,2.5091039214965427
3027609,314.76595819157336
3027610,425.5015123772686
3027611,5.232784687577398
3027612,5.504596272684539
3027613,348.9275561559279
3027614,93.35961739242875
3027615,1437.1147798786656
3027616,107.65869138286911
3027617,12.378003351822827
3027618,2.997406432487547
3027619,0.3545076607071511
3027620,4.145644896760975
3027621,2117.556784502526
3027622,0.3578795484387698
3027623,350.7232794565348
3027624,9.222151679902032
3027625,701.6998366469537
3027626,666.2223984784786
3027627,129.64088969125905
3027628,117.67267419977003
3027629,133.14247732984035
3027630,2568.0978279187416
3027631,16.81764260300941
3027632,1.2540587897330027
3027633,22.207949637023525
3027634,28.5755977514998
3027635,0.3635302589072627
3027636,172.70125654550208
3027637,8.468059605543973
3027638,13.265256372872807
3027639,4.5256283980877
3027640,110.03146561961645
3027641,4.69132646097216
3027642,267.93188107523036
3027643,153.9103452492232
3027644,3.2339735984969
3027645,6.61867700483439
3027646,274.26297549133125
3027647,67.41869599954293
3027648,2676.7315404250858
3027649,50.23633924274893
3027650,21.585317035890508
3027651,1.5854190587475023
3027652,0.2667313883461965
3027653,1.3049398516456048
3027654,1211.163118782563
3027655,0.21182782690925867
3027656,88.1545310916203
3027657,2.8763322335169352
3027658,689.854787643901
3027659,279.8613510274162
3027660,212.07926791239538
3027661,32.83638672010305
3027662,29.540939221318787
3027663,2546.954791902117
3027664,3.2551754063195837
3027665,0.35282892471434973
3027666,7.790776743551342
3027667,6.980812164296045
3027668,0.2532477755695735
3027669,158.566879736638
3027670,2.4655265243791136
3027671,57.6117748269253
3027672,1.3548739228995013
3027673,11.106843228320246
3027674,0.39664674931217675
3027675,243.437023614027
3027676,174.11049185904142
3027677,0.6453825686041745
3027678,2.4426727781827093
3027679,120.45452269934358
3027680,20.599197013978596
3027681,222.3241434948808
3027682,7.077864058059079
3027683,0.9180898588131663
3027684,5.765710429168661
3027685,0.3160384819070231
3027686,4.685798291871291
3027687,4330.519204930449
3027688,0.2887283633648679
3027689,662.603073288236
3027690,11.162355051910517
3027691,1698.041687679233
3027692,635.7890457644025
3027693,468.18822493311785
3027694,177.0237778686835
3027695,76.7455063452765
3027696,7441.822630335234
3027697,19.456704575475996
3027698,0.5854895187314977
3027699,21.67403200461268
3027700,15.210771508581963
3027701,0.2946427933606757
3027702,481.5122216182325
3027703,6.329317763569815
3027704,1.6646196215700786
3027705,6.052384004376643
3027706,40.192398943140965
3027707,1.5779568058060849
3027708,865.5324198390558
3027709,388.09530201395813
3027710,1.8701074769314778
3027711,10.701152645307253
3027712,358.9153680640567
3027713,105.22037437536152
3027714,1244.9411130196186
3027715,34.35416045744862
3027716,6.597017367490084
3027717,3.920852370420378
3027718,0.29785503406031383
3027719,0.7993500769877901
3027720,1402.243192473226
3027721,0.3044583829070369
3027722,170.35866017212305
3027723,7.110180227011815
3027724,752.5806113717466
3027725,370.5774460469687
3027726,191.56092147986536
3027727,53.31117143550781
3027728,35.37421631281685
3027729,2705.4563881573795
3027730,5.976390660228677
3027731,0.41125262385221517
3027732,10.273314427947815
3027733,15.142317729106697
3027734,0.29826662945017396
3027735,165.0377420803196
3027736,3.8632022128263914
3027737,75.54714985769803
3027738,7.8267872552135795
3027739,33.93721140682389
3027740,0.9019116296347542
3027741,203.5531904980719
3027742,170.55250219691337
3027743,1.106905027376063
3027744,4.777873777232624
3027745,150.47859530336697
3027746,32.938193632838605
3027747,328.06219912148515
3027748,5.810135872121302
3027749,1.6405456027998304
3027750,3.096371822007012
3027751,0.2742383376138604
3027752,2.1386840108889125
3027753,1309.4565435911854
3027754,0.19477782838324204
3027755,102.350592681933
3027756,4.724579066647034
3027757,696.5276553595974
3027758,242.9230909910058
3027759,126.64066001076418
3027760,40.05472196452132
3027761,25.00606874137338
3027762,2609.4659036285893
3027763,6.572829202607259
3027764,0.2943631962392077
3027765,7.058968691864772
3027766,7.279535393325521
3027767,0.2087094504608338
3027768,126.01580849072039
3027769,0.8254217188965403
3027770,66.52335948742594
3027771,1.61008204931359
3027772,25.504734558718088
3027773,0.6097175844316478
3027774,193.62963293799507
3027775,173.00073585633683
3027776,0.45496231074239885
3027777,3.719421905103049
3027778,81.3272068708656
3027779,18.379912356093257
3027780,168.68767052844416
3027781,13.468360992501914
3027782,0.9078531015714308
3027783,2.6977718689257975
3027784,0.2820294130297701
3027785,2.3134125368687735
3027786,1336.359713165569
3027787,0.21948017497261177
3027788,145.83469125723417
3027789,5.850519884438675
3027790,919.304126797671
3027791,381.8350369644788
3027792,227.0671271096992
3027793,30.582872327574854
3027794,36.056903240261086
3027795,2624.9358775173
3027796,3.8869265532398654
3027797,0.3710965911989993
3027798,9.487135719430372
3027799,18.923267567101067
3027800,0.2819507393808147
3027801,194.7415275559261
3027802,0.740354776954
3027803,77.29559759892207
3027804,2.023279903509823
3027805,13.705611822065283
3027806,1.195812641595448
3027807,299.3606088112676
3027808,246.79321331797433
3027809,0.6448652262885062
3027810,3.722162994446988
3027811,64.71225195335381
3027812,95.67220043692207
3027813,347.5894863390027
3027814,8.197145523485833
3027815,3.105913608097789
3027816,2.64492923195718
3027817,0.6795650751165849
3027818,2.9178706661200784
3027819,1627.6499533813887
3027820,0.30784537142255575
3027821,151.05617460868953
3027822,2.9648018266702683
3027823,867.1682612422541
3027824,345.80528861377115
3027825,250.13693735051527
3027826,82.72928681309601
3027827,62.41245606539812
3027828,2722.068468377538
3027829,4.853995306139435
3027830,0.8131424803685163
3027831,11.34561449781535
3027832,19.6248895871059
3027833,0.3035616285228412
3027834,217.37077889015652
3027835,5.680843489083005
3027836,83.84078219736864
3027837,3.820592527387113
3027838,23.932658302041798
3027839,0.9478044260852694
3027840,167.1970738470235
3027841,186.80973725357762
3027842,0.6430094662331169
3027843,3.9433952007023327
3027844,113.66864793137458
3027845,44.914853992120555
3027846,571.5900072462384
3027847,12.777094342238223
3027848,2.4997493740096135
3027849,3.240787752725309
3027850,0.2710465007739441
3027851,1.471315808710996
3027852,1186.1695973581025
3027853,0.19548921717266132
3027854,129.4002903487743
3027855,3.6915954224523055
3027856,682.9585104380359
3027857,222.03020575720637
3027858,141.5897964203891
3027859,105.38209664807351
3027860,28.544349204089585
3027861,1904.9191564700034
3027862,3.7973158107140446
3027863,0.2893681558631297
3027864,8.628600840817485
3027865,10.421670197937976
3027866,0.25303759721054847
3027867,141.16953484331276
3027868,0.0
3027869,70.71711839460384
3027870,1.8216923966928422
3027871,26.446087815758023
3027872,0.9107309748623216
3027873,61.68468575941706
3027874,128.21722321568396
3027875,0.5901373534931991
3027876,2.2287041290699365
3027877,57.75540561094326
3027878,31.520353036388336
3027879,443.29555164498095
3027880,20.614787012632533
3027881,0.6587444823935686
3027882,5.321444365568096
3027883,0.31203391243517176
3027884,2.9843255765997596
3027885,2611.22123439623
3027886,0.2846699883408973
3027887,270.7294244163262
3027888,4.082418524364599
3027889,929.5783970833413
3027890,636.0565855149048
3027891,406.1803996021217
3027892,149.87430425106606
3027893,80.06555692346524
3027894,3879.762886099032
3027895,9.631786556641467
3027896,0.6760219711727431
3027897,18.30453467304415
3027898,20.691869152384616
3027899,0.27387609738594504
3027900,254.2618096734544
3027901,0.47839728131092835
3027902,72.76126644460244
3027903,11.838982363966295
3027904,30.09843538842635
3027905,2.5372962477972782
3027906,321.7582092620902
3027907,243.40395381352624
3027908,1.4245068189474606
3027909,5.903169434503437
3027910,280.3738516971185
3027911,56.491927843313256
3027912,1155.4469055599031
3027913,24.881559461293367
3027914,8.401554225664817
3027915,2.4294573508335175
3027916,0.33502946220070245
3027917,4.28641711871206
3027918,1731.8019639778759
3027919,0.26468287957172587
3027920,452.4760389778307
3027921,5.4437854212184815
3027922,512.8357756590797
3027923,498.72925292221674
3027924,172.08949733215977
3027925,119.23863943274601
3027926,43.391657591015985
3027927,2494.8448271010675
3027928,6.710275941217894
3027929,0.5683630901636751
3027930,13.463505784729538
3027931,14.653919411568756
3027932,0.27223529223865517
3027933,159.4491280464609
3027934,4.852041342553919
3027935,2.584128476696026
3027936,5.296241004387249
3027937,49.69062110161113
3027938,1.2046760021786769
3027939,150.50348227523287
3027940,131.99947567890683
3027941,2.5411525113502296
3027942,4.778489782955392
3027943,135.73170524596958
3027944,49.31737184197956
3027945,1406.4573789288527
3027946,41.65030867128514
3027947,7.4920481441136335
3027948,4.080887518440457
3027949,0.3337966115121067
3027950,2.6268488385957225
3027951,2119.3432387584694
3027952,0.3024682820325091
3027953,139.24505119609535
3027954,4.519568799866675
3027955,766.6632346913001
3027956,292.1902257216512
3027957,245.26915370405098
3027958,50.76088800387796
3027959,38.587118926953174
3027960,2820.95352813887
3027961,9.330272123228218
3027962,1.0439141257447275
3027963,11.048637508708122
3027964,8.764485592452703
3027965,0.29543280050462245
3027966,154.2718076322821
3027967,4.640336653801104
3027968,78.33183006813081
3027969,2.8673543875698515
3027970,26.658082744839348
3027971,1.4732596253880117
3027972,148.17651509213454
3027973,159.95720177502497
3027974,0.8780949882144227
3027975,3.9729481177708523
3027976,126.75944420115549
3027977,23.159666644475543
3027978,384.94339723001434
3027979,9.520389263979343
3027980,3.2071667358825167
3027981,4.276292187388377
3027982,0.3069404487931873
3027983,6.0430764169459374
3027984,2516.6226428692867
3027985,0.3135900232670597
3027986,577.7953492916596
3027987,8.66428154865243
3027988,767.0461576669422
3027989,712.6723192003633
3027990,174.56554668015502
3027991,130.88528259436683
3027992,80.81490472637518
3027993,3278.0254352698107
3027994,30.416798242544154
3027995,0.9960643977053449
3027996,15.565171443080505
3027997,22.558370096720907
3027998,0.3213572986143326
3027999,215.62082866704725
3028000,14.408916583430129
3028001,11.028312855802827
3028002,6.717207716099416
3028003,74.57549813505999
3028004,6.794141600625185
3028005,366.21979141254656
3028006,219.45270325019257
3028007,6.354798417482677
3028008,6.02884135815008
3028009,377.7019473056255
3028010,100.7167180492947
3028011,2165.4510048861625
3028012,24.575053510417636
3028013,29.23062068118179
3028014,4.991623191835525
3028015,0.2741817078412459
3028016,4.527941285129496
3028017,3273.6301610528812
3028018,0.2575537031976233
3028019,376.7493916669243
3028020,4.813863636495402
3028021,1095.5707249578722
3028022,629.3196303559657
3028023,500.72067878253375
3028024,77.8870945762903
3028025,63.528453320044434
3028026,4812.097194683396
3028027,9.358156085624048
3028028,0.4695137683404416
3028029,14.77976873365933
3028030,11.227905284962997
3028031,0.25058954241736947
3028032,301.43404329519973
3028033,1.0824691765453882
3028034,4.168341704876142
3028035,4.345904146295814
3028036,45.172877300403
3028037,0.7151024742258512
3028038,512.6196291100076
3028039,338.3735756469796
3028040,2.6609459355813008
3028041,4.199940475960651
3028042,236.2175224511741
3028043,50.19203134081759
3028044,801.5848958007878
3028045,56.66133766956802
3028046,8.876754194073014
3028047,7.485113157648783
3028048,0.30664938665236857
3028049,3.5072323667898155
3028050,2322.0058537231066
3028051,0.28437333216516003
3028052,342.00347218424946
3028053,5.613409700002746
3028054,1041.6562887937064
3028055,469.9845035462303
3028056,257.42550800319253
3028057,192.08354367557007
3028058,66.63127520625909
3028059,3529.1005705039424
3028060,9.22966949179173
3028061,0.5156672161333451
3028062,30.290989302310173
3028063,26.43991979128026
3028064,0.2793671441794176
3028065,260.901929273707
3028066,2.325467388217225
3028067,1.9025722399636362
3028068,6.067904613930358
3028069,78.08073840906344
3028070,1.102499214314221
3028071,123.29576417504629
3028072,245.9309923758489
3028073,1.8994307351731972
3028074,4.548888777960652
3028075,133.91554252146642
3028076,129.85999522624283
3028077,983.9768350498359
3028078,2.2967804939338143
3028079,3.4525708876495003
3028080,3.2734442130565977
3028081,0.2854002843475508
3028082,1.5844411270161198
3028083,1565.677659122296
3028084,0.2754193604422888
3028085,118.35727904680404
3028086,5.091169535073111
3028087,652.9910293995692
3028088,296.01008921951745
3028089,138.09043042916423
3028090,46.51213157007579
3028091,44.987624445221776
3028092,2724.8140229161945
3028093,4.864803128321645
3028094,0.5565798392897379
3028095,21.78622012977254
3028096,17.52337917429581
3028097,0.27045061737341775
3028098,167.38342775749172
3028099,0.5312507680260239
3028100,80.18070080543245
3028101,3.0079099274026238
3028102,44.283047375987586
3028103,1.6257189072570144
3028104,130.45046019474827
3028105,154.1008219978301
3028106,0.9953629301197371
3028107,4.260424005249614
3028108,114.25827928109078
3028109,31.711504136507514
3028110,406.52564979595934
3028111,21.98217183497817
3028112,1.2113478734819179
3028113,1.3274326290142997
3028114,0.27616830965542205
3028115,1.73907749869201
3028116,1307.7600344023658
3028117,0.2814278166100397
3028118,249.40585045762202
3028119,6.500551666929125
3028120,488.7116697167404
3028121,442.41378660840377
3028122,123.3859306123374
3028123,43.21200318653543
3028124,54.69374224282476
3028125,1964.9089381517156
3028126,22.479939284360356
3028127,0.406680122792532
3028128,9.202078982131306
3028129,10.355829999620125
3028130,0.2733358942016123
3028131,117.27915695303125
3028132,7.638228155172186
3028133,1.682193228585628
3028134,6.272550845433303
3028135,53.625197931190066
3028136,2.8528846908910825
3028137,710.1006787999237
3028138,139.29268740704651
3028139,2.549876152475288
3028140,3.9017733890453385
3028141,262.02919689854684
3028142,30.259954761209453
3028143,1111.2490251744864
3028144,20.058563260441403
3028145,5.794901430496082
3028146,2.338209380593814
3028147,0.340955817009522
3028148,4.6673943102441715
3028149,2962.345060999003
3028150,0.3342699890795411
3028151,679.9582622269052
3028152,15.733873246791124
3028153,1001.6003931524008
3028154,1143.1817566065638
3028155,249.8006895482685
3028156,182.70748512541402
3028157,152.84524579845447
3028158,3479.7705265329923
3028159,31.533609942592783
3028160,0.7331826242713682
3028161,18.772285954740664
3028162,34.41658716152401
3028163,0.34887483744186637
3028164,242.59447871935026
3028165,8.346384013686691
3028166,35.52142330443005
3028167,7.3063492491224
3028168,81.82746861509204
3028169,9.232017618340942
3028170,344.79211587415983
3028171,259.63412005236756
3028172,16.190010005136337
3028173,8.15876366185813
3028174,456.96790856166433
3028175,100.4886709433916
3028176,3512.4167865074833
3028177,58.20929633073821
3028178,21.719596928827375
3028179,2.22633488198779
3028180,0.2950389287087115
3028181,2.562978883149384
3028182,1849.3975526061442
3028183,0.27823759881540716
3028184,318.6249493127589
3028185,4.749971736982143
3028186,383.00491129506
3028187,488.3477047749191
3028188,133.55887214694857
3028189,101.91068597820635
3028190,63.48754069434506
3028191,1669.1691101807971
3028192,13.127810761511933
3028193,0.638913144645622
3028194,12.258858616609947
3028195,14.316622987410081
3028196,0.29110167775620727
3028197,90.29589256183887
3028198,0.3659324084766346
3028199,17.06103345483908
3028200,2.652416437395625
3028201,168.7846933492451
3028202,4.815335805307534
3028203,159.83467487155016
3028204,97.9386193426355
3028205,3.550727339665066
3028206,4.365157388570269
3028207,148.04700331715765
3028208,30.324346798025264
3028209,1561.6796776247895
3028210,0.7590323001147914
3028211,2.9535061654709254
3028212,2.497661327456802
3028213,0.309806791803323
3028214,1.1856952857328875
3028215,676.4295670273636
3028216,0.003939450167103676
3028217,156.09387424236414
3028218,3.4437675530064285
3028219,280.22207201444365
3028220,185.68754223336106
3028221,67.18462798738612
3028222,26.002668885098597
3028223,25.388675875722658
3028224,1146.162733392857
3028225,3.4460343899707553
3028226,0.4522930217255364
3028227,7.6996934359836935
3028228,6.811542477487789
3028229,0.26187300099451855
3028230,66.41233512557334
3028231,0.3466106893443289
3028232,4.214699951124457
3028233,1.4742807536470144
3028234,25.11141266760195
3028235,0.28593407440394636
3028236,181.6970044303703
3028237,94.03016616127503
3028238,1.3153444822267142
3028239,0.9870725506698279
3028240,106.35512969733487
3028241,14.548626597072913
3028242,425.63380830371136
3028243,0.5297221639369516
3028244,1.0567404651106584
3028245,4.106541132073416
3028246,0.30799797825360864
3028247,2.2276308461974623
3028248,2387.447358167255
3028249,0.2937280154343958
3028250,502.35082435599463
3028251,12.001766659655205
3028252,694.7234148746372
3028253,778.715916404563
3028254,219.98641887339403
3028255,174.413453375361
3028256,89.25293442834578
3028257,2978.3063146604018
3028258,22.118833485914447
3028259,1.3263647252376058
3028260,16.022857742164142
3028261,25.33454327625458
3028262,0.3489859879109767
3028263,175.72351173738204
3028264,4.088364542139059
3028265,28.26540396774365
3028266,5.913976417545402
3028267,119.08868053813755
3028268,2.457950066455971
3028269,225.0554526234588
3028270,189.69891451928024
3028271,7.637625981974084
3028272,7.044549366489283
3028273,298.26759452449556
3028274,65.7044816770878
3028275,2433.449209587131
3028276,0.8596570704188269
3028277,13.235050022465249
3028278,4.404488329066168
3028279,0.28034610620884126
3028280,2.090959400534037
3028281,2764.8590940820964
3028282,0.2882391579235
3028283,494.9476561711133
3028284,9.824139577693446
3028285,1017.8080953688503
3028286,731.8969841828775
3028287,320.9926732630347
3028288,179.96379428710424
3028289,58.55978745367113
3028290,4355.443744184112
3028291,9.902175889575451
3028292,0.5712965538466264
3028293,25.805112977421974
3028294,16.243970447859773
3028295,0.5010831720053341
3028296,238.47072572052375
3028297,0.0012261097376787676
3028298,4.209242689694818
3028299,3.3848375508464716
3028300,48.82528710315111
3028301,0.7248825016595728
3028302,314.90379640929024
3028303,257.29894640390114
3028304,3.4449575057038517
3028305,3.775477800713353
3028306,174.2285781159993
3028307,69.22849705876405
3028308,1343.5366101489076
3028309,1.3185808839403381
3028310,2.7708321821830215
3028311,4.149243065880923
3028312,0.30561632977533
3028313,2.0993776597614517
3028314,2699.40477860007
3028315,0.2741034449255416
3028316,528.5433343737085
3028317,9.177676301390358
3028318,839.3413883223836
3028319,608.3319206137793
3028320,249.81659044340844
3028321,155.8570880280511
3028322,56.86042217593059
3028323,3545.59188579762
3028324,12.635116539516426
3028325,0.8068080019374004
3028326,21.593927756211784
3028327,19.33481200250402
3028328,0.2957804655959848
3028329,221.80192173768543
3028330,0.0
3028331,4.352931534955782
3028332,3.8945396928541633
3028333,98.01843185630598
3028334,0.8660542372927933
3028335,167.5599646652178
3028336,203.8559769007272
3028337,3.175884332691327
3028338,3.5422181268491792
3028339,154.28247300892372
3028340,51.75565963102966
3028341,1029.4008917200488
3028342,1.0877465166563751
3028343,4.188023956144776
3028344,7.669192182310066
3028345,0.5966518735324409
3028346,12.12348033034352
3028347,7181.353592896283
3028348,0.3228525856195605
3028349,1014.1004466421712
3028350,51.20793330866722
3028351,1661.1846701544143
3028352,1712.416801406892
3028353,301.853539151263
3028354,364.7482250314477
3028355,281.2813293779535
3028356,7217.2099629142685
3028357,65.75788820305566
3028358,1.5274789080263123
3028359,48.80613108762035
3028360,47.54319363786687
3028361,0.4802762826742924
3028362,401.632954777638
3028363,29.79739715227366
3028364,39.13100888722622
3028365,25.156083096588674
3028366,195.1241434002459
3028367,19.651817655277398
3028368,593.6899589240489
3028369,437.3915936770379
3028370,15.58212658585541
3028371,21.987311226099397
3028372,897.7492414817235
3028373,220.55965315640634
3028374,7381.149637959241
3028375,0.8469267986100582
3028376,69.22800867354042
3028377,2.0528712716203086
3028378,0.29927288706149296
3028379,0.54888484546052
3028380,1397.2556066074358
3028381,0.21187729223887694
3028382,152.8357773197171
3028383,3.954324083700219
3028384,617.3278526448901
3028385,250.30730138409356
3028386,103.2500302946407
3028387,98.15116788753126
3028388,43.16069060614126
3028389,2195.5275128219546
3028390,3.65300618511276
3028391,0.3768185688177635
3028392,10.343696590215664
3028393,7.595142405713219
3028394,0.2840546199020626
3028395,167.07307488892764
3028396,0.5377165315674162
3028397,82.03852255841444
3028398,1.7825266185501483
3028399,25.753209507042097
3028400,0.5000078106817385
3028401,125.0243936457085
3028402,88.95306747652471
3028403,1.329799870414944
3028404,3.4662800261595113
3028405,101.95851676730645
3028406,20.24113807792342
3028407,474.958662884715
3028408,3.7566340385952035
3028409,2.5602209317603126
3028410,6.2486656846314865
3028411,0.29401865654410925
3028412,0.9572218844060392
3028413,2617.410508437695
3028414,0.2787182810851988
3028415,474.47130817213224
3028416,7.86521552448076
3028417,1079.1590835563381
3028418,578.4057558482232
3028419,205.3113627525781
3028420,235.9769622073569
3028421,75.47144855363668
3028422,4099.775982512695
3028423,10.01419249212905
3028424,0.4251418349116792
3028425,18.601980691718996
3028426,18.767216067655376
3028427,0.28660566828028966
3028428,265.48703992413647
3028429,0.6880395621141504
3028430,3.274458826144749
3028431,7.485448680936763
3028432,18.90731329636171
3028433,0.9448237250946587
3028434,554.0648893545929
3028435,236.27802580618484
3028436,2.8103707109725233
3028437,4.56893423991093
3028438,124.1406057343017
3028439,54.039042838786955
3028440,1070.3118976012029
3028441,1.0376006061484366
3028442,3.663457099902131
3028443,1.2466303772445948
3028444,0.20947661580919633
3028445,0.5617548390935216
3028446,870.4517540726225
3028447,0.20289602414988375
3028448,124.43064302485665
3028449,2.663210728061598
3028450,633.3738040023962
3028451,149.08789403517758
3028452,89.55475512964966
3028453,159.93093116470772
3028454,14.795892727646594
3028455,1643.2819290179268
3028456,1.2458536594040832
3028457,0.29405786801379924
3028458,6.398431024532951
3028459,3.088991970074657
3028460,0.2142724723286043
3028461,88.52873742862148
3028462,0.31981406126683415
3028463,64.33577566770087
3028464,0.658977229923724
3028465,17.834628345721974
3028466,0.2931437206149871
3028467,113.33796111075121
3028468,76.69699696730666
3028469,0.4593354039928455
3028470,0.830568101899352
3028471,44.06377963394259
3028472,8.511540058798001
3028473,166.83881902042506
3028474,15.993616120719238
3028475,0.9332411117869981
3028476,10.019251049759225
3028477,0.29003305992618095
3028478,2.3796353197117734
3028479,1959.8459477475278
3028480,0.20884921979824692
3028481,206.72597422791122
3028482,9.034524005186132
3028483,991.102371015927
3028484,410.9258433302074
3028485,173.39388978515197
3028486,111.82190008769864
3028487,58.43298054987315
3028488,2975.4170449837743
3028489,3.020533663122926
3028490,0.43511048391458856
3028491,30.922462803855073
3028492,16.962182936616784
3028493,0.2895114007632958
3028494,194.73693088334292
3028495,0.0
3028496,73.59043196363804
3028497,14.489403588007807
3028498,50.78613014781524
3028499,1.9620658426675535
3028500,359.25236614632536
3028501,190.0146724491162
3028502,2.7863332192094394
3028503,3.2303469328343386
3028504,191.4596703436606
3028505,28.81355006000793
3028506,1325.1461614383893
3028507,22.332149030157154
3028508,1.344098844106608
3028509,2.1848052388085817
3028510,0.32317042243124694
3028511,1.7095607568633189
3028512,2247.9731863144625
3028513,0.32308694993771264
3028514,588.0903878837598
3028515,7.381417011122615
3028516,841.2772344211437
3028517,601.5352764436844
3028518,218.3777553216146
3028519,98.27182976167202
3028520,72.90069025850899
3028521,3788.8635043110467
3028522,5.821828988726962
3028523,1.8331458753524785
3028524,22.735602361353948
3028525,37.304901726216926
3028526,0.35081104927587436
3028527,203.854668051514
3028528,1.0712735489582008
3028529,3.9965639616073476
3028530,2.816033943999711
3028531,35.84095139321343
3028532,1.44613270596003
3028533,246.21034107709463
3028534,249.09797665709507
3028535,2.3690831673681303
3028536,5.730182116630827
3028537,134.69548334915143
3028538,30.308723744111795
3028539,605.2775351155911
3028540,2.4429339814665108
3028541,1.790329532434653
3028542,2.5695929518236187
3028543,0.27219816925763507
3028544,1.1666132342714302
3028545,1259.3734115915047
3028546,0.20550757102281839
3028547,90.69368886032144
3028548,1.719116386545561
3028549,467.256542383651
3028550,165.50076295123816
3028551,80.2154201709701
3028552,103.17109372969611
3028553,33.642358016931404
3028554,1815.8960843051445
3028555,3.401500973371996
3028556,0.3251137970139649
3028557,8.318535363120862
3028558,4.744267414327567
3028559,0.2586563658041073
3028560,104.07807543264552
3028561,0.3172404484350327
3028562,60.73167313062848
3028563,1.1568768215548109
3028564,20.607633173383494
3028565,0.47154796101896673
3028566,306.02698201029665
3028567,78.87586942134303
3028568,0.6545949983460788
3028569,0.8915169171468631
3028570,52.62281045806662
3028571,13.133641667383632
3028572,349.23665833787356
3028573,2.9205497773236115
3028574,0.47409050104764583
3028575,3.5818913293020733
3028576,0.3052447061256716
3028577,0.8379887115300317
3028578,3055.787019422169
3028579,0.28155423941660607
3028580,460.48153992811893
3028581,7.492124832881837
3028582,835.0987491018934
3028583,558.2405821268212
3028584,191.1567410578141
3028585,149.9397426603735
3028586,65.28926712455552
3028587,3719.531582295574
3028588,5.838996264105432
3028589,0.38020043364556094
3028590,17.463907276288943
3028591,9.166750526017502
3028592,0.29667860729289447
3028593,192.35969458195615
3028594,0.3717804764325472
3028595,19.988038970315767
3028596,2.9221897725867505
3028597,50.938473751709765
3028598,0.9430480039811389
3028599,388.07986455893035
3028600,196.81003277641986
3028601,2.2273444881681184
3028602,2.9107596549085337
3028603,125.93328815414121
3028604,46.94471366032308
3028605,1241.6677611348925
3028606,0.7177300374432842
3028607,0.8281658835109069
3028608,2.666287959531048
3028609,0.32467194921792175
3028610,6.624450548552749
3028611,2524.3107827311214
3028612,0.32572553066417903
3028613,503.2678463359022
3028614,6.582954416664672
3028615,864.79920211874
3028616,792.5849505296877
3028617,161.63417640199413
3028618,113.13460154393863
3028619,107.09726622337261
3028620,3323.0109927233198
3028621,49.177868678937216
3028622,1.0709974394187034
3028623,21.094068593233857
3028624,25.554355674929223
3028625,0.3306631127552269
3028626,223.1232728253477
3028627,17.30433570946465
3028628,18.415516979701934
3028629,1.4127345953380899
3028630,119.05792399856622
3028631,7.833611614527271
3028632,213.18973595687626
3028633,247.53957994041002
3028634,9.113078454883722
3028635,11.23764160267466
3028636,232.18331670566556
3028637,72.75068687152034
3028638,2592.315294403523
3028639,56.17174181466551
3028640,9.752519051156607
3028641,4.24030216800097
3028642,0.29427883663689147
3028643,6.201739217578534
3028644,1831.9178632773676
3028645,0.3031469505937242
3028646,390.43011166182686
3028647,10.260506763958881
3028648,819.5038037477382
3028649,664.766438698023
3028650,129.520567061383
3028651,70.05617462976207
3028652,99.8112016604416
3028653,3033.591853897313
3028654,20.008477143252115
3028655,0.7723742493205306
3028656,28.954129330059462
3028657,33.073224184551556
3028658,0.29608521493969525
3028659,257.4117878787114
3028660,14.40426600318809
3028661,13.081592643337641
3028662,6.892874539586814
3028663,83.0844186002087
3028664,8.181217166961071
3028665,135.61596963545279
3028666,304.789383183568
3028667,6.1706923207947595
3028668,8.092103541030585
3028669,111.99541335203469
3028670,79.50532635193419
3028671,1878.1127165534608
3028672,3.1570475439678667
3028673,14.033549223338193
3028674,5.681305311925047
3028675,0.3157811270186381
3028676,3.7757252917387696
3028677,2884.7573066757996
3028678,0.3005120134723806
3028679,624.8819286096875
3028680,5.157212888436565
3028681,1250.9366377085169
3028682,598.8660057632869
3028683,161.18262777845766
3028684,258.69077472785114
3028685,58.23276068121345
3028686,4526.6882094660905
3028687,26.375023163914953
3028688,0.893992202807782
3028689,19.316989033816153
3028690,16.82208222330109
3028691,0.2943742369307662
3028692,314.18548305809844
3028693,2.898674201253716
3028694,10.342679292779575
3028695,7.539179411740397
3028696,50.72503970347176
3028697,3.0233269613514997
3028698,231.96497750708272
3028699,289.50538216655815
3028700,5.3976404746384885
3028701,7.14034634072558
3028702,198.92513077316076
3028703,50.591729469065555
3028704,1395.034540850358
3028705,10.692322445591254
3028706,10.436532099440964
3028707,2.5870395437015166
3028708,0.30994427423363996
3028709,4.071591096845712
3028710,2030.8870007551816
3028711,0.2857121137501097
3028712,322.4839813800961
3028713,5.553156245812534
3028714,638.1208312545194
3028715,625.8905477466222
3028716,164.65170181092233
3028717,105.8421597404026
3028718,71.764762402389
3028719,2750.283977185351
3028720,16.43790989366014
3028721,0.8963989162054242
3028722,9.753868267352763
3028723,9.191580678453645
3028724,0.2985633658249995
3028725,169.67871678282344
3028726,13.60301098765122
3028727,16.583978467304608
3028728,1.4660782262141545
3028729,74.03554132724064
3028730,5.2222920164328235
3028731,264.45671294726515
3028732,191.16600362916682
3028733,4.937400971889181
3028734,5.950952156017427
3028735,296.3899786848357
3028736,46.55901156929854
3028737,1890.649922423662
3028738,2.5165101876925537
3028739,18.914700449067855
3028740,2.1888220049163922
3028741,0.2973450307746724
3028742,3.0131983574069805
3028743,4333.034370697599
3028744,0.3052617312482779
3028745,360.51060814654926
3028746,6.479992799976452
3028747,1536.064495131558
3028748,575.4733490212337
3028749,242.86707106622066
3028750,143.77132316267782
3028751,55.73390931631154
3028752,5157.4945739372015
3028753,7.8063680533275335
3028754,1.0667010153163292
3028755,25.905456866019186
3028756,21.272660087545688
3028757,0.30854542800296497
3028758,361.3834541373729
3028759,0.3765418639602111
3028760,1.0783218377798258
3028761,6.174705658107299
3028762,33.41252552104224
3028763,1.2834947673615282
3028764,170.85252282606407
3028765,283.9447302507382
3028766,2.3568094919227724
3028767,8.232848455024657
3028768,152.09799757274868
3028769,51.244153936763226
3028770,995.8162971724016
3028771,30.95161675077599
3028772,3.5555885281842983
3028773,4.788826058097994
3028774,0.3014174743478392
3028775,5.67184922525494
3028776,1790.4154139097004
3028777,0.3067810413674919
3028778,401.37748251610634
3028779,8.907324788938746
3028780,850.902942364096
3028781,608.7256338663634
3028782,184.61226428993396
3028783,96.40091649362643
3028784,118.04845246595765
3028785,3022.2011338602138
3028786,22.789098409736667
3028787,0.8610301595968028
3028788,19.555544227080254
3028789,25.835382952951484
3028790,0.3028451905248171
3028791,194.15548788473032
3028792,11.74562305114256
3028793,14.391091468625595
3028794,5.472382756766443
3028795,67.02258444281968
3028796,7.568103117580977
3028797,158.51359722497997
3028798,240.21146526539127
3028799,10.40573995080431
3028800,6.740617418967431
3028801,143.67623386179716
3028802,51.3179902222022
3028803,1766.3529920014387
3028804,0.5259974360508344
3028805,4.899329705147114
3028806,2.57633593068711
3028807,0.28921973053932953
3028808,3.798193907129443
3028809,2033.5658596263315
3028810,0.2825706026428317
3028811,408.4886821449045
3028812,6.670513736850006
3028813,636.3381200460518
3028814,715.7445691681589
3028815,148.5043687503877
3028816,105.72598792824843
3028817,104.34245336729859
3028818,2652.4822663701275
3028819,23.5598673410822
3028820,0.5837735143287959
3028821,15.745405099148506
3028822,16.56031294383541
3028823,0.30049338861005825
3028824,176.38082598137356
3028825,10.092687427740298
3028826,30.393746818534964
3028827,5.550597430613299
3028828,70.49088578376637
3028829,6.936010305714481
3028830,207.28281502606325
3028831,182.52140000213035
3028832,7.242853790000828
3028833,6.2316734529943725
3028834,196.35979668986704
3028835,51.193153019117084
3028836,2125.3780510998167
3028837,0.5871389344496301
3028838,11.443593639745048
3028839,4.177055563068886
3028840,0.32154737995131377
3028841,2.8877169019863524
3028842,4327.351125897482
3028843,0.2126815491403745
3028844,427.74630769690435
3028845,10.966093126927888
3028846,1109.5516604534453
3028847,554.9536510382661
3028848,243.0615329731504
3028849,140.68326058715434
3028850,55.60317081111775
3028851,4401.142995016034
3028852,6.4816863565528875
3028853,0.32301030606934417
3028854,13.269260709382603
3028855,13.49450575473485
3028856,0.2897634898777465
3028857,223.52950386474976
3028858,0.3373101928451489
3028859,5.947385578244168
3028860,1.239065494218957
3028861,59.20437603117462
3028862,1.3954878691287753
3028863,252.44099784556317
3028864,277.44700921585877
3028865,2.428520983998975
3028866,1.430801518939861
3028867,202.54322216528573
3028868,102.5302379400261
3028869,1074.756922736159
3028870,1.4016808270284824
3028871,0.5233822902589771
3028872,10.36334811968258
3028873,0.3182236572468804
3028874,12.522231307781341
3028875,8148.024588417023
3028876,0.3228525856195605
3028877,1285.4207521139992
3028878,24.420639163287543
3028879,1968.468909709866
3028880,1950.0359653240137
3028881,407.1376830382744
3028882,409.2167207276318
3028883,355.29015866644784
3028884,8306.743731985145
3028885,78.60791741394841
3028886,2.4367475757794184
3028887,92.29055563836815
3028888,104.77244368758092
3028889,0.395472656325484
3028890,491.62054622198235
3028891,28.169582532781135
3028892,20.302117348618705
3028893,45.45610306229018
3028894,327.0165358673958
3028895,18.538881120141454
3028896,667.1938062706333
3028897,425.43146753157026
3028898,30.376575808153287
3028899,32.85552427111121
3028900,879.4560629696631
3028901,317.65343391744716
3028902,8352.683612505461
3028903,278.04725331687223
3028904,66.70219088263808
3028905,10.267609508146611
3028906,0.3069656901622173
3028907,10.53001492977437
3028908,7487.991159206933
3028909,0.31495471424645377
3028910,979.4733848946271
3028911,24.38803257560123
3028912,2049.777590957961
3028913,1753.7487386184005
3028914,534.8301886202538
3028915,269.6672374583911
3028916,242.9686027456682
3028917,10012.178875650603
3028918,92.80918781821256
3028919,1.091006439128806
3028920,52.83000220946007
3028921,67.73629890425457
3028922,0.5735231257686435
3028923,488.08448704357096
3028924,19.246194245686265
3028925,30.55453753650613
3028926,18.39842767580423
3028927,214.65785980512376
3028928,14.416370115615162
3028929,839.4686441699064
3028930,569.2737537833498
3028931,16.918032236187898
3028932,21.15727037946287
3028933,916.752072763266
3028934,219.73454744373805
3028935,5323.058411549887
3028936,352.8344381805925
3028937,63.61697838860205
3028938,8.69376249034701
3028939,0.29081725889607685
3028940,16.418590132303382
3028941,4721.706325357329
3028942,0.30489849673283054
3028943,736.7743074756663
3028944,11.780873856471436
3028945,1821.2328625903579
3028946,1165.1198528824361
3028947,629.5254179061095
3028948,99.28069416076322
3028949,194.609305998215
3028950,8149.1498013884675
3028951,33.326083431146756
3028952,1.3557081833440985
3028953,25.813371620059236
3028954,28.08073540369827
3028955,0.4316381780918883
3028956,488.8240261797807
3028957,24.25466505738159
3028958,19.98592093829936
3028959,13.26938904433703
3028960,121.05339709087592
3028961,7.54337025447929
3028962,783.5787027475938
3028963,569.2977833306968
3028964,18.91044468531681
3028965,32.31364700640495
3028966,628.0590614237037
3028967,113.16574148406725
3028968,2359.4568057159954
3028969,222.99790062795827
3028970,40.19317262451654
3028971,12.568869366764957
3028972,0.3082976146176706
3028973,17.26689524250471
3028974,6701.784216081591
3028975,0.3162947802901929
3028976,937.0626557796854
3028977,18.564548358014793
3028978,1936.4953831881908
3028979,1748.4811070440344
3028980,489.65829097282807
3028981,260.1741814731516
3028982,205.1887872260861
3028983,9576.908408344223
3028984,46.09328148809246
3028985,1.0667103153463273
3028986,51.873189561874064
3028987,66.78421046576577
3028988,0.5099190056563567
3028989,511.6267040673024
3028990,24.870339874172114
3028991,29.682788528116028
3028992,20.537041624824784
3028993,180.76626095251035
3028994,12.34177567840533
3028995,699.4631281271229
3028996,630.305743828867
3028997,17.803041327747582
3028998,23.229885115265
3028999,886.5209836563192
3029000,188.24542279726455
3029001,5184.21914285222
3029002,360.1065251888669
3029003,55.99527690075367
3029004,8.266527063499288
3029005,0.28348243608636026
3029006,16.37599507530931
3029007,3569.054125627055
3029008,0.28109300170758716
3029009,648.2918340628786
3029010,11.278678929635714
3029011,1628.6638133314862
3029012,961.5773722021107
3029013,500.2547186137473
3029014,74.17386044645251
3029015,137.57610460362994
3029016,6241.715713957009
3029017,35.91373245974505
3029018,0.38834388800592723
3029019,27.649478185233512
3029020,30.344380088845572
3029021,0.2740412656063594
3029022,442.50709365923353
3029023,21.77047905498494
3029024,8.592363840114894
3029025,7.887490242953717
3029026,119.93509246885878
3029027,3.9130493501134156
3029028,646.9612841717237
3029029,589.3969704397052
3029030,12.126380992220474
3029031,17.171609127342546
3029032,619.6820032552586
3029033,79.1243249456337
3029034,1631.865649984286
3029035,303.32708805045655
3029036,18.31743627082946
3029037,8.163419101064518
3029038,0.31688949523299986
3029039,10.4473681069856
3029040,5410.385466058468
3029041,0.3215137387099372
3029042,963.5722263837123
3029043,20.71514115559138
3029044,1574.5252567394798
3029045,1796.0750034724372
3029046,355.96725156627815
3029047,351.5580445906807
3029048,277.9067169671933
3029049,7001.8296385492995
3029050,59.84729469057051
3029051,1.269069302308937
3029052,56.29089414957637
3029053,48.522160938639885
3029054,0.47481749611290947
3029055,392.66281419856017
3029056,16.165426416087804
3029057,25.48501233842547
3029058,10.748080988103968
3029059,229.33174818497972
3029060,12.425767945346577
3029061,659.3595467587761
3029062,425.6508883124412
3029063,16.098050284762994
3029064,26.833123801586872
3029065,756.5143465049711
3029066,197.00132331394744
3029067,7354.037376120124
3029068,185.63750268479862
3029069,67.21570615860695
3029070,4.965238327395073
3029071,0.302016964931787
3029072,4.549459445171601
3029073,1605.215927232829
3029074,0.3064301164857643
3029075,303.89729139338306
3029076,20.21732871625252
3029077,787.5629744388557
3029078,484.8248310112061
3029079,201.32095638757835
3029080,65.4649641618155
3029081,84.4295543774995
3029082,2616.434382396841
3029083,19.542990843331516
3029084,0.9176844307551206
3029085,24.385521241462538
3029086,21.05269297367142
3029087,0.3037662641716377
3029088,176.05017903348124
3029089,8.111609611003852
3029090,6.379233164210143
3029091,7.842761270164926
3029092,64.97421636777682
3029093,6.040724385518098
3029094,213.4648656588442
3029095,213.84454448651235
3029096,2.3585104955406275
3029097,6.005338140146074
3029098,190.87850738367757
3029099,56.01972825300887
3029100,1342.5753515623921
3029101,0.6444267395881957
3029102,8.705583578157347
3029103,7.166509830152757
3029104,0.2887953069861569
3029105,9.418985045246167
3029106,3622.330818033731
3029107,0.2954262848146137
3029108,517.6349389674165
3029109,24.26369802688542
3029110,1332.1182971242586
3029111,936.3928430280904
3029112,396.5817638426017
3029113,80.67307402586694
3029114,143.57933842884069
3029115,5586.737529000919
3029116,63.347997743872256
3029117,0.954132213775037
3029118,48.798284708950455
3029119,33.04012952418956
3029120,0.297364187484442
3029121,332.367331222589
3029122,15.297990440426183
3029123,7.57138953178716
3029124,2.5757076967768007
3029125,136.26973390715085
3029126,7.0098092238030425
3029127,426.01548556783456
3029128,427.9941979636831
3029129,8.939017109111978
3029130,16.585812370992453
3029131,329.4137654495077
3029132,78.14427038458261
3029133,1993.6141134817724
3029134,287.5147126553256
3029135,13.578261851001324
3029136,5.275337544412625
3029137,0.3036752853189182
3029138,3.8130856445549703
3029139,3876.034431060556
3029140,0.30825312723807924
3029141,752.9493190585795
3029142,8.601377184377547
3029143,1106.9159544410043
3029144,1297.1247655578975
3029145,193.87649301708612
3029146,249.72205574429154
3029147,201.09441725434442
3029148,4435.7764455957795
3029149,32.86117637265828
3029150,1.1233152800731223
3029151,25.26855711455725
3029152,32.662985785485056
3029153,0.3665706548276494
3029154,249.7161550758145
3029155,2.2609092210370165
3029156,45.89410637201767
3029157,3.7758545543198814
3029158,139.54092452241443
3029159,7.3364355792738625
3029160,467.8704985523213
3029161,220.3423690451811
3029162,16.170763855667065
3029163,7.948311003395565
3029164,540.629541483413
3029165,110.46316657807817
3029166,5201.899524759457
3029167,2.1007288663681454
3029168,39.97915930793084
3029169,6.849964811545935
3029170,0.28833398818195405
3029171,5.568000508632923
3029172,3686.9550337734167
3029173,0.29212634997315273
3029174,705.0191265252727
3029175,8.594562663178364
3029176,1313.7524027320467
3029177,963.038327659968
3029178,297.7829765171928
3029179,155.16506841607472
3029180,250.1627348760032
3029181,4938.727982030516
3029182,33.61943424016384
3029183,1.5578731407823003
3029184,37.2553999258835
3029185,42.9731402980221
3029186,0.30036421032861466
3029187,283.78331620337485
3029188,6.009299296672503
3029189,51.4936352370921
3029190,6.147223384897872
3029191,217.0023775252514
3029192,7.564178207967856
3029193,380.6807679084879
3029194,280.3838423749766
3029195,11.475331982608086
3029196,20.02811085285897
3029197,371.4634100204308
3029198,107.89684687852507
3029199,4684.429643920898
3029200,2.6962865548622372
3029201,7.222703914983709
3029202,5.571466850667158
3029203,0.27752109845838985
3029204,2.86994332734401
3029205,1792.4163122800712
3029206,0.2840940693819674
3029207,425.0476588008629
3029208,6.540504864255912
3029209,804.1681498257718
3029210,436.01592722804185
3029211,207.64200283741368
3029212,70.4250615489612
3029213,100.73669143261904
3029214,2712.93940850515
3029215,12.259070051654943
3029216,0.874843530909879
3029217,21.666228804027558
3029218,20.833597241675484
3029219,0.29306608281099455
3029220,166.31682406637265
3029221,3.7461721185966326
3029222,7.792087006205106
3029223,4.993246618886644
3029224,72.858117489713
3029225,2.352008321510952
3029226,216.2344762365548
3029227,209.3158438824467
3029228,3.5175001388661595
3029229,4.485017551045507
3029230,141.7823728488567
3029231,55.36087928057146
3029232,1793.5515608044002
3029233,0.9636805749303128
3029234,2.718347505041616
3029235,4.383431908038204
3029236,0.2707941229630483
3029237,1.1890600297000309
3029238,2527.1585071791383
3029239,0.20401001450719408
3029240,179.89793849425303
3029241,2.9320053516573497
3029242,859.2260617153983
3029243,210.43272339196577
3029244,170.76694790147488
3029245,53.221426342308696
3029246,30.208748984980986
3029247,2705.627435364932
3029248,5.646581755644373
3029249,0.4934258890960767
3029250,13.917002041379734
3029251,8.848223756093162
3029252,0.26771086339303707
3029253,170.17889344321992
3029254,0.0
3029255,69.90317521131918
3029256,2.241010821923024
3029257,17.825200836044225
3029258,0.5900353170985693
3029259,61.60041933484198
3029260,151.92459753765192
3029261,0.3268982310852731
3029262,1.514086870298779
3029263,52.006840323620516
3029264,71.9400937947481
3029265,484.6399793696424
3029266,21.543368036586283
3029267,1.0633491241174884
3029268,4.5217146118145815
3029269,0.28658066280495154
3029270,5.5850933167479
3029271,2729.189975762419
3029272,0.291883082472093
3029273,446.9454926966764
3029274,9.017180652288314
3029275,969.5445144800517
3029276,777.2373840423758
3029277,262.0804794892542
3029278,126.24527336392009
3029279,109.06096623238294
3029280,4169.607755524867
3029281,27.315706353324007
3029282,0.6343020664332009
3029283,17.779934704026086
3029284,47.02321430604005
3029285,0.29150645542791603
3029286,232.0843386475325
3029287,16.322699098827822
3029288,14.70133958526759
3029289,12.999916139795872
3029290,81.52850535447483
3029291,5.420375966193062
3029292,367.2414225474859
3029293,283.51098425555097
3029294,7.8421652279351495
3029295,11.13728857044688
3029296,422.99577545420897
3029297,79.21369469138699
3029298,2217.1296148232113
3029299,53.37659540997414
3029300,30.177684393700492
3029301,3.5731589898750666
3029302,0.33122614216281
3029303,5.552183957636394
3029304,3562.352572346853
3029305,0.3345400732884748
3029306,613.1452681021946
3029307,14.54809752074762
3029308,912.0180059221519
3029309,1145.6350758788049
3029310,159.66735852264136
3029311,234.277431059176
3029312,172.82185718957948
3029313,3397.7212635908745
3029314,35.37929797951288
3029315,1.5466014462942788
3029316,28.618986322009203
3029317,31.694733911554508
3029318,0.6615662529816599
3029319,221.51449643442726
3029320,10.169700697521641
3029321,33.31233685822567
3029322,6.666950935298285
3029323,143.80567170089765
3029324,10.37610742141142
3029325,412.8319755345407
3029326,206.35742161186045
3029327,5.722904731268979
3029328,10.705873827448606
3029329,538.4736020239136
3029330,120.65077989469368
3029331,5003.009083422617
3029332,0.6630970130241218
3029333,41.82494245218344
3029334,3.155823019059997
3029335,0.44621028153673803
3029336,8.558917906005625
3029337,3815.117387029591
3029338,0.3191326942658593
3029339,711.3406752643406
3029340,18.653971664629765
3029341,1009.5833513600121
3029342,1166.8949946195778
3029343,233.10950006405062
3029344,241.58939489529197
3029345,130.20798518773367
3029346,4230.71672781609
3029347,33.87555043797477
3029348,2.0028021158220213
3029349,32.5925197223263
3029350,43.29609015294409
3029351,0.3850120284198555
3029352,282.39437330994963
3029353,22.965766283324395
3029354,30.784138847046393
3029355,21.584380786922328
3029356,143.6519296942632
3029357,14.187324080268517
3029358,386.88884533276376
3029359,267.05477665520465
3029360,13.141460565789233
3029361,17.598451188930788
3029362,447.38364446588616
3029363,133.91786075423374
3029364,4324.123887701209
3029365,0.6637585722531669
3029366,34.378325196516045
3029367,9.57288744135731
3029368,0.3669005395025867
3029369,7.262765565177981
3029370,2898.017570526263
3029371,0.3104363528631182
3029372,441.33020144900973
3029373,11.690138355881523
3029374,1386.3375368600875
3029375,730.592849452499
3029376,486.33318840668716
3029377,141.59469205653977
3029378,91.39808350156136
3029379,6033.626916189973
3029380,8.15695352127534
3029381,1.0881740697266054
3029382,44.4033965218367
3029383,36.2225634750716
3029384,0.30649560788887953
3029385,392.5217511298712
3029386,6.657211386521906
3029387,3.802429433171117
3029388,8.621581965614457
3029389,47.870907477705614
3029390,2.587731917646934
3029391,500.1244138344044
3029392,431.3069536323754
3029393,5.677710386287017
3029394,6.013043317070914
3029395,353.9444838443496
3029396,98.6623418018594
3029397,1325.7884079316152
3029398,116.78211355947329
3029399,13.015858426313583
