id,sales
3000888,3.453874810551743
3000889,0.00698376472288085
3000890,4.640187556287346
3000891,2234.7986082273706
3000892,0.007218916024516276
3000893,368.92633509103763
3000894,9.020710734810852
3000895,762.4497605428319
3000896,789.6925729391884
3000897,140.84450558180038
3000898,142.59907696469244
3000899,140.40244306256758
3000900,2749.2389489027564
3000901,18.889011050243436
3000902,1.2791689019536112
3000903,27.518775459822955
3000904,28.620612369283435
3000905,0.023435715732959248
3000906,190.25602471181134
3000907,12.236734878969115
3000908,24.570780742914206
3000909,10.178354572850408
3000910,101.75871146257929
3000911,4.795430616911177
3000912,284.3152319464163
3000913,181.12106564257394
3000914,3.535233506421645
3000915,8.863149640492907
3000916,291.06777494617654
3000917,56.435578527595645
3000918,4070.380313531913
3000919,292.54334531694985
3000920,22.456430728810577
3000921,1.1646155748783489
3000922,0.0
3000923,3.374170417942554
3000924,1242.7795415318112
3000925,0.0
3000926,89.67868434408369
3000927,2.8161319451479456
3000928,652.6520442064028
3000929,356.4463604089742
3000930,214.92889531617848
3000931,34.550934815815374
3000932,33.45249935849088
3000933,2514.2900203849363
3000934,3.112425385213876
3000935,0.2859480517756945
3000936,8.336060896004591
3000937,10.321675512789993
3000938,0.10770820752352997
3000939,154.29170312150737
3000940,3.0535920314739444
3000941,314.2927528344858
3000942,4.480898057029574
3000943,14.613912853266338
3000944,0.33534733657260585
3000945,173.4907542170357
3000946,158.40514129866074
3000947,0.5791971545757144
3000948,2.2742278417758706
3000949,122.2165861361985
3000950,19.790222507276127
3000951,276.7143567444227
3000952,18.638645644353794
3000953,2.0693702830091936
3000954,4.780974267078893
3000955,0.21231571185120957
3000956,4.759526530441442
3000957,4066.981478244586
3000958,0.0
3000959,842.1951510548403
3000960,11.978727128769329
3000961,1820.242282367753
3000962,660.707364977151
3000963,463.1304353394711
3000964,209.35117014545634
3000965,69.71959932022524
3000966,7346.899050497198
3000967,18.903179173131623
3000968,0.4388143733216437
3000969,24.988233399238677
3000970,16.020827263150583
3000971,0.04193651644717154
3000972,476.72338723671834
3000973,5.999631085275968
3000974,9.25967925530355
3000975,9.260786829913165
3000976,36.74273709570351
3000977,1.7037374899777342
3000978,647.9382874833125
3000979,382.7344353517514
3000980,1.6464871324047112
3000981,13.802851705843093
3000982,406.3925252088876
3000983,99.11803865344713
3000984,1592.3911614538213
3000985,23.57291631626914
3000986,6.171464078784006
3000987,4.042766953101451
3000988,0.000937432005155403
3000989,2.214652529058696
3000990,1450.4497269561853
3000991,0.0
3000992,187.46108793509822
3000993,8.612216892699918
3000994,795.372342535473
3000995,440.38142855468635
3000996,188.69215773112893
3000997,42.11114498863403
3000998,30.573567312826857
3000999,2766.841947239169
3001000,6.681573870740794
3001001,0.2514328013874796
3001002,12.554417325837154
3001003,20.537684092202294
3001004,0.0360540998137479
3001005,161.4520237974415
3001006,5.405774831735691
3001007,322.357894383231
3001008,7.273984207201865
3001009,34.70809300910199
3001010,1.288518523618095
3001011,139.03860173895862
3001012,181.36325648459336
3001013,1.1493709705842439
3001014,4.926434652057638
3001015,142.07908323097465
3001016,31.525595345350652
3001017,376.8722338929979
3001018,21.94770788335706
3001019,2.147136581799338
3001020,3.4274623359493956
3001021,0.0
3001022,3.9090113818778196
3001023,1372.5899650031993
3001024,0.0
3001025,109.85380354921395
3001026,4.429356910109331
3001027,625.0777471788093
3001028,292.1273991207255
3001029,151.32251592859882
3001030,40.74349885667303
3001031,24.170967785408166
3001032,2847.7553596333387
3001033,6.527758515070288
3001034,0.13023285479675192
3001035,10.292577773435385
3001036,10.77682247883369
3001037,0.016213040641913395
3001038,123.6098608093625
3001039,0.9121227573433526
3001040,320.1407281608066
3001041,3.603510906818003
3001042,39.99092026275212
3001043,0.6843453384319309
3001044,107.89555639169893
3001045,176.82320798212768
3001046,0.41518524564941583
3001047,3.97684679426776
3001048,63.25600043056235
3001049,18.078551226205544
3001050,237.65754209363985
3001051,18.493800293625938
3001052,0.9100746855954018
3001053,3.032026066280019
3001054,0.0
3001055,2.91171369381023
3001056,1644.2889684393765
3001057,0.0
3001058,167.99944517774213
3001059,6.662494821375846
3001060,874.6775678676933
3001061,416.55615449529176
3001062,256.285994339008
3001063,31.18726917684713
3001064,33.725575428396
3001065,3049.667517548682
3001066,3.215074794644396
3001067,0.0577115189420759
3001068,7.381450435672193
3001069,18.34494458198055
3001070,0.008358085687488553
3001071,179.8192436786173
3001072,0.659829604483332
3001073,324.70726404496
3001074,5.042392535718581
3001075,18.797085705093874
3001076,2.015613962326415
3001077,144.41148858633383
3001078,263.14254373848996
3001079,0.7184058368690927
3001080,4.2851641214465
3001081,63.76661109554517
3001082,86.17578806237911
3001083,415.9741309348881
3001084,15.628200442403479
3001085,3.6168914283090885
3001086,2.814550146800236
3001087,0.8316268763383565
3001088,4.568133310256983
3001089,1567.1540411811739
3001090,0.0028206077446303593
3001091,144.0036877229575
3001092,3.236213560405581
3001093,771.3961145361693
3001094,377.7582312760034
3001095,236.6344440666945
3001096,94.8466309288819
3001097,53.99900764892663
3001098,2791.3502349465907
3001099,5.17877901311529
3001100,0.8191382153253555
3001101,12.877460756526531
3001102,18.964823015566747
3001103,0.03769969120546474
3001104,200.33833591476983
3001105,6.475953661095007
3001106,317.18148802807326
3001107,7.034487173154533
3001108,25.190383323018683
3001109,1.283218074291697
3001110,123.28742647760656
3001111,177.24575519890584
3001112,0.7318605479174995
3001113,4.562999748982486
3001114,102.19526539322585
3001115,42.39524676129743
3001116,769.7799940675784
3001117,18.016262526387383
3001118,3.6340480449816743
3001119,3.410016554799662
3001120,0.1616704641590638
3001121,2.5437634638579882
3001122,1267.4680292514988
3001123,0.0
3001124,142.56560799369834
3001125,3.2540282189512686
3001126,741.8648351477826
3001127,260.82302895152213
3001128,146.50790853525834
3001129,106.27208054855815
3001130,26.011378750726273
3001131,2206.501111578697
3001132,4.118637050584404
3001133,0.05813664367937354
3001134,13.246320044766247
3001135,14.424777846058221
3001136,0.033780345679782234
3001137,145.91698367097885
3001138,0.0
3001139,316.634155793304
3001140,6.162052668180588
3001141,24.715380308407916
3001142,0.767763042087118
3001143,51.55274555183625
3001144,128.2967540009519
3001145,0.7490970089082349
3001146,2.0575196850236632
3001147,60.930146151221216
3001148,30.989774345866888
3001149,619.7140168393321
3001150,282.6352032288154
3001151,0.8143979585676349
3001152,5.085537509885871
3001153,0.27442631706558857
3001154,3.6310761468024397
3001155,2453.9187048676845
3001156,0.0
3001157,300.4702660579293
3001158,4.36234764058363
3001159,1044.225085659609
3001160,982.4643951737194
3001161,426.7857765896378
3001162,149.4675171021701
3001163,88.26262986650134
3001164,4083.7894587992905
3001165,9.524663213923056
3001166,0.7889566143081717
3001167,22.413166014817453
3001168,25.2430019382827
3001169,0.017019401332466964
3001170,253.50602512896702
3001171,0.023584634089172073
3001172,316.66685876707174
3001173,9.588351599846547
3001174,33.59972980161565
3001175,3.141435214374189
3001176,236.6534112776325
3001177,240.1704400231022
3001178,1.9221496809777303
3001179,6.293459951842357
3001180,282.95949773061795
3001181,49.345150827933054
3001182,1592.0031123202116
3001183,48.59107910428119
3001184,9.252700416462973
3001185,2.638653372307263
3001186,0.8399591291590645
3001187,4.3147467550554
3001188,1880.6260875331272
3001189,0.0
3001190,511.2181638605731
3001191,6.295208745208061
3001192,513.0226632393562
3001193,630.1314023634976
3001194,187.29044306272542
3001195,139.34898658806677
3001196,38.30106420630908
3001197,2610.4759000595577
3001198,9.598441826492342
3001199,0.6498332906120443
3001200,15.433253655031816
3001201,21.18052904786592
3001202,0.01913138967563157
3001203,163.06428719116775
3001204,5.474087619893384
3001205,8.423156482231985
3001206,9.164727977401894
3001207,57.49841157089626
3001208,1.8195775288650302
3001209,73.75220435194794
3001210,141.42476687053602
3001211,2.570132815459715
3001212,5.0599803916693435
3001213,140.00316359216507
3001214,54.379340402875876
3001215,1815.6377955184807
3001216,38.555713722268536
3001217,10.516038190361819
3001218,4.9358761626413825
3001219,0.30617757979296345
3001220,3.7574310231677517
3001221,2314.787275981254
3001222,0.00029402415556249083
3001223,160.6497943683985
3001224,5.51767547458203
3001225,789.7866844294116
3001226,343.040145603918
3001227,266.43639522730876
3001228,43.557148902094895
3001229,33.17684489652867
3001230,2935.03603922871
3001231,8.534666113253747
3001232,0.9387960636443111
3001233,12.05114128384509
3001234,15.265883939670058
3001235,0.17647003435422934
3001236,159.5254627622485
3001237,5.07201135449909
3001238,322.78966453253037
3001239,5.9374966255546076
3001240,34.02405217912339
3001241,2.649428492142232
3001242,120.26807409294108
3001243,159.2840668454977
3001244,1.0097399067402693
3001245,4.287213804574764
3001246,80.85441198168698
3001247,20.839417060081427
3001248,474.1163127304621
3001249,17.449715637889373
3001250,3.7815183912105033
3001251,5.0012373155892345
3001252,0.0037674106441092873
3001253,7.950154577113409
3001254,2397.1952135011225
3001255,0.0026165548906959615
3001256,601.432758143858
3001257,8.901997947344277
3001258,787.5957190692473
3001259,778.0097431280498
3001260,218.21665312130395
3001261,149.6976730734799
3001262,94.92628224454926
3001263,3411.803782095153
3001264,29.52423125962576
3001265,1.0055372800422795
3001266,20.05667155215296
3001267,37.881791000006444
3001268,0.02750895463375426
3001269,227.10246439183666
3001270,15.639270389685937
3001271,22.412870879968747
3001272,8.919675451984656
3001273,76.29775304055465
3001274,9.56474724948239
3001275,382.3399691446572
3001276,257.24719194878975
3001277,7.2189914864425315
3001278,6.416509822863207
3001279,407.5646144996747
3001280,112.50571947438455
3001281,3216.6332472018266
3001282,297.2253624342957
3001283,29.830602934875117
3001284,6.532644049816366
3001285,0.14802905504641758
3001286,4.729064123274873
3001287,3344.0542479212045
3001288,0.0
3001289,413.35318818056703
3001290,4.931894114220813
3001291,957.8653174380034
3001292,785.3068805358065
3001293,496.61133517907604
3001294,64.72982192625469
3001295,58.792519797501946
3001296,4561.753525274864
3001297,10.668947250140532
3001298,0.43374054886217855
3001299,15.70316946528435
3001300,13.504008822639992
3001301,0.0011695377950626119
3001302,273.522710894461
3001303,0.744431336918574
3001304,11.459488229725089
3001305,8.176835276478325
3001306,42.980395621689794
3001307,1.1477689850427937
3001308,276.69827848541536
3001309,314.67108516546585
3001310,2.3128112253823923
3001311,5.069763046160305
3001312,225.2576213131655
3001313,51.462051752977864
3001314,1100.8479714970981
3001315,58.54107217142876
3001316,8.83589536466644
3001317,7.824320287261704
3001318,0.24710653277848743
3001319,4.48133265801032
3001320,2673.645012822647
3001321,0.0
3001322,379.0620978791776
3001323,5.273137724269973
3001324,1001.2682775574373
3001325,630.4379259586728
3001326,267.3042205058214
3001327,225.79970861407074
3001328,74.13192477357592
3001329,3743.683531141635
3001330,11.98435023790803
3001331,0.3991507422302053
3001332,33.826627704247336
3001333,26.819892091874458
3001334,0.057997389442354906
3001335,259.89283634274346
3001336,2.6032177532959393
3001337,6.88096443535703
3001338,9.167877289617081
3001339,90.14184147251902
3001340,1.7849017076817266
3001341,104.78503130334514
3001342,234.3195523171118
3001343,2.3505987268806203
3001344,5.81760726084231
3001345,138.18592385258268
3001346,119.53629893352199
3001347,1535.690059532327
3001348,108.93481039863202
3001349,3.1061852308073847
3001350,3.0056476637310094
3001351,0.01757029088967151
3001352,3.9189311707459407
3001353,1715.9265028690318
3001354,0.0
3001355,124.7197910213356
3001356,4.218516509544724
3001357,649.5702628038238
3001358,329.9078008966158
3001359,144.93040958686092
3001360,44.50497369561757
3001361,38.87234200269692
3001362,2442.395618143321
3001363,6.001318835592455
3001364,0.6430439774417553
3001365,22.7532211512162
3001366,20.706743423144946
3001367,0.0
3001368,161.74100090388683
3001369,0.3981544967752427
3001370,319.3399767260789
3001371,5.5906611544444464
3001372,52.98565207167172
3001373,2.1358854548603454
3001374,104.10997630725596
3001375,145.60150534574538
3001376,0.7432585705719386
3001377,4.499086376956903
3001378,135.5931129782986
3001379,26.444327975060748
3001380,497.87442440953237
3001381,18.019969198553902
3001382,1.347381697269193
3001383,1.598913614986321
3001384,0.0
3001385,2.9851956968997646
3001386,1365.962436463846
3001387,0.16347610577969326
3001388,278.3064774130206
3001389,7.221946828913582
3001390,530.779731157455
3001391,471.59093906928376
3001392,126.9771802426832
3001393,44.12071548363319
3001394,54.378861705769154
3001395,2122.466676856046
3001396,23.408801892370995
3001397,0.3464580456799572
3001398,13.047242045017656
3001399,14.057199734346126
3001400,0.18020659239159226
3001401,133.075832380902
3001402,11.535461956877334
3001403,9.15525662881431
3001404,6.347540430996509
3001405,50.650459598722314
3001406,3.4196262047074413
3001407,693.8859463979092
3001408,156.03856411452563
3001409,3.2879505711232406
3001410,4.723684768623334
3001411,308.84009103030985
3001412,29.913796744301635
3001413,1611.2240811975005
3001414,286.3559162529139
3001415,4.677321502573412
3001416,2.2100306701532535
3001417,0.012924498776448962
3001418,4.363639318240945
3001419,3279.9496086495483
3001420,0.006511280876079523
3001421,739.3708917592076
3001422,11.660891472245451
3001423,1123.3145248291503
3001424,1282.0009422513826
3001425,294.40106822707065
3001426,237.60449468637879
3001427,158.4193793729557
3001428,4143.891210940191
3001429,31.03736434079464
3001430,0.7144504657846731
3001431,19.897462660668523
3001432,32.41417865654452
3001433,0.015233388346139068
3001434,275.28676656884033
3001435,7.0742974702830015
3001436,43.57241763866955
3001437,12.44533433563653
3001438,89.7794605942069
3001439,11.726418608667073
3001440,394.1578848000815
3001441,283.39300767241616
3001442,15.4359723068706
3001443,8.80519188239593
3001444,534.6753838420642
3001445,108.92566610889311
3001446,5362.103530329026
3001447,306.16184486218526
3001448,22.593198771717535
3001449,2.337667986590275
3001450,0.008154876252737834
3001451,4.367013062035995
3001452,1989.0947417830585
3001453,0.0
3001454,397.35959547168727
3001455,6.080946248993609
3001456,428.15173095311974
3001457,548.7119118273599
3001458,148.36854602069306
3001459,111.11827119614514
3001460,73.27999953773764
3001461,1859.9536393762442
3001462,16.294338332144083
3001463,0.8152548531840076
3001464,19.370315066313093
3001465,17.3783150774568
3001466,0.005787656867313943
3001467,101.19478592992242
3001468,0.0025730429835828456
3001469,30.561422543397953
3001470,8.543600902128423
3001471,174.7431341397805
3001472,8.596814202094942
3001473,214.90299966860584
3001474,99.64418213501196
3001475,4.0695675099846875
3001476,4.413078269433029
3001477,178.29043433949275
3001478,34.493157719741866
3001479,2804.423476755185
3001480,7.630967445068368
3001481,3.7954231663241034
3001482,2.793715568727985
3001483,0.0
3001484,3.267870646534199
3001485,825.9130840208089
3001486,0.0
3001487,197.2570895604372
3001488,3.7229969740964934
3001489,286.29437184933
3001490,237.9622225187878
3001491,79.85480468422378
3001492,27.04965248477067
3001493,21.99034044913409
3001494,1189.290020356383
3001495,3.5520627808301457
3001496,0.34355913344705447
3001497,8.866625683288923
3001498,10.391155853473977
3001499,0.14218881303129166
3001500,68.0040469810729
3001501,0.026099046983972033
3001502,10.26213353435597
3001503,10.740558560175325
3001504,25.22045805467134
3001505,0.1699549851743135
3001506,205.42616800762985
3001507,95.6740125205119
3001508,1.7264823095045285
3001509,0.8500610475442412
3001510,113.060451150074
3001511,16.745568099349818
3001512,867.4311549582243
3001513,9.233218813079313
3001514,1.321732540493846
3001515,4.897184511199369
3001516,0.3569553713811363
3001517,3.083838757699761
3001518,2666.53420930529
3001519,0.1136454143320451
3001520,623.0850958068355
3001521,11.648651443777956
3001522,909.3544901041352
3001523,880.6922807082915
3001524,284.97498216187336
3001525,233.27646752088302
3001526,97.89776005108844
3001527,3542.540603770761
3001528,28.044917513386043
3001529,2.5319196173327283
3001530,21.393948393693854
3001531,26.137895916854802
3001532,0.08045381881492782
3001533,212.0898651841549
3001534,4.339082902533811
3001535,34.60518872509714
3001536,12.9192265453227
3001537,121.46046673533678
3001538,3.3041435100351055
3001539,261.0296380436468
3001540,232.92737726090408
3001541,9.616325957701877
3001542,7.747610901577236
3001543,353.3013304042624
3001544,77.09643385054946
3001545,3928.312509024794
3001546,9.259052843127408
3001547,17.363314411110686
3001548,4.574295854114307
3001549,0.0
3001550,3.5651588398572684
3001551,2842.5955880202628
3001552,0.0
3001553,542.0270730597924
3001554,11.854306926681327
3001555,858.7130016891201
3001556,901.1930677495686
3001557,299.36453664169255
3001558,192.7497649342738
3001559,54.297971017333914
3001560,4300.134218815432
3001561,12.836828694245513
3001562,0.3159288502196409
3001563,26.752480458491217
3001564,16.037936516604542
3001565,0.4231242618288343
3001566,225.8972464381298
3001567,0.0
3001568,12.26989450116142
3001569,6.08917340030397
3001570,38.424653068983915
3001571,0.6714504043291911
3001572,182.99055095497386
3001573,286.36108526513664
3001574,3.4657547600652805
3001575,3.112009868881424
3001576,159.57595005956028
3001577,65.83388129124191
3001578,1739.9218783101558
3001579,9.178491838554624
3001580,3.316106203662751
3001581,4.1638221501310015
3001582,0.31996821401692016
3001583,3.945572237546198
3001584,2676.665669280677
3001585,0.0
3001586,608.7530957997652
3001587,8.94420468474483
3001588,824.9556602521923
3001589,736.9378687266209
3001590,247.74739319759365
3001591,165.42884355716743
3001592,53.29373888871879
3001593,3747.305800584031
3001594,12.657555750118258
3001595,0.8745043922338165
3001596,21.757863504774104
3001597,18.164739828749696
3001598,0.015202864384555247
3001599,201.63504673776646
3001600,0.0017111089496894196
3001601,9.22148242879892
3001602,7.591853005189787
3001603,71.95408222049655
3001604,1.0327300743857202
3001605,103.27610426680816
3001606,203.67517320152376
3001607,2.333230260830977
3001608,3.661710603470511
3001609,144.91238126967082
3001610,62.852679150823235
3001611,1392.859789326135
3001612,9.992975380022353
3001613,4.735568842076466
3001614,8.40954611822261
3001615,0.11612884167793038
3001616,13.717796439137548
3001617,7524.640762868437
3001618,0.005060411417015801
3001619,1177.0974945602193
3001620,27.692988616108845
3001621,1823.4999623760295
3001622,1951.8056615482503
3001623,323.2566452365959
3001624,431.56150507479293
3001625,294.44006042743507
3001626,7682.942458740602
3001627,81.79245229010016
3001628,1.979713123914018
3001629,55.08814296799364
3001630,45.93165228090571
3001631,0.05071410966168556
3001632,485.6779370622241
3001633,33.09589898739012
3001634,74.97592405334873
3001635,25.020860860236684
3001636,188.05077872902837
3001637,22.60127494166382
3001638,635.9727965798412
3001639,487.27886794391776
3001640,14.538797921353959
3001641,21.536585178090494
3001642,1019.5650822368402
3001643,223.13035776319526
3001644,10218.758406773935
3001645,6.288764993851892
3001646,72.99718651283287
3001647,2.4946572395592423
3001648,0.2059271056272697
3001649,5.114431276785668
3001650,2014.3068241226283
3001651,0.0
3001652,151.4776259306687
3001653,4.100287660504895
3001654,579.8799778233042
3001655,315.91328002249725
3001656,119.97297431964539
3001657,95.92492607953497
3001658,41.9699098663029
3001659,2428.021881583593
3001660,4.844211525893237
3001661,0.25876329515197183
3001662,11.188230876411746
3001663,10.16524670494186
3001664,0.005853316818385746
3001665,138.7397536220538
3001666,0.39318844506667144
3001667,324.7310282478624
3001668,4.973929238815908
3001669,33.4519102118976
3001670,0.6764351375824409
3001671,53.34529970593061
3001672,87.91416745429389
3001673,1.6012976105128525
3001674,3.3832891662315223
3001675,91.6087124253995
3001676,20.85612004073669
3001677,782.928762494571
3001678,99.00270131952946
3001679,3.189702794173911
3001680,6.413299151225342
3001681,0.02035756079462386
3001682,3.890554476184038
3001683,3048.7393871087697
3001684,0.0
3001685,496.563566322647
3001686,7.354133860017262
3001687,976.612830354549
3001688,709.39344769512
3001689,203.6447169430213
3001690,224.9612815960996
3001691,69.75907820474637
3001692,4300.379503585219
3001693,9.856792489604057
3001694,0.4324253212712142
3001695,17.57690650941604
3001696,19.40561372134973
3001697,0.01860495842498845
3001698,239.35565738990036
3001699,0.6237514065148864
3001700,12.498832205745929
3001701,8.453176419042808
3001702,19.182982151227744
3001703,0.9422267279025613
3001704,289.3239103528561
3001705,222.99976578749576
3001706,3.7563614986865055
3001707,4.349262574722707
3001708,109.29204776193724
3001709,61.37762476142459
3001710,1485.0673443957473
3001711,8.458303440896097
3001712,3.8897142684265216
3001713,1.2897155361183485
3001714,0.0
3001715,1.8701302929752317
3001716,924.2886973313605
3001717,0.0
3001718,118.20878978427457
3001719,2.3590983870971987
3001720,577.1999161971668
3001721,181.13926760914072
3001722,95.11173448292406
3001723,156.82344769222527
3001724,13.953268910402167
3001725,1943.122875011921
3001726,1.3280150631470709
3001727,0.2073913841035339
3001728,8.77079627488609
3001729,7.296208093611156
3001730,0.11953988385711294
3001731,82.02277382604234
3001732,0.00011210029308296595
3001733,321.81521791168615
3001734,4.444243935311963
3001735,34.59634632067865
3001736,0.2637683927526096
3001737,60.44620745372359
3001738,73.83968546377473
3001739,0.47668731179103047
3001740,1.0470510308902572
3001741,46.21092115117707
3001742,10.450531095514117
3001743,273.9824714826218
3001744,289.9983848359063
3001745,1.1667227674292242
3001746,5.446909549452161
3001747,0.0
3001748,3.324930618059665
3001749,2029.0476357358054
3001750,0.0
3001751,202.0105742241355
3001752,6.688229748272272
3001753,887.9354205705591
3001754,529.3550962458
3001755,169.00756444960237
3001756,120.33113687418331
3001757,38.69636820106008
3001758,2748.738302182223
3001759,2.6966010274436254
3001760,0.300061367297499
3001761,25.60617031159565
3001762,16.089595917681034
3001763,0.03092632744453022
3001764,189.228057917734
3001765,0.0007008100213441106
3001766,321.3895721671881
3001767,12.84602931864607
3001768,45.74189748097539
3001769,1.0209528559370424
3001770,254.86875923698807
3001771,187.50145591822994
3001772,1.6054778571623376
3001773,2.953875601937133
3001774,208.123898898483
3001775,29.309125656232236
3001776,1534.693873062845
3001777,288.9634772015091
3001778,0.5014692232799949
3001779,2.6728328866813897
3001780,0.23476249836815807
3001781,2.788260325612796
3001782,2084.4245863768438
3001783,0.003304792472973342
3001784,606.6783892223484
3001785,8.727009399128896
3001786,796.1246164096309
3001787,692.4346807531665
3001788,216.8870208521674
3001789,93.41371092649639
3001790,59.79687872645807
3001791,3823.862075511645
3001792,6.641312078092004
3001793,2.4917437250088623
3001794,22.47816118377011
3001795,36.30356029569663
3001796,0.027443654731958898
3001797,189.56101881697327
3001798,1.5535065248456457
3001799,9.263076134488518
3001800,7.116200211915615
3001801,28.637493674921327
3001802,1.9638110820474988
3001803,165.7258052635511
3001804,254.44488174659523
3001805,2.9722817752414126
3001806,4.576481283553241
3001807,139.02947522368657
3001808,26.199192234789834
3001809,794.2699765356081
3001810,10.279826436374677
3001811,2.377695028712028
3001812,2.7741226624637876
3001813,0.0
3001814,1.7614421568284984
3001815,1223.5456870624541
3001816,0.0
3001817,97.02916222471254
3001818,1.4290972601717717
3001819,404.2780754598979
3001820,169.52504728280277
3001821,87.2909702639996
3001822,130.9579470172541
3001823,35.936517504125135
3001824,1709.2723149291971
3001825,3.692983135661155
3001826,0.40450800855986835
3001827,8.826665105895433
3001828,7.5731053071834165
3001829,0.16813075556002924
3001830,78.36858811103599
3001831,0.0008930009106732285
3001832,321.4421306287087
3001833,12.741784918854197
3001834,38.51837429140373
3001835,0.576466314791753
3001836,156.70626704001552
3001837,76.10079201307151
3001838,0.6325487545949098
3001839,0.712171230208795
3001840,35.80206156145954
3001841,15.88296529042153
3001842,416.3334087206286
3001843,111.92761584454469
3001844,0.9748988302809174
3001845,3.3114905885452863
3001846,0.0
3001847,2.072598852949497
3001848,3494.194721773581
3001849,0.0
3001850,511.05380352883753
3001851,7.717351501970569
3001852,798.1270999049369
3001853,678.6816340635129
3001854,200.35688583749348
3001855,105.83784731835364
3001856,66.8357861641399
3001857,3975.5702474370946
3001858,6.603389678426588
3001859,0.3461989686627116
3001860,23.65700457475206
3001861,11.170018113747725
3001862,0.0007772449671497193
3001863,195.73873566995866
3001864,0.0007811745170610498
3001865,27.949069122294716
3001866,7.3550872265907685
3001867,55.54921265566536
3001868,1.1419324991850663
3001869,207.28124922052584
3001870,210.93492303950134
3001871,3.164892619488815
3001872,2.600798604568632
3001873,107.52509998468095
3001874,49.87238331274103
3001875,1650.1223134975842
3001876,8.874359877158279
3001877,0.6881661696540431
3001878,2.9380290768526325
3001879,0.005792352922526794
3001880,7.975501006653552
3001881,2666.942044782683
3001882,0.004639175499325488
3001883,506.17834469461343
3001884,5.906801543934283
3001885,909.5754218469938
3001886,837.8931986923493
3001887,157.90328732522528
3001888,123.84791603829287
3001889,113.35627393753103
3001890,3640.9335724707116
3001891,52.2151039953122
3001892,1.2706959942542415
3001893,29.26385850621268
3001894,25.572037029973796
3001895,0.030783070619193
3001896,239.4704601308159
3001897,19.329974335017994
3001898,26.594334042193847
3001899,4.443165739997114
3001900,105.76031739529739
3001901,8.885011512442706
3001902,223.33038186642355
3001903,262.0262567211999
3001904,10.833950473341362
3001905,15.169521292754393
3001906,251.44251063533272
3001907,75.28975205421382
3001908,3816.5071606547
3001909,233.6465766323584
3001910,12.108976188906796
3001911,4.796776285952351
3001912,0.0035012277189646447
3001913,7.016133236118884
3001914,2408.0483538229255
3001915,0.0023506771539322253
3001916,452.6687043680427
3001917,9.070640274115645
3001918,908.1874395820367
3001919,784.0217885316019
3001920,129.49271950184433
3001921,84.59461046976594
3001922,126.62719580472132
3001923,3394.9749985150906
3001924,23.569517186004596
3001925,0.6288451664632453
3001926,39.07324155894497
3001927,25.904459170476382
3001928,0.023932803951733996
3001929,288.5247047831496
3001930,19.190868082029986
3001931,20.78669043135827
3001932,12.535156434341257
3001933,89.16083816725487
3001934,9.035996130455244
3001935,163.13320418042534
3001936,354.76367315330464
3001937,7.633680534367729
3001938,9.770666425216511
3001939,122.29827580860207
3001940,67.9345484319833
3001941,3043.5330200753765
3001942,33.56363375110337
3001943,12.737988382448098
3001944,5.211152851081453
3001945,0.17835553648883926
3001946,3.818703980150958
3001947,2809.7651731203287
3001948,0.0
3001949,623.1453341873352
3001950,5.026574638617088
3001951,1166.7507312042812
3001952,654.1358102527569
3001953,189.03355727941963
3001954,280.0322276263503
3001955,54.857223072233346
3001956,5078.38883698016
3001957,25.57156748110813
3001958,0.9899408279838084
3001959,24.263962081304236
3001960,16.91129968113856
3001961,0.030075180281396417
3001962,299.1683468561472
3001963,3.644092906596379
3001964,18.59048593306161
3001965,8.44240569353235
3001966,56.394595551522826
3001967,4.20907507157844
3001968,146.66481856212675
3001969,281.89538594634325
3001970,5.158626489353694
3001971,6.531366796883604
3001972,180.04922357966643
3001973,49.074202187103644
3001974,1915.4879972606311
3001975,19.346957128974662
3001976,11.787913633863335
3001977,3.445860027518872
3001978,0.040789871198302234
3001979,5.351008139127904
3001980,2075.446181442691
3001981,0.00026706400405697976
3001982,337.93784705038286
3001983,5.4338257365632625
3001984,733.0820332345235
3001985,659.2840413456244
3001986,174.89215063575244
3001987,119.00913410990837
3001988,77.9774850706087
3001989,2870.429245728069
3001990,23.324308667878164
3001991,0.9035089381353332
3001992,14.724836819957808
3001993,12.287619985614185
3001994,0.12639723350865234
3001995,188.28577772296947
3001996,15.048989380438112
3001997,26.41262707132543
3001998,5.132267853474158
3001999,70.82125503968722
3002000,6.046486853250876
3002001,298.89145837557805
3002002,222.381017849929
3002003,5.194543426012958
3002004,6.901845657647648
3002005,334.5974659861587
3002006,51.980519089478165
3002007,3108.2387666101467
3002008,38.00701453552494
3002009,19.138191156448332
3002010,2.202508023393441
3002011,0.025320668158664166
3002012,3.7083037454275773
3002013,4798.916518189936
3002014,0.0026313451981754025
3002015,424.2507485302743
3002016,7.670337804218791
3002017,1582.5224545651697
3002018,822.7580587779391
3002019,261.1716293816671
3002020,163.56247192186268
3002021,51.52667839187019
3002022,5437.5767685501
3002023,8.33828270181555
3002024,1.6707708681183466
3002025,24.54840862265073
3002026,23.737861816969833
3002027,0.0498456513302071
3002028,316.423591508777
3002029,0.009419423654159341
3002030,21.21696181989872
3002031,10.746532543465717
3002032,28.29134989917671
3002033,1.8469448438665101
3002034,129.34584151270585
3002035,278.23342079103253
3002036,2.6895458835508688
3002037,7.473477556010852
3002038,144.8928180298776
3002039,49.97274434485382
3002040,1407.9681511020676
3002041,282.49750670866837
3002042,3.5698613917928927
3002043,6.307240875945864
3002044,0.0037862263763353446
3002045,9.11686683559907
3002046,2191.081604932831
3002047,0.001251978433955044
3002048,450.85587992522915
3002049,8.108494739652832
3002050,951.7964872142098
3002051,680.2361126688089
3002052,203.7747393852499
3002053,118.61727504495725
3002054,93.87394739847177
3002055,3680.3350242973297
3002056,26.902684003184365
3002057,1.060959860316284
3002058,26.034522442945725
3002059,30.912822394680713
3002060,0.024248095539584135
3002061,233.62490766255956
3002062,13.929042232919135
3002063,21.124722118879276
3002064,10.052151473607694
3002065,60.827006434640666
3002066,9.417029728494025
3002067,193.96394370600984
3002068,300.4827234720274
3002069,13.087608679911298
3002070,7.259527125310944
3002071,181.06964260771244
3002072,69.42373254676333
3002073,2707.0057735985934
3002074,9.130333267922389
3002075,6.0209468364803795
3002076,2.8856973968602913
3002077,0.0
3002078,5.40458661736419
3002079,2196.9908035780873
3002080,0.0
3002081,404.42313659037353
3002082,7.262805738387167
3002083,690.2645261191927
3002084,743.8372355277578
3002085,151.04363669997483
3002086,111.45941520315694
3002087,98.92824181515708
3002088,2784.060391682842
3002089,26.592503669387035
3002090,0.6784807119678073
3002091,26.694806472756607
3002092,30.22686965339882
3002093,0.02427733785218198
3002094,194.18177123000996
3002095,10.612325509974362
3002096,37.25167405864796
3002097,7.2442050473260196
3002098,63.73730502213044
3002099,7.58221051200003
3002100,215.38494599541946
3002101,213.58740265562886
3002102,8.782149971613208
3002103,7.431366132635626
3002104,213.6830849505514
3002105,51.623052675855895
3002106,3097.0804992392013
3002107,7.722911228820539
3002108,10.376051435685955
3002109,4.400290344599421
3002110,0.006659758168713838
3002111,4.693393430879895
3002112,4311.670640079769
3002113,0.0
3002114,502.28163944863434
3002115,12.14983477848604
3002116,1061.0613106696871
3002117,720.5661428449206
3002118,270.36538508670327
3002119,157.07164516532296
3002120,50.47280653440994
3002121,4331.657948687778
3002122,10.242031929978868
3002123,0.15094692183703562
3002124,14.963942329681418
3002125,20.487947900150125
3002126,0.10881581921233432
3002127,228.6800029280664
3002128,0.0022439351028082214
3002129,15.714999456227236
3002130,5.8775257839952575
3002131,57.50974683892433
3002132,2.566343969480946
3002133,196.67304098148483
3002134,271.7349992159033
3002135,2.932996591273382
3002136,1.3036659831247577
3002137,229.7754472487811
3002138,109.33049013770255
3002139,1470.5859164926608
3002140,11.111803908040615
3002141,0.4439555537855639
3002142,12.7017492500739
3002143,0.005888398419632383
3002144,13.626174444976604
3002145,8153.5429481035235
3002146,0.004735110876784079
3002147,1374.6295120658235
3002148,26.15543591775693
3002149,2225.3151128149984
3002150,2195.139544336646
3002151,471.4578958612989
3002152,518.8110980685382
3002153,353.08604887609454
3002154,8751.965585840715
3002155,94.74771415329757
3002156,3.3972155171359377
3002157,106.91276202272228
3002158,134.76300007452582
3002159,0.07112037246374198
3002160,599.2029996936978
3002161,25.08143077850408
3002162,30.995438176801525
3002163,48.03491502112204
3002164,277.4841229421235
3002165,20.682344407472996
3002166,724.4136486983778
3002167,511.4742171936232
3002168,29.81707198298129
3002169,31.696396377788
3002170,1019.2148371213661
3002171,300.81300384377926
3002172,11413.344509443092
3002173,277.9978481388187
3002174,77.08528130083481
3002175,13.24102031944548
3002176,0.0034719290561594364
3002177,11.637645566669745
3002178,7903.246647401477
3002179,0.003706260272350499
3002180,1102.116858280274
3002181,23.756741035596264
3002182,2280.0931860137043
3002183,1955.0996549251397
3002184,614.2357741828532
3002185,315.63720983199244
3002186,255.93914231690763
3002187,9763.85317417935
3002188,108.43562123071283
3002189,1.2140317641960552
3002190,64.81655190189862
3002191,81.47753541841126
3002192,0.5831490379891264
3002193,584.470277613802
3002194,17.997891793692038
3002195,38.72359529682931
3002196,10.340221468870942
3002197,196.50657298284708
3002198,16.431863188187087
3002199,867.3036020500565
3002200,690.3000101529249
3002201,18.88884269747437
3002202,24.589192701024565
3002203,1067.6116064601804
3002204,231.17442335060076
3002205,8293.120390394371
3002206,429.8013422500808
3002207,71.04427347893522
3002208,10.55143226703323
3002209,0.0015832294817833487
3002210,18.079959978599565
3002211,4483.131029618684
3002212,0.016886090572217835
3002213,783.5085596707914
3002214,10.872022613701972
3002215,1810.7920137009805
3002216,1232.5029369851288
3002217,633.2919813128767
3002218,112.9940282574676
3002219,196.98499467894524
3002220,7729.9093834117375
3002221,34.571761165513266
3002222,2.3302619632690544
3002223,39.58761816547454
3002224,25.328173142186245
3002225,0.412790596097996
3002226,502.2075662196532
3002227,23.070645016086548
3002228,27.88563608890057
3002229,10.65811311168388
3002230,104.79577658961016
3002231,10.627157339253317
3002232,899.6704594029894
3002233,644.8667093890338
3002234,18.052937315167846
3002235,38.7078074683369
3002236,592.4187694464343
3002237,121.62246228434367
3002238,3456.095147011324
3002239,253.20984479027072
3002240,36.154278221731325
3002241,11.786638040339906
3002242,0.002237579881270727
3002243,21.100042629690204
3002244,7264.748289414807
3002245,0.002471622851687314
3002246,1016.1450676798071
3002247,17.829081437075384
3002248,1957.9967581795265
3002249,1902.7925553120224
3002250,526.9268789111793
3002251,293.63953595309476
3002252,213.73932634807525
3002253,9705.713975930665
3002254,43.601961329034296
3002255,0.9239031260093624
3002256,78.88851909755327
3002257,59.83887995924018
3002258,0.6282789898269612
3002259,527.5131707052061
3002260,19.537416857565646
3002261,34.9055654548252
3002262,18.351197249795497
3002263,183.80523914043238
3002264,12.929505228427601
3002265,701.1863152058438
3002266,636.10946302202
3002267,17.986270639943264
3002268,24.91818249105584
3002269,889.294357222514
3002270,204.57231325547846
3002271,7121.1956808716395
3002272,332.44189889001893
3002273,56.69993939842726
3002274,8.933102183329261
3002275,0.0
3002276,16.690915489233408
3002277,3529.423509424848
3002278,0.0
3002279,664.5391069971851
3002280,14.058557152088477
3002281,1567.1673059141965
3002282,974.1685866501543
3002283,483.62788948998457
3002284,89.81185505358212
3002285,134.09599857515468
3002286,6713.396910445164
3002287,32.93734861127575
3002288,0.21541265170615523
3002289,31.046191440132894
3002290,25.49467466138215
3002291,0.04221404528100633
3002292,479.1050653760127
3002293,22.484014718292364
3002294,15.741160996384274
3002295,7.5229185371618055
3002296,93.49374360447082
3002297,4.349538225143382
3002298,637.4122327841804
3002299,680.8091295198246
3002300,12.822105899120109
3002301,19.71831619430704
3002302,626.1202492263111
3002303,77.06687235515186
3002304,2364.70465180011
3002305,268.36634173707404
3002306,17.01484539221364
3002307,8.222851972621758
3002308,0.0044628907406975915
3002309,12.607345637733111
3002310,5761.453478612506
3002311,0.003311237594121214
3002312,1104.0154167980443
3002313,20.085282047755225
3002314,1801.6736754758263
3002315,1998.6933625604743
3002316,390.02387104335594
3002317,417.11975004818555
3002318,299.1071707684292
3002319,7643.0198241353355
3002320,75.74265719180475
3002321,1.1665131763336194
3002322,45.77098537701969
3002323,53.70446263704742
3002324,0.42285496167583375
3002325,433.07808386163396
3002326,10.882176328339355
3002327,36.241612560254524
3002328,10.715809447675017
3002329,206.60205896493332
3002330,16.10012398147414
3002331,676.6351941664119
3002332,490.63910391808054
3002333,14.401300376621572
3002334,26.78161054156078
3002335,856.3660968514213
3002336,213.35920513907442
3002337,10101.048055819623
3002338,204.0066229726144
3002339,67.80580819677354
3002340,5.13368678687356
3002341,0.15461728636034885
3002342,6.213293131865926
3002343,1817.954845903415
3002344,0.0016956428084857116
3002345,336.53295637500946
3002346,19.895119122690776
3002347,778.6572391274748
3002348,551.5518792791929
3002349,217.0880236805099
3002350,79.03775353764087
3002351,71.99218720261592
3002352,2818.84938085703
3002353,21.001684612231887
3002354,0.9975335256501177
3002355,27.650263973375786
3002356,21.06750867052654
3002357,0.0214983749008527
3002358,186.64078771942928
3002359,9.712743502794327
3002360,11.862565241460127
3002361,12.137336916568714
3002362,54.360886993531054
3002363,7.894828545950984
3002364,214.8148831081509
3002365,231.0430757040895
3002366,2.4256321503712974
3002367,6.285502830128875
3002368,219.35832237732646
3002369,49.92773727115372
3002370,2034.8660648043538
3002371,12.210797729790732
3002372,8.314256037301305
3002373,8.987954670553727
3002374,0.0017542395303263346
3002375,12.464191766038912
3002376,3752.152069987624
3002377,0.001988169630886783
3002378,509.3837527503219
3002379,28.114838197081472
3002380,1350.430787191152
3002381,998.008049067021
3002382,430.83665301833554
3002383,94.27796101268632
3002384,123.25502254380051
3002385,5737.7603866988
3002386,69.1810530032368
3002387,1.2860701515274142
3002388,48.23391755033412
3002389,31.18270935066466
3002390,0.05994033275286539
3002391,339.8337776039252
3002392,9.406582136390602
3002393,14.646562509721047
3002394,7.602019182008547
3002395,127.81084700161827
3002396,8.43350323811095
3002397,503.2523468797814
3002398,461.9961190997369
3002399,9.391973536918817
3002400,20.662719923560076
3002401,357.32816677134286
3002402,76.77796123569419
3002403,2711.673172580164
3002404,259.9847814742286
3002405,14.186586076401522
3002406,5.965288675180632
3002407,0.004565856438304008
3002408,5.429094826033851
3002409,4094.1696409164506
3002410,0.0034140852378196852
3002411,867.9227195933183
3002412,10.652891660489681
3002413,1398.9877766434277
3002414,1562.1556753092989
3002415,243.21518253981625
3002416,337.83115869692807
3002417,221.3296753976317
3002418,5220.074467166393
3002419,48.46558128249572
3002420,1.3819088321460633
3002421,32.54557219666036
3002422,35.65252821577366
3002423,0.06173422722387692
3002424,315.5337423987189
3002425,2.299215162836065
3002426,53.663822002721254
3002427,8.080124070611982
3002428,134.16272384349244
3002429,10.388875902542903
3002430,563.1361365317374
3002431,296.5510833966587
3002432,18.650560552930603
3002433,10.417722270532382
3002434,690.2454797420179
3002435,122.01430717758598
3002436,7760.223933768018
3002437,11.414259655505031
3002438,41.463365051356305
3002439,7.266927923699823
3002440,0.0
3002441,7.309908065133531
3002442,3907.748101791576
3002443,0.0
3002444,793.0089991023127
3002445,11.788170323540731
3002446,1520.25759784446
3002447,1139.592249843603
3002448,321.8024639849186
3002449,206.55665470447687
3002450,261.5258406668902
3002451,5341.082101028599
3002452,37.03029027501343
3002453,2.1974688447223145
3002454,45.10958970458747
3002455,42.46229274983932
3002456,0.044252406105864346
3002457,319.2322224192743
3002458,5.935105139057881
3002459,58.761771632683136
3002460,12.063520645213758
3002461,219.92169988074403
3002462,9.996651264927465
3002463,418.27281837043637
3002464,332.7073444513231
3002465,11.828259629488151
3002466,25.035661404885975
3002467,426.02677018965574
3002468,125.56024461644928
3002469,6800.319525813084
3002470,12.617525820995025
3002471,6.809056657979886
3002472,6.651456354968322
3002473,0.0
3002474,4.114574944310001
3002475,2035.5069378203948
3002476,0.0
3002477,443.32802377472694
3002478,4.999700916924668
3002479,957.3081080511441
3002480,523.0207486639865
3002481,216.51130813368522
3002482,86.99767105864953
3002483,92.89992544065196
3002484,2827.649166817322
3002485,12.396377986262326
3002486,0.9855462425194363
3002487,26.187567333787264
3002488,23.511042228629766
3002489,0.0024286315960872517
3002490,190.35027977454007
3002491,6.530200187430943
3002492,18.82869656049395
3002493,9.4532163728534
3002494,57.746985018205876
3002495,3.3703916299100563
3002496,233.51531677162453
3002497,217.49114772304452
3002498,3.8066887085487027
3002499,4.6274392926278525
3002500,162.0540449978385
3002501,79.00896715810454
3002502,2751.825060893284
3002503,16.674865812469267
3002504,3.2557937600515503
3002505,5.127776109118416
3002506,0.0
3002507,15.089185458839363
3002508,2705.0765628448694
3002509,0.0
3002510,216.9812076369352
3002511,3.368800059247943
3002512,916.4643368087011
3002513,243.84809302311132
3002514,197.33079032779668
3002515,49.5315556020501
3002516,25.10891271856044
3002517,3278.3159681001366
3002518,9.319617446528163
3002519,0.627032190310846
3002520,16.112840058384446
3002521,10.154944625414961
3002522,0.1093920955546424
3002523,176.716357424893
3002524,0.0011966087221972007
3002525,317.1533032580551
3002526,6.028948117888877
3002527,40.32572300213057
3002528,0.7968911073045677
3002529,46.160541003276535
3002530,158.63094447793782
3002531,0.006824814025924996
3002532,1.451813222905947
3002533,43.769815566555764
3002534,78.0374819520455
3002535,718.0706154729008
3002536,282.9020928390819
3002537,1.515596890739023
3002538,5.589177994441634
3002539,0.0042589038087733145
3002540,7.315385086961662
3002541,2879.544120862241
3002542,0.0017234625029266802
3002543,493.87098378308104
3002544,10.053723689294594
3002545,1093.9898566721818
3002546,865.7487090580063
3002547,320.4651923592335
3002548,160.53875788836237
3002549,121.26337140913978
3002550,4309.7219408483
3002551,30.308488793492955
3002552,0.6304352072435162
3002553,21.58925981623027
3002554,43.590155923599575
3002555,0.007432051484961867
3002556,276.983900777415
3002557,16.195782141455012
3002558,20.316681443559148
3002559,13.608806796942762
3002560,77.44845373070046
3002561,5.161907109691472
3002562,404.8287902959603
3002563,311.5109153078885
3002564,8.335864642529701
3002565,14.621919299001728
3002566,428.37505051578046
3002567,91.18957952782243
3002568,3491.324434193012
3002569,303.02663032838086
3002570,32.61670931950299
3002571,4.606772323184554
3002572,0.006153647184028401
3002573,6.863945747783333
3002574,4017.9564225438194
3002575,0.04394661566916383
3002576,643.519605560711
3002577,14.938131548236802
3002578,1126.9788979838359
3002579,1348.7668763263675
3002580,190.59665736324115
3002581,280.7900755820136
3002582,200.25346298986895
3002583,3832.7663313781277
3002584,42.37762384923367
3002585,2.4399586905516286
3002586,32.513164577084204
3002587,37.61795982620547
3002588,0.5925915958801438
3002589,264.52347916751614
3002590,13.158763102918503
3002591,43.05150479571334
3002592,11.243124142088423
3002593,147.13995337109844
3002594,15.14564490790529
3002595,425.75673032917354
3002596,266.49281604607404
3002597,5.867191726114845
3002598,13.330122438438687
3002599,610.1623044940745
3002600,137.5084201406904
3002601,6637.674193976564
3002602,8.944946686550951
3002603,45.113373548614774
3002604,3.5740673983458553
3002605,0.6426862678265486
3002606,10.499610884478011
3002607,4105.415695828161
3002608,0.006116912750763336
3002609,773.7025585012863
3002610,16.831009333130027
3002611,1226.5324370537653
3002612,1369.8361371759795
3002613,271.3757935164133
3002614,300.2868331701073
3002615,156.59549141113902
3002616,4400.32571947762
3002617,31.50504034922117
3002618,2.1977185447037813
3002619,38.12660348016831
3002620,56.82649513704843
3002621,0.02517001365054704
3002622,337.4841314767116
3002623,26.111866593455087
3002624,46.155107824448685
3002625,17.787201716705336
3002626,132.55398109641118
3002627,16.17121547288542
3002628,383.79926866455963
3002629,317.9754218567342
3002630,15.16964586889291
3002631,19.45453096945001
3002632,513.1592796986627
3002633,147.34830252362005
3002634,5872.887882749447
3002635,8.564506866970275
3002636,33.252059302690256
3002637,9.861099453099154
3002638,0.2133950880931341
3002639,8.505037959913514
3002640,2850.7724830306784
3002641,0.0
3002642,425.2122099410492
3002643,11.49807918941714
3002644,1310.3102811653841
3002645,821.5858112988562
3002646,460.7573909406225
3002647,172.76020690812126
3002648,96.81770642063792
3002649,5847.3269402582755
3002650,7.790140608575486
3002651,0.7783412308046538
3002652,44.98995489240803
3002653,39.25382833537055
3002654,0.02471003470337308
3002655,346.2452857392577
3002656,5.657241956199534
3002657,9.883597190112582
3002658,10.704975460405747
3002659,44.983580950885
3002660,3.6368710877308423
3002661,316.0146159778723
3002662,408.0655378370009
3002663,5.678655775723242
3002664,5.962850427404079
3002665,323.7244608646288
3002666,96.50144238866703
3002667,1650.4628002242157
3002668,110.32691614319019
3002669,14.490888951428358
3002670,3.5234459856976272
3002671,0.006683274545751826
3002672,4.112918244848206
3002673,2001.636110958048
3002674,0.006918355676785945
3002675,330.3072995790762
3002676,9.71084375744992
3002677,658.4813102111026
3002678,630.8792349808695
3002679,117.80302985649423
3002680,122.94580492963516
3002681,115.39431434046504
3002682,2290.35861005995
3002683,16.725725298779707
3002684,1.33575187851552
3002685,21.598872377864524
3002686,27.941732427390264
3002687,0.043502452920558696
3002688,168.68046402755098
3002689,11.991192406599087
3002690,14.464036038522531
3002691,4.574322372236269
3002692,102.98983617627184
3002693,4.4317678647993315
3002694,264.4992468039428
3002695,158.12341850444398
3002696,3.5903780017662985
3002697,7.759082987898886
3002698,272.4944480434261
3002699,63.44909527937338
3002700,2067.4222435611764
3002701,0.0
3002702,22.396107253804068
3002703,1.2503031500150374
3002704,0.0
3002705,2.629712466994832
3002706,1378.4571973463592
3002707,0.0
3002708,86.96251463068097
3002709,2.778264135419536
3002710,662.8485704711592
3002711,242.4693724460525
3002712,178.26350047589398
3002713,28.086008077168866
3002714,27.953910552055113
3002715,2373.9566885266845
3002716,3.3111472692969617
3002717,0.27576323901392236
3002718,6.849808268549646
3002719,5.734765589010194
3002720,0.10737766055033464
3002721,135.55126683746155
3002722,3.159591372039788
3002723,0.003141738866526995
3002724,0.8903437104475493
3002725,10.045831715236899
3002726,0.35075025547312944
3002727,234.95427444949127
3002728,144.02954352244222
3002729,0.647793779665212
3002730,2.3689619336327907
3002731,114.87294665552243
3002732,24.303728890886457
3002733,198.9318766923973
3002734,5.332044827812233
3002735,2.038681003023872
3002736,5.675456625319948
3002737,0.11750322008157447
3002738,4.3227466955022
3002739,4115.537052363998
3002740,0.00040160478769640513
3002741,940.2106153684457
3002742,11.925152126037034
3002743,1603.8005744001232
3002744,565.2586600344456
3002745,425.26253550669105
3002746,205.04072043861686
3002747,60.302219077366004
3002748,6618.831834667363
3002749,20.567364331645653
3002750,0.46355451951090587
3002751,22.425087077682118
3002752,14.685524572252781
3002753,0.02775476080577679
3002754,440.2548629079249
3002755,6.316273638248777
3002756,1.9291560384203756
3002757,7.057963305927942
3002758,30.390081964379224
3002759,1.6446330489407828
3002760,846.6527588967473
3002761,322.75900054614
3002762,1.1533791017689463
3002763,12.55318150361938
3002764,354.65677418102547
3002765,111.88340046659741
3002766,1318.914648078341
3002767,20.607987183757746
3002768,5.168649058758233
3002769,3.9350487805426226
3002770,0.0007269403174787694
3002771,0.858469204449043
3002772,1416.1440471436906
3002773,0.0
3002774,150.54930306391853
3002775,8.91838416548897
3002776,747.1890252790288
3002777,354.550773758987
3002778,181.48482190043097
3002779,46.92834184962066
3002780,30.31921853602176
3002781,2485.504495707193
3002782,6.4428945107029545
3002783,0.23129130405036102
3002784,11.534800484282892
3002785,18.209202233874674
3002786,0.01966751351862399
3002787,153.56888723956396
3002788,4.749512807480295
3002789,0.011441844827724581
3002790,5.188137094534285
3002791,34.803238221175576
3002792,1.3156456309824507
3002793,209.13728590205776
3002794,165.31011342932257
3002795,1.149908766291019
3002796,5.565077118787241
3002797,148.76754201577194
3002798,36.0892738276923
3002799,314.3320104017944
3002800,7.930508994800244
3002801,1.904378485068249
3002802,3.406853554413196
3002803,0.0
3002804,2.23895835088042
3002805,1282.3070060839066
3002806,0.0
3002807,101.36838902889143
3002808,5.363735833560974
3002809,715.1905410593647
3002810,223.99745254104607
3002811,113.91019461323876
3002812,34.214340390443745
3002813,23.492575524414114
3002814,2350.319064375692
3002815,8.237699099910735
3002816,0.13023285479675192
3002817,12.13557344249226
3002818,6.404162492356563
3002819,0.00014026733045918719
3002820,117.15623069352868
3002821,0.9641144781853148
3002822,0.005901484943193909
3002823,1.5761629099802699
3002824,28.35740574230282
3002825,0.7209637666075259
3002826,191.3118152486305
3002827,161.00744912959757
3002828,0.3769560286037542
3002829,3.9569594930966074
3002830,91.35169624093817
3002831,18.623649931253055
3002832,174.18535371226335
3002833,5.038283859562227
3002834,0.95185817406366
3002835,3.129424048790522
3002836,0.0
3002837,2.1771985955336124
3002838,1553.1087394827002
3002839,0.0
3002840,159.18385362293895
3002841,7.672833209355948
3002842,901.0651273766534
3002843,346.9122162853662
3002844,219.67642739201213
3002845,30.91071354795061
3002846,35.72859515112754
3002847,2821.784416940186
3002848,3.571942030572165
3002849,0.06170668707826786
3002850,5.525339184615824
3002851,17.57440581094097
3002852,0.008057185404492335
3002853,179.349047542919
3002854,0.567622375781462
3002855,0.006135025426071526
3002856,2.373708758296327
3002857,11.6361980705133
3002858,2.0243637155236356
3002859,299.27514461734603
3002860,222.6509146733619
3002861,0.6945635129282739
3002862,4.365598997357515
3002863,80.6338123285719
3002864,100.36488780449915
3002865,355.8787517210492
3002866,6.491181363070783
3002867,3.6557151686475757
3002868,3.2019766582529003
3002869,0.7925616171121435
3002870,3.8073669631747125
3002871,1575.5926657416264
3002872,0.0025213598792660735
3002873,170.89770853874512
3002874,3.3012853081761016
3002875,841.8289954428277
3002876,327.22218611342754
3002877,249.4796477369195
3002878,89.5810114473531
3002879,62.56620083532186
3002880,2694.5864744229693
3002881,4.7766216076219985
3002882,1.4898069307048383
3002883,10.311857041324869
3002884,15.979628279658833
3002885,0.03473204802508789
3002886,196.17581095066026
3002887,6.207587091124111
3002888,0.016017757319826614
3002889,3.045321680777392
3002890,19.56441208958254
3002891,1.204692172339001
3002892,162.07300535523268
3002893,167.47685501786293
3002894,0.7163297289780528
3002895,4.007839406827368
3002896,118.71523877113677
3002897,47.34606815828131
3002898,582.804928163872
3002899,11.080343014049362
3002900,3.5298222069656795
3002901,3.392498725887857
3002902,0.16459037665352955
3002903,0.3846383909693463
3002904,1251.8007231822774
3002905,0.0
3002906,118.81919071478508
3002907,3.8769279434288455
3002908,706.2764961245247
3002909,202.6785054625075
3002910,125.608963297702
3002911,105.41241825775734
3002912,23.344564539142127
3002913,1799.2418761261272
3002914,3.9006952479289456
3002915,0.0708813540740224
3002916,9.757657574821186
3002917,10.599851737842792
3002918,0.028569539703857717
3002919,129.6286245780574
3002920,0.0
3002921,0.0013322632377453269
3002922,2.144035315634619
3002923,16.708189389233826
3002924,0.7364127920211199
3002925,57.07160465396419
3002926,110.1677134165862
3002927,0.5606588189207424
3002928,2.0327492407156864
3002929,55.58678378133489
3002930,27.086735401433778
3002931,432.21548260805906
3002932,0.0
3002933,0.7371802276970325
3002934,5.268646257405934
3002935,0.2328258823214648
3002936,2.7212878582123206
3002937,2590.231550286939
3002938,0.0
3002939,267.56922641116927
3002940,5.201976631809979
3002941,859.0479545698106
3002942,569.0347696089622
3002943,395.90254384999963
3002944,160.37249280264774
3002945,77.64467233509552
3002946,3843.5017826754606
3002947,12.788441518265785
3002948,0.8236757129737278
3002949,18.2522740361474
3002950,19.87102251650484
3002951,0.0009338743443050167
3002952,228.74213697946854
3002953,0.02212236191395081
3002954,0.005179371814904956
3002955,4.42388182540086
3002956,29.7163945993715
3002957,3.2183158282402644
3002958,320.1730929557542
3002959,211.69326799943448
3002960,1.843485521845476
3002961,6.345699710055384
3002962,285.8838133011779
3002963,53.152055594138396
3002964,1125.9414573467081
3002965,21.373541829616848
3002966,9.084180098174539
3002967,2.5132713352299425
3002968,0.8428762631656073
3002969,3.610295932080783
3002970,1808.2677352847609
3002971,0.0
3002972,517.7060321123276
3002973,7.915668834839254
3002974,504.9240984161013
3002975,538.930623706734
3002976,163.62264413317615
3002977,120.39795556781735
3002978,38.670685337512204
3002979,2432.520524247818
3002980,8.86754801039046
3002981,0.7383738754912483
3002982,14.808466418356456
3002983,15.813836341102238
3002984,0.0188272745721615
3002985,154.53474818763934
3002986,5.135175168638149
3002987,0.8998493842778184
3002988,6.0072099091149
3002989,50.86711194172221
3002990,1.7387181160196823
3002991,156.6967203850992
3002992,123.22011860970521
3002993,2.7340458618884598
3002994,5.555966843065377
3002995,131.95630473217122
3002996,52.8308845162298
3002997,1398.711210530673
3002998,37.629698258030416
3002999,9.293996227827067
3003000,4.686513395160325
3003001,0.32966612952263835
3003002,2.8877760355258184
3003003,2037.3444161123075
3003004,0.0
3003005,140.86884664656964
3003006,5.829869942492982
3003007,732.0545950145332
3003008,274.67668168287236
3003009,224.41578671184465
3003010,45.982241331016176
3003011,36.900948431072244
3003012,2781.3591297268927
3003013,9.845744196921464
3003014,0.9081594551379808
3003015,10.588351063563305
3003016,8.805695576342172
3003017,0.12750016662941974
3003018,143.22696721959167
3003019,5.269930045722273
3003020,0.011868802561954522
3003021,3.1231633023330154
3003022,27.289167338418718
3003023,2.6180215620736225
3003024,137.9305168885024
3003025,146.3906031875207
3003026,0.9633014134152886
3003027,4.457734020357852
3003028,143.44110100023647
3003029,23.875101037291703
3003030,407.09683867193667
3003031,9.978703464167172
3003032,3.7331798910561744
3003033,4.5206606207733815
3003034,0.0015050007524660678
3003035,7.71297270771384
3003036,2297.218432815964
3003037,0.00035673893407470354
3003038,537.517432609957
3003039,9.824486839041933
3003040,665.2817690514539
3003041,641.5288974869687
3003042,174.26528090677832
3003043,127.9481156874819
3003044,82.44142006043037
3003045,2897.0666446092223
3003046,26.86014686977473
3003047,1.0570830208364703
3003048,15.437588052692938
3003049,26.687837511698103
3003050,0.010894584775026818
3003051,194.59488410442307
3003052,15.141416557718753
3003053,13.618392954596091
3003054,4.027198505452163
3003055,87.4092585892301
3003056,8.602404988747336
3003057,382.98191657958955
3003058,195.10740374225324
3003059,5.974205641376793
3003060,5.208844055969614
3003061,343.60142372681304
3003062,92.00535807549306
3003063,1776.4241602136292
3003064,0.0
3003065,25.833981033242086
3003066,5.638928618870309
3003067,0.11470842409531955
3003068,3.7508527808190584
3003069,3739.6761917558047
3003070,0.0
3003071,378.10210923802305
3003072,4.705488804709753
3003073,1077.7842676325922
3003074,594.734963149821
3003075,489.5837847578537
3003076,65.04327499123852
3003077,67.47540073492999
3003078,4840.696174782783
3003079,10.128037713739612
3003080,0.4375318920233233
3003081,12.865694078583784
3003082,11.967027670781215
3003083,0.0008707826191725523
3003084,274.4203159674282
3003085,0.571349148131483
3003086,4.010365139664661
3003087,4.071188094256716
3003088,38.05396984023743
3003089,1.1209576885979375
3003090,522.3343263092844
3003091,304.58132718693156
3003092,0.6436832734062337
3003093,4.872280456940413
3003094,225.99361653694743
3003095,52.11284772696117
3003096,765.8264207864587
3003097,58.89506421628745
3003098,7.876857955814286
3003099,7.96689803801608
3003100,0.22512197121249072
3003101,2.444105662611377
3003102,2407.2869968762593
3003103,0.0
3003104,340.09726173577405
3003105,5.690977603316855
3003106,989.3444906111382
3003107,430.3973509669765
3003108,225.12780221453937
3003109,187.05752494474896
3003110,64.2053112361055
3003111,3280.3156538801672
3003112,10.777885949999066
3003113,0.37127538384802244
3003114,28.383096864999423
3003115,21.70602030592502
3003116,0.037289930306274054
3003117,246.91145778749862
3003118,2.543408128850324
3003119,1.902730148656079
3003120,6.141190726050532
3003121,85.96992039700058
3003122,1.7663779471341319
3003123,110.02653830450197
3003124,202.17472616207223
3003125,2.2408970348581114
3003126,5.604470977542483
3003127,125.55643147324089
3003128,128.1088159472366
3003129,1049.1067223123268
3003130,0.0
3003131,3.3473092321509785
3003132,2.8651502970903864
3003133,0.017266641627724552
3003134,2.2110645140677194
3003135,1763.7136982296213
3003136,0.0
3003137,111.26826899542249
3003138,4.7758788221504105
3003139,611.968704077107
3003140,280.04176952190915
3003141,128.28030006160424
3003142,45.03186052358493
3003143,41.35840415395277
3003144,2431.3287591792496
3003145,6.303545635574756
3003146,0.5727333551638627
3003147,21.354031006069302
3003148,16.294493875482527
3003149,0.0
3003150,136.25383527018406
3003151,0.4348909940414867
3003152,0.0031034219226724743
3003153,3.2213872402225583
3003154,54.09924691808975
3003155,2.149326388329077
3003156,120.20176830441429
3003157,125.8964198695833
3003158,0.706746851524293
3003159,4.861335456909825
3003160,112.1245472190113
3003161,27.449969434407862
3003162,372.99412613125713
3003163,10.447882479983594
3003164,1.1857399617687991
3003165,1.3922171319556989
3003166,0.0
3003167,2.4459549633427224
3003168,1215.4001463176237
3003169,0.1704071951374506
3003170,235.57849873885314
3003171,8.052162309922133
3003172,459.02490402300765
3003173,421.51332062860234
3003174,106.48064991955835
3003175,40.55271166101713
3003176,60.085142893295256
3003177,1774.942967420691
3003178,20.477393930167555
3003179,0.33718926110639447
3003180,10.644857530007602
3003181,10.49708279441663
3003182,0.17985441145241476
3003183,112.534079266364
3003184,9.041501267173356
3003185,1.0399588648969225
3003186,3.1977325369962983
3003187,49.735323211411526
3003188,3.158308552459215
3003189,764.7277746532484
3003190,128.4120188072482
3003191,3.255191761982008
3003192,4.3906240699386485
3003193,280.37238779840953
3003194,25.47711747612137
3003195,959.8091471732668
3003196,0.0
3003197,4.525548757002663
3003198,2.1190194281826114
3003199,0.007404273785381622
3003200,2.5861914302852025
3003201,2657.3914362105434
3003202,0.004860891398872805
3003203,645.0235897381609
3003204,13.903170592967454
3003205,932.2882983722208
3003206,1033.900041777617
3003207,221.80580876217715
3003208,184.8562110908251
3003209,141.90969878037282
3003210,3267.17631892886
3003211,34.70650053315818
3003212,0.6839677899339554
3003213,17.688395419381095
3003214,25.12433064372843
3003215,0.014171501534489418
3003216,219.72766237502995
3003217,5.965946540006082
3003218,28.770371950654848
3003219,8.082097507701073
3003220,67.0228483818296
3003221,11.661341378602202
3003222,318.69421440247146
3003223,222.61515769794838
3003224,13.885584004005313
3003225,7.916144728551631
3003226,444.2401494915052
3003227,99.26314502038251
3003228,2768.4631701760095
3003229,0.0
3003230,20.048229936607044
3003231,2.802913204856156
3003232,0.006413088586079394
3003233,2.1872724808813397
3003234,1947.0874986859528
3003235,0.0
3003236,373.80890332800004
3003237,6.159657374390669
3003238,384.50474032324365
3003239,489.1121175723664
3003240,126.16119857088115
3003241,104.3990270361782
3003242,74.99833483040925
3003243,1622.214363403965
3003244,15.953225604161918
3003245,0.685994053004146
3003246,14.693199553802136
3003247,11.206297982886916
3003248,0.004735649850595075
3003249,90.91650989070605
3003250,0.000840899041886289
3003251,17.896564733477234
3003252,3.206562502515485
3003253,174.42653531599996
3003254,8.52480516942405
3003255,174.92463853570015
3003256,100.55350828792038
3003257,3.7386666698286763
3003258,5.3870199835643655
3003259,158.178648809845
3003260,32.437484202354554
3003261,1332.5417625736259
3003262,0.570245301094038
3003263,3.3040671916585342
3003264,2.464509616393961
3003265,0.0
3003266,0.2024865909209113
3003267,602.2254909577434
3003268,0.0
3003269,162.00103740661442
3003270,3.759442768087358
3003271,255.35085838493058
3003272,177.75697004868024
3003273,50.39619927949957
3003274,22.839291979068346
3003275,26.444781252847598
3003276,1013.7331291532095
3003277,3.2197512119574014
3003278,0.34802139222429096
3003279,7.338471819421969
3003280,5.368128925844976
3003281,0.1598518563305772
3003282,58.04726347324955
3003283,0.006015912283430422
3003284,1.2500365775856501
3003285,0.28088550429921727
3003286,20.57865495030057
3003287,0.14500440198836848
3003288,175.035800201923
3003289,89.42857151133822
3003290,1.7219247399618633
3003291,0.7351710397198925
3003292,95.660794200837
3003293,13.945565642991989
3003294,339.55180005416713
3003295,0.27641413117515
3003296,1.363689799963531
3003297,4.598163801661177
3003298,0.36810602579928164
3003299,2.2937259693775442
3003300,2240.060937591316
3003301,0.1126938273497688
3003302,484.168979706479
3003303,12.816365917720738
3003304,642.4971717863664
3003305,714.951175094634
3003306,214.6390900320403
3003307,177.42123012997905
3003308,91.1458705586953
3003309,2890.456988673428
3003310,24.976374369187383
3003311,2.2507912790663602
3003312,17.510114075252197
3003313,23.556179052359596
3003314,0.046059108487613735
3003315,161.39005185505644
3003316,4.130252734367934
3003317,25.281922463974997
3003318,6.964938329211956
3003319,122.08294226755935
3003320,3.054410117358258
3003321,212.90441309729164
3003322,179.63694487455302
3003323,8.553010267204165
3003324,6.644766873286568
3003325,280.19577932324665
3003326,66.73806810179413
3003327,1880.4258462956334
3003328,0.6832276184548507
3003329,11.658758087114377
3003330,4.0612481975085
3003331,0.0
3003332,2.857241449807886
3003333,2839.912653811479
3003334,0.0
3003335,471.3122128634097
3003336,8.780943314203794
3003337,952.9361561149983
3003338,663.2831507038233
3003339,275.5695687252597
3003340,184.92956133987764
3003341,54.57824805308014
3003342,4075.083170047794
3003343,12.885645892499575
3003344,0.3219641049672803
3003345,29.48887143340253
3003346,13.658184006348694
3003347,0.4322732671809941
3003348,223.3500879266382
3003349,0.002262149612049215
3003350,4.642185291245059
3003351,3.4508828315953055
3003352,40.62997802497125
3003353,0.6883877223365211
3003354,310.6793755757073
3003355,227.93191662139873
3003356,3.4650450190510558
3003357,2.990563267799144
3003358,168.38692966083354
3003359,64.36912579907724
3003360,1433.4015984368616
3003361,1.3693023595886662
3003362,2.9930602607710193
3003363,4.679086979112259
3003364,0.21417544713423287
3003365,3.1114806231178784
3003366,2639.4575609532053
3003367,0.0
3003368,621.3875659899676
3003369,10.307268068175864
3003370,815.7757356227658
3003371,530.7390569039641
3003372,232.04175128981404
3003373,165.49902504948918
3003374,53.18051991005064
3003375,3644.106042648398
3003376,13.040750738431631
3003377,0.8786500485311424
3003378,23.78725979379377
3003379,16.060105320672378
3003380,0.0
3003381,206.003445045257
3003382,0.0015359862252949511
3003383,3.583630291195269
3003384,3.792885137128832
3003385,83.44359996581518
3003386,1.0907850984538485
3003387,144.50736164946017
3003388,183.3831094978774
3003389,1.2256429313641588
3003390,3.6857976321352544
3003391,151.17112238885588
3003392,50.2771030367557
3003393,1063.1290825791204
3003394,0.7467562725461623
3003395,4.237514684993666
3003396,7.669109688178189
3003397,0.11077242978643968
3003398,11.943094469119988
3003399,6696.165602562351
3003400,0.003412400949099429
3003401,987.2699429620646
3003402,59.44475692975331
3003403,1453.3679746633684
3003404,1620.7507321813741
3003405,292.84937428943937
3003406,364.70964624053
3003407,276.04261931008085
3003408,6600.039823682857
3003409,63.40958456672338
3003410,1.9035574172668697
3003411,41.048584300129754
3003412,40.91722017549564
3003413,0.05068818505355297
3003414,377.52531914076184
3003415,27.303422306560066
3003416,34.40267304944272
3003417,20.262543414804053
3003418,212.98156541978253
3003419,22.288219767260102
3003420,555.6244553233694
3003421,402.0539019172808
3003422,14.754006004744681
3003423,20.605239184993934
3003424,907.161571206412
3003425,213.4451254646073
3003426,5708.748484802593
3003427,0.7799357378155052
3003428,62.80349975097425
3003429,2.803966546818437
3003430,0.21597279678516199
3003431,0.2065205755374825
3003432,1765.032549313439
3003433,0.0
3003434,154.62504411691188
3003435,4.567774129650961
3003436,705.8106910062294
3003437,228.31842781011065
3003438,106.40453209832711
3003439,100.37266245204727
3003440,43.092253430305746
3003441,2650.19113244585
3003442,4.413851210154934
3003443,0.30202277457114984
3003444,10.446628822836962
3003445,8.220852783669232
3003446,0.003207516339594243
3003447,162.80579517298344
3003448,0.400950857400486
3003449,0.006540312632581479
3003450,2.0708292837393834
3003451,29.996133945264635
3003452,0.6749969050354767
3003453,145.47029718350845
3003454,89.9138399152371
3003455,1.4356278239685119
3003456,3.96373178356873
3003457,105.01253131046222
3003458,23.800060283826507
3003459,565.905820907139
3003460,0.006636937952130427
3003461,3.2309569585382816
3003462,7.0225279274616454
3003463,0.020841198768501025
3003464,0.9774633462712261
3003465,2906.3184205460934
3003466,0.0
3003467,481.1012793453053
3003468,8.846148420223587
3003469,1026.207581554314
3003470,522.9764030400705
3003471,188.98410506626234
3003472,234.52146758747213
3003473,83.04930323384396
3003474,3873.7268627466606
3003475,11.830544619963286
3003476,0.43004064682853743
3003477,16.14969587813822
3003478,16.807212316874956
3003479,0.02058283428355703
3003480,243.3500968199899
3003481,0.5569500229144613
3003482,4.302140120071071
3003483,6.896452791773268
3003484,16.17285624527292
3003485,0.877803045664534
3003486,525.4410795301991
3003487,213.76162180761898
3003488,3.305051524877996
3003489,4.354154925984937
3003490,129.5521700734959
3003491,51.821514758237775
3003492,1149.1675437501726
3003493,0.8096122547884212
3003494,3.9388879259641563
3003495,0.9461218050226485
3003496,0.0
3003497,0.511076369840872
3003498,912.6602864536835
3003499,0.0
3003500,126.5466435560804
3003501,2.8026555474089214
3003502,595.8116631172761
3003503,130.34813160249058
3003504,81.54833409758332
3003505,175.96785897797326
3003506,15.230785622574288
3003507,1868.3105323926093
3003508,1.301075830158032
3003509,0.2043072804936993
3003510,6.585902692145605
3003511,3.77582258804905
3003512,0.1192058062385966
3003513,75.83450538485454
3003514,0.0
3003515,0.0018302371325533146
3003516,0.5833868048261497
3003517,22.51036721142344
3003518,0.2089081783868322
3003519,110.8576517333891
3003520,62.602986901181
3003521,0.4763499219612314
3003522,1.0676883809439133
3003523,42.51553696877757
3003524,10.538483572105125
3003525,192.93792053859312
3003526,0.0
3003527,1.1683791237786716
3003528,5.283168944865409
3003529,0.0
3003530,2.7082605795747727
3003531,1644.761615512108
3003532,0.0
3003533,194.85922667961034
3003534,6.348863046316215
3003535,809.7808914614324
3003536,344.8698586926627
3003537,165.87737784756408
3003538,120.38639824178848
3003539,41.5324980567843
3003540,2464.428016182399
3003541,2.547812496257463
3003542,0.2668765218985948
3003543,22.605806356361782
3003544,12.106513539088668
3003545,0.06334054107319197
3003546,166.70765827161918
3003547,0.0
3003548,0.002980175145220836
3003549,9.308085420160456
3003550,27.43435058815248
3003551,1.057628680545343
3003552,332.9973507596441
3003553,176.35859293315193
3003554,1.781056846003315
3003555,2.8525104683481115
3003556,192.58887454480947
3003557,22.766439165843043
3003558,1119.745564406118
3003559,0.0
3003560,0.5336369739231794
3003561,2.4970933851253307
3003562,0.22972180409671195
3003563,2.343750755865917
3003564,2288.1331630545255
3003565,0.0030938029422904667
3003566,597.1797761912886
3003567,8.854456945207707
3003568,804.1320272697291
3003569,538.4257466120729
3003570,201.25295383467193
3003571,88.03818096979921
3003572,61.523821646206066
3003573,3872.9513364574773
3003574,6.823213434192675
3003575,2.492617888380139
3003576,20.628080920992936
3003577,31.73602035968519
3003578,0.025542000059164845
3003579,183.20357275963295
3003580,1.4454202018495796
3003581,3.9189656192480316
3003582,2.796183860637484
3003583,26.6517020673682
3003584,1.9060277060052289
3003585,236.9985114995098
3003586,233.84230026276416
3003587,2.770247885742697
3003588,5.225998786143314
3003589,129.70225784922462
3003590,27.04720797934888
3003591,589.8764039834563
3003592,2.3965958455419316
3003593,1.9890947886944943
3003594,2.9505244801630126
3003595,0.0001799261190783319
3003596,0.4366981790308408
3003597,1299.1870837301904
3003598,0.0
3003599,91.23918368603802
3003600,1.5474921008070028
3003601,379.1794761751553
3003602,144.32999586011954
3003603,78.55164305601045
3003604,96.14993240344906
3003605,31.10204405193079
3003606,1728.138677931686
3003607,3.635212034911018
3003608,0.4023269234617402
3003609,8.223893097411764
3003610,3.9931845254112153
3003611,0.1737469308007356
3003612,81.67186319948291
3003613,0.0005943282550980763
3003614,0.0026124792938751772
3003615,0.22207185098413987
3003616,28.961477755074448
3003617,0.5699813607461333
3003618,303.09526877210857
3003619,63.590965202719275
3003620,0.6983113313118623
3003621,0.6961525658777601
3003622,56.70189426514088
3003623,15.383010913638731
3003624,334.4276148407578
3003625,0.0
3003626,0.8786929526127378
3003627,3.7170420264211215
3003628,0.0
3003629,1.6852023717400009
3003630,3079.9907947968804
3003631,0.0
3003632,536.5707420227234
3003633,8.494575994242517
3003634,732.6571626396784
3003635,497.39038674030513
3003636,164.90462521591877
3003637,162.90271418154063
3003638,60.32643571792871
3003639,3424.0657572422037
3003640,6.469519577002639
3003641,0.27423314279102406
3003642,19.31850311549718
3003643,7.596431359539496
3003644,0.020720849818306773
3003645,173.60166817165913
3003646,0.004194796776506894
3003647,20.231610792052816
3003648,3.0368228931887735
3003649,45.24735754440554
3003650,1.1647222159574238
3003651,395.6451515501571
3003652,174.7330685077838
3003653,2.9321112178467366
3003654,2.561640380069163
3003655,119.92949639692701
3003656,39.885689377424995
3003657,1277.5285606973637
3003658,0.6484053933863734
3003659,0.672395996956215
3003660,2.7413965740620387
3003661,0.005492218270040238
3003662,7.407071328316528
3003663,2305.770167329269
3003664,0.004339384962107022
3003665,464.1836415810769
3003666,5.293886049930472
3003667,789.2180639552453
3003668,731.3478546875422
3003669,151.0452845845918
3003670,113.57553116936087
3003671,111.20878856424724
3003672,3151.3631728989676
3003673,52.27801012576806
3003674,1.2488870573657875
3003675,30.55584561493851
3003676,25.27542909481359
3003677,0.014479852726140096
3003678,207.89068619128307
3003679,17.535652125717643
3003680,20.632439640629368
3003681,1.278586671794434
3003682,112.41405786801067
3003683,8.289960096003913
3003684,212.59841177421092
3003685,243.52309269582682
3003686,10.290443892045136
3003687,12.70307745459085
3003688,222.90707319593125
3003689,76.31453462415807
3003690,2093.8355025321457
3003691,0.010633008740493985
3003692,11.053006427289512
3003693,4.507336989489934
3003694,0.0011093189542380477
3003695,6.666030509881622
3003696,1736.599531506951
3003697,0.0
3003698,368.93577297756144
3003699,10.833382827425982
3003700,720.9997760052842
3003701,600.7392770791577
3003702,111.12695627396454
3003703,64.03716937723905
3003704,95.60830956659636
3003705,2880.5582824488015
3003706,18.955083554599817
3003707,0.64961682972583
3003708,30.919945149994085
3003709,23.38866440613987
3003710,0.006322786966974538
3003711,243.93292414186618
3003712,17.100109974673096
3003713,13.633581730421417
3003714,7.953364687833666
3003715,84.00658369627348
3003716,8.986390747964483
3003717,133.6779045842099
3003718,265.40285506270266
3003719,6.392415458489923
3003720,9.423920393109837
3003721,97.33326906316577
3003722,68.99904301670938
3003723,1578.492629075737
3003724,10.39183042518071
3003725,13.33296858626354
3003726,5.339842730958445
3003727,0.18537526596849108
3003728,3.0044270994313402
3003729,2939.2475470500467
3003730,0.0
3003731,609.4388063394131
3003732,5.2437958772099265
3003733,1157.0603824246132
3003734,569.2828488913351
3003735,158.81526247748587
3003736,282.58612916136985
3003737,50.13247075048948
3003738,4634.438920799237
3003739,25.063493295356764
3003740,0.9049797760838614
3003741,24.386418108752608
3003742,12.241030819437897
3003743,0.02976779948319244
3003744,285.28629767595356
3003745,3.7589280287100024
3003746,11.676068168090135
3003747,5.112493541890555
3003748,56.36743575806188
3003749,3.9926655758473615
3003750,233.0724095221188
3003751,272.091897376077
3003752,5.964192275510382
3003753,6.6978739764807145
3003754,207.45829686110332
3003755,44.49631236122069
3003756,1360.5033843778426
3003757,9.968640064805212
3003758,11.55788837304039
3003759,3.1525417756306586
3003760,0.037550455499073286
3003761,4.771740174392727
3003762,1767.046143896644
3003763,0.0
3003764,291.86522508010785
3003765,5.604743055653654
3003766,579.4667307086501
3003767,564.5785355355093
3003768,156.08865658007352
3003769,103.52087662371615
3003770,61.81013447291993
3003771,2480.0581878214807
3003772,19.302212645108035
3003773,0.8629844384278549
3003774,10.613828497340544
3003775,7.825711148757826
3003776,0.120663836009835
3003777,166.42486581146918
3003778,13.803150731357354
3003779,13.792039737841849
3003780,1.2214904105402464
3003781,69.97975438219152
3003782,5.672793319340131
3003783,266.21721818100644
3003784,182.93082604571978
3003785,5.091086125486398
3003786,6.185879997068617
3003787,278.5690296051132
3003788,39.99808312743701
3003789,1594.715684679572
3003790,0.10855256719888118
3003791,16.784936410284576
3003792,2.1261214135304
3003793,0.004957702845802519
3003794,2.900301355802105
3003795,4450.886650400135
3003796,0.0024204972897846886
3003797,366.7192341917047
3003798,7.239776112839978
3003799,1462.5087565165097
3003800,504.7240564429084
3003801,212.21278803354392
3003802,132.60368347964013
3003803,52.53311246253766
3003804,4669.862589245285
3003805,6.535345209429853
3003806,1.5047310843432298
3003807,21.148232862768914
3003808,16.375188611133225
3003809,0.03324093313530233
3003810,333.2522565730471
3003811,0.008271006457742208
3003812,0.15925253562196703
3003813,7.0441180509181525
3003814,26.134961474216375
3003815,1.8473238371992657
3003816,163.8843333035011
3003817,250.94063600850427
3003818,2.882928272571519
3003819,8.521875749627656
3003820,141.89223807373472
3003821,43.47708812303758
3003822,1055.8764420492212
3003823,0.0
3003824,3.5529791050030743
3003825,5.024726128718595
3003826,0.0023179350936873865
3003827,7.589011154038708
3003828,1557.3273690962621
3003829,0.0
3003830,377.9287237417321
3003831,9.40526071220516
3003832,738.9683092985288
3003833,539.2983720626081
3003834,168.6817959048421
3003835,97.77194752407725
3003836,119.32303624514877
3003837,2825.4379603256994
3003838,27.060609312232305
3003839,1.0059109324624846
3003840,26.625800947337968
3003841,20.166157019923425
3003842,0.005901571716118344
3003843,170.72025980667829
3003844,12.626032230548052
3003845,10.863849721244403
3003846,6.133392384664969
3003847,64.91860105227882
3003848,9.101196150057984
3003849,161.04069122244962
3003850,239.8452142900705
3003851,11.298085559203487
3003852,6.07445510750994
3003853,140.7603972154627
3003854,48.01731592561205
3003855,1490.4262352013027
3003856,0.31564453357044714
3003857,4.947845770978572
3003858,2.802546338320061
3003859,0.0
3003860,3.4927952720983173
3003861,1748.9126002791108
3003862,0.0
3003863,342.77488774264606
3003864,6.878004253796808
3003865,556.7182840385669
3003866,631.5263994621529
3003867,133.82248856355773
3003868,101.27453039046411
3003869,81.92841899873643
3003870,2277.156012973831
3003871,21.41946477206513
3003872,0.5915884328736292
3003873,25.80780551027553
3003874,22.862978032813167
3003875,0.0017787379059241713
3003876,155.45760827027578
3003877,8.746835035802821
3003878,26.147259583982365
3003879,3.043149585615037
3003880,53.9785971674008
3003881,7.247876079086781
3003882,206.49499898877937
3003883,152.4908778199966
3003884,7.783294026597124
3003885,7.738721431347885
3003886,190.3981169462988
3003887,46.5653258488692
3003888,1714.7238281573887
3003889,0.3464847712920297
3003890,9.430996661627733
3003891,4.392615899337554
3003892,0.008013424818163311
3003893,4.141929992458201
3003894,4098.954250894586
3003895,0.0
3003896,469.94573645094033
3003897,12.003474271286153
3003898,1037.1139059438153
3003899,550.8767131441812
3003900,236.68955761644887
3003901,143.57328958790484
3003902,63.284231998840966
3003903,4057.8528719712353
3003904,9.287834847413974
3003905,0.15022740139444463
3003906,13.591576072403877
3003907,15.047833933718273
3003908,0.11217520199696948
3003909,197.03480235130468
3003910,0.0011036814648207798
3003911,6.687806716417176
3003912,1.0363105202919893
3003913,71.88862318472279
3003914,2.4898640209043696
3003915,275.3635847750392
3003916,255.01536706723203
3003917,2.642881957024232
3003918,1.4929063267845248
3003919,199.52121678722756
3003920,110.39204332109465
3003921,1100.8505443654453
3003922,1.715784840543224
3003923,0.4289139603441458
3003924,12.535030934179977
3003925,0.004150526543324665
3003926,10.11937847226375
3003927,7013.629118651647
3003928,0.0029992315336332793
3003929,1219.42776435003
3003930,25.67244314574354
3003931,1813.6539251644929
3003932,1861.6823969592876
3003933,393.6083495405642
3003934,407.64875619037025
3003935,334.6831670479166
3003936,7461.828660771039
3003937,75.40250177892622
3003938,3.104702229527059
3003939,97.23634139525888
3003940,95.91011839841448
3003941,0.03585097152667437
3003942,483.6403416732448
3003943,21.617939235462224
3003944,20.248214970168263
3003945,42.54341277775416
3003946,314.8443992349313
3003947,18.855676295550616
3003948,657.7618289188392
3003949,402.708050959416
3003950,27.86435648347587
3003951,32.673302433822215
3003952,848.5724809489889
3003953,297.8976434140515
3003954,6398.710296626746
3003955,276.20097827560835
3003956,63.65709355223811
3003957,10.208158200202035
3003958,0.0018265232431762955
3003959,10.004291527738593
3003960,6624.584101276005
3003961,0.00206047022346188
3003962,911.0151688245865
3003963,28.07291597534869
3003964,1928.5771723776477
3003965,1647.5065750973906
3003966,528.1334849625482
3003967,269.714299110588
3003968,238.09214238247824
3003969,8740.229594074619
3003970,94.23537167835646
3003971,1.1769223327401734
3003972,50.636735554055356
3003973,70.25616543948114
3003974,0.4597090403119265
3003975,481.70328017720675
3003976,17.66094375575063
3003977,28.599566460744114
3003978,5.565435765176313
3003979,209.26988785590694
3003980,16.388739276522063
3003981,843.9181942464675
3003982,540.4788142424416
3003983,17.71828790972794
3003984,21.68392231574948
3003985,877.962979959977
3003986,189.62382679609024
3003987,4566.435492628181
3003988,341.6917229945709
3003989,54.977432760961335
3003990,10.63633409745276
3003991,0.0007022216182204052
3003992,18.482909567225015
3003993,4112.946885049124
3003994,0.014413870885497814
3003995,702.5398771166157
3003996,13.82301973791169
3003997,1569.781079696995
3003998,1121.6866323313884
3003999,579.8754587696076
3004000,98.31995153138789
3004001,190.25024485599906
3004002,6969.119480076616
3004003,31.991010864147484
3004004,2.170710378998372
3004005,43.14828860233859
3004006,17.818195595097205
3004007,0.3746716497792385
3004008,447.8947400815671
3004009,21.679117334652283
3004010,16.537366026051455
3004011,9.91206034011038
3004012,121.97878266052409
3004013,10.27992080372512
3004014,766.8291411726342
3004015,542.7842171152041
3004016,18.39102464887114
3004017,30.901077001171693
3004018,563.4189556686235
3004019,109.07142812674283
3004020,1929.0842679940502
3004021,234.21024938947295
3004022,34.591478035340096
3004023,13.622399411202391
3004024,0.0005941980464864841
3004025,19.94017576780034
3004026,6111.665618435974
3004027,0.0008278572536378914
3004028,896.2268923606887
3004029,20.64055078855979
3004030,1691.9522382803077
3004031,1585.9536516480368
3004032,474.1875353542374
3004033,254.74641951429726
3004034,186.7788924075338
3004035,8722.472899766071
3004036,41.16794201175933
3004037,0.9581957493444913
3004038,69.56319755610039
3004039,56.55032662910647
3004040,0.4847726283182656
3004041,487.600789807894
3004042,20.982226430306515
3004043,28.433505604269545
3004044,18.72228565702826
3004045,189.48102989448367
3004046,12.592266613113276
3004047,690.3418319504004
3004048,577.0660160382707
3004049,17.68050265631679
3004050,23.817225572009807
3004051,845.4226724076711
3004052,193.33882780850448
3004053,4318.889160613284
3004054,288.2920472844978
3004055,51.74148636109599
3004056,9.22348187060232
3004057,0.0
3004058,17.20391272203024
3004059,3346.6970540591296
3004060,0.011107422045538905
3004061,641.9138541235588
3004062,12.934495237151369
3004063,1444.1090087541497
3004064,913.8759028551016
3004065,439.6653476841049
3004066,78.60241551923266
3004067,135.07010053495503
3004068,6070.73522252338
3004069,33.84629694820303
3004070,0.22214725777165417
3004071,32.307434832529296
3004072,21.534022558108568
3004073,0.05889962729609872
3004074,408.04964566387554
3004075,18.2272746143366
3004076,7.609172066994654
3004077,3.3092922821764876
3004078,102.80892371226096
3004079,4.293704346628711
3004080,623.6976313171593
3004081,515.3618377435333
3004082,14.404345525019657
3004083,15.180229050489064
3004084,593.3992785152931
3004085,73.23638970762353
3004086,1325.4040322776427
3004087,261.69543713021153
3004088,15.829262151882823
3004089,9.950781588161638
3004090,0.0019162562574581887
3004091,10.227139144284862
3004092,5042.6437212276105
3004093,0.0007675229197098277
3004094,925.3442557472758
3004095,22.58061804447073
3004096,1429.7929387874135
3004097,1700.6784127698459
3004098,324.6188343088761
3004099,353.1663133620205
3004100,272.2101965365344
3004101,6033.352911469556
3004102,65.09626815132812
3004103,1.1404206201101719
3004104,48.41111341455291
3004105,44.56691631698943
3004106,0.40137289770976214
3004107,368.4802831762918
3004108,13.534023619751945
3004109,23.622871860963958
3004110,8.418809256631814
3004111,226.04497176978597
3004112,13.627803534727448
3004113,621.0385592579938
3004114,396.2971592899363
3004115,14.768941383377776
3004116,23.662679305717205
3004117,733.3459389594683
3004118,172.9505536554499
3004119,5449.162400956468
3004120,185.67545478628375
3004121,60.24594294668817
3004122,5.0185188722297704
3004123,0.15427274142819683
3004124,6.089651896036683
3004125,1479.7050837466402
3004126,0.0013967306396090607
3004127,311.3826636607095
3004128,22.08849255460711
3004129,734.4645877742696
3004130,456.57091313718155
3004131,194.2541806559974
3004132,62.88513731508924
3004133,69.87886639390292
3004134,2521.923227644429
3004135,21.210407287464523
3004136,0.7659098987635811
3004137,26.965986912400325
3004138,17.460490036408032
3004139,0.03729503638113761
3004140,171.6247193123576
3004141,8.684353775885533
3004142,5.390469615224739
3004143,9.155323711487283
3004144,56.15504467973741
3004145,7.722429391818775
3004146,223.14858531843774
3004147,188.1100745548403
3004148,2.651028236297939
3004149,6.904498662942196
3004150,182.4321566393958
3004151,50.94275469160657
3004152,1239.0146739888185
3004153,0.4415789575972836
3004154,7.453386183535599
3004155,8.39763371748355
3004156,0.0005649187729059622
3004157,11.940635537067797
3004158,3547.1995023884965
3004159,0.0007985711427482339
3004160,470.0130104975797
3004161,33.11677657744682
3004162,1251.096236252661
3004163,910.0491195542033
3004164,386.18315649253896
3004165,78.52553030075855
3004166,149.4074447775754
3004167,5143.729935966346
3004168,67.5107185162314
3004169,1.2046008352109578
3004170,46.232442773049186
3004171,27.47998338558175
3004172,0.022386968868185267
3004173,295.64135917911426
3004174,8.944597285083029
3004175,6.4188321295163275
3004176,3.018710239930444
3004177,128.86593414177003
3004178,8.440832302759443
3004179,432.4659826148178
3004180,407.712129630052
3004181,9.33273749247012
3004182,16.398764853652953
3004183,327.0493224886646
3004184,77.31059408869847
3004185,1696.5561266427633
3004186,227.78417735785234
3004187,15.060843286890844
3004188,6.043786103814232
3004189,0.0037139239928134942
3004190,4.302218316105964
3004191,3390.321012416082
3004192,0.0025631295637863977
3004193,664.7350579266506
3004194,9.479786949236026
3004195,1049.6387829963169
3004196,1204.2340973889422
3004197,185.03569930293182
3004198,252.55801506956283
3004199,176.82339292334262
3004200,4058.0602348901352
3004201,41.70515738095137
3004202,1.3150645690209646
3004203,24.52866472755266
3004204,30.026639946199488
3004205,0.09567465090260738
3004206,237.87427517823178
3004207,2.2715391427020846
3004208,42.0767075365434
3004209,4.150008050456459
3004210,126.48991111994556
3004211,9.158191984991198
3004212,456.5987727186389
3004213,192.6359583497534
3004214,15.38635953228863
3004215,11.373058174373258
3004216,525.8674842522269
3004217,104.14899299143951
3004218,4012.1049980981925
3004219,0.6688651208404348
3004220,32.35741615209597
3004221,7.8443759277526475
3004222,0.0
3004223,4.774327106526923
3004224,3550.180364872368
3004225,0.0
3004226,681.9179214841269
3004227,12.329397711834321
3004228,1248.0046326211473
3004229,972.9077544770246
3004230,297.63962340684947
3004231,160.026780660014
3004232,284.7444847399398
3004233,4667.763345655527
3004234,32.97073112732373
3004235,2.3041851179771795
3004236,38.797230522947835
3004237,35.768460767098325
3004238,0.06321601716515556
3004239,271.92489340515147
3004240,6.316994230052042
3004241,43.97743361958392
3004242,7.9326243492968995
3004243,226.0123225914973
3004244,10.234042000739665
3004245,388.6086856997356
3004246,267.7939995014987
3004247,12.45785737070787
3004248,23.33929578198805
3004249,368.1177497518182
3004250,103.76519555254305
3004251,3587.4124612295013
3004252,3.7086904199013366
3004253,7.119394153454095
3004254,4.891076060687017
3004255,0.0
3004256,2.378174853518181
3004257,1600.0896694471303
3004258,0.0
3004259,380.74506181525095
3004260,5.5506197608165575
3004261,662.4686523484288
3004262,381.5743301381871
3004263,178.2742151022115
3004264,64.16821404154784
3004265,81.04710995058078
3004266,2254.804407872523
3004267,11.48540151244432
3004268,0.8618342520952691
3004269,22.97316918773239
3004270,18.38397519532881
3004271,0.0013801379632626288
3004272,150.31748437430764
3004273,6.113434131737666
3004274,7.197896016078927
3004275,5.888070751669365
3004276,55.248230081639704
3004277,3.3475653245086336
3004278,191.6527317885772
3004279,170.08564772404026
3004280,3.7968865735169874
3004281,4.999325857944827
3004282,131.77372904895861
3004283,42.21306475504444
3004284,1385.2921589753225
3004285,0.19775135892669168
3004286,3.0805655406849617
3004287,4.959569252199778
3004288,0.0
3004289,0.08351747223730752
3004290,3195.2019037329865
3004291,0.0
3004292,187.1320222798584
3004293,3.3903937069113823
3004294,877.2685651296837
3004295,191.51428538095038
3004296,172.35854005829125
3004297,58.61230271644582
3004298,25.638969663277837
3004299,2915.473797766041
3004300,10.679117183412652
3004301,0.5769496977640634
3004302,17.195696226424946
3004303,7.840728532496266
3004304,0.10906104609885452
3004305,167.5490914987103
3004306,0.0008978454681752244
3004307,0.0029166086866954668
3004308,3.025779198184983
3004309,33.552968990463455
3004310,0.8042317083278494
3004311,58.48218349942716
3004312,139.18140084414208
3004313,0.006524371280666037
3004314,1.5287472557253796
3004315,51.42760315369642
3004316,71.95839689366606
3004317,514.3387538375804
3004318,0.0
3004319,1.510212985112053
3004320,4.999547179015811
3004321,0.002831850823472008
3004322,5.101436471017059
3004323,2536.586786679375
3004324,0.0003000123824551881
3004325,424.8852241610659
3004326,10.492769930089468
3004327,887.5567049304977
3004328,742.7695202240036
3004329,248.4154464423863
3004330,126.21088377266554
3004331,98.55719100900575
3004332,3912.243511930834
3004333,30.466702836394084
3004334,0.6717532352330431
3004335,18.37469369389273
3004336,36.13588494946749
3004337,0.0065987927953303485
3004338,223.67737644821884
3004339,15.456072745902151
3004340,15.46220270107306
3004341,13.608920180748779
3004342,74.01465038026886
3004343,4.855729038475092
3004344,351.9112695507196
3004345,260.19769525919736
3004346,6.9729944490878655
3004347,12.766350395953374
3004348,389.6981924175497
3004349,81.8582288055346
3004350,1805.921738729511
3004351,0.0
3004352,26.320421798697183
3004353,4.479457481310505
3004354,0.0059420585547236724
3004355,5.156115017968389
3004356,3256.2106333740458
3004357,0.04210625731339272
3004358,566.6732457319044
3004359,14.055335996954504
3004360,897.0385109263331
3004361,1070.595722402005
3004362,150.00061372446532
3004363,236.94015375876657
3004364,175.95327110345724
3004365,2915.4878747016596
3004366,34.044697946482195
3004367,2.0839058511306767
3004368,34.18314010442308
3004369,28.606875627261346
3004370,0.6054632890376084
3004371,195.98383174946403
3004372,11.737416177955893
3004373,32.90263669298182
3004374,7.573799171065941
3004375,112.88627254317474
3004376,14.041223204314287
3004377,386.8390528876513
3004378,190.5035458950037
3004379,5.718593972883144
3004380,12.083495799106633
3004381,531.32832453445
3004382,113.81202760178142
3004383,4152.668345273648
3004384,0.3893545239746738
3004385,32.68058426917583
3004386,3.004722969194577
3004387,0.5965124132997923
3004388,6.9646094289007845
3004389,3460.049489677359
3004390,0.004467169924037873
3004391,663.2999990605716
3004392,18.90258019994842
3004393,962.2738436108805
3004394,1129.8317898824569
3004395,214.48200092267376
3004396,233.59239233984292
3004397,120.21163798253704
3004398,3712.647593068916
3004399,31.03822849362797
3004400,1.2046334499041023
3004401,29.002268874566486
3004402,32.449266762493636
3004403,0.03675645198323284
3004404,259.52212153345687
3004405,22.447349417254728
3004406,28.31900635549
3004407,21.040837851239594
3004408,109.80570482433494
3004409,15.667301686428893
3004410,361.5407053777748
3004411,247.34907393176834
3004412,14.204773603009233
3004413,16.62541327942948
3004414,423.9101809756461
3004415,131.15785754595478
3004416,3133.1302500094394
3004417,0.31743668178262285
3004418,26.919521582538223
3004419,10.611109002918399
3004420,0.226438412578042
3004421,6.87827992525093
3004422,2954.570082874351
3004423,0.0005646948698721734
3004424,412.10516585598464
3004425,9.835401557122763
3004426,1262.9745663397116
3004427,661.0372135058881
3004428,438.5156267848015
3004429,160.00395705003945
3004430,91.66974613397008
3004431,5497.607334000522
3004432,9.34573960295187
3004433,0.8259469923828684
3004434,43.568136667245575
3004435,33.649498285580684
3004436,0.007461859420364002
3004437,339.3411989927404
3004438,5.954260071045706
3004439,4.11583003216103
3004440,8.347990519368105
3004441,36.31296404997201
3004442,3.6038161877743393
3004443,459.83602319134445
3004444,394.88653135384664
3004445,5.403252811896523
3004446,5.912855193949537
3004447,328.4428583065253
3004448,98.83629969600555
3004449,1232.7156144437356
3004450,115.95791975845957
3004451,13.181486863637865
3004452,4.709873356224688
3004453,0.006936254458352067
3004454,4.063161194712147
3004455,1878.190703638988
3004456,0.007171394665369154
3004457,306.5191852137403
3004458,11.5858898358393
3004459,626.7980542391244
3004460,642.9016894202123
3004461,123.82168937549224
3004462,135.31773372007584
3004463,107.18231687287319
3004464,2152.7113645455793
3004465,18.043890131736692
3004466,1.3456393651859422
3004467,31.18689249486286
3004468,24.97571264705428
3004469,0.03952350369534679
3004470,140.84451045506657
3004471,10.913163054308782
3004472,22.708390694720855
3004473,5.021338041974052
3004474,119.699621569795
3004475,4.490481487190495
3004476,463.50393787304387
3004477,121.75670391095423
3004478,3.951044059230232
3004479,8.726485579009365
3004480,374.45340387909977
3004481,55.03811189202692
3004482,1919.7880182416748
3004483,0.0
3004484,31.93790953473801
3004485,1.2339492823002791
3004486,0.0
3004487,1.7282789983726814
3004488,1402.9390467111696
3004489,0.0
3004490,90.5916449201095
3004491,2.9441825731743143
3004492,665.6633862459831
3004493,235.85464374704858
3004494,275.6424854591555
3004495,35.78457480878684
3004496,33.447139732381
3004497,2412.802161449962
3004498,4.123758373610202
3004499,0.2863870899495268
3004500,7.449263680374013
3004501,7.0380487810877845
3004502,0.10759431332248517
3004503,137.15861577905625
3004504,3.2211898005236224
3004505,0.0037689410583012883
3004506,0.9280304789008054
3004507,21.682794835425216
3004508,0.32100684440798083
3004509,146.48394628351662
3004510,158.04376569133842
3004511,0.6123204327676051
3004512,2.5797004149327245
3004513,144.80342418886354
3004514,21.64193249580249
3004515,219.63590711349218
3004516,9.608911246100497
3004517,1.9642650652660252
3004518,6.665089309801814
3004519,0.1729920466388739
3004520,4.034911282301986
3004521,5248.023614529152
3004522,0.0
3004523,970.9936915670761
3004524,15.547190040071076
3004525,1770.6434328509652
3004526,602.9054382697093
3004527,581.1663221291018
3004528,245.59903086086817
3004529,92.32562809330402
3004530,7391.026455069378
3004531,20.490620669680336
3004532,0.44369041857954467
3004533,26.163157882195318
3004534,13.450610003013786
3004535,0.02888416820133453
3004536,417.01693940147277
3004537,6.355965466599101
3004538,2.1985644147439958
3004539,7.750866019534881
3004540,48.866856921729514
3004541,1.8420486577481743
3004542,597.2194138911891
3004543,327.8558329848713
3004544,1.5927915123743026
3004545,12.58930515647915
3004546,545.3619683867087
3004547,96.7969873571845
3004548,1458.7702983123527
3004549,17.8915440820702
3004550,5.155107291796916
3004551,4.168846770938199
3004552,0.0009784234008869631
3004553,1.529132030303865
3004554,1503.7102519220398
3004555,0.0
3004556,154.8516050974749
3004557,14.688232266600455
3004558,717.8815698074544
3004559,331.244424496644
3004560,229.60839387274945
3004561,37.50137113226116
3004562,40.91353448343519
3004563,2634.21548535305
3004564,7.892790476524764
3004565,0.26076633139838634
3004566,13.084077076288676
3004567,17.0914781598253
3004568,0.052306043625240425
3004569,140.32257883428446
3004570,4.88771401453761
3004571,0.010912082719692167
3004572,4.811694254982632
3004573,50.57412954149685
3004574,1.3584743983894394
3004575,118.655475016958
3004576,154.2505101152649
3004577,1.1639714726979586
3004578,5.036491793620711
3004579,171.2787829636725
3004580,32.31534783929807
3004581,313.0718685599079
3004582,15.77588626483725
3004583,1.6884232865774798
3004584,4.117817025137388
3004585,0.0
3004586,2.4461348353612262
3004587,1566.517241226036
3004588,0.0
3004589,106.35344894269315
3004590,5.372947874128261
3004591,652.0962522534044
3004592,233.93495827288268
3004593,165.81008293316648
3004594,42.56536293784025
3004595,30.3141636909517
3004596,2651.676817042666
3004597,8.891377362042588
3004598,0.13904235568398188
3004599,9.943895457130099
3004600,9.309547648864799
3004601,0.0003359396554262902
3004602,121.93141645649517
3004603,0.9761117973982738
3004604,0.006530412632692963
3004605,1.5068866644405223
3004606,42.44028724102199
3004607,0.7002531435838435
3004608,139.07066424601842
3004609,154.16040950837058
3004610,0.4471892690874898
3004611,4.154983874915255
3004612,99.56008740037731
3004613,19.109836155037424
3004614,192.9335841608051
3004615,6.476537476828011
3004616,0.9850892977164136
3004617,3.1512297629747197
3004618,0.0
3004619,2.025979007311277
3004620,1682.8410315531123
3004621,0.0
3004622,157.08772846480244
3004623,9.99241427974374
3004624,819.7488707927602
3004625,339.05126166169913
3004626,318.4374349955332
3004627,33.386839044878414
3004628,48.97831988468177
3004629,2975.2618815572805
3004630,3.7607924399162513
3004631,0.06490655943985492
3004632,5.869927423420056
3004633,20.10585410158667
3004634,0.008254406633964857
3004635,161.12412289976413
3004636,0.6286650248163743
3004637,0.00676409913392178
3004638,2.4117412370509665
3004639,33.447756529411805
3004640,2.049736326110984
3004641,206.20966348643236
3004642,257.6937739698481
3004643,0.661118938750175
3004644,4.7322242121529134
3004645,70.27050673063412
3004646,84.12510208124567
3004647,331.3729569339585
3004648,3.084029499962922
3004649,3.5036240633280142
3004650,2.9210520636513406
3004651,0.8654859935470145
3004652,3.05773011033766
3004653,1522.0186448564427
3004654,0.0027732939010333166
3004655,145.51786191631584
3004656,3.625681308986378
3004657,786.7815656006754
3004658,291.0001780362402
3004659,298.83608232217995
3004660,77.72353713938053
3004661,63.222642219731654
3004662,2474.8100337401115
3004663,5.897845833608945
3004664,0.8134357843461544
3004665,11.353716305901909
3004666,15.772415626119678
3004667,0.03499207660576753
3004668,189.1174197259318
3004669,6.956123249118449
3004670,0.015485598489668862
3004671,3.0725158768411713
3004672,31.44730841671386
3004673,1.4449594142891589
3004674,121.00224768875113
3004675,147.12332236405138
3004676,0.6772148065049863
3004677,3.938029685784569
3004678,132.75387063704738
3004679,44.82031990929149
3004680,585.7704027391528
3004681,10.537603660749097
3004682,3.2348944036967895
3004683,3.4041736177131128
3004684,0.17201218133093724
3004685,0.4103311004920396
3004686,1452.0543845011234
3004687,0.0
3004688,119.59156178679333
3004689,4.212293729639761
3004690,673.5904565145838
3004691,211.264813155451
3004692,150.51448860661827
3004693,90.08216681958294
3004694,34.62849920674454
3004695,1857.5679647513048
3004696,4.559740301940965
3004697,0.05630210540212056
3004698,11.472084759751185
3004699,11.093661431933352
3004700,0.02877077407047452
3004701,142.26096110197298
3004702,0.0
3004703,0.001958334076853929
3004704,2.245807784298268
3004705,41.41095668635765
3004706,0.7936745951217481
3004707,47.43476190443236
3004708,102.58854449790215
3004709,0.7098854132765804
3004710,2.0392214336969343
3004711,75.73196804636291
3004712,28.74053319203978
3004713,503.7892538820736
3004714,0.0
3004715,0.7428328560393636
3004716,6.337013369787746
3004717,0.28610372715062343
3004718,2.8593443862765477
3004719,2705.5488934537425
3004720,0.0
3004721,268.9987199153852
3004722,5.540296341361771
3004723,925.5608368560252
3004724,562.2514511902684
3004725,558.0165984961151
3004726,152.55180883797635
3004727,100.94415996728395
3004728,3910.448801630341
3004729,13.412584777987725
3004730,0.8021959916022805
3004731,20.847147024935012
3004732,19.21337175889508
3004733,0.0011297019344230017
3004734,237.97900854412353
3004735,0.022251445437219994
3004736,0.005807848011938666
3004737,4.02564549697818
3004738,48.72262899475719
3004739,3.2696263065494025
3004740,205.83946275712086
3004741,211.10928016758967
3004742,1.9109017953321366
3004743,6.3207053449174
3004744,333.8998317760547
3004745,55.32291465726559
3004746,1200.8780703427478
3004747,26.66866563416197
3004748,9.236621107077546
3004749,2.749863810030127
3004750,0.8266114591815608
3004751,3.4180382547479873
3004752,1756.499991919129
3004753,0.0
3004754,471.2259487478595
3004755,10.244255925900042
3004756,494.8744387795151
3004757,469.90215259037643
3004758,195.74232920900002
3004759,127.28703154014852
3004760,49.94288342049315
3004761,2445.2180476579665
3004762,9.763531353534704
3004763,0.7405798805067527
3004764,16.7128602587303
3004765,15.042413900894399
3004766,0.014750252278256434
3004767,134.57961601774295
3004768,4.725954871312833
3004769,0.8615447035802344
3004770,4.52963115965929
3004771,85.60035112340566
3004772,1.9183719777833987
3004773,70.16410673030947
3004774,123.476369687544
3004775,2.577375194826795
3004776,5.1186002429301745
3004777,187.8067779289879
3004778,51.720110110851856
3004779,1489.539236419435
3004780,36.481530807583475
3004781,9.555664170116938
3004782,4.927406862570357
3004783,0.3030736499291552
3004784,2.071393489256519
3004785,2709.1691538642644
3004786,0.00019834954660286744
3004787,147.03094929622404
3004788,6.249559907293663
3004789,799.4046367643217
3004790,295.16657631901666
3004791,279.7999157033014
3004792,45.82649087857145
3004793,41.76856854865917
3004794,3234.2862454207475
3004795,12.925594724365196
3004796,0.9547294784808351
3004797,12.724998827494955
3004798,11.355159310139989
3004799,0.1792247241458695
3004800,163.92452806818827
3004801,5.770692410645638
3004802,0.012501461244337717
3004803,3.644442044305758
3004804,41.53669909232002
3004805,2.840357215602974
3004806,124.18402951287925
3004807,175.7788765957883
3004808,1.0225698800802365
3004809,4.440009322268632
3004810,112.88357410653545
3004811,20.504671871091798
3004812,404.62596521327924
3004813,5.506679708549693
3004814,3.613562065193787
3004815,5.173279489596997
3004816,0.0012893335504387774
3004817,7.075287081058466
3004818,2534.667812955095
3004819,0.0001413190023190361
3004820,630.298841847895
3004821,12.760792465119927
3004822,755.9664445733426
3004823,814.2017880669971
3004824,257.3919235511044
3004825,174.02062976791262
3004826,120.44867170849858
3004827,3586.2279220736677
3004828,30.43647587710425
3004829,1.250701717528825
3004830,23.292066909196
3004831,26.400554327094213
3004832,0.02638669380970794
3004833,218.8657425718797
3004834,19.469331476526985
3004835,18.005414003972135
3004836,6.959765990146961
3004837,132.86353047894863
3004838,11.327019535605714
3004839,843.4076830915002
3004840,237.2409092666638
3004841,7.713069685194602
3004842,7.101489359727269
3004843,586.2959342304271
3004844,98.83880975944953
3004845,2034.646998217982
3004846,0.0
3004847,38.90910305539756
3004848,5.733539199338276
3004849,0.1545042323386994
3004850,3.7067768672332138
3004851,3892.2199816508637
3004852,0.0
3004853,405.62121011038846
3004854,6.571329696581803
3004855,1135.79943028278
3004856,591.9915964057924
3004857,882.3247123568683
3004858,79.13507789087173
3004859,88.52546325522626
3004860,5425.18535208629
3004861,12.533044093199138
3004862,0.4024525292989173
3004863,17.557029884496412
3004864,11.788504320667279
3004865,0.0010665978657173941
3004866,268.0468312411443
3004867,0.7772483721108061
3004868,4.7058360780830615
3004869,3.0744081616975976
3004870,58.442775247778066
3004871,1.1919652428781462
3004872,264.2667173840725
3004873,293.491224997614
3004874,2.448995688511052
3004875,4.95679584262797
3004876,461.4382055505275
3004877,65.59605841862245
3004878,867.613266125336
3004879,55.2660531613249
3004880,8.282549057069206
3004881,9.053433332907316
3004882,0.2320866793929387
3004883,2.6267709240354415
3004884,3104.8179791558914
3004885,0.0
3004886,351.0964232181476
3004887,6.22326306871181
3004888,1110.1831269748054
3004889,479.38454742287524
3004890,312.98623269129854
3004891,201.85220869258524
3004892,83.17479107630864
3004893,3760.830381931177
3004894,11.8463860617682
3004895,0.38126588395895655
3004896,36.66199165873312
3004897,24.123814689475026
3004898,0.037492870772684574
3004899,251.02693668368912
3004900,2.93588489192898
3004901,2.3301985829027636
3004902,6.698884040328285
3004903,118.26134067418211
3004904,2.0564421841640783
3004905,94.19342807940215
3004906,228.9548727903484
3004907,2.0646343217170604
3004908,6.4894270241671395
3004909,161.83200981343276
3004910,138.89805408453645
3004911,1179.161901372248
3004912,0.002709660222020209
3004913,3.0999638447221063
3004914,3.169766913910631
3004915,0.01817787606280825
3004916,2.255316165168728
3004917,1873.2810562405223
3004918,0.0
3004919,163.392281236212
3004920,5.0392921378021525
3004921,571.9301478424043
3004922,270.7083070856208
3004923,129.68323953971571
3004924,57.95688980333226
3004925,57.58690334789179
3004926,2276.8153358454365
3004927,7.294159290177637
3004928,0.6608767868729675
3004929,22.94086583318109
3004930,16.165324861506218
3004931,0.0
3004932,161.34425676745565
3004933,0.4064298618920369
3004934,0.0037306001572428816
3004935,3.6632891931801472
3004936,96.93866731777592
3004937,2.1763789941592107
3004938,95.04821766195045
3004939,131.76939929851585
3004940,0.7637906951107247
3004941,4.686006702332127
3004942,202.4668453345132
3004943,29.904078791812626
3004944,556.6770406955517
3004945,10.598608705875154
3004946,1.2118088709734796
3004947,1.4954148487477976
3004948,0.0
3004949,2.3498313927561916
3004950,1282.59590077241
3004951,0.17070131893727844
3004952,243.15954483675247
3004953,9.273629037134059
3004954,508.91823270315916
3004955,491.7251156357197
3004956,125.22608756761366
3004957,53.97262657458582
3004958,79.7324005662019
3004959,1912.538303255521
3004960,26.217768704450094
3004961,0.3463801302599763
3004962,10.40332488629593
3004963,13.679552213146959
3004964,0.18015090934150993
3004965,113.40280150135172
3004966,9.951416602979123
3004967,1.7182490243430584
3004968,3.196016900274831
3004969,84.02421969754168
3004970,4.208825366508403
3004971,680.3825789137861
3004972,128.87330004819742
3004973,3.5395241557672135
3004974,5.129011821997017
3004975,400.7573270705812
3004976,32.13429414865928
3004977,1165.68772601523
3004978,0.0
3004979,7.763987928505067
3004980,2.4897838403120693
3004981,0.007400180652452975
3004982,2.7908652555318683
3004983,3314.5969198428024
3004984,0.020700704864525913
3004985,777.2654789715024
3004986,17.123534634622988
3004987,1102.127567477791
3004988,1281.033966976484
3004989,332.05429734553155
3004990,262.7568498879723
3004991,205.77685406334902
3004992,4139.549573543837
3004993,44.5695557324681
3004994,0.7324136660574545
3004995,18.396479431399868
3004996,32.06304418074838
3004997,0.014963265525758607
3004998,245.5378548799681
3004999,8.223910121621218
3005000,36.717909589744885
3005001,9.017553247875293
3005002,131.4901357162679
3005003,14.720817302745179
3005004,631.5163363653115
3005005,257.6344700980232
3005006,14.226046786462787
3005007,7.5680508312547765
3005008,782.985743578168
3005009,127.77006967600704
3005010,3487.9233714550883
3005011,0.0
3005012,36.71564139750241
3005013,2.766668721732195
3005014,0.00738164767370896
3005015,4.465549277141407
3005016,2459.7479320495577
3005017,0.0
3005018,485.2143527334821
3005019,7.938129586271758
3005020,474.9315255795732
3005021,797.2829046992354
3005022,176.80399315248272
3005023,153.43872396212177
3005024,105.09301334090836
3005025,2230.3678606692756
3005026,19.843432327685377
3005027,0.8645209656645434
3005028,18.680748028979178
3005029,16.358068323258944
3005030,0.020773869489256556
3005031,111.1809628934975
3005032,0.0011987076350859578
3005033,28.241399799592095
3005034,3.4497954658956616
3005035,255.51102144564658
3005036,11.429222472346027
3005037,402.31303561934857
3005038,112.2604402893283
3005039,4.611453045620934
3005040,5.06186902647727
3005041,317.9041437925329
3005042,43.96246537162502
3005043,1851.6463503728457
3005044,0.5968695932651096
3005045,6.9864009121706445
3005046,2.7076202609186297
3005047,0.0019392272123238566
3005048,1.601966116163668
3005049,711.0951811564737
3005050,0.0
3005051,210.931993305768
3005052,4.542990276533601
3005053,323.77510011108427
3005054,219.58664458883646
3005055,102.52165602998427
3005056,35.96801638077156
3005057,26.70565931315133
3005058,1322.2571052927199
3005059,3.898315941899079
3005060,0.37545741214520084
3005061,9.476281140747746
3005062,6.416809901782363
3005063,0.14207137354549654
3005064,65.73836852878947
3005065,0.022007137177378077
3005066,3.615216819648265
3005067,0.3240153990502677
3005068,32.24854216005842
3005069,0.1476493040710263
3005070,373.32829450823095
3005071,115.03734390853229
3005072,1.9288337813809866
3005073,0.8534182911029695
3005074,209.60792409441163
3005075,18.422194324737355
3005076,464.22472790503537
3005077,0.32411232778872134
3005078,2.5976141557567805
3005079,4.715692481963688
3005080,0.3654662502665056
3005081,2.3803889562382814
3005082,2956.9588571625573
3005083,0.11483769142761875
3005084,543.3325699274037
3005085,16.017660639362504
3005086,779.8651055389482
3005087,890.1536007018526
3005088,302.57294184607525
3005089,237.05893380422583
3005090,147.19288317801897
3005091,3475.30885958521
3005092,33.237979644514446
3005093,2.34351551664792
3005094,22.674433878267443
3005095,22.361523176014654
3005096,0.0637885221572423
3005097,173.61016987493483
3005098,4.407466260256122
3005099,33.33118743402731
3005100,7.968169287795185
3005101,238.80206455265505
3005102,3.5142725476446675
3005103,414.7324677072317
3005104,192.78366599949985
3005105,9.067987311922177
3005106,9.335821357564713
3005107,464.4828154446363
3005108,70.75282445444675
3005109,2297.239083270502
3005110,0.7539891803770848
3005111,23.26758002853708
3005112,4.156754721927693
3005113,0.0
3005114,2.085250892003821
3005115,3264.120551945695
3005116,0.0
3005117,490.8156112241044
3005118,12.871832396651946
3005119,1019.9780887727659
3005120,707.9796437380335
3005121,409.6101196065895
3005122,173.63568698939545
3005123,73.30389563472778
3005124,4409.019151055142
3005125,14.224900965610875
3005126,0.4294172426421218
3005127,29.185179634940145
3005128,19.062083958180892
3005129,0.4630862078219869
3005130,209.91086208927206
3005131,0.001242542963919662
3005132,5.379563375899452
3005133,4.156990986312228
3005134,57.38348609976991
3005135,0.726309890298803
3005136,169.27156589858888
3005137,259.39176895212063
3005138,3.738638630089313
3005139,3.2212857545057476
3005140,226.2094673833586
3005141,77.58356920329494
3005142,1580.5315196669126
3005143,1.4722552899314154
3005144,3.18191619731339
3005145,3.954546262066641
3005146,0.2737439051573178
3005147,3.0917828469162645
3005148,3013.3866116773306
3005149,0.0
3005150,599.2264817975129
3005151,13.693257380105434
3005152,909.667751424666
3005153,575.7469319905703
3005154,294.76906560272823
3005155,169.86268550744583
3005156,78.30651187996573
3005157,3608.0830306586854
3005158,13.853543721356166
3005159,0.964321532258891
3005160,27.371363103969472
3005161,16.608072342936826
3005162,0.0
3005163,200.4017535288529
3005164,0.0012310204480468912
3005165,4.386847202578012
3005166,3.697118939070414
3005167,123.86423292697935
3005168,1.1533346742772235
3005169,100.84765610504923
3005170,177.082537106753
3005171,2.4320966282616
3005172,3.7433795962870455
3005173,216.26280305418075
3005174,63.970295080429636
3005175,1093.3322849620067
3005176,0.8793463056656612
3005177,4.1155931540306945
3005178,7.9229130245213035
3005179,0.12186505062282858
3005180,12.951121414782765
3005181,7742.181012259196
3005182,0.003408324035345721
3005183,1208.3053694108037
3005184,43.01333730199291
3005185,1832.0864267694242
3005186,2006.9791148811985
3005187,408.3223956649287
3005188,532.8020460200808
3005189,371.5903003046014
3005190,7988.4602721116435
3005191,75.31460740124261
3005192,2.0386406222340283
3005193,60.35799526456813
3005194,53.38479057490532
3005195,0.05043454649722175
3005196,484.2927870319734
3005197,39.39007681656224
3005198,58.90690621330305
3005199,24.201450646333313
3005200,344.80126452947394
3005201,33.53717070181278
3005202,1175.6465539892367
3005203,506.0720445067625
3005204,18.60620938927728
3005205,23.449734720534853
3005206,1489.4767941120192
3005207,250.20715992704882
3005208,7094.367962456369
3005209,0.6817762982711533
3005210,106.74237690441919
3005211,2.796801498231156
3005212,0.25221371266907006
3005213,0.2586349517179011
3005214,1673.4243981510917
3005215,0.0
3005216,132.89674005248415
3005217,4.413692725583574
3005218,536.1793114087238
3005219,219.3271073266058
3005220,139.4998806572293
3005221,122.12086143239867
3005222,48.1037123602967
3005223,2049.3868407392397
3005224,4.56233866953846
3005225,0.2881531105253555
3005226,11.122673871102672
3005227,7.483129967345818
3005228,0.020881769524600767
3005229,109.00759496783266
3005230,0.3969535057473171
3005231,0.010302001770995835
3005232,2.08461390883365
3005233,45.66123714520985
3005234,0.7146870678549571
3005235,50.74020715005028
3005236,88.26146096211201
3005237,1.656670092783222
3005238,3.5202186544285716
3005239,132.81153069640646
3005240,22.500140534284522
3005241,544.248205157302
3005242,0.00611509434647245
3005243,3.2326571891325218
3005244,7.18131090579462
3005245,0.021112141651957805
3005246,1.070114988660801
3005247,3387.5739438616242
3005248,0.0
3005249,534.7992704019637
3005250,10.020929252362572
3005251,1032.3306537039311
3005252,581.9190949765627
3005253,305.34848574176596
3005254,294.7062392373557
3005255,89.86522438164114
3005256,4224.249736882215
3005257,10.248279077429936
3005258,0.40685072673835326
3005259,22.79960242396718
3005260,19.02653099897684
3005261,0.004227010827433655
3005262,244.19898627376045
3005263,0.6148680669282369
3005264,4.561995935946485
3005265,7.176503736691673
3005266,24.09459042348357
3005267,0.9863546261355269
3005268,317.0285068624758
3005269,206.42212152553483
3005270,3.0918871108347092
3005271,4.589054803933551
3005272,150.6407564738381
3005273,63.19920319806177
3005274,1220.978340743282
3005275,0.8308230871964399
3005276,5.069902549847987
3005277,1.140214499550099
3005278,0.0
3005279,0.48629333424293053
3005280,1124.781285550738
3005281,0.0
3005282,97.10987260025574
3005283,2.8057431513080546
3005284,452.55064891363446
3005285,123.54316007302661
3005286,111.7790053534589
3005287,157.04392991018437
3005288,16.735614390366425
3005289,1766.845182550967
3005290,1.3951652713657348
3005291,0.20926226938877102
3005292,6.17655983951951
3005293,3.4134059730025186
3005294,0.11942477312691913
3005295,67.83410216854955
3005296,0.0
3005297,0.0024566193237930962
3005298,0.5713839358931336
3005299,47.40826525744542
3005300,0.2709465912175723
3005301,58.98518972606922
3005302,61.22639953734386
3005303,0.5283157160589664
3005304,1.0858757188045711
3005305,68.02853097239499
3005306,9.841106498236373
3005307,205.0285783675188
3005308,0.0
3005309,1.1348063784226503
3005310,5.415295449013021
3005311,0.0
3005312,1.7145343055563957
3005313,2088.9437241058636
3005314,0.0
3005315,183.14029223415696
3005316,7.625148098377391
3005317,896.0112718577894
3005318,363.77282998326433
3005319,197.3146704417873
3005320,122.19723116550314
3005321,66.13624402759751
3005322,2704.3633088661345
3005323,2.5190716485025355
3005324,0.2688754290750323
3005325,26.46138704984924
3005326,13.978455568022229
3005327,0.030820327931659522
3005328,173.9498163993393
3005329,0.0
3005330,0.002823527908436295
3005331,10.957277913270863
3005332,36.531932108846235
3005333,1.1548656368013948
3005334,201.24694370977062
3005335,172.6370138550606
3005336,1.6571684620757945
3005337,2.7990092896027217
3005338,261.5680473567667
3005339,29.472583049902255
3005340,1166.042336170814
3005341,0.0
3005342,0.5069953595601373
3005343,2.8365192772678074
3005344,0.2270097264864955
3005345,2.0957750779304933
3005346,2532.2890537149915
3005347,0.003345880819230152
3005348,674.5247080379128
3005349,11.49716604713193
3005350,902.8478756060508
3005351,575.217064934367
3005352,248.60263163802895
3005353,117.77409255153812
3005354,73.66860178228951
3005355,4134.195676607016
3005356,6.691241547239069
3005357,2.5896091569645527
3005358,25.524678721887966
3005359,41.28332454930628
3005360,0.02579971917708693
3005361,206.09081215571973
3005362,1.633536138877496
3005363,4.861047212198466
3005364,2.5166099054105664
3005365,40.658987553966924
3005366,2.0741808250295066
3005367,173.71523605845928
3005368,244.6058800785881
3005369,2.9315334988107162
3005370,5.180366552168713
3005371,178.898700550251
3005372,34.78617469450444
3005373,653.0451388743236
3005374,2.4230961380564935
3005375,1.7953377271498923
3005376,2.962690424811637
3005377,0.0
3005378,0.40623684822229433
3005379,1535.73032213926
3005380,0.0
3005381,92.85081188629266
3005382,1.8432555269233144
3005383,399.23891003826316
3005384,136.1703972231594
3005385,105.61916570084834
3005386,127.01525114510022
3005387,55.5880088811451
3005388,1736.371719368342
3005389,4.27040114767504
3005390,0.39697878357664595
3005391,8.178140401221025
3005392,4.181106978247994
3005393,0.16297080520094537
3005394,88.08650870100092
3005395,0.0007206930095218782
3005396,0.003239350572528102
3005397,0.23074561501214585
3005398,60.75214138339028
3005399,0.6623080243410142
3005400,157.66561547185185
3005401,66.17766140748266
3005402,0.6531678880376941
3005403,0.6707888710098091
3005404,66.27765844063069
3005405,17.664373152557783
3005406,326.4156976627559
3005407,0.0
3005408,0.8333135678439223
3005409,4.158650157210816
3005410,0.0
3005411,0.6024392666358771
3005412,3763.670022177107
3005413,0.0
3005414,571.9806857367446
3005415,10.08945961743702
3005416,838.9094336509313
3005417,538.0932930930041
3005418,231.04158496715266
3005419,119.44160656076242
3005420,78.62146903040271
3005421,3896.0757486886305
3005422,8.449883175804132
3005423,0.38495218317189117
3005424,27.59782080260176
3005425,8.599445834412467
3005426,0.004137180203085507
3005427,201.1737532846832
3005428,0.0025994501300099413
3005429,28.762594383845407
3005430,2.761189922073894
3005431,77.35545599504782
3005432,1.2536721741691577
3005433,202.957697437192
3005434,187.60703681987127
3005435,3.2693967025748867
3005436,2.374861579967751
3005437,145.74454198131494
3005438,46.9548882098248
3005439,1398.3876504235077
3005440,0.6498082804334429
3005441,0.7059239969064706
3005442,2.441018886112466
3005443,0.005744898869718378
3005444,7.014360761670776
3005445,2621.804362448733
3005446,0.004591775854310272
3005447,470.25671852803714
3005448,6.686761932864921
3005449,819.3915980641104
3005450,825.5129828611314
3005451,170.54749716524123
3005452,130.65053801534177
3005453,138.55235077180103
3005454,3167.300221057715
3005455,53.14520897553869
3005456,1.3013764708686755
3005457,35.09546466855148
3005458,22.04915180588059
3005459,0.014734791921979198
3005460,195.51411497276095
3005461,18.424633431537362
3005462,24.720629469463535
3005463,1.3351632706087848
3005464,144.61980041659768
3005465,8.306811365545679
3005466,349.6858663027638
3005467,243.89477576324362
3005468,11.499572092393048
3005469,13.759657481033514
3005470,298.4596905565233
3005471,77.60854050992026
3005472,2277.9606310536183
3005473,0.0
3005474,15.944114916875122
3005475,5.754682229413167
3005476,0.0019702000228012284
3005477,7.167629214785647
3005478,1934.0315201265264
3005479,0.0008214048365687988
3005480,390.47911307307703
3005481,13.562739476878104
3005482,801.0886825428935
3005483,755.9680233528935
3005484,152.9977593557289
3005485,83.48011816191627
3005486,118.19803487065643
3005487,3095.1215795281923
3005488,21.135923182991657
3005489,0.6566829560859393
3005490,35.36545177895211
3005491,23.650306730707932
3005492,0.02315548246915308
3005493,290.8261603640233
3005494,19.127163367974006
3005495,15.590966441819994
3005496,8.262442199678258
3005497,145.40907080600923
3005498,12.290522589047418
3005499,229.72279380575273
3005500,309.2153686573939
3005501,7.915484597802752
3005502,8.577945430897225
3005503,182.13146916864488
3005504,81.96480596269475
3005505,1833.2774474061387
3005506,10.04239549086225
3005507,16.617948810614998
3005508,6.2955989700499435
3005509,0.17834667880439853
3005510,2.133085833038551
3005511,2786.13438814066
3005512,0.0
3005513,621.7088283790835
3005514,5.532906821212276
3005515,1187.6006496276468
3005516,604.5409198220425
3005517,195.32064421582322
3005518,279.8241144814374
3005519,64.99199458534812
3005520,4833.468806389548
3005521,26.913529334043425
3005522,0.8932155447878805
3005523,21.80283469948569
3005524,15.822401896076752
3005525,0.013981500111074229
3005526,281.34887714948195
3005527,3.7548027464371074
3005528,14.170570664680524
3005529,8.714732228325225
3005530,80.75224937122813
3005531,4.654750073825113
3005532,140.46858863416378
3005533,263.9760293104008
3005534,5.560633140083398
3005535,8.277763627436459
3005536,290.88631995630584
3005537,57.2789437130686
3005538,1529.487705361507
3005539,7.23069982397776
3005540,12.932616406911773
3005541,3.719605437613626
3005542,0.038987478625665505
3005543,4.38456963964494
3005544,2177.9644351055335
3005545,0.0
3005546,334.66538863175606
3005547,7.487449714608454
3005548,758.1187643851613
3005549,672.6314522025259
3005550,220.95848406364573
3005551,144.10176107986453
3005552,95.26982327567737
3005553,3168.1361634318096
3005554,24.084988195064565
3005555,0.9838534082539356
3005556,16.29705022523551
3005557,9.938863977538254
3005558,0.14360808118004176
3005559,183.14579168939193
3005560,15.927882162802579
3005561,27.10504869220193
3005562,1.2918762386478848
3005563,151.96225689453763
3005564,7.042300392066846
3005565,554.9851994745969
3005566,216.25833941535728
3005567,5.313402485428793
3005568,6.854284262160656
3005569,475.2241798330876
3005570,51.813214741333596
3005571,1987.851180818313
3005572,0.11107993092762385
3005573,30.406061072922462
3005574,2.437648715804731
3005575,0.030270691266549424
3005576,3.0305140801880315
3005577,5383.725282500409
3005578,0.0026724059647425516
3005579,397.3512241064037
3005580,7.625418776795199
3005581,1593.936749404605
3005582,515.0109446193273
3005583,320.8184841905168
3005584,145.06784372342008
3005585,65.71185954476785
3005586,5111.848434384761
3005587,9.413375159966902
3005588,1.5334525072413183
3005589,23.382162612290376
3005590,22.98259774169503
3005591,0.03350058699820922
3005592,304.5220031943707
3005593,0.00845445265416785
3005594,0.23689424034546716
3005595,7.588565345399992
3005596,35.60077026425855
3005597,2.062756260616008
3005598,127.16961562381991
3005599,259.6191529074571
3005600,3.031223757569168
3005601,8.746829287247884
3005602,238.92303965791618
3005603,48.36160443740756
3005604,1122.85516328159
3005605,0.0
3005606,3.7142218648781684
3005607,6.277035231375746
3005608,0.0023933516374852093
3005609,9.472199669921277
3005610,1843.9235791198591
3005611,0.0
3005612,421.26799416170905
3005613,13.035934058628678
3005614,932.7889473174052
3005615,662.8735393304842
3005616,224.9029941576212
3005617,127.54292231468193
3005618,171.40907487201912
3005619,3208.4078284457773
3005620,34.113550661257946
3005621,1.0173502340531653
3005622,24.129068295623288
3005623,21.484660969114856
3005624,0.023521845014748435
3005625,204.58774855053093
3005626,14.807113325514656
3005627,19.272352176079703
3005628,6.7601063754830975
3005629,137.04758493499307
3005630,10.182350801566686
3005631,371.93382986919886
3005632,251.96920892773295
3005633,12.94153091031761
3005634,6.673243389204782
3005635,226.56373289385917
3005636,58.26633401870802
3005637,1817.0000073219016
3005638,0.38864094021592677
3005639,8.414110149993094
3005640,2.7367928469080227
3005641,0.0
3005642,4.8583901665076255
3005643,2158.500973451645
3005644,0.0
3005645,406.93608652420295
3005646,8.32363218102892
3005647,638.07140339664
3005648,779.2741782344386
3005649,187.31415605777622
3005650,131.86498313351953
3005651,114.7382356876467
3005652,2595.4896896102173
3005653,25.293718165215328
3005654,0.7544414962752057
3005655,26.194572121776147
3005656,23.37049792376888
3005657,0.0020304853064902293
3005658,165.56945624866722
3005659,10.139604874615946
3005660,37.56573358066065
3005661,3.468288197949704
3005662,90.59841966850567
3005663,8.85883733992543
3005664,317.0099617299824
3005665,213.8701299078333
3005666,7.767775757433714
3005667,7.275871899858235
3005668,281.485750836784
3005669,48.58989554441183
3005670,2052.055926281798
3005671,0.3320632778391077
3005672,15.56957447574499
3005673,4.386877150924303
3005674,0.006700983910897807
3005675,3.456663126936105
3005676,5198.143024493457
3005677,0.0
3005678,538.4925174016879
3005679,19.68861683454497
3005680,1176.0348668296276
3005681,635.8534324041941
3005682,328.6941453905407
3005683,194.02371373612542
3005684,84.63107104333281
3005685,4564.660169155586
3005686,12.169890920168228
3005687,0.1527020241661017
3005688,14.383283895930495
3005689,19.957018416675357
3005690,0.11332770928568836
3005691,225.15945912887597
3005692,0.001285823628402003
3005693,7.829411192366024
3005694,1.0906940207851084
3005695,88.47155889080007
3005696,3.018682562324779
3005697,205.99467283414313
3005698,268.48183961620236
3005699,3.0509470085175687
3005700,1.370988381238322
3005701,336.5572307947063
3005702,146.13468240009314
3005703,1371.6726543563248
3005704,1.716823259326112
3005705,0.5187689614848003
3005706,12.659277512574567
3005707,0.0035560445104981016
3005708,13.97191997912934
3005709,8772.009952456934
3005710,0.002405431096025414
3005711,1557.9409413209573
3005712,27.92543987735033
3005713,2105.610073941926
3005714,2308.522206643832
3005715,622.2687508314717
3005716,643.1680246913919
3005717,448.6613392270116
3005718,9304.800661893532
3005719,85.46633179584285
3005720,3.767710982304865
3005721,114.37699462058502
3005722,104.52079585391762
3005723,0.04407764363211669
3005724,563.1931725796223
3005725,29.45283389767649
3005726,30.4843540633349
3005727,42.445190592475676
3005728,430.1520504624673
3005729,25.575951969685995
3005730,1385.4401178445285
3005731,540.8759851217013
3005732,31.932640679823436
3005733,35.500583879999105
3005734,1500.7387469943753
3005735,279.5343327583197
3005736,8363.03788762181
3005737,303.6867207690711
3005738,117.1879948117787
3005739,13.952633582097526
3005740,0.0012334170779807769
3005741,12.788062944726846
3005742,8749.881770525872
3005743,0.001467225555847911
3005744,1230.9549251471599
3005745,31.243604132040993
3005746,2374.0898326851766
3005747,2154.5550776412088
3005748,830.8181863025892
3005749,405.983917868306
3005750,365.9227773452324
3005751,11159.766791774831
3005752,113.71871728276021
3005753,1.2746749577520067
3005754,75.40612222376794
3005755,83.93941419959889
3005756,0.538874554825663
3005757,588.6892160955879
3005758,22.8890112093934
3005759,52.05965048756029
3005760,8.113612765561124
3005761,341.7010270344727
3005762,23.07824264304017
3005763,1691.2188048154721
3005764,666.1831705649444
3005765,20.20292924235339
3005766,28.983644212630445
3005767,1670.3814771303735
3005768,263.71064433457616
3005769,6025.811694831645
3005770,453.4696176751812
3005771,113.78703436218571
3005772,10.659577704160883
3005773,0.0007541570208526304
3005774,20.073193455271383
3005775,4960.218089783813
3005776,0.014466517908440321
3005777,843.3335481051839
3005778,14.753560902919437
3005779,1947.237820288164
3005780,1412.5104096623784
3005781,860.3441414043016
3005782,132.66093263425492
3005783,251.52110291783157
3005784,8788.250795030095
3005785,42.43534620232181
3005786,2.4651697030088937
3005787,52.40345632440357
3005788,26.284458285223966
3005789,0.43459567171949903
3005790,547.0087754991712
3005791,24.39043978756738
3005792,27.804605296523025
3005793,10.28151985787007
3005794,169.76443907867966
3005795,12.273315431720093
3005796,1613.3110209151412
3005797,683.0452832633404
3005798,19.77587259789744
3005799,39.7467487126516
3005800,932.7617247602437
3005801,140.23666550529137
3005802,2558.8658067521724
3005803,265.31638875056495
3005804,53.97347959438595
3005805,15.377830379032375
3005806,1.8214483913806097e-06
3005807,21.968036829675622
3005808,8636.009486554898
3005809,0.00023534232349317532
3005810,1173.9021981793999
3005811,29.139157337935533
3005812,2124.3557026733565
3005813,1974.6523948243532
3005814,757.5047886632576
3005815,377.77807759250607
3005816,260.0477365547723
3005817,9755.945848726842
3005818,62.99440756265535
3005819,0.8952565759943019
3005820,64.08186343373448
3005821,67.82582946730683
3005822,0.6798477739653517
3005823,569.9863622873521
3005824,27.073644824815617
3005825,45.785450974981536
3005826,19.162665777045852
3005827,344.15778238261237
3005828,17.47584129074864
3005829,1394.796273431009
3005830,670.5147130075993
3005831,19.2521996418596
3005832,25.224787226323777
3005833,1437.4778630536707
3005834,228.87623127222918
3005835,4919.9226109655265
3005836,354.19673621325705
3005837,85.92840700647375
3005838,9.402804278164133
3005839,0.0
3005840,16.862437811143558
3005841,4055.262118163963
3005842,0.0
3005843,767.8283986114088
3005844,16.004067376199107
3005845,1754.657602808771
3005846,1145.7471671216524
3005847,655.6026536666761
3005848,112.22634765437343
3005849,183.78415362668093
3005850,7822.488770342716
3005851,43.84399422424257
3005852,0.28841655178488146
3005853,36.42471084476595
3005854,24.778418665026734
3005855,0.0626078507887684
3005856,485.9929400646962
3005857,21.31779205985479
3005858,11.765701989387724
3005859,3.7537920385289256
3005860,168.56614602275872
3005861,5.24154072231411
3005862,1338.044906405732
3005863,706.7037479435036
3005864,15.03894809933038
3005865,23.108919642231534
3005866,1112.3867880714665
3005867,84.36467163516514
3005868,1642.9749156758187
3005869,271.032073161984
3005870,26.495880960616553
3005871,12.201434587099152
3005872,0.002019113840056195
3005873,10.853423857703957
3005874,6413.444308234189
3005875,0.000870262572357669
3005876,1239.1684819258476
3005877,31.094340180881403
3005878,1720.7913056926584
3005879,2099.054115472866
3005880,498.7426706690562
3005881,515.5228491152591
3005882,373.9039310462482
3005883,7833.202890748525
3005884,74.63908412428957
3005885,1.2244734153616723
3005886,53.31153284938544
3005887,52.95949346815954
3005888,0.38794180549781687
3005889,446.4662819641564
3005890,10.339541003088682
3005891,40.70412648925725
3005892,9.804627413412314
3005893,362.89142014711064
3005894,18.859789037408166
3005895,1370.087709652186
3005896,485.20312095802245
3005897,17.254018516770838
3005898,29.823391090345073
3005899,1352.7273689878084
3005900,242.9753118363497
3005901,7071.372275000154
3005902,210.81979259749568
3005903,107.95099327594266
3005904,5.7090381677264475
3005905,0.14748419045135128
3005906,5.2464209781197715
3005907,1664.88615964511
3005908,0.0016483820415951402
3005909,320.7281904656906
3005910,31.49155090398802
3005911,772.0418932549709
3005912,505.3376259206694
3005913,242.10023379367442
3005914,88.17646217222851
3005915,97.56257155515434
3005916,2765.6324585905927
3005917,27.025317923585384
3005918,0.9219369652929674
3005919,27.972113790082563
3005920,21.204284878632365
3005921,0.04192816621194902
3005922,187.36553237324893
3005923,10.508766423886085
3005924,6.927719413212423
3005925,8.478486099697507
3005926,82.88921537144614
3005927,9.457214848471123
3005928,336.9374111993033
3005929,197.00534848814084
3005930,2.763161842394657
3005931,6.207511011463913
3005932,321.8836102939075
3005933,55.536272004630696
3005934,1401.6938130675244
3005935,0.4441089353924442
3005936,11.473759062235429
3005937,10.996151602757397
3005938,0.0006443117017598765
3005939,12.407395713626306
3005940,3841.4193133277086
3005941,0.0008779826114746014
3005942,564.1038266314891
3005943,35.295204045881555
3005944,1460.1588247351337
3005945,1017.6849690540607
3005946,513.0718324617426
3005947,107.68524019064228
3005948,153.5293807349792
3005949,5918.333074271711
3005950,76.47300229883106
3005951,1.24698617889102
3005952,59.43761649567758
3005953,32.48318405789533
3005954,0.04378497199902688
3005955,338.6160155724504
3005956,11.236052184280751
3005957,8.28566738134998
3005958,3.127051424884556
3005959,183.83272233593632
3005960,9.376861503358805
3005961,764.8398179203717
3005962,473.0722779744734
3005963,11.093561296091282
3005964,18.94844850187647
3005965,502.08406770403957
3005966,89.27236044981126
3005967,2030.025729808488
3005968,248.5498573450414
3005969,22.890498460592646
3005970,6.919788419843929
3005971,0.002765168177476173
3005972,4.974632150103031
3005973,4450.5124525511055
3005974,0.0016154615314126254
3005975,858.6409847705224
3005976,12.993394486924164
3005977,1362.0646062350816
3005978,1627.8437397032383
3005979,337.68708681318356
3005980,415.06099074724847
3005981,322.6826275318764
3005982,4975.291163634831
3005983,53.32858875537754
3005984,1.4286036475607409
3005985,31.976760430775997
3005986,36.939952254844904
3005987,0.10451201267224453
3005988,313.85936609444286
3005989,2.3349786801550576
3005990,54.4164945178421
3005991,4.527600414102138
3005992,224.50020716050577
3005993,11.491408477306797
3005994,1118.6142435890663
3005995,284.4317510557163
3005996,20.891231699755686
3005997,11.3490463449187
3005998,1218.1220798418033
3005999,129.50329186081578
3006000,5061.009053393936
3006001,0.615570396521872
3006002,69.14685490007574
3006003,8.205453497860578
3006004,0.0
3006005,7.78555577610217
3006006,4233.476985896425
3006007,0.0
3006008,938.5005214092804
3006009,13.037351552574606
3006010,1541.4095174978831
3006011,1250.7487135550273
3006012,430.7276977225762
3006013,234.99600817526164
3006014,411.45509916453585
3006015,6074.424651956714
3006016,43.775568196820785
3006017,2.1600334598442967
3006018,62.95722977698581
3006019,49.73121877481958
3006020,0.07117615765771884
3006021,353.26662986767536
3006022,5.732481078203765
3006023,59.071656056048454
3006024,9.80883500121009
3006025,356.0979968104758
3006026,10.775657682406768
3006027,873.3885981309753
3006028,339.84217880094917
3006029,15.936731832742012
3006030,25.459892815515442
3006031,668.3357615756355
3006032,147.46314775456935
3006033,4475.684164721319
3006034,3.6646939677570662
3006035,10.658346050655473
3006036,7.364924680337049
3006037,0.0
3006038,2.419092689345346
3006039,2027.7210421508642
3006040,0.0
3006041,448.85876021458927
3006042,6.213607496560332
3006043,874.3401311312726
3006044,491.15294382818195
3006045,246.52604527348106
3006046,92.22195727502753
3006047,150.1652721765738
3006048,2869.1432484880493
3006049,11.428730226371759
3006050,1.0520028576767078
3006051,24.23953573061724
3006052,17.50186366254326
3006053,0.0015726804462134446
3006054,180.45439077071947
3006055,6.671269967964756
3006056,11.802681778991674
3006057,5.47060018847463
3006058,92.43594891263245
3006059,3.549112987983765
3006060,406.4149962178474
3006061,188.9411713285756
3006062,3.993803463910748
3006063,4.922983720007348
3006064,244.05272753543295
3006065,60.86161929438075
3006066,1781.9080293775578
3006067,0.1982396122544901
3006068,4.978496310986669
3006069,5.439860567488754
3006070,0.0
3006071,0.13145590678728541
3006072,3549.417050366753
3006073,0.0
3006074,192.43617238898577
3006075,3.939631789814886
3006076,947.7218428080333
3006077,220.21073677406554
3006078,247.21477586860777
3006079,70.94997560156199
3006080,30.80029570489068
3006081,3153.9974925763045
3006082,8.724479264756305
3006083,0.6334675468070237
3006084,16.263778255466946
3006085,7.688528853576422
3006086,0.10927802821677271
3006087,179.71114749984457
3006088,0.0010242485536958652
3006089,0.0035436701185584205
3006090,3.0450055279904795
3006091,45.29672305973409
3006092,0.842860535866987
3006093,46.16804013897182
3006094,152.2639641218203
3006095,0.011892056001390367
3006096,1.6956675813927315
3006097,65.71951363650622
3006098,71.69611153526021
3006099,584.8013441762636
3006100,0.0
3006101,1.3690785596334831
3006102,5.64252250555943
3006103,0.002475320389550596
3006104,5.6430552305595905
3006105,3003.9094610358507
3006106,0.0
3006107,491.74235856940885
3006108,12.654938012679674
3006109,1068.7513775771592
3006110,920.9617394152841
3006111,368.1950256431003
3006112,173.8065346283581
3006113,143.22796148775197
3006114,4242.39413744553
3006115,34.954350394943084
3006116,0.6171334851212129
3006117,27.372466324290336
3006118,55.636233823059136
3006119,0.0063261733874818106
3006120,262.8763893536368
3006121,18.591738466082
3006122,17.58409587609837
3006123,13.758053397940355
3006124,130.66549475498928
3006125,6.250042931831039
3006126,651.7555182039666
3006127,276.1207916149388
3006128,7.3879575102267925
3006129,14.462302886651393
3006130,647.122472196001
3006131,105.46392253726401
3006132,2174.8158256526585
3006133,0.0
3006134,51.97324952287367
3006135,4.750917015168954
3006136,0.0061948521994466465
3006137,6.257717056902446
3006138,3770.2500591779476
3006139,0.04398936842021222
3006140,637.6191172604543
3006141,19.494380505304335
3006142,938.2928951170057
3006143,1271.1259193299659
3006144,208.53815143916665
3006145,288.0737547051961
3006146,245.21882049120916
3006147,3680.4338861151323
3006148,38.596209937367966
3006149,1.9223381117491436
3006150,37.33667595357343
3006151,34.70201897515514
3006152,0.5562282261960909
3006153,212.45476373989723
3006154,13.02992748592419
3006155,44.029501587432854
3006156,6.831994039169422
3006157,253.3487128640079
3006158,18.04356394738878
3006159,710.9379421746584
3006160,209.28640147057382
3006161,5.694159532168798
3006162,16.17289236550336
3006163,793.4798280809486
3006164,130.60353132275685
3006165,4603.761000163624
3006166,0.3856034962597102
3006167,55.96189551469631
3006168,3.143724553044909
3006169,0.6650645581041046
3006170,9.47850506032073
3006171,4253.664060049088
3006172,0.004463088724706135
3006173,786.3748684184266
3006174,24.036288549805896
3006175,1143.981262577306
3006176,1392.0437637998207
3006177,324.03565316868
3006178,334.0107092575716
3006179,178.76572876446303
3006180,4390.624232587433
3006181,43.77848921774874
3006182,1.816720363929937
3006183,41.23863872024379
3006184,37.15053500008773
3006185,0.0454443400261303
3006186,326.6892483264025
3006187,26.625341660634422
3006188,35.713561658181256
3006189,23.587066092378702
3006190,210.18924409371024
3006191,18.42406162232859
3006192,649.3104086089703
3006193,330.9653330898165
3006194,14.698295075488327
3006195,19.426018081428516
3006196,880.1784610331508
3006197,142.70203515836434
3006198,3987.4784454585956
3006199,0.4373424179207711
3006200,46.71356456841609
3006201,11.66735543918242
3006202,0.254324019402484
3006203,6.781408692911662
3006204,2950.0371067381825
3006205,0.0
3006206,421.7318585146836
3006207,14.144604826125017
3006208,1371.0104266689573
3006209,720.4535096496468
3006210,606.6588350150263
3006211,147.15697553241222
3006212,97.19780685867296
3006213,5541.036768657782
3006214,10.111000075159557
3006215,0.7718205395960225
3006216,48.73963039980509
3006217,34.60234856797015
3006218,0.0062706179879763145
3006219,338.7512047135658
3006220,6.426383523907762
3006221,4.003955311942329
3006222,7.02177451421446
3006223,54.68731404771578
3006224,3.9973342283829174
3006225,314.04555565172683
3006226,366.5851893658859
3006227,5.335405929256801
3006228,5.371986848156845
3006229,445.40951217563526
3006230,107.39483319682842
3006231,1381.6684273123078
3006232,113.69267637942338
3006233,13.720476301308446
3006234,4.620417120103263
3006235,0.0
3006236,4.581781257983643
3006237,2081.4949482727175
3006238,0.008941656001905704
3006239,299.20528432694744
3006240,9.467181797879325
3006241,540.8927988210343
3006242,639.8114860943972
3006243,114.77444380651166
3006244,134.31525664415227
3006245,123.37952096803544
3006246,2276.803764562615
3006247,14.51409066707551
3006248,1.3530162516173423
3006249,20.331147527874606
3006250,24.034940127408262
3006251,0.034866328114476
3006252,159.93380982729977
3006253,13.485426566632977
3006254,14.982358121146842
3006255,4.7644389403597085
3006256,121.98579232404089
3006257,6.114671817395398
3006258,262.4668877156691
3006259,166.8707145802486
3006260,4.5043069744759014
3006261,9.748654733849728
3006262,228.9153788608728
3006263,52.739186409261954
3006264,2217.5343351448737
3006265,0.0
3006266,21.51259053004559
3006267,1.8244902570413588
3006268,0.0
3006269,2.8193333310602817
3006270,1579.124860803672
3006271,0.0
3006272,113.32583918292133
3006273,5.228146182054112
3006274,813.0770798835374
3006275,336.53032533866485
3006276,249.55239182571023
3006277,48.613428085341354
3006278,53.638233191344966
3006279,3075.1743208300345
3006280,7.314037500397978
3006281,0.43271535109673315
3006282,13.03658153135128
3006283,11.565621979227648
3006284,0.1437082498554929
3006285,193.6591701382674
3006286,6.263816900299062
3006287,0.00856069337645003
3006288,1.6208980606701777
3006289,32.121112459218665
3006290,0.5151284602090329
3006291,181.62301153771784
3006292,194.1202675625372
3006293,0.9235357861165376
3006294,3.6690980760628618
3006295,150.13542586110592
3006296,31.38837840677639
3006297,251.7748196547434
3006298,11.275411896534855
3006299,2.735468895777743
3006300,8.684070113191776
3006301,0.15637624631576533
3006302,5.546943519113476
3006303,4691.827565195941
3006304,0.0
3006305,969.3224493794161
3006306,17.696565117790378
3006307,1777.7379099416464
3006308,660.1226587385107
3006309,466.1274799583657
3006310,225.9883539084047
3006311,124.86644306313195
3006312,7667.846615328782
3006313,27.34781690699101
3006314,0.722063528577797
3006315,37.773517082984334
3006316,18.528546437264353
3006317,0.05785975250095695
3006318,472.8023155493629
3006319,11.826695675071278
3006320,2.898682746255203
3006321,9.582323226580248
3006322,58.608662023281475
3006323,2.9242851821048235
3006324,608.9921274103821
3006325,397.72623002832415
3006326,1.9066330396681122
3006327,18.573760451603036
3006328,415.6637235707342
3006329,103.2906569862158
3006330,1544.9249971597346
3006331,27.45799384155496
3006332,12.682702974818328
3006333,5.905459244141075
3006334,0.0
3006335,1.3603394439183973
3006336,1795.635531887769
3006337,0.0
3006338,186.08068694232145
3006339,11.602643464471235
3006340,841.2239409778269
3006341,411.10738578766103
3006342,198.6403438312667
3006343,41.92678642071052
3006344,55.26661029442684
3006345,2923.0831374528534
3006346,8.401539785001225
3006347,0.3021242901808577
3006348,18.57580416562411
3006349,22.36071943539469
3006350,0.04962461463504396
3006351,174.06626736621925
3006352,8.796349407834747
3006353,0.012243759508948926
3006354,6.249445320513256
3006355,61.73480498425485
3006356,1.7936057307011697
3006357,137.50461691146364
3006358,184.63575263002812
3006359,1.563148003220428
3006360,7.48780465002204
3006361,148.87157917550326
3006362,34.17102400082584
3006363,372.0180877922084
3006364,9.965324047929851
3006365,3.6174171828096275
3006366,5.905524906704877
3006367,0.003685936087253555
3006368,4.742743651372511
3006369,1795.3935871914257
3006370,0.0013188710246142571
3006371,134.67436862264108
3006372,9.419637720836981
3006373,831.0589853695279
3006374,346.6745790586129
3006375,195.1546166652672
3006376,46.74514450000686
3006377,46.58921214009898
3006378,3336.940184038935
3006379,11.073230751983143
3006380,0.18916027734219842
3006381,16.902687967259705
3006382,12.639566931255047
3006383,0.007186549533147246
3006384,177.66158129628778
3006385,1.7188532734654447
3006386,0.01516751263758315
3006387,2.199856821796109
3006388,43.823516703175585
3006389,1.0816464076650698
3006390,179.31355817866594
3006391,222.15490855473178
3006392,0.4998584922212466
3006393,5.159398209269035
3006394,140.36276385339906
3006395,24.36263168961446
3006396,232.06637022981604
3006397,9.461183199930367
3006398,2.1180069295994794
3006399,5.006188684587969
3006400,0.0018209002985025509
3006401,2.925886202415979
3006402,1929.4042218198933
3006403,0.0
3006404,204.63169422548035
3006405,10.414751383542992
3006406,1158.0154470616428
3006407,448.7572536323224
3006408,285.48165480537676
3006409,41.000921814703474
3006410,74.1691736456392
3006411,3852.009019644596
3006412,4.969971098165808
3006413,0.1370597374083078
3006414,7.389497112706509
3006415,25.18161139622411
3006416,0.03264366611325275
3006417,253.36505695657237
3006418,0.808356462930256
3006419,0.014782722967737706
3006420,2.9536349613851134
3006421,29.4116942275994
3006422,2.8272694184042217
3006423,289.886523416168
3006424,314.1487297381724
3006425,1.0601701689075633
3006426,6.831648719126227
3006427,148.61314575566266
3006428,101.72628112491755
3006429,458.6341049000403
3006430,6.641085701585381
3006431,8.38823581551063
3006432,4.226119354428208
3006433,1.9221326649015529
3006434,3.7470492267832425
3006435,1702.605056553485
3006436,0.0006908380298094016
3006437,168.15881447419065
3006438,4.856637370976665
3006439,843.270026731053
3006440,328.92612948507644
3006441,249.86417469459298
3006442,86.50432004909217
3006443,81.18951228114129
3006444,2736.711973266948
3006445,7.352133699365963
3006446,1.0852042566947455
3006447,13.498226815655553
3006448,17.597568086996734
3006449,0.031181280073490615
3006450,212.47749466670464
3006451,7.495282443800173
3006452,0.011000906372568415
3006453,5.16763581223022
3006454,37.39057980832193
3006455,1.8740188036949994
3006456,112.837901359747
3006457,182.06987600880623
3006458,1.0116802519807253
3006459,5.357722549298816
3006460,97.21086122269618
3006461,45.28237177953444
3006462,648.1469307265597
3006463,9.045938726172677
3006464,4.890592365296564
3006465,5.462893545071997
3006466,0.2399411616017331
3006467,0.7306401419352211
3006468,1499.6688394879245
3006469,0.0007288362324261507
3006470,171.1821046233499
3006471,7.622968926650669
3006472,913.6192553586499
3006473,277.66112362942664
3006474,162.1655317456155
3006475,124.07855468468482
3006476,61.57080271890104
3006477,2312.8417110593973
3006478,5.331838633958985
3006479,0.10053526633108949
3006480,15.10291611195688
3006481,17.203735375999912
3006482,0.058066167027406454
3006483,166.4897521882339
3006484,0.003305866660788445
3006485,0.00920826745123444
3006486,2.8832568606823124
3006487,43.23363205055836
3006488,1.402665886339248
3006489,49.68681535924844
3006490,147.12158034139094
3006491,0.7939576376886053
3006492,3.281009658174506
3006493,65.60324921802604
3006494,37.332729495153416
3006495,608.5790511013453
3006496,0.0
3006497,1.0706518006762509
3006498,9.940045176379787
3006499,0.3164753568293755
3006500,4.186217977183291
3006501,3541.8442397400986
3006502,0.0020470805418003513
3006503,351.78885216794066
3006504,9.156196543936252
3006505,1243.638315780541
3006506,746.1018929188856
3006507,552.6746095770696
3006508,173.5628642285342
3006509,182.91040499449102
3006510,4796.845707874814
3006511,20.504518625286593
3006512,1.449204487420976
3006513,25.93890431364671
3006514,27.745240383032243
3006515,0.040224893807596925
3006516,313.04332589669474
3006517,0.032587341114233906
3006518,0.009436011929567069
3006519,10.725215463276573
3006520,56.8302484949513
3006521,5.258937496590053
3006522,221.45336263562595
3006523,306.3776611680306
3006524,2.955282104926894
3006525,10.859810503829
3006526,396.57479128446033
3006527,69.54365113165545
3006528,1538.161291345878
3006529,42.283291585473485
3006530,17.01186572160684
3006531,4.553730025438239
3006532,1.1113993459692146
3006533,6.077556434531563
3006534,2548.7498579313665
3006535,0.0006620733834922376
3006536,660.0240083935206
3006537,12.545647772885642
3006538,750.8248245345156
3006539,673.5199339033434
3006540,243.6124229665513
3006541,194.5896770639004
3006542,88.5636457731561
3006543,3299.181820702766
3006544,14.149582985391058
3006545,1.0090908926557605
3006546,25.519385882958392
3006547,25.698089779067725
3006548,0.00415057462446709
3006549,220.23738708761076
3006550,10.162083013229132
3006551,1.4253792390084858
3006552,8.621399822683472
3006553,85.14679229511398
3006554,3.240000374811144
3006555,101.90335047502909
3006556,197.7640771113777
3006557,4.314235505486451
3006558,9.006125083145442
3006559,201.17444110276122
3006560,57.84018501426871
3006561,1988.9598609330965
3006562,57.337924174130606
3006563,19.32763331073041
3006564,8.066711259812497
3006565,0.43832539513526264
3006566,4.2887781059225745
3006567,3586.2290802545967
3006568,0.0011341126332079004
3006569,227.20682890950474
3006570,9.975346071672314
3006571,1281.0011718899714
3006572,432.1519651129684
3006573,378.85889978124976
3006574,66.08128026834345
3006575,61.64050756388637
3006576,4322.834652643782
3006577,13.69128103891074
3006578,1.7001960654535404
3006579,16.795920808441664
3006580,16.475152323692484
3006581,0.16484160644211504
3006582,253.63897876535157
3006583,12.092291415023274
3006584,0.017406846761541007
3006585,4.657354624024135
3006586,58.06798690800506
3006587,4.285683818740528
3006588,186.03227220871693
3006589,255.47555028363706
3006590,1.4410455950329166
3006591,7.536549226933079
3006592,219.58581966855547
3006593,33.060723585927065
3006594,600.0166987998475
3006595,15.541994613858481
3006596,6.62440356708354
3006597,8.253117509499978
3006598,0.0
3006599,9.18505597410669
3006600,3123.993311659892
3006601,0.0
3006602,707.9926956163895
3006603,15.069901181692174
3006604,811.2325655093276
3006605,856.7478677129005
3006606,269.5075523059882
3006607,189.5944761155234
3006608,131.0533440388042
3006609,3945.954602074428
3006610,36.121724826054944
3006611,1.7276926369836638
3006612,21.400284275842896
3006613,30.31878927323667
3006614,0.029228529954631537
3006615,274.4034017828147
3006616,28.909090526322107
3006617,22.441731064483665
3006618,7.014514519454169
3006619,153.35550101706332
3006620,15.056990926985744
3006621,425.4443941368684
3006622,280.98581714686816
3006623,10.382286792361802
3006624,9.62499065838397
3006625,471.9097020005407
3006626,116.23861766961524
3006627,2481.919010237718
3006628,0.0
3006629,36.6334870513332
3006630,12.153914918988074
3006631,0.22511268420541425
3006632,6.511492739094837
3006633,5022.676128106443
3006634,0.002375292667232062
3006635,568.2779986322206
3006636,10.91365086350668
3006637,1421.0604665638596
3006638,837.5077112984004
3006639,735.469454546003
3006640,108.9860686761349
3006641,142.32110887318916
3006642,6720.5221014721365
3006643,17.696715327005748
3006644,0.6839523607411127
3006645,24.0401323266958
3006646,16.07725080827532
3006647,0.0056853022062493454
3006648,405.7875731655276
3006649,1.124863507301566
3006650,8.010111651778406
3006651,5.359522512192901
3006652,78.88613501128009
3006653,1.8850726710579089
3006654,348.0402775341434
3006655,459.47762574053024
3006656,1.8008753930936834
3006657,9.146175039614382
3006658,344.1644787328443
3006659,89.53454324907331
3006660,1361.143834582595
3006661,71.5388728371144
3006662,25.23799496017785
3006663,15.156274435998043
3006664,0.3259972875398099
3006665,5.913159025630809
3006666,3748.6471192354793
3006667,0.0026717173027777518
3006668,482.748842441272
3006669,11.528336944503804
3006670,1402.9944587364664
3006671,716.3381226954583
3006672,352.9328485350236
3006673,291.4228083688701
3006674,163.28284731004987
3006675,4730.270051353252
3006676,15.761704380763224
3006677,0.6308126204955806
3006678,52.01781730976041
3006679,38.971328634636365
3006680,0.14374729669228517
3006681,361.2098353582269
3006682,6.077752090766516
3006683,3.989206994248483
3006684,10.792894658020908
3006685,148.25608424615606
3006686,2.9830599440568104
3006687,116.3138997914603
3006688,312.67867152504084
3006689,3.856501613306369
3006690,8.483280720585398
3006691,207.19649520635318
3006692,166.49950129872735
3006693,1625.468140914224
3006694,0.0062241402193697806
3006695,9.214557567161718
3006696,4.544939958565349
3006697,0.03153972330100229
3006698,3.2725238146454503
3006699,2022.9591901151218
3006700,0.0
3006701,133.5059248626641
3006702,6.604948114428215
3006703,639.8699967202703
3006704,329.3563175145287
3006705,148.831321709636
3006706,46.96581996711141
3006707,123.20591247107353
3006708,2591.8071807147335
3006709,10.236535764754592
3006710,0.7957216248084082
3006711,29.998089020071443
3006712,20.581618630330052
3006713,0.00173618836505171
3006714,176.94067381276358
3006715,0.717326347496174
3006716,0.008743425401291919
3006717,4.619130527167394
3006718,134.84157371658355
3006719,3.3263039000481216
3006720,105.06615069947
3006721,144.6059061206034
3006722,0.8997043779551683
3006723,6.332660361786596
3006724,131.04660124509834
3006725,29.27052933139479
3006726,453.89440698546656
3006727,16.980966148426155
3006728,3.575197706468166
3006729,1.8523386651116756
3006730,0.0
3006731,4.34184579496549
3006732,1469.2693835323855
3006733,0.17172756218100482
3006734,244.04363480956266
3006735,12.727425861433797
3006736,541.0179706190422
3006737,505.9875940369118
3006738,142.67690710354034
3006739,51.10032376716053
3006740,85.9142015006595
3006741,2075.32138129947
3006742,24.90887869210067
3006743,0.3364105849350815
3006744,15.461908245261814
3006745,14.593491767004197
3006746,0.22719241014842753
3006747,127.98565444465262
3006748,16.07549229053962
3006749,1.8019743981126672
3006750,3.020035338722744
3006751,85.75918238025567
3006752,5.696085546946854
3006753,482.5024455417744
3006754,162.13160562900055
3006755,4.165714798547844
3006756,5.393614464294969
3006757,265.5003786396652
3006758,31.595885963519663
3006759,1094.0814363199613
3006760,0.0
3006761,5.925227167525094
3006762,2.6346832678573704
3006763,0.00039246752726265375
3006764,4.746245794986191
3006765,3995.2894781037053
3006766,0.01586976166513771
3006767,824.4105843852761
3006768,18.237596981943454
3006769,1130.1565482309038
3006770,1371.943129329806
3006771,305.4015008952193
3006772,244.4542834154189
3006773,210.34219024732514
3006774,4354.817189338892
3006775,43.01213849335009
3006776,0.7926757101676267
3006777,25.15648844785002
3006778,32.85334468096264
3006779,0.004813662132590685
3006780,259.15519843812274
3006781,9.414730409464108
3006782,37.836717735073115
3006783,12.025345878901975
3006784,134.48430514183357
3006785,14.968499399655181
3006786,416.7565831277679
3006787,294.6045486726291
3006788,18.26654772752586
3006789,10.031510410896189
3006790,548.6155089531634
3006791,132.6802976709289
3006792,3850.786447793084
3006793,0.0
3006794,26.877629342470925
3006795,3.9617094513928413
3006796,0.02470356367957706
3006797,4.404392787679872
3006798,2726.931717034394
3006799,0.0018298363766270577
3006800,500.19983977780487
3006801,12.47869081476748
3006802,544.3421489662319
3006803,746.278092777747
3006804,179.35816451825545
3006805,156.58415653861988
3006806,171.3281969236451
3006807,2312.636619680605
3006808,23.418306217992004
3006809,1.1340493090289425
3006810,20.134287339260215
3006811,16.225260443599627
3006812,0.006521811215571004
3006813,134.38796879286573
3006814,0.010159664328026924
3006815,30.6654889757566
3006816,6.0415470281075025
3006817,382.47932536480107
3006818,13.384219640331203
3006819,237.5418445857541
3006820,142.6162805759107
3006821,6.398613880048754
3006822,7.7884672293985435
3006823,211.83675773645936
3006824,46.99436695743007
3006825,1851.0164166637787
3006826,1.0082930249296567
3006827,5.661837786279319
3006828,4.750701763100413
3006829,0.0013122606131745502
3006830,1.8221850582776198
3006831,959.1950686144938
3006832,0.0005763128402958702
3006833,237.80944055146944
3006834,6.7327717145211805
3006835,336.5663972081292
3006836,270.2132568484364
3006837,98.188474908409
3006838,37.786113055770834
3006839,40.80620542194129
3006840,1389.737540598097
3006841,5.109595616967632
3006842,0.4826146635995082
3006843,11.154630986209563
3006844,8.983037813868783
3006845,0.1920993691790025
3006846,86.22961907361139
3006847,0.09959328371959486
3006848,3.4148658257116526
3006849,0.43169627802885313
3006850,41.560945380938605
3006851,0.21263801162030505
3006852,276.34200433491554
3006853,126.35413873269954
3006854,3.148962508496509
3006855,3.522511488038443
3006856,161.07585480216693
3006857,25.274320062084005
3006858,512.4884924674756
3006859,0.5429242416842355
3006860,2.1055527867337314
3006861,9.12159220050856
3006862,0.5634335129612718
3006863,4.1915547497114565
3006864,3633.4695192625923
3006865,0.18223323726773757
3006866,687.4915461266387
3006867,25.720713915321376
3006868,932.5953432339895
3006869,1076.5689931133245
3006870,337.33528658429543
3006871,259.73286577783415
3006872,215.0563742638555
3006873,4289.446338221925
3006874,36.544492573990134
3006875,3.569440053514894
3006876,22.478502401125866
3006877,33.415173722269735
3006878,0.09941505257825362
3006879,231.7422196259019
3006880,11.312391981937779
3006881,46.53772456955552
3006882,12.696669100294603
3006883,298.4375046920552
3006884,6.039451053146805
3006885,298.0878188228314
3006886,276.24877133411474
3006887,13.715019881903693
3006888,12.911594855875046
3006889,403.5122464950347
3006890,97.29594994987691
3006891,2850.4574647190407
3006892,1.211973771797429
3006893,19.14111509245183
3006894,7.505846302669953
3006895,0.0047385411386793135
3006896,4.701191115493352
3006897,4237.594622936516
3006898,0.004000075106890615
3006899,713.3437232233159
3006900,21.096905174286217
3006901,1489.8633125516405
3006902,975.7120098630583
3006903,372.6743455916707
3006904,243.01641486113152
3006905,128.97456037035658
3006906,5952.043638191812
3006907,19.776350208257693
3006908,0.5741307783389726
3006909,40.647775607294335
3006910,24.090144386457617
3006911,0.7876736185197877
3006912,321.84796020853025
3006913,0.0027695724973909337
3006914,9.498754692705818
3006915,6.796203262381906
3006916,90.34780725225656
3006917,1.2766769347383473
3006918,213.27877766886365
3006919,338.7833009896661
3006920,6.182279341522861
3006921,5.7683199329731165
3006922,254.1559005063189
3006923,88.55917962699176
3006924,2115.0653269422123
3006925,2.7900732593151263
3006926,9.340336753427017
3006927,8.00295042768408
3006928,0.34059158521841826
3006929,4.044120916429053
3006930,3574.5671805585403
3006931,0.0
3006932,790.4196645164308
3006933,19.32500684307321
3006934,1148.150956042936
3006935,791.8063660085719
3006936,296.52165199970415
3006937,229.5859949841856
3006938,157.5422356232367
3006939,4636.696220999245
3006940,19.531428824483545
3006941,1.7435169239546906
3006942,31.483235161062524
3006943,26.667088413575037
3006944,0.02577169038405906
3006945,275.8965763622338
3006946,0.002704667452600596
3006947,8.422106267553831
3006948,8.136440153145895
3006949,180.9710386629977
3006950,1.7923444928944283
3006951,114.43902874517828
3006952,254.23262874278004
3006953,1.6823445031803992
3006954,5.992984626135848
3006955,195.52785610401526
3006956,76.21094248367721
3006957,1539.439165938819
3006958,1.2983109828437378
3006959,10.016619480143127
3006960,13.207463134421955
3006961,0.09859185077699034
3006962,17.56710606334757
3006963,9253.891239006223
3006964,0.0
3006965,1322.0730932293181
3006966,54.035572262975094
3006967,1948.256772977741
3006968,2298.7287027544944
3006969,387.4515143791184
3006970,548.8385878214086
3006971,391.1550891237743
3006972,8369.740574353358
3006973,86.29481488985213
3006974,2.6856783173697725
3006975,71.44134726493701
3006976,58.54603946000517
3006977,0.0597541994664864
3006978,591.76077838446
3006979,59.87639247716935
3006980,67.50264434198218
3006981,26.604655920890472
3006982,349.06178256684115
3006983,37.5634059634735
3006984,748.5909467709191
3006985,660.2013623979393
3006986,24.043766616855283
3006987,33.208968039832186
3006988,1244.2392409140955
3006989,270.661016189423
3006990,8132.953820682739
3006991,1.1738633009037889
3006992,82.56166078155658
3006993,3.810340410739915
3006994,0.23525833022117038
3006995,0.2859054793081783
3006996,2252.126482506509
3006997,0.0
3006998,181.70786579386188
3006999,6.139902359585441
3007000,661.5099925617454
3007001,279.2755847598457
3007002,128.81785622896652
3007003,136.31193077976917
3007004,83.04809911974385
3007005,2547.6392814131846
3007006,6.816792845851364
3007007,0.2937162505005343
3007008,11.258505795274203
3007009,8.750178868041482
3007010,0.024312606240034146
3007011,172.52517684282356
3007012,0.6927843700630998
3007013,0.013150107602812157
3007014,2.551881722097747
3007015,45.037136867228384
3007016,0.9099384514949729
3007017,62.723099296250595
3007018,99.40980684917129
3007019,2.2184525815954106
3007020,5.7170386955815475
3007021,114.18804785878682
3007022,24.18101601722393
3007023,645.6417905237475
3007024,0.015788777934557657
3007025,4.847553647126048
3007026,11.361031737708279
3007027,0.0371805122663376
3007028,1.7133881711733525
3007029,3792.4321736821107
3007030,0.0
3007031,627.7686717916419
3007032,12.304392070654703
3007033,1328.5589918564958
3007034,765.9454962208205
3007035,286.52331556070783
3007036,282.5606950444904
3007037,166.18955774256588
3007038,5072.479669646963
3007039,14.952228882938764
3007040,0.6552021213262393
3007041,25.299283588510654
3007042,22.554494513037397
3007043,0.008278922712947634
3007044,307.1833423881207
3007045,0.8667355313329741
3007046,6.528430754015242
3007047,9.312793103285976
3007048,38.586517293461654
3007049,1.2991303379593004
3007050,341.16361479803953
3007051,284.43045200987495
3007052,5.030712201120412
3007053,7.771847183461876
3007054,142.946075225898
3007055,74.76215082928549
3007056,1650.9037744078178
3007057,1.3452064146662766
3007058,7.795190227989298
3007059,1.3550133730648106
3007060,0.000820413597673514
3007061,0.8823690217363589
3007062,1140.5227533746965
3007063,8.482732412914919e-05
3007064,116.73300104330242
3007065,4.597392397540686
3007066,752.2255276553533
3007067,169.82516040372465
3007068,96.54192663776065
3007069,140.5502940062981
3007070,29.340386408421114
3007071,2246.9262671250153
3007072,2.1406835895921357
3007073,0.25570804776350264
3007074,10.763300122476
3007075,5.012001513456636
3007076,0.14165771475614114
3007077,95.97476616191626
3007078,0.00619039102805575
3007079,0.00910421895673828
3007080,0.662608309073035
3007081,42.99049929529001
3007082,0.26880788224987634
3007083,68.660788998448
3007084,85.45102449719977
3007085,0.738781207875107
3007086,1.445339527503576
3007087,64.3030463286818
3007088,14.69892576800874
3007089,290.16904964778774
3007090,0.0
3007091,1.9626856798373589
3007092,8.800187813167915
3007093,0.0010052366027136458
3007094,3.400030654261464
3007095,2699.218180202407
3007096,0.0
3007097,245.0154376989868
3007098,11.141883055718088
3007099,1060.2580610131743
3007100,512.1920934336476
3007101,195.0875078743776
3007102,181.50846817479618
3007103,140.8575027167088
3007104,3347.18986684648
3007105,3.6717274066009855
3007106,0.34380377309239457
3007107,28.36888300794544
3007108,23.849561132159376
3007109,0.05694590993017992
3007110,305.8444673509037
3007111,0.005568017672062494
3007112,0.009855875346135544
3007113,14.876334887999958
3007114,51.93606912386622
3007115,1.706134653403855
3007116,304.5441902720947
3007117,230.84660246035443
3007118,2.334929429248561
3007119,4.59258303328011
3007120,197.4134784820852
3007121,35.11565567567168
3007122,1452.9053309217977
3007123,0.0
3007124,1.5932762967866987
3007125,3.397211266284196
3007126,0.23295141532138133
3007127,1.3248107533782045
3007128,2688.1882005447137
3007129,0.0
3007130,718.9756090549256
3007131,11.811092048137194
3007132,950.6893647650569
3007133,638.8034427860287
3007134,213.5828377031781
3007135,113.98776758062161
3007136,83.20660913794467
3007137,4598.929410678388
3007138,11.345081715737528
3007139,3.1596135920546207
3007140,28.580944143235833
3007141,49.08406216013602
3007142,0.022611647953158693
3007143,212.60119148843486
3007144,2.1262377060637627
3007145,5.98871151755176
3007146,3.367878035445571
3007147,42.71834222959868
3007148,2.5171284710093893
3007149,157.70059467088845
3007150,307.75915913229636
3007151,4.5371274297333235
3007152,6.544937606622556
3007153,148.53623574501648
3007154,36.359714640262446
3007155,701.6267897466149
3007156,3.4355717076761323
3007157,4.639345121713427
3007158,4.767639178038983
3007159,0.002812511781470919
3007160,0.656253153057029
3007161,1843.9830876949168
3007162,0.0020754613490628457
3007163,104.19563533432647
3007164,2.746403505403487
3007165,513.9088374282504
3007166,214.65608801494147
3007167,114.36367189025056
3007168,191.33497194972426
3007169,94.4959980028943
3007170,2221.468925230193
3007171,6.575452483199546
3007172,0.5846403756486007
3007173,12.987165431484302
3007174,6.582563023427664
3007175,0.23802569395500398
3007176,112.48296069182224
3007177,0.006022669554189548
3007178,0.011112805766653338
3007179,0.2557321434575828
3007180,106.83521935928202
3007181,1.0305259514319447
3007182,158.0105972609279
3007183,92.53639409121519
3007184,0.9832879215140959
3007185,1.0499256566697972
3007186,56.64335685019979
3007187,21.58095821575297
3007188,435.66138154366627
3007189,0.011007230966055298
3007190,1.8642887913964947
3007191,5.248454957381946
3007192,0.0
3007193,0.897270226279943
3007194,4070.2861809236706
3007195,0.0
3007196,602.6089896211388
3007197,15.238293057700279
3007198,890.1329598499029
3007199,636.1609622103624
3007200,214.3228465344429
3007201,160.0826562574853
3007202,145.08217129846213
3007203,4083.386859069064
3007204,9.039926874967884
3007205,0.3320687780927483
3007206,26.867971841758727
3007207,9.95529626732509
3007208,0.00408179764887737
3007209,223.64793015573412
3007210,0.004985412734275155
3007211,33.60108853928239
3007212,4.3362163519746355
3007213,119.68209668866156
3007214,1.5947483203940176
3007215,214.54037248282552
3007216,228.5276260658071
3007217,4.024071381469255
3007218,3.894769883050129
3007219,130.30488063522856
3007220,51.62894258202011
3007221,1608.3088837233183
3007222,0.9324168148174885
3007223,0.8760665211171479
3007224,3.5880558506385807
3007225,0.0
3007226,9.750351460721664
3007227,2628.762777385227
3007228,0.0
3007229,500.02625802886365
3007230,9.02587502457704
3007231,838.3320306660488
3007232,785.5373461304087
3007233,146.29083464880398
3007234,126.28069879631668
3007235,113.78872549723947
3007236,3391.2354759402074
3007237,52.531106492519534
3007238,1.407142824358751
3007239,35.00876431025445
3007240,28.416108269870097
3007241,0.022711698132696908
3007242,234.03889745083376
3007243,27.234916344918844
3007244,21.34781370079317
3007245,1.4968879171851808
3007246,153.07998787692202
3007247,12.895336099112257
3007248,205.9448971159493
3007249,274.10433888925405
3007250,11.886836666195302
3007251,14.789697924357899
3007252,272.28210798082637
3007253,64.24585863270808
3007254,2397.429182795147
3007255,0.0
3007256,13.422554064902771
3007257,8.161889881977663
3007258,0.001019474960695205
3007259,12.058948368905993
3007260,2643.688838386689
3007261,0.0
3007262,530.240801317129
3007263,15.724425659929402
3007264,1094.544203420397
3007265,919.4513316401981
3007266,172.45738221077798
3007267,100.85778742952986
3007268,130.79887727028546
3007269,4137.842350916529
3007270,27.429996677002535
3007271,0.9463139268131087
3007272,43.69033932739261
3007273,33.903306755833896
3007274,0.009405362023055678
3007275,373.6148838500257
3007276,37.90046042778711
3007277,21.917978791676315
3007278,12.693128028414996
3007279,158.25715892360952
3007280,16.563334964235107
3007281,167.72597490216162
3007282,426.9370505722394
3007283,11.204403296953043
3007284,14.734285081405677
3007285,153.2158717095383
3007286,97.71539613069702
3007287,2265.3277712779386
3007288,15.383906011538915
3007289,20.035052526676118
3007290,9.192099247352072
3007291,0.22624826691291547
3007292,4.14870480914443
3007293,3734.444064475686
3007294,0.0
3007295,745.110326282982
3007296,7.781082478830964
3007297,1407.2793750682938
3007298,715.5540065294232
3007299,210.740388619623
3007300,337.7384836068589
3007301,119.95334117291475
3007302,5561.891682801183
3007303,35.9027844860921
3007304,1.720183983474695
3007305,32.491926719419865
3007306,19.375421636711035
3007307,0.08042313127734525
3007308,378.1549854701267
3007309,8.514224989680185
3007310,15.692755885789918
3007311,11.753015892301779
3007312,106.75777184322384
3007313,6.582052261973295
3007314,184.3251456648569
3007315,339.69353027634014
3007316,8.52035399241511
3007317,11.534847057274936
3007318,261.6745767064835
3007319,58.872696563613175
3007320,1868.6481998555385
3007321,14.452486527283583
3007322,19.831874545893115
3007323,5.569903631829356
3007324,0.062232374356360046
3007325,7.698590757660776
3007326,2662.1565432892553
3007327,0.00026045147120237294
3007328,378.4923492784198
3007329,11.168457367738823
3007330,808.4656723452875
3007331,796.1887676963465
3007332,226.08447828802426
3007333,157.77838340965357
3007334,117.56251700992524
3007335,3564.4018974507826
3007336,31.4602403632635
3007337,1.5655798352878398
3007338,18.34599029945465
3007339,13.616579823999738
3007340,0.18401108356244705
3007341,235.81529705265746
3007342,23.93633406103676
3007343,23.594802644183705
3007344,2.1944948593695934
3007345,160.40577551730692
3007346,9.948332138597584
3007347,352.629745015051
3007348,267.66033566847614
3007349,8.76799573967133
3007350,10.78082988179109
3007351,432.00172648935495
3007352,64.3251107587667
3007353,2430.8161183146635
3007354,0.17190866016440176
3007355,27.518893672110785
3007356,3.3752848638362165
3007357,0.001190489711978828
3007358,3.529746682865408
3007359,5739.112879489687
3007360,0.0
3007361,478.3641984438674
3007362,13.911137586872591
3007363,2262.4132698474323
3007364,676.2536291547723
3007365,281.61313335885467
3007366,177.8281054039798
3007367,107.52317317582965
3007368,7278.390153808173
3007369,11.260306094521274
3007370,1.9459603754642911
3007371,28.792309234215917
3007372,25.875635522328025
3007373,0.03860084358691682
3007374,398.6933716150638
3007375,0.0057821871397208775
3007376,0.1949653908940356
3007377,9.321126903115568
3007378,48.805419965015815
3007379,2.2347618251169186
3007380,142.6175721393852
3007381,316.809410187403
3007382,3.7817932533526974
3007383,11.768274216026084
3007384,168.85057796410786
3007385,57.42211829208605
3007386,1315.5316315931725
3007387,0.0
3007388,8.592905895148597
3007389,9.26352494087511
3007390,0.002100293847353897
3007391,10.697831089942266
3007392,2594.824248113946
3007393,0.0
3007394,574.9632078900203
3007395,14.28228452032723
3007396,1043.5830283782382
3007397,797.6613736202039
3007398,238.60457767062488
3007399,154.47555173329562
3007400,201.1478263877023
3007401,4079.1912875602193
3007402,42.64810077646461
3007403,1.7138854662618561
3007404,35.33302560572324
3007405,30.605803981435265
3007406,0.03204090871957724
3007407,279.6209950741165
3007408,25.2015324404719
3007409,19.6857290498599
3007410,10.65862463755072
3007411,157.35108350173994
3007412,17.039109617330798
3007413,248.16521015348266
3007414,375.36227902824015
3007415,15.425494272693793
3007416,10.514429646070909
3007417,210.15549415899042
3007418,68.14104916904726
3007419,2124.3166066591625
3007420,0.44254052173208464
3007421,9.427213453227406
3007422,5.33842565575515
3007423,0.0005878828003684263
3007424,8.258723280892955
3007425,2565.9619545362325
3007426,0.0
3007427,487.64265131283275
3007428,12.332906203492492
3007429,760.3255340380514
3007430,855.0468840308861
3007431,184.5254740748626
3007432,148.1895148609366
3007433,123.0966624840918
3007434,3147.201234810634
3007435,33.42923552264588
3007436,0.8434794561418864
3007437,33.33222955640988
3007438,35.141614292525404
3007439,0.02656979778103305
3007440,217.38083908889894
3007441,19.0474758402518
3007442,40.132729696787045
3007443,5.735705093766446
3007444,102.97230460170195
3007445,12.0504446047716
3007446,261.4133544606787
3007447,230.12546600098855
3007448,10.196024539171146
3007449,11.233269059803124
3007450,244.3464117016709
3007451,53.0623905058913
3007452,2433.9443642332453
3007453,0.525715345809723
3007454,13.788426171748815
3007455,6.631812912101273
3007456,0.011477470038128604
3007457,6.060433458249264
3007458,5156.519311603224
3007459,0.0
3007460,603.4861338533532
3007461,19.763408121333526
3007462,1274.0653872613445
3007463,712.9929651887273
3007464,300.49430640264944
3007465,184.42856649837375
3007466,118.43613932362918
3007467,4819.965255472367
3007468,13.466321328873565
3007469,0.1815815585975168
3007470,21.131417581839077
3007471,25.678387383048317
3007472,0.12578075277829615
3007473,253.5074795489008
3007474,0.003573859068464144
3007475,10.915163521080487
3007476,1.187489264220794
3007477,148.92192240619306
3007478,3.7490771976478703
3007479,197.15551000537127
3007480,291.38666003871623
3007481,3.718664101612865
3007482,2.019505704116189
3007483,215.17917914060126
3007484,110.89175321199943
3007485,1272.430364120664
3007486,2.5210741963248644
3007487,0.43962360371970965
3007488,19.40905685007694
3007489,0.003544598309959395
3007490,20.638143846618345
3007491,10213.533729020213
3007492,0.0028070098061909786
3007493,1800.7016293728254
3007494,31.901064147808256
3007495,2532.041068835438
3007496,2775.9230222719084
3007497,652.9502638953348
3007498,723.0317157127243
3007499,484.1453744163243
3007500,10525.38084269738
3007501,92.14996886157624
3007502,5.220373647118471
3007503,150.3021775305803
3007504,153.16968736105548
3007505,0.09824414611779721
3007506,806.4175745187356
3007507,35.78113140150767
3007508,36.32597548402487
3007509,56.63846965568995
3007510,460.7383946969472
3007511,34.47088758087988
3007512,971.1778748802383
3007513,728.6097600842479
3007514,51.31605114286834
3007515,43.72356788575539
3007516,1321.5030061854009
3007517,329.8147739791525
3007518,9821.291373090518
3007519,398.63831813637137
3007520,102.78946265269236
3007521,19.373358209642245
3007522,0.001164542189843996
3007523,18.780683327263198
3007524,10176.927774641104
3007525,0.00018341110520162418
3007526,1392.4832966004594
3007527,35.58484112752859
3007528,2747.8104063914557
3007529,2492.6293198181675
3007530,848.647303915323
3007531,448.4132414183877
3007532,390.06227716967373
3007533,11249.365249869179
3007534,137.54997041546065
3007535,2.086091333753641
3007536,84.04598936974504
3007537,104.71203962410426
3007538,0.7089496417387788
3007539,808.0003083100737
3007540,28.78548276372006
3007541,50.31318547244134
3007542,12.527311668546421
3007543,360.3840270835879
3007544,28.96266661628069
3007545,1286.2480972477574
3007546,878.0939992468758
3007547,32.93440551588331
3007548,37.04396559259419
3007549,1447.0808132541222
3007550,290.34905385428374
3007551,7319.927051373921
3007552,495.39726728292914
3007553,91.00035767902436
3007554,18.20316463680793
3007555,0.0025106089900648818
3007556,30.165782622077305
3007557,6812.538438066959
3007558,0.06383210577672051
3007559,1130.6387673404204
3007560,20.561843217385654
3007561,2655.5347651985335
3007562,1695.4209543469813
3007563,953.5934411511589
3007564,200.59568491621496
3007565,326.6393467970713
3007566,10182.991081541202
3007567,64.63536534010021
3007568,3.8796046413317438
3007569,60.77613445688755
3007570,33.94134611677295
3007571,0.5581024134754227
3007572,813.5461449934061
3007573,43.820455546698845
3007574,39.63280222683331
3007575,13.753341561346689
3007576,204.99394462576637
3007577,17.05073691312973
3007578,1137.5899870687706
3007579,956.3808673139879
3007580,34.95191756683632
3007581,64.52089782644856
3007582,937.0002686787578
3007583,171.9555300511105
3007584,3396.71367950558
3007585,394.79965176715905
3007586,63.17539950361147
3007587,20.337426255448122
3007588,0.001164542189843996
3007589,29.157572911521594
3007590,9614.237856663352
3007591,0.00018341110520162418
3007592,1383.2717340268673
3007593,30.125437003041924
3007594,2541.9316776431097
3007595,2384.447404087925
3007596,784.4184996117266
3007597,411.0042774968671
3007598,325.0471688113534
3007599,11107.062814952988
3007600,58.93730459600777
3007601,1.6383166014631607
3007602,91.77485798834505
3007603,82.4509685911499
3007604,0.8910709128000742
3007605,796.4340136335571
3007606,32.192561987370425
3007607,39.12666096751716
3007608,23.573098710611497
3007609,347.6502766946349
3007610,23.531275083389296
3007611,974.7215150084594
3007612,889.1854869288445
3007613,31.033781687715205
3007614,38.396722844984346
3007615,1254.3483581053144
3007616,297.49155525398766
3007617,6296.4897613801095
3007618,441.9036515239594
3007619,75.12439788391404
3007620,15.759503312619913
3007621,0.0021822677953311446
3007622,30.116357350944963
3007623,5831.047736588658
3007624,0.024505840265478477
3007625,1039.4486907321766
3007626,24.298775895102885
3007627,2330.8467290142307
3007628,1443.8093804684431
3007629,788.1751534410671
3007630,154.62270027018982
3007631,250.45808320714625
3007632,9416.306652214787
3007633,54.47588174102512
3007634,0.4764460018211625
3007635,43.55898031807743
3007636,34.724094562602225
3007637,0.15019196396659593
3007638,726.6866812178519
3007639,45.15252540716795
3007640,17.204346757761634
3007641,5.4437383297608815
3007642,205.63383806922906
3007643,10.539544543082298
3007644,953.4091019197681
3007645,898.1605395983431
3007646,27.333842697415655
3007647,34.04258297242078
3007648,990.5215330915328
3007649,122.0677976102148
3007650,2377.649025101441
3007651,342.74822894792663
3007652,28.103970525869805
3007653,12.253982977351399
3007654,0.0
3007655,17.137997835417604
3007656,6972.6623160685585
3007657,0.01927732739051266
3007658,1218.613658634523
3007659,27.786467964109445
3007660,1941.2499003434511
3007661,2164.9525264123977
3007662,473.7470822146448
3007663,490.50446726897513
3007664,347.7130674133525
3007665,8108.297663654604
3007666,77.68410459910987
3007667,1.578215522848362
3007668,54.81660455128493
3007669,57.844659508301305
3007670,0.5142024414458588
3007671,555.8441254830849
3007672,18.691032732639236
3007673,35.48373761159536
3007674,11.423615770204753
3007675,354.13322084716833
3007676,21.95480448350001
3007677,822.6934959890776
3007678,604.4418448476658
3007679,22.359868783500517
3007680,36.81024727207312
3007681,1031.8316638537967
3007682,232.9757693579333
3007683,7583.455147664694
3007684,252.41987035069602
3007685,74.68877314485388
3007686,7.887514782223514
3007687,0.16584634942652024
3007688,8.896326922237813
3007689,1816.383481239639
3007690,0.0
3007691,328.47280884263944
3007692,31.01697355658645
3007693,884.1188429186332
3007694,547.5249947214749
3007695,214.92138914072697
3007696,82.69913902814031
3007697,131.16074243476277
3007698,3004.552253357778
3007699,30.809581830947476
3007700,1.2160892571078992
3007701,32.06310861993031
3007702,21.44217728453885
3007703,0.017480544839638474
3007704,200.6578771668037
3007705,14.752934513401126
3007706,8.339945058697998
3007707,11.803465054529472
3007708,97.80668708799013
3007709,11.204066965388744
3007710,252.81545603268412
3007711,227.06279176665063
3007712,3.878799534991085
3007713,8.265439361604042
3007714,239.1210153152372
3007715,57.431083307625
3007716,1521.8910986221836
3007717,0.6357980005917234
3007718,8.946156564780832
3007719,13.856085437902712
3007720,0.0007279282816095272
3007721,19.749911980082874
3007722,5297.396799288483
3007723,0.0
3007724,692.1272989352522
3007725,45.27973318368663
3007726,1784.5890963432655
3007727,1304.4523486839337
3007728,567.2494304600727
3007729,135.4423694239406
3007730,191.8302088390475
3007731,7403.521226417924
3007732,91.03362851734833
3007733,2.0057468429221195
3007734,64.46300005853365
3007735,39.63749677003412
3007736,0.09629947996630982
3007737,455.6155073266181
3007738,18.27062696665536
3007739,12.605066003485268
3007740,4.649521860630473
3007741,195.9192714691761
3007742,16.16511277688375
3007743,602.3249035677935
3007744,661.542144493593
3007745,19.032812559851422
3007746,33.93802562203525
3007747,454.3079776551482
3007748,98.83266886347481
3007749,2515.3150834623852
3007750,295.6873089237196
3007751,20.84486632032685
3007752,9.375679349959386
3007753,0.0
3007754,8.182801256362538
3007755,5106.569562578392
3007756,0.0
3007757,906.7154161037064
3007758,14.493749677007216
3007759,1473.986456254965
3007760,1660.8901018207578
3007761,259.7086994653481
3007762,354.58517465893664
3007763,342.3285912685919
3007764,5479.1286146787015
3007765,58.19328046698722
3007766,1.9470978936441625
3007767,48.25948469603158
3007768,42.53119444498303
3007769,0.121959017157995
3007770,353.73672027492
3007771,3.999940867173521
3007772,58.475352065674656
3007773,6.7869593784318925
3007774,240.23305591672164
3007775,13.298717318839483
3007776,666.6481815690543
3007777,361.58254840020805
3007778,20.131222481960425
3007779,15.693174806390477
3007780,723.003510387235
3007781,132.8210972309677
3007782,5580.449292135328
3007783,0.9881967767161521
3007784,48.17829526692399
3007785,9.827719221206289
3007786,0.0013181078909485842
3007787,11.422836611119958
3007788,4786.360551910239
3007789,0.0005821558204184886
3007790,934.4209613198846
3007791,14.803585660173654
3007792,1624.9049204770663
3007793,1273.1018577271204
3007794,404.3341711627953
3007795,229.7741370900349
3007796,433.6849084468716
3007797,6758.384586487046
3007798,44.87021439021219
3007799,3.345042688308454
3007800,61.06291582425143
3007801,47.256319175506256
3007802,0.11091988310848679
3007803,414.7359068995922
3007804,12.188720858734872
3007805,70.65451829459005
3007806,10.37651844044156
3007807,372.271838919002
3007808,15.606444652052062
3007809,526.5080975747053
3007810,403.1449908657923
3007811,17.235661057352335
3007812,31.433983450874905
3007813,525.7127817999332
3007814,119.20113766139964
3007815,4744.049243338657
3007816,5.969494424126171
3007817,11.352679268953677
3007818,11.149365286894781
3007819,0.0
3007820,5.6870400922549935
3007821,2345.400095700588
3007822,0.0
3007823,535.6098218691598
3007824,9.044465141518367
3007825,1016.186356565967
3007826,586.6414950171539
3007827,259.3497692278928
3007828,98.61842377850364
3007829,188.22419245948478
3007830,3504.545186278399
3007831,18.982233720219316
3007832,1.5313774039191124
3007833,30.578648321086707
3007834,25.283734359265495
3007835,0.0022086065308249414
3007836,226.97271727774972
3007837,11.25090717558435
3007838,18.16118242033006
3007839,8.826871609351256
3007840,118.39856131401199
3007841,5.1420864639497585
3007842,321.8405334313156
3007843,270.1249444267109
3007844,6.097691424367938
3007845,9.330351460959022
3007846,215.34948953604487
3007847,68.54957451308314
3007848,2219.3750731107502
3007849,0.2872020440334361
3007850,5.033570915611299
3007851,9.433827989075226
3007852,0.0002707216515397231
3007853,0.17467981575819608
3007854,3233.8456142576038
3007855,0.0
3007856,230.97442746046562
3007857,5.776106037228765
3007858,1170.2366658935052
3007859,272.8151477924144
3007860,224.8367058212813
3007861,70.12032062407947
3007862,50.11579952486744
3007863,4006.799025478696
3007864,11.543645038623755
3007865,0.8768770617820167
3007866,25.437055289576872
3007867,13.593980135801155
3007868,0.14151161902155962
3007869,244.62636716603168
3007870,0.004907609922943524
3007871,0.009431355751414435
3007872,4.586843384519816
3007873,56.80921958704379
3007874,1.3924947374844638
3007875,54.87329541327292
3007876,182.7119922182787
3007877,0.0131619642318204
3007878,2.2414933487850495
3007879,72.01973439850616
3007880,84.90477191023972
3007881,740.354411996775
3007882,0.0
3007883,2.897007413575928
3007884,8.992698317114685
3007885,0.0007274717818074128
3007886,8.048292260116948
3007887,3753.389565584009
3007888,0.0
3007889,638.7267127490506
3007890,15.61241888168017
3007891,1230.915298034495
3007892,1060.7264727995255
3007893,377.8939169526212
3007894,199.14119048476152
3007895,196.30620357393562
3007896,5178.022060201352
3007897,46.400685579602175
3007898,1.0919281387241813
3007899,31.374578786592878
3007900,51.09219010311353
3007901,0.006229906161801547
3007902,333.1987514620177
3007903,28.363629875289543
3007904,23.18880550877904
3007905,15.488758606039315
3007906,179.24438619164005
3007907,9.676703131573099
3007908,537.9764971608778
3007909,385.2231316611009
3007910,13.112747499152471
3007911,17.2053182132114
3007912,594.9903577439949
3007913,123.73285602930116
3007914,2729.2993426327107
3007915,0.0
3007916,43.02037273606704
3007917,5.064854163909206
3007918,0.0
3007919,7.42387860219422
3007920,3792.7776440216585
3007921,0.02999236152228918
3007922,622.0245534295923
3007923,20.38542564495961
3007924,848.9551230395266
3007925,1220.5707003552309
3007926,179.4028007398086
3007927,255.6061668547352
3007928,243.52074580851647
3007929,3250.4809531027136
3007930,37.470394595111784
3007931,2.485257743276729
3007932,36.13729805337622
3007933,31.51233491445082
3007934,0.6365541201261204
3007935,213.70616723093246
3007936,18.227814294636428
3007937,54.94914664901342
3007938,9.206229289704876
3007939,268.5228929301727
3007940,17.449582818211837
3007941,411.8002210713162
3007942,207.56587764225048
3007943,7.291295687571514
3007944,17.17401316904427
3007945,573.903679665045
3007946,141.94683531318012
3007947,4611.715123944645
3007948,0.40088221990508643
3007949,37.48339384111452
3007950,5.156577669299049
3007951,0.7848754493578636
3007952,15.599636430550675
3007953,5409.111369248398
3007954,0.0
3007955,853.6122369829968
3007956,24.477531193495135
3007957,1304.379314046613
3007958,1589.6906343497487
3007959,335.3192651638496
3007960,390.8189675791812
3007961,197.5261891421331
3007962,5393.17138193961
3007963,44.65436592253111
3007964,1.7297815660201028
3007965,49.28953129009866
3007966,54.51138845996182
3007967,0.05724656766424731
3007968,391.1903946920922
3007969,41.55783297322158
3007970,48.65079475456223
3007971,20.495818894816953
3007972,224.23578873307488
3007973,25.76803172514458
3007974,467.6990700592879
3007975,401.3629434533526
3007976,22.70925173862499
3007977,28.076841427162947
3007978,657.9107638171793
3007979,181.46764746695175
3007980,4937.191088704276
3007981,0.40175050395426654
3007982,36.916260267977705
3007983,15.54653474778258
3007984,0.36035481009698467
3007985,11.849656660610083
3007986,4015.1248266027565
3007987,0.0023159355228537545
3007988,581.9878240523661
3007989,23.04191559149782
3007990,1639.2131909553034
3007991,902.6943869378886
3007992,607.026209342118
3007993,199.80703277556873
3007994,161.96244526096098
3007995,7236.648518430315
3007996,14.73561794843301
3007997,1.3755336844778485
3007998,59.549060162851376
3007999,56.20569423510133
3008000,0.04160870312974198
3008001,457.92094950116496
3008002,12.623793198080952
3008003,6.378854750863109
3008004,9.584234117512606
3008005,76.25392687944968
3008006,5.562371411489044
3008007,359.7876841114085
3008008,530.6029859167537
3008009,8.711166255651138
3008010,9.261432551782239
3008011,443.9450467172982
3008012,140.8783956596253
3008013,1802.618720853184
3008014,138.5431015502842
3008015,21.796691986720283
3008016,2.3545896322499753
3008017,0.0
3008018,2.96703005010555
3008019,1060.5018360304164
3008020,0.0
3008021,149.895221801524
3008022,3.572775555943763
3008023,280.1037372743601
3008024,360.3328189306602
3008025,63.92204533429924
3008026,65.59522057001847
3008027,41.24243243805763
3008028,1221.735840585537
3008029,6.265700894991505
3008030,0.8696974277677949
3008031,8.73033391560932
3008032,10.847340666574778
3008033,0.0
3008034,78.6566223355955
3008035,4.933139809503396
3008036,7.472390543218367
3008037,3.0657433580929085
3008038,44.8520301896728
3008039,3.009469695443859
3008040,101.62508766125782
3008041,81.13303980187098
3008042,2.597068184136541
3008043,3.5206237320603604
3008044,123.34033394075406
3008045,29.239102640831728
3008046,1286.5467970322925
3008047,0.0
3008048,9.541085185017804
3008049,1.8918281817886338
3008050,0.0
3008051,2.757703338592375
3008052,1573.7466201036134
3008053,0.0
3008054,124.26834201081311
3008055,3.5196749767749322
3008056,766.4332896110468
3008057,326.5805439618809
3008058,261.09269200323587
3008059,53.238743848801704
3008060,39.48372561791138
3008061,3020.558617602307
3008062,5.795110771558628
3008063,0.44125934597935723
3008064,10.27187823645806
3008065,9.934466151553362
3008066,0.13218126304318745
3008067,194.16599786738178
3008068,6.602729738201088
3008069,0.0
3008070,1.6058916277000073
3008071,7.5322167082265175
3008072,0.4325942596914218
3008073,188.300564045292
3008074,191.12176340631058
3008075,0.857337637080648
3008076,3.330086314990522
3008077,171.03950259598398
3008078,25.028794398012053
3008079,273.6739239093837
3008080,11.359107868761102
3008081,2.460060440337105
3008082,8.710743938519201
3008083,0.25436147564444395
3008084,5.313517227909712
3008085,5113.124560316604
3008086,0.00018378701104262586
3008087,1027.653495851766
3008088,10.700381256240146
3008089,1952.9076674914227
3008090,757.301247453718
3008091,561.4128437415661
3008092,290.3754200628961
3008093,100.93956428322154
3008094,8005.444857558833
3008095,26.204366766681886
3008096,0.7690452176046487
3008097,35.92796646519697
3008098,19.194608941524827
3008099,0.06998533330213551
3008100,553.5821341456467
3008101,11.765066669298214
3008102,2.6440103272172832
3008103,9.393971028673848
3008104,26.152858470525537
3008105,3.0430724002861993
3008106,670.6654612714706
3008107,452.63415861986886
3008108,2.5324147401066863
3008109,15.88224616857877
3008110,494.8785555747142
3008111,90.62509026662082
3008112,1575.1625889284467
3008113,26.77074569048635
3008114,9.952173544066882
3008115,5.967348095180218
3008116,0.0012209703483829475
3008117,1.326310331299823
3008118,1742.8152421762197
3008119,0.0
3008120,219.38304299921808
3008121,9.561222711816718
3008122,821.3561569196528
3008123,434.185670843127
3008124,217.73160057009193
3008125,45.819190347988695
3008126,32.8484174135511
3008127,2855.5020156273217
3008128,9.738786775713985
3008129,0.3751078878939686
3008130,11.526559496294515
3008131,24.02453236211563
3008132,0.029942016999609862
3008133,182.00251010415064
3008134,9.135613827055565
3008135,0.0
3008136,7.074515008387532
3008137,31.246022104474342
3008138,1.748750596373239
3008139,147.18883073082407
3008140,201.68685653165142
3008141,1.8026823240497793
3008142,7.581499291655186
3008143,166.0662438238092
3008144,30.751425089863144
3008145,366.7538876962645
3008146,8.059728612482491
3008147,2.227779490710165
3008148,4.9089868320176135
3008149,0.0
3008150,4.181414969227271
3008151,1384.5148292591205
3008152,0.0
3008153,139.79312901732237
3008154,6.017111238732443
3008155,646.163008751697
3008156,250.07856581314525
3008157,162.1236754104782
3008158,51.308040955733404
3008159,25.10726659578142
3008160,2511.9861458603086
3008161,11.659483259189349
3008162,0.16014136882011004
3008163,12.032446196191493
3008164,9.853547359287749
3008165,0.0010900915512118772
3008166,137.61823553524877
3008167,1.6935854188179875
3008168,0.0
3008169,2.202640661742716
3008170,14.52623646318776
3008171,0.9402542082540266
3008172,112.80962929680065
3008173,177.26263615187898
3008174,0.5934442981546297
3008175,5.612527298652195
3008176,85.6410373245623
3008177,23.902385799199035
3008178,186.6881689493614
3008179,9.17218893934195
3008180,1.1122260826276298
3008181,3.817052511657338
3008182,0.0
3008183,1.7391075438679082
3008184,1796.7059968058172
3008185,0.0
3008186,162.1722307486926
3008187,7.222287024133253
3008188,740.5689896044976
3008189,323.9507980404062
3008190,188.07175607604447
3008191,37.45625745295494
3008192,30.895580772767747
3008193,2687.342278186466
3008194,3.9624351250920355
3008195,0.11476809387544022
3008196,6.361793748811645
3008197,15.13891788541946
3008198,0.014050893848684414
3008199,146.46134353587738
3008200,0.8598480472614223
3008201,0.0
3008202,2.3147162407025887
3008203,14.02267192156386
3008204,2.4317716900400126
3008205,180.27928730606567
3008206,176.5045231829162
3008207,0.876641175333642
3008208,5.152937135724678
3008209,58.764728483334956
3008210,66.58540624868314
3008211,360.1615638908645
3008212,7.3408334028288955
3008213,3.233232420929392
3008214,4.625690117249076
3008215,0.9750786521602921
3008216,3.9289578188953085
3008217,1517.9995560387658
3008218,0.0
3008219,154.39420427390124
3008220,3.2541614820807574
3008221,693.8288752779141
3008222,254.62656910211976
3008223,200.82216959345368
3008224,82.78579837112444
3008225,45.691491079060874
3008226,2547.7600295998145
3008227,6.3642107634720295
3008228,0.9529381211379058
3008229,11.060491173457125
3008230,16.474606337872693
3008231,0.021453595009084368
3008232,182.93140123831995
3008233,7.4043876660176124
3008234,0.0
3008235,3.3198426382955777
3008236,9.888903279135267
3008237,1.7493838723549158
3008238,97.78304943790955
3008239,160.63836918379397
3008240,0.7994334647044501
3008241,4.432135153517195
3008242,92.08105925688427
3008243,34.06059820036103
3008244,560.8903654601925
3008245,15.15621297540621
3008246,3.2830082578806703
3008247,5.145457260611638
3008248,0.20234459717627007
3008249,2.1724355881604067
3008250,1743.750280161393
3008251,0.0
3008252,225.0271013407181
3008253,4.35814755760014
3008254,977.715791404623
3008255,363.5404672903785
3008256,208.1317459901578
3008257,161.11321463151052
3008258,36.14603192468268
3008259,2727.73941757981
3008260,8.073461407723945
3008261,0.1717383175882612
3008262,12.778355333951389
3008263,19.449577359612867
3008264,0.058447311187516296
3008265,221.63106965102037
3008266,0.003384343595330572
3008267,0.00848477518509655
3008268,2.919907677048361
3008269,27.816564622740536
3008270,1.3131725446963238
3008271,67.46935056657708
3008272,188.1283788032645
3008273,1.0048846021797484
3008274,3.089933781534901
3008275,74.04462263429357
3008276,47.27993259570316
3008277,696.2685334112663
3008278,0.0
3008279,1.1089632131670752
3008280,9.433798474871686
3008281,0.40527447257277144
3008282,4.396805636628825
3008283,3981.0671099119036
3008284,0.0
3008285,450.56810927920196
3008286,6.479436884985093
3008287,1334.1309145234816
3008288,892.2502723872691
3008289,642.1446574146715
3008290,238.64137542685296
3008291,128.92072844124286
3008292,5449.112461699764
3008293,20.247652493272273
3008294,1.4286532526933207
3008295,30.253796107526885
3008296,32.62214240841276
3008297,0.004810416909212163
3008298,373.8864816373703
3008299,0.03132177673350897
3008300,0.004375500421419187
3008301,8.816735706419266
3008302,43.399151917351446
3008303,5.095355917333924
3008304,313.3730653699039
3008305,360.38127470843614
3008306,2.8897048969813146
3008307,11.763158565820632
3008308,426.7210308606653
3008309,67.00235287909402
3008310,1909.5250649289148
3008311,41.60296285551007
3008312,17.06122935844558
3008313,4.3186289898769585
3008314,1.0355710233645352
3008315,7.467862805895299
3008316,2649.943833989729
3008317,0.0
3008318,787.5406625938177
3008319,8.368951276066808
3008320,779.4720009284287
3008321,795.0423464457931
3008322,246.76969684128952
3008323,238.71334298284933
3008324,67.79889436962415
3008325,3623.496671281365
3008326,15.777178533233009
3008327,1.0899976929314512
3008328,23.807982636345734
3008329,26.526006256052572
3008330,0.005219261814959122
3008331,252.52550478701636
3008332,10.58245915667233
3008333,1.3060496842203198
3008334,6.362698061723762
3008335,47.16731162564877
3008336,3.144867400154645
3008337,109.33966479720473
3008338,210.88034331898226
3008339,4.805772022591705
3008340,10.415059649298255
3008341,226.64173102201838
3008342,62.63381934946416
3008343,2417.249002007962
3008344,51.11666485674578
3008345,18.1377191010832
3008346,7.266081871985479
3008347,0.36196501472003534
3008348,3.217322047102506
3008349,2429.180705114165
3008350,0.0
3008351,197.7312749833297
3008352,5.932940634288614
3008353,855.5376270157391
3008354,341.0459961994091
3008355,306.92622479832147
3008356,72.34721798648562
3008357,37.48938148087479
3008358,3145.3107730226857
3008359,12.004466993131283
3008360,1.3903967914432913
3008361,10.804836873772164
3008362,14.067474333268121
3008363,0.22459682426927657
3008364,179.0517711928154
3008365,10.197682844185367
3008366,0.0
3008367,4.025160178528193
3008368,17.856438097783823
3008369,3.820443719660755
3008370,125.78587734500769
3008371,192.49491990802386
3008372,1.390323393633043
3008373,5.688643679950611
3008374,77.80595078328737
3008375,27.37617983271795
3008376,482.36756266893923
3008377,9.039536836261513
3008378,4.180353480533801
3008379,7.959306864611321
3008380,0.0027697126274169813
3008381,10.782158723373533
3008382,3338.81328570099
3008383,0.0
3008384,738.2657681250162
3008385,9.883512569755425
3008386,858.6277074696792
3008387,971.2098099399494
3008388,240.78716865966177
3008389,228.05084259022038
3008390,107.17081821443101
3008391,4295.209495187744
3008392,37.632020867060355
3008393,2.5349896588135343
3008394,22.762748254230367
3008395,37.874256475407584
3008396,0.036697600751450385
3008397,289.78208224138433
3008398,29.15893950476728
3008399,22.39735385628016
3008400,5.532538709255136
3008401,72.35058427724893
3008402,13.19044953373525
3008403,394.1484865830199
3008404,302.79117350887253
3008405,10.84128983206418
3008406,9.358999995217209
3008407,532.4023020895057
3008408,111.19998096245247
3008409,2600.4479850215794
3008410,0.0
3008411,41.512214537555835
3008412,13.113178357925827
3008413,0.32902920705105315
3008414,8.180853209588804
3008415,5546.584142912986
3008416,0.0
3008417,906.80135886768
3008418,8.765898678602372
3008419,1720.288077908684
3008420,1083.0990776856397
3008421,893.7828103794716
3008422,168.43961553862442
3008423,104.0008577201297
3008424,7569.73655195589
3008425,21.18757215710226
3008426,0.7346781175186841
3008427,22.140427930222124
3008428,24.69915203254507
3008429,0.0030884752028931214
3008430,461.756495484605
3008431,1.5070084595854856
3008432,7.803097082787636
3008433,7.001132163033377
3008434,52.34801643698575
3008435,2.127821372478895
3008436,445.9666169414395
3008437,562.5978565520884
3008438,4.4132448147994205
3008439,9.748494251964523
3008440,456.1960838810252
3008441,105.80472293238529
3008442,1531.9609847834342
3008443,105.44615324205338
3008444,20.281061975793428
3008445,15.36466375169785
3008446,0.3006028329802417
3008447,6.912530621790509
3008448,4372.974581915537
3008449,0.0
3008450,788.9764302397449
3008451,7.1766984266417655
3008452,1674.810781060503
3008453,976.8283514128265
3008454,447.69970315057617
3008455,403.9859916560213
3008456,88.74889186671483
3008457,6270.69407330129
3008458,25.235671362603398
3008459,0.6373980639392234
3008460,49.11966772019831
3008461,43.195477924852995
3008462,0.10385209715915297
3008463,446.1662819907488
3008464,8.192550009911619
3008465,3.725924540729798
3008466,11.555083206895809
3008467,71.56880608510764
3008468,3.09663109889613
3008469,169.68292527789052
3008470,403.58872720116716
3008471,3.974892256895197
3008472,8.761263749868869
3008473,222.41870212554795
3008474,209.7671047625742
3008475,2039.2354800825995
3008476,0.0048527554040702315
3008477,6.730273439578808
3008478,4.630590120449575
3008479,0.01916631859866075
3008480,3.522635522731883
3008481,2052.3800721542166
3008482,0.0
3008483,155.04078645637048
3008484,6.03591683154716
3008485,704.3792443036577
3008486,367.46522949157907
3008487,158.50556529549033
3008488,46.80706171257525
3008489,45.60576114961823
3008490,2640.136518938355
3008491,7.644972347525751
3008492,0.7927547296110884
3008493,22.559436566861784
3008494,20.98364865376188
3008495,0.02567839810615612
3008496,194.02533372461895
3008497,0.6849992834362435
3008498,0.0
3008499,4.755163874212597
3008500,34.27377610944566
3008501,3.393156480771383
3008502,125.18117567638863
3008503,169.26181415948386
3008504,1.0938302081158793
3008505,6.96204901991754
3008506,170.2460162888561
3008507,34.28090717144617
3008508,458.0745358525276
3008509,13.20382550023397
3008510,1.802969409106589
3008511,2.102534027392733
3008512,0.0
3008513,3.3146226037422197
3008514,1501.9133017880695
3008515,0.16942566377385238
3008516,252.11175086463942
3008517,8.709763085472268
3008518,548.8647645667164
3008519,544.3169776977539
3008520,138.70721185847924
3008521,52.74302035923184
3008522,60.74173848897058
3008523,2127.3958202453973
3008524,19.98149953225248
3008525,0.43280604195802996
3008526,11.76509731902773
3008527,14.964991037541191
3008528,0.2783950775750525
3008529,150.4089285278215
3008530,16.758387348359964
3008531,2.2514348893715836
3008532,4.575913465321404
3008533,42.46902599072092
3008534,5.165927620078145
3008535,881.2160335054696
3008536,180.694614950462
3008537,4.325430707657118
3008538,6.403819603122005
3008539,334.05691060963494
3008540,31.14884303405674
3008541,1207.0645773113424
3008542,0.0
3008543,6.42627671060038
3008544,2.495027961960617
3008545,0.0
3008546,3.6687470491255407
3008547,3503.257100886211
3008548,0.0
3008549,749.1149497205126
3008550,9.914306217322672
3008551,917.7298837659523
3008552,1271.7436304086607
3008553,257.0718432752118
3008554,216.9735484982929
3008555,112.45458523676774
3008556,3781.0107542333153
3008557,32.27084031947298
3008558,0.7320673626565997
3008559,20.417675935144715
3008560,34.31460828258296
3008561,0.0
3008562,252.5592634799231
3008563,8.987476486338233
3008564,27.53003319508259
3008565,7.6713249207657785
3008566,66.96178375985919
3008567,12.372271064881021
3008568,324.30481293188967
3008569,281.630909368583
3008570,15.592065345641753
3008571,9.832266721027322
3008572,468.10258844632915
3008573,103.04286636966721
3008574,3350.0075134959657
3008575,0.0
3008576,19.148015243151942
3008577,3.392233747788169
3008578,0.006075776568197964
3008579,4.163317616378411
3008580,2054.149854188884
3008581,0.0
3008582,443.26082257209293
3008583,6.486685082173617
3008584,419.3631937538133
3008585,586.541560560742
3008586,150.90118151481758
3008587,120.87974015618359
3008588,85.57230154806449
3008589,1912.118923536622
3008590,20.130108569242136
3008591,1.062883703824368
3008592,16.82858903674071
3008593,12.739914259336972
3008594,0.0
3008595,105.42589245338826
3008596,0.0034721493846399352
3008597,18.80047121837856
3008598,4.583419948941122
3008599,130.2532305978089
3008600,9.307379487880864
3008601,179.38031534358177
3008602,123.56458761814164
3008603,5.144547302323255
3008604,6.423091973783825
3008605,172.84300504402248
3008606,38.29378913247507
3008607,1554.4090069601646
3008608,0.8102179148217896
3008609,4.5924614647626685
3008610,4.229273580823347
3008611,0.002063629473896006
3008612,0.3336333993258702
3008613,1130.532277005466
3008614,0.0
3008615,282.23167369047025
3008616,5.258554835044478
3008617,408.56980227611547
3008618,347.9410548090793
3008619,115.96029620560955
3008620,45.194862888269135
3008621,40.91898004860538
3008622,1654.1888152346794
3008623,5.026364506296705
3008624,0.593269565091713
3008625,12.371061155710407
3008626,11.023558043748434
3008627,0.24937360265946126
3008628,100.97973971211036
3008629,0.09186428909572508
3008630,5.09436580636756
3008631,0.3811104562318271
3008632,22.68220685844793
3008633,0.2485147884396162
3008634,301.2032012007067
3008635,148.96339438078041
3008636,2.8202521698811647
3008637,1.46175030168664
3008638,172.87131002196952
3008639,29.890692663034937
3008640,588.2632921369113
3008641,0.6923048155910587
3008642,2.309040881478119
3008643,9.793640804626552
3008644,0.5224946640315333
3008645,4.348304351694685
3008646,4596.21509870507
3008647,0.16495047651348346
3008648,916.7774149222595
3008649,14.674068410310378
3008650,1123.622608794049
3008651,1386.9106099674927
3008652,396.43571073395634
3008653,330.3185224659629
3008654,157.42516961889896
3008655,5296.700712308852
3008656,46.74038473174965
3008657,4.04725303071745
3008658,23.997745474831028
3008659,38.55364922870317
3008660,0.09910857278760492
3008661,286.36222106066015
3008662,12.433079190003133
3008663,48.00628319487524
3008664,11.756327528373951
3008665,150.4436833756608
3008666,5.176051048990398
3008667,341.08627040727083
3008668,339.8038355790238
3008669,14.664681717580153
3008670,13.823942069830824
3008671,508.291021973151
3008672,113.57651045108274
3008673,3318.76552841745
3008674,1.448423340717523
3008675,23.23916485313882
3008676,8.239911432656452
3008677,0.004428307591909274
3008678,4.48103192533107
3008679,5241.961015107629
3008680,0.0036900695765913587
3008681,1025.7703284028114
3008682,13.652897920625497
3008683,1479.6773190038853
3008684,1402.479930783296
3008685,481.72337424177346
3008686,353.22125941745645
3008687,88.66719533194862
3008688,8332.286575372082
3008689,20.45292639588406
3008690,0.5480716992652899
3008691,42.1826217126356
3008692,24.451062101651615
3008693,0.8282995219651905
3008694,401.7691617499726
3008695,0.004377425588437656
3008696,7.898312847176282
3008697,7.511460925913607
3008698,52.72685640956693
3008699,1.406327383050546
3008700,235.81306857305466
3008701,414.94404402589464
3008702,6.42481760348757
3008703,6.5129090051845475
3008704,304.82718078937177
3008705,106.79972628026013
3008706,2425.298046287386
3008707,3.0574327758640285
3008708,6.451232563349737
3008709,7.651615190350615
3008710,0.4498076652114056
3008711,4.28682992225326
3008712,4289.523907032852
3008713,0.0
3008714,1096.0835919337896
3008715,13.11726249715511
3008716,1324.205023857426
3008717,1043.8417816099281
3008718,389.1477473470895
3008719,316.6560317910878
3008720,86.13052244606533
3008721,5357.495369155513
3008722,27.669230548706672
3008723,1.6703212771911944
3008724,36.71629884084137
3008725,26.066873170631762
3008726,0.005254574312998358
3008727,340.6188333333516
3008728,0.00354084980438708
3008729,8.186515599587121
3008730,6.966286203839707
3008731,75.04244350243047
3008732,1.7418387988060298
3008733,143.67163613316498
3008734,300.4181941099621
3008735,3.427345001030095
3008736,6.466821341595195
3008737,226.56647169247992
3008738,88.0885066019384
3008739,1750.363201647462
3008740,1.7103001310983807
3008741,8.10460813005728
3008742,13.749241872898367
3008743,0.13903330530442845
3008744,23.349641773493346
3008745,9277.597839233396
3008746,0.0
3008747,1351.9820383034514
3008748,30.214129594730835
3008749,2040.6865635707152
3008750,2420.839979872302
3008751,414.63893460809015
3008752,596.8769638443657
3008753,360.2181477783754
3008754,9002.940092080466
3008755,95.0430626112351
3008756,2.870241248177754
3008757,70.89733131732208
3008758,65.47064274633829
3008759,0.06217526858848932
3008760,667.9883412308222
3008761,71.18841004737293
3008762,55.85691008368327
3008763,30.29033388510233
3008764,212.17168274120408
3008765,34.15817797870771
3008766,765.892725743678
3008767,746.4371476321754
3008768,24.506395093594918
3008769,35.818777750359175
3008770,1297.4979371751224
3008771,280.5511237621338
3008772,8917.765953432496
3008773,1.1859567354481606
3008774,92.63988292245175
3008775,3.408771086657209
3008776,0.23040378595763025
3008777,0.2753708940321076
3008778,2224.8791226539233
3008779,0.0
3008780,211.1486253044275
3008781,5.855169969736899
3008782,628.2193363302346
3008783,314.12334351936966
3008784,137.67066210937116
3008785,156.42850032295485
3008786,41.04192774809847
3008787,2392.7625473255966
3008788,10.064477534931175
3008789,0.3237285707430992
3008790,14.74254753827008
3008791,9.436822250791414
3008792,0.0043580053479049235
3008793,139.21950651228522
3008794,0.6846136123521953
3008795,0.0
3008796,2.3146288904516696
3008797,25.877704851291288
3008798,0.837697019229483
3008799,58.733910799129696
3008800,103.84475746712451
3008801,1.9418822510410885
3008802,4.897431902919126
3008803,116.57974219046943
3008804,28.495861024168804
3008805,661.1494265869711
3008806,0.01452800718338718
3008807,4.108887756993591
3008808,10.84626544918798
3008809,0.03809723350217218
3008810,3.440514958183784
3008811,4564.130779165244
3008812,0.0
3008813,782.2238264603836
3008814,8.4382305972933
3008815,1359.00273480499
3008816,929.4545340076007
3008817,301.3575672580533
3008818,390.89955075008555
3008819,75.01562520717229
3008820,5698.530976373982
3008821,18.482860318903935
3008822,0.5978605304689477
3008823,29.091515112242657
3008824,24.082438015475578
3008825,0.03796258670030428
3008826,382.1553489164698
3008827,1.2089537293608106
3008828,6.409504947955244
3008829,10.185642457765706
3008830,14.266877671848528
3008831,1.5909022883068942
3008832,422.1971409144316
3008833,351.47394795601093
3008834,4.679141343833804
3008835,8.209008916626846
3008836,148.56186233215544
3008837,96.95345411573452
3008838,1618.0268882082473
3008839,1.3418862025372595
3008840,5.408144956922905
3008841,1.4508412566866764
3008842,0.0
3008843,0.7307808527267379
3008844,1248.9027244231843
3008845,0.0
3008846,173.70657084351208
3008847,3.194873097373123
3008848,514.3737437657677
3008849,210.82807682553127
3008850,103.05547993606976
3008851,178.05810156945304
3008852,22.06621028231544
3008853,2188.5482967309244
3008854,3.962401636974337
3008855,0.27001397012658407
3008856,8.396996249231485
3008857,4.655939828533587
3008858,0.1377822169582951
3008859,92.64490746701023
3008860,0.003801357848699696
3008861,0.0032725501116560984
3008862,0.6588681670673555
3008863,17.383483701231633
3008864,0.3237969043401874
3008865,77.80445882295801
3008866,88.1517102876167
3008867,0.5756982023287232
3008868,1.5423558717399004
3008869,62.064689320212224
3008870,13.836490097349527
3008871,269.13908780713786
3008872,0.0
3008873,1.7286058609504482
3008874,9.503480761706475
3008875,0.0
3008876,3.4056627963562836
3008877,2648.7343995806277
3008878,0.0
3008879,326.6664201225961
3008880,8.469866482494957
3008881,1214.1442218153006
3008882,569.8798824153987
3008883,217.4703302274179
3008884,182.77960912214826
3008885,44.58659362630185
3008886,3654.4564072361595
3008887,4.386594024725771
3008888,0.368611634621377
3008889,30.33356683964895
3008890,23.6238891653804
3008891,0.052544098775159594
3008892,296.9322450426898
3008893,0.006739330820015494
3008894,0.0013391639188784432
3008895,14.50106127260956
3008896,29.28473787793473
3008897,1.670215414039673
3008898,314.508388076039
3008899,287.180989243497
3008900,2.4903123269085787
3008901,4.8126295062593725
3008902,251.1651162079594
3008903,32.000050069599936
3008904,1499.5510329816993
3008905,0.0
3008906,0.6714272261092837
3008907,3.5477020089625855
3008908,0.2515936021206161
3008909,1.3184193011675172
3008910,2734.9310076155716
3008911,0.0
3008912,757.1770953192264
3008913,7.2303707529673495
3008914,898.5853059547802
3008915,675.8030419262766
3008916,228.25559831079815
3008917,118.30391955073598
3008918,58.158371160430825
3008919,4393.937233553708
3008920,9.207831225272393
3008921,2.9555850814269093
3008922,23.596320575937543
3008923,36.36632676837848
3008924,0.017525050862841667
3008925,204.02957913558885
3008926,2.3207942433549222
3008927,3.3733820355222575
3008928,3.1549516714289156
3008929,16.80809770814572
3008930,2.2567040694473333
3008931,165.1634758159358
3008932,250.48647125396167
3008933,3.1539880118417463
3008934,6.559792818111562
3008935,136.42918416570927
3008936,26.60008826226594
3008937,656.7485045359203
3008938,3.574137833554915
3008939,2.352460181457879
3008940,4.405470515312898
3008941,0.0
3008942,0.6218827773235536
3008943,1831.8164117590825
3008944,0.0
3008945,149.86969217555958
3008946,2.0778230474870103
3008947,525.6089211449608
3008948,211.37654874009203
3008949,117.5490223462704
3008950,146.7997543533287
3008951,58.67504161647453
3008952,2199.4403668576274
3008953,9.043033012924466
3008954,0.5723002241661759
3008955,13.536294652616565
3008956,6.88605953508104
3008957,0.21466585850964173
3008958,110.62869259077797
3008959,0.0029402667636963436
3008960,0.003029118574895356
3008961,0.26873367854602703
3008962,52.91701009080305
3008963,0.8998384168259292
3008964,210.43131660389002
3008965,94.18144101198831
3008966,0.859716529923173
3008967,0.9572769340543676
3008968,65.13687951955667
3008969,26.24210233930599
3008970,432.57755420167314
3008971,0.013673966375328396
3008972,1.176261354621671
3008973,5.697504022705931
3008974,0.0
3008975,0.9745570322675066
3008976,4296.458985457394
3008977,0.0
3008978,738.8435587085603
3008979,8.588444927399154
3008980,915.4610408371715
3008981,783.7750158273494
3008982,249.03128652613503
3008983,156.69479335659182
3008984,79.21689788270197
3008985,4537.0420864455
3008986,10.965728520665872
3008987,0.4077380256030115
3008988,22.618475935800173
3008989,12.970586486127186
3008990,0.0027155551971396372
3008991,255.20003804089248
3008992,0.009182825079126879
3008993,22.602967331354442
3008994,3.2767251857194744
3008995,64.66891877698183
3008996,1.5943125196409786
3008997,208.87825059648267
3008998,248.4910841986197
3008999,3.884084329795396
3009000,3.3575599603703434
3009001,129.88216615146203
3009002,42.29053665313067
3009003,1496.0851315408793
3009004,1.0472997549963652
3009005,0.8993515634888789
3009006,3.4797446132493075
3009007,0.0
3009008,8.784465975811928
3009009,2210.976935444369
3009010,0.0
3009011,432.3006568428243
3009012,4.708149629465513
3009013,665.0974631814807
3009014,680.5428871021744
3009015,132.34499307217706
3009016,106.72980080936367
3009017,84.82223078261967
3009018,2743.508887693876
3009019,36.80214930264042
3009020,1.308470466195267
3009021,22.202555256188695
3009022,19.676017268753505
3009023,0.0053414524545382265
3009024,193.3697229659362
3009025,21.933483154802
3009026,13.682360794782499
3009027,1.325959914275039
3009028,74.99170127358758
3009029,8.918959706493977
3009030,163.81243151293123
3009031,227.51389575314246
3009032,10.572900725430758
3009033,12.772749965412578
3009034,202.30282640400944
3009035,57.575498981304314
3009036,1858.9161052432876
3009037,0.0004530509472807899
3009038,10.598828315193565
3009039,8.726239360180529
3009040,0.0008892732535915287
3009041,10.775332692582557
3009042,2476.5359871886794
3009043,0.0
3009044,545.5881161854993
3009045,12.59697446303173
3009046,987.9409214079766
3009047,857.7577487874227
3009048,156.1750083710321
3009049,110.02847909550808
3009050,105.39208031376123
3009051,3983.7304261347517
3009052,22.969988432389986
3009053,0.9785080260773942
3009054,40.13369491556651
3009055,33.57193268070654
3009056,0.03195065652152941
3009057,373.24951167618184
3009058,36.70064069799076
3009059,15.931918839581126
3009060,11.007863308025318
3009061,105.5232316982279
3009062,14.35543593688012
3009063,139.65897278603558
3009064,435.47871421249806
3009065,10.389354939955652
3009066,14.366987958529581
3009067,135.44959290504232
3009068,86.30146435639475
3009069,2175.2725971622785
3009070,13.523860385515675
3009071,17.77992437923972
3009072,9.665244325186716
3009073,0.2298651103063694
3009074,4.204248667720098
3009075,4037.4531538637984
3009076,0.0
3009077,819.3121494800423
3009078,6.438714979106848
3009079,1631.0661258750988
3009080,733.0181671359343
3009081,212.0256268957366
3009082,323.3355862720639
3009083,65.0304300139674
3009084,5711.661502843624
3009085,36.583159010329275
3009086,1.4657042702516203
3009087,28.427538577602128
3009088,19.89092305295057
3009089,0.05490232190665904
3009090,386.1400717783459
3009091,8.449009969276348
3009092,14.562024380963308
3009093,8.37090289684032
3009094,53.18213820381707
3009095,6.061351457469023
3009096,135.57089583971992
3009097,368.8228734168885
3009098,9.150511357082934
3009099,10.741254727802582
3009100,236.22462067512598
3009101,51.591703313141736
3009102,1833.9470851379829
3009103,17.774356294548575
3009104,16.443751837081955
3009105,5.441551611595457
3009106,0.06166449389426359
3009107,9.120370272805078
3009108,3144.2129267174782
3009109,0.0
3009110,430.35223946639064
3009111,7.5295840918855
3009112,877.6341955545371
3009113,956.5509096218042
3009114,227.4011200017693
3009115,207.06353036177794
3009116,106.9329344969266
3009117,4075.9315173820164
3009118,29.17755134820447
3009119,1.563366617513446
3009120,18.651938845419643
3009121,13.592628973230191
3009122,0.17053708031697315
3009123,265.92323909830515
3009124,30.223381675848
3009125,25.103515696703834
3009126,2.1408754045656218
3009127,83.04352242730394
3009128,9.847173238455884
3009129,381.2184768831336
3009130,323.61542969306146
3009131,9.467074280594385
3009132,11.41330157622521
3009133,472.7411412790905
3009134,59.4821556700819
3009135,2742.477506494324
3009136,0.17666611049832384
3009137,31.872206331235667
3009138,3.137806141346932
3009139,0.0
3009140,3.3130280359399906
3009141,5102.496463513408
3009142,0.0
3009143,554.6333542657011
3009144,6.693115174665153
3009145,1707.1164737451838
3009146,693.2491074376795
3009147,286.114239523809
3009148,169.0676626140261
3009149,59.60265625585261
3009150,5867.151068220665
3009151,10.806809448576324
3009152,1.9206244432875068
3009153,23.45022097784285
3009154,22.947501688524447
3009155,0.03068492122892132
3009156,364.5619066498389
3009157,0.007199359131952448
3009158,0.17903737289683663
3009159,8.029909028810549
3009160,14.689878216075643
3009161,2.3464929251330573
3009162,142.87307431644385
3009163,322.2922641299324
3009164,3.5210502661151564
3009165,10.255872160831306
3009166,154.26983858330195
3009167,51.2205637579095
3009168,1232.682567226313
3009169,0.0
3009170,5.170643598832463
3009171,10.418694505279399
3009172,0.0027631225225949923
3009173,13.255151441912183
3009174,2828.294065283193
3009175,0.0001542900912498335
3009176,705.1136461387728
3009177,11.70964325790927
3009178,1202.8754948995904
3009179,959.549638489485
3009180,302.46275226773463
3009181,197.22327657284322
3009182,143.54026904396446
3009183,4401.8537677103905
3009184,45.46592286595924
3009185,1.8019221600607875
3009186,36.51898414760741
3009187,31.346285966731905
3009188,0.015466186481887002
3009189,337.392848727095
3009190,36.052492185526226
3009191,18.344312700784645
3009192,11.275311456456624
3009193,53.33404966350676
3009194,16.830980086063366
3009195,270.7099027713429
3009196,392.5000725169575
3009197,19.656278293056523
3009198,12.738194960129132
3009199,241.82100827225304
3009200,71.9553919109224
3009201,2510.238915588399
3009202,0.7580084390608992
3009203,9.18912188749622
3009204,5.174561266527892
3009205,0.0
3009206,8.409103077355812
3009207,2575.793046720101
3009208,0.0
3009209,491.85964406060526
3009210,8.719212707794606
3009211,740.6146287111887
3009212,837.0071278325115
3009213,179.40745066189672
3009214,155.57269855785552
3009215,100.93213463948793
3009216,3158.0010329857246
3009217,33.67313256892408
3009218,1.2238175988981022
3009219,30.729459874988752
3009220,31.61351975553744
3009221,0.005491767043067591
3009222,227.285781106228
3009223,21.210144959855477
3009224,32.68219388633026
3009225,5.727619776945538
3009226,57.128940712563505
3009227,11.829764240510734
3009228,232.55754032224854
3009229,262.70379539575356
3009230,11.840147723556631
3009231,12.598467519404894
3009232,233.9361768080066
3009233,54.322705412106764
3009234,2416.0188303266955
3009235,0.4915356600498733
3009236,17.53674449437449
3009237,5.863180357020967
3009238,0.009767416611524055
3009239,5.828964009366366
3009240,5632.444187332463
3009241,0.0
3009242,816.6412773288581
3009243,19.278457194024504
3009244,1375.2952578871489
3009245,917.9138488982293
3009246,341.16305333071136
3009247,221.99436629148673
3009248,69.59886301236372
3009249,5845.912576077669
3009250,13.448288821038412
3009251,0.18955634816038075
3009252,18.51646242737189
3009253,23.54730345694706
3009254,0.13470471954443175
3009255,308.7876754152376
3009256,0.009864188546242127
3009257,9.472939834399096
3009258,1.2563182117050409
3009259,65.10853799846957
3009260,3.4890241624347347
3009261,227.80346019190435
3009262,343.53835505973217
3009263,4.00582991046709
3009264,1.9283759452072964
3009265,289.9730204621603
3009266,168.21917969490795
3009267,1444.4024161193586
3009268,2.78731856326379
3009269,0.5752236176939782
3009270,19.32053910055088
3009271,0.0034662699714448166
3009272,21.875105882205204
3009273,10167.26806259823
3009274,0.00037831868250142077
3009275,1857.6632689569667
3009276,20.77908564438874
3009277,2758.603465968254
3009278,2973.486624021022
3009279,742.4065438558168
3009280,834.6623571866241
3009281,445.59947369935776
3009282,10488.449457930596
3009283,92.12037820258243
3009284,5.8951547026041204
3009285,138.4790887832328
3009286,135.80080289711
3009287,0.11012872747564045
3009288,880.17480404639
3009289,41.93818037328113
3009290,25.84308110645311
3009291,65.62751220919218
3009292,308.01381147766523
3009293,30.302907079550828
3009294,923.4704374013696
3009295,772.7019450218575
3009296,56.69833335435918
3009297,56.38858155524458
3009298,1341.4877357599355
3009299,333.1026035481966
3009300,10665.845852111675
3009301,376.27209533734043
3009302,109.3382283097282
3009303,22.55472348679763
3009304,0.0002419446867724475
3009305,23.860004741829094
3009306,11026.039265543006
3009307,0.0
3009308,1467.303771514489
3009309,22.153921082533564
3009310,3095.887752099825
3009311,2724.1319942574846
3009312,920.6645244940976
3009313,506.90643482617367
3009314,348.9777160274594
3009315,12157.841851071444
3009316,131.69375660701866
3009317,2.3739755615401728
3009318,82.97524295015126
3009319,101.47519989008899
3009320,0.8532460846699881
3009321,941.9927842630557
3009322,35.620612126658756
3009323,47.47512991926327
3009324,13.37119279037724
3009325,209.8252316913491
3009326,27.711994518999354
3009327,1271.824839177911
3009328,1022.8132187978409
3009329,32.43487872717776
3009330,39.904166084044775
3009331,1540.8522323104582
3009332,303.60906856773335
3009333,7975.238878116334
3009334,609.328676345162
3009335,119.70586257582599
3009336,19.306662014581068
3009337,0.0015867710536614282
3009338,35.62307150621418
3009339,7496.292896061971
3009340,0.10321298552295036
3009341,1188.7834344031912
3009342,13.554876822963037
3009343,2867.855629508573
3009344,1877.6719396556239
3009345,1024.3544006046711
3009346,222.1564376515165
3009347,324.76650426038356
3009348,10329.46361095462
3009349,64.17253179729265
3009350,4.550515978136069
3009351,65.32935482270175
3009352,37.604144168822515
3009353,0.7860911548194629
3009354,868.2598358794959
3009355,48.69846692292648
3009356,35.86913300909551
3009357,13.999483859482835
3009358,111.78899774665035
3009359,15.511974124785386
3009360,1147.3513108547832
3009361,1068.7652835434085
3009362,34.69322960986238
3009363,68.08756495633897
3009364,1001.6744411536596
3009365,158.11589096872368
3009366,3771.6278690102226
3009367,393.6371956050303
3009368,70.1469660514854
3009369,22.05528113668145
3009370,0.0002419446867724475
3009371,34.40966580378444
3009372,10151.600204036326
3009373,0.0
3009374,1440.2337816123131
3009375,17.450116787414032
3009376,2596.059208222548
3009377,2529.7117801973027
3009378,837.1116842910253
3009379,451.1362837955492
3009380,294.02105101529764
3009381,11187.936642569444
3009382,54.86213260720412
3009383,1.4197937472146434
3009384,89.74180047462052
3009385,81.80767234023972
3009386,1.1664043518276923
3009387,841.5022987501222
3009388,37.69960536363196
3009389,36.98266850497039
3009390,19.155074578625673
3009391,203.72373198849394
3009392,19.832226074415885
3009393,998.8187814849682
3009394,982.7093627637711
3009395,32.77466368166973
3009396,40.37212632891053
3009397,1308.2709018669188
3009398,289.0943037476815
3009399,7059.544819871124
3009400,440.88697897366256
3009401,86.79046410288451
3009402,20.506224602692097
3009403,0.002477326953833015
3009404,34.63409343852601
3009405,6229.579062461977
3009406,0.0017405228766700558
3009407,1182.6182636884978
3009408,18.49142613950446
3009409,2643.8611885902333
3009410,1623.7278283444334
3009411,886.5335917829127
3009412,190.12104422350328
3009413,273.87284895142074
3009414,10062.065735160955
3009415,55.936384061336646
3009416,0.45083713229344496
3009417,52.040028098937704
3009418,35.41266827848001
3009419,0.16131397942743944
3009420,819.2409210527044
3009421,44.23838538751285
3009422,19.53508599474696
3009423,5.099858874044388
3009424,90.807476180388
3009425,10.194784185191718
3009426,1056.2170468640013
3009427,1061.9795582368579
3009428,30.96745090877727
3009429,34.44461514862874
3009430,1115.80631410351
3009431,132.03334590579925
3009432,2727.6535197123076
3009433,367.44493319386396
3009434,32.663277015323345
3009435,13.131812946091827
3009436,0.0005222732663347439
3009437,20.011284990976634
3009438,7789.848550468918
3009439,0.0
3009440,1348.6935856899797
3009441,18.902330375638684
3009442,2043.4173197646153
3009443,2395.8278505533362
3009444,514.377765712324
3009445,584.9425510798627
3009446,344.013286509071
3009447,8911.756284873307
3009448,84.11885961668077
3009449,1.8789715982797368
3009450,61.613130834746016
3009451,54.966904711828036
3009452,0.5537694573504675
3009453,613.9590283178557
3009454,26.56156698511497
3009455,29.675601905736404
3009456,13.612961514260059
3009457,212.8301417180578
3009458,23.43131036744959
3009459,830.5366672369278
3009460,725.8526373214521
3009461,26.864400465068794
3009462,43.13566588027647
3009463,1159.9198868068968
3009464,245.36555348114607
3009465,8515.37273790539
3009466,242.31757349192415
3009467,77.30469290140272
3009468,8.948322282700557
3009469,0.25952565004171074
3009470,8.592029787633006
3009471,1988.5958997782645
3009472,0.0
3009473,392.79711695299636
3009474,19.59497483818718
3009475,894.8104826930538
3009476,655.7163825168107
3009477,250.60174993302886
3009478,96.58736387190594
3009479,78.06433098471439
3009480,3334.726708111361
3009481,24.020778378191018
3009482,1.3185425298972206
3009483,24.96116962792214
3009484,23.71642634026439
3009485,0.04969613221661787
3009486,260.4368181173311
3009487,16.957580529986597
3009488,8.289578903622608
3009489,12.150668136694906
3009490,54.535140455033265
3009491,10.919003753632335
3009492,257.9055656119125
3009493,287.23242083174824
3009494,3.897036955792678
3009495,8.735551285811214
3009496,258.3374616127381
3009497,59.590667028995426
3009498,1551.2102997898826
3009499,0.6733870831736739
3009500,10.311658394161533
3009501,14.047099512684422
3009502,0.001611204113146072
3009503,21.202522420352803
3009504,5500.1396151130975
3009505,0.0
3009506,678.0652568874332
3009507,38.013578465887605
3009508,1846.2366043472493
3009509,1305.3239665563647
3009510,584.961030735128
3009511,143.18504208634943
3009512,143.0477295798188
3009513,7458.246742608507
3009514,77.91164932468891
3009515,2.377375658947269
3009516,56.40441253229839
3009517,40.82361059992066
3009518,0.09138175276515696
3009519,466.88215871511056
3009520,17.32141174944734
3009521,11.657749680752355
3009522,4.352431232778005
3009523,106.3207871676624
3009524,14.710089176885505
3009525,546.4251576100465
3009526,671.1159112783041
3009527,17.523252517996678
3009528,34.48470549735785
3009529,482.57084195899125
3009530,88.04664214616369
3009531,2472.5290988225806
3009532,300.0339765505263
3009533,23.346772130294593
3009534,10.376884949970213
3009535,0.0
3009536,7.741284821058025
3009537,5352.588890316907
3009538,0.0
3009539,1039.8492888686008
3009540,8.631380914990519
3009541,1544.9994278462964
3009542,1823.4379269698015
3009543,303.6855889334268
3009544,412.0206274580145
3009545,247.00901502714888
3009546,6137.208352311396
3009547,57.495262182765515
3009548,1.8605090848473704
3009549,37.286722231366774
3009550,47.972932858852786
3009551,0.07295824073352436
3009552,367.93430814518894
3009553,4.958951222587201
3009554,45.079256265362325
3009555,5.740603265937585
3009556,138.27780255830888
3009557,13.572881136080916
3009558,621.5244961654016
3009559,350.5909466072245
3009560,24.487126000168818
3009561,15.658576833642979
3009562,765.3047447926374
3009563,129.85548046562593
3009564,5770.325624231846
3009565,1.1035457512371685
3009566,52.32154765737884
3009567,12.37552242786549
3009568,0.0
3009569,9.73634457339348
3009570,4791.745351918838
3009571,0.0
3009572,1058.7453576890412
3009573,14.240475092731954
3009574,1722.5554870514063
3009575,1370.8170234449415
3009576,419.2414610877458
3009577,261.7679344271571
3009578,275.7006673873249
3009579,7103.817691548228
3009580,49.67735097534983
3009581,3.3106319613805697
3009582,52.81838505831609
3009583,62.44568695403847
3009584,0.12028159333359213
3009585,437.56199220705514
3009586,12.490963491475355
3009587,53.00592498661344
3009588,9.710034113831618
3009589,182.69588089002832
3009590,13.277013615014791
3009591,499.4266161523598
3009592,416.3980001393933
3009593,14.696126096830906
3009594,32.24789111905456
3009595,554.6648706617972
3009596,133.60683867991827
3009597,4569.251663182774
3009598,7.1804714152087445
3009599,8.680435177480263
3009600,11.398774257379893
3009601,0.0
3009602,5.526442365519683
3009603,2776.460109597768
3009604,0.0
3009605,615.9796249441222
3009606,7.375520255753809
3009607,1128.3184566987793
3009608,711.9256649763065
3009609,290.48113572730557
3009610,125.58849524065863
3009611,100.80669717178476
3009612,3760.1570097791923
3009613,18.787029148533986
3009614,1.560387109097804
3009615,33.285422839012575
3009616,27.66508369473932
3009617,0.0002912643333384933
3009618,259.9808138168327
3009619,12.197603484089342
3009620,15.024591719817469
3009621,9.43314363151918
3009622,79.12358170335075
3009623,5.99270279506469
3009624,296.37824524629315
3009625,295.5004170553792
3009626,6.235361547480844
3009627,8.048590734370915
3009628,242.1702452573325
3009629,73.78174791582381
3009630,2223.293850416414
3009631,0.29998619368161283
3009632,4.6323262218880155
3009633,10.116034198142406
3009634,0.0
3009635,6.954780976970841
3009636,5963.564891513097
3009637,0.0
3009638,414.7784735117189
3009639,4.476590681106361
3009640,1541.6812708708214
3009641,359.4590285901285
3009642,301.9111903132713
3009643,94.0546172201882
3009644,39.05451654421557
3009645,4666.769509417035
3009646,12.822417620020557
3009647,1.0611543483575612
3009648,25.546523061447402
3009649,13.47734438263047
3009650,0.14092535238818352
3009651,325.8138591514603
3009652,0.00498621214320889
3009653,0.008707703555294741
3009654,4.280450818383944
3009655,30.15950063947352
3009656,1.2927259355517515
3009657,64.85077212690555
3009658,258.5631034437499
3009659,0.010052759018623843
3009660,2.112237347670138
3009661,73.2589344936353
3009662,114.43742401944444
3009663,888.3184884067681
3009664,0.0
3009665,2.101421684393559
3009666,10.515804305946494
3009667,0.0013893924183655175
3009668,9.651584661004337
3009669,4442.649971977079
3009670,0.0
3009671,675.1298795140889
3009672,10.83890496470797
3009673,1355.1208659266883
3009674,1291.3284155753965
3009675,425.61327892764274
3009676,247.32027442637383
3009677,183.37705824419638
3009678,5850.708293114701
3009679,50.95610169501262
3009680,0.9731270752057501
3009681,32.83457978505755
3009682,52.84096731867933
3009683,0.012867918995623756
3009684,372.0054092030032
3009685,36.29624850780295
3009686,23.387804798541048
3009687,16.30419761553777
3009688,88.7724412169566
3009689,9.6333541182701
3009690,531.7107601096772
3009691,433.3336698788482
3009692,13.29505769417734
3009693,24.070749797772674
3009694,685.8720082957085
3009695,121.02290699892544
3009696,3187.894665226857
3009697,0.0
3009698,52.157925777972935
3009699,5.185969212876168
3009700,0.0
3009701,8.641880726106447
3009702,3746.132886834521
3009703,0.03857773166624428
3009704,630.8287400740119
3009705,10.136958426243329
3009706,833.6535619305436
3009707,1226.5658147968625
3009708,171.10941622869927
3009709,258.86660932267944
3009710,184.82993858569037
3009711,3293.710638320815
3009712,30.515440333599194
3009713,2.468075341360858
3009714,29.608904344809073
3009715,32.94650850518749
3009716,0.6519426652949241
3009717,238.3911867706
3009718,17.61037878869778
3009719,32.50515741750652
3009720,11.009461091433984
3009721,162.84900509847034
3009722,14.729745335693417
3009723,412.4061318973361
3009724,226.70351300739878
3009725,7.233079977648567
3009726,14.091565888695733
3009727,563.7962463542793
3009728,117.380087562734
3009729,4588.184708427791
3009730,0.4134124889677069
3009731,32.91503204159719
3009732,5.472456210789429
3009733,0.8398719813032562
3009734,15.697332626581261
3009735,5394.475947066272
3009736,0.0
3009737,858.9467465774277
3009738,15.905177410882633
3009739,1297.2437961644268
3009740,1624.1937741798515
3009741,348.2901102978415
3009742,416.2180837811965
3009743,169.3677343339364
3009744,5235.755363659091
3009745,43.97539388493911
3009746,2.4323915727759737
3009747,43.22603882195596
3009748,49.46375571176333
3009749,0.017156355370523225
3009750,404.5537559130488
3009751,36.77584566786665
3009752,39.16532506197357
3009753,22.926572294851688
3009754,113.82206766107085
3009755,20.034598532707566
3009756,441.72363460639014
3009757,428.579105966046
3009758,26.590958219444918
3009759,24.39154739084186
3009760,679.9489444857196
3009761,178.69305757714568
3009762,5321.138841955092
3009763,0.6246912646886482
3009764,37.24293523197341
3009765,17.469878079997507
3009766,0.32270963206208314
3009767,12.75284889231532
3009768,4362.6718437433
3009769,0.0008547269557409044
3009770,640.2465663202848
3009771,14.600016631648804
3009772,1821.5481063847806
3009773,955.1543467055379
3009774,680.8253350625305
3009775,242.3661164696766
3009776,108.08446847619557
3009777,7801.517884981255
3009778,15.2617500123472
3009779,1.405050713292987
3009780,55.43095736138396
3009781,61.9619225218468
3009782,0.04287460518358948
3009783,497.4160489549292
3009784,11.704857685339755
3009785,5.880970375422228
3009786,13.383161760239158
3009787,52.7867921952298
3009788,5.798716152293707
3009789,417.25934052126485
3009790,569.6533262424053
3009791,9.311413648918405
3009792,10.659939975751644
3009793,475.83615450999645
3009794,138.12881470926263
3009795,2014.5354817205257
3009796,163.26698731778214
3009797,20.142618298449765
3009798,4.160383227016038
3009799,0.0226949443022844
3009800,4.577235843556637
3009801,2227.5057117225865
3009802,0.02293376448564141
3009803,378.7611914151804
3009804,8.400000984898915
3009805,725.9908093532904
3009806,747.0820458148002
3009807,152.01164352123607
3009808,158.53490304922212
3009809,118.77682216394584
3009810,2681.8424629614324
3009811,17.267922474885157
3009812,1.3629820370454189
3009813,22.750295346700263
3009814,31.620031690394754
3009815,0.04170592478683687
3009816,195.05030910955406
3009817,12.804793394382939
3009818,14.597590627912279
3009819,5.6587343122192575
3009820,86.23550500287152
3009821,5.37414581638257
3009822,280.242602340361
3009823,187.83998699401357
3009824,4.068083368889439
3009825,9.197725011467169
3009826,322.19618975347095
3009827,66.04289939436921
3009828,2509.024358873667
3009829,0.016866085923086967
3009830,23.051911820630803
3009831,1.3167201494187237
3009832,0.0
3009833,1.957382107296361
3009834,1208.9213359927687
3009835,0.0
3009836,99.60974296419317
3009837,2.3618568024410864
3009838,655.5153119054196
3009839,281.81446027849086
3009840,231.61713829740626
3009841,80.20224484419133
3009842,30.267500103318817
3009843,2494.074877779887
3009844,2.9312853893937896
3009845,0.2794160673732512
3009846,6.85031528336833
3009847,6.639491726939957
3009848,0.10660804789566948
3009849,162.29157503050592
3009850,2.917908910864865
3009851,0.0
3009852,1.0226238596791455
3009853,6.415490233501729
3009854,0.3200733970521973
3009855,186.00536442512308
3009856,158.2130277119225
3009857,0.6354670972745713
3009858,2.310641976898533
3009859,109.7343767396761
3009860,22.969196064245292
3009861,216.29050196367024
3009862,5.94669245052717
3009863,2.0693968871316093
3009864,4.855623088082269
3009865,0.12326483294624202
3009866,3.3052847268168097
3009867,4040.349016090927
3009868,0.0011817993148556965
3009869,888.5578748756044
3009870,9.329189923605812
3009871,1706.6321847910044
3009872,592.8903179598427
3009873,487.7202657077072
3009874,299.09044861933666
3009875,58.19375173141416
3009876,7072.528919209475
3009877,15.773812888481746
3009878,0.47413488944189874
3009879,17.81484075636868
3009880,14.894101088759266
3009881,0.04352662364903964
3009882,486.5299786448366
3009883,4.994317553160388
3009884,1.4164056694103717
3009885,6.817022318807233
3009886,23.532482428997042
3009887,1.710710183876019
3009888,600.6163878886443
3009889,357.6246987250291
3009890,1.1931975759798523
3009891,13.265925281598706
3009892,320.8387581832307
3009893,85.54671926389048
3009894,1305.7323820682882
3009895,22.308637367228783
3009896,6.55972590097779
3009897,4.099521366215603
3009898,0.0012096487383887965
3009899,1.6306836442581196
3009900,1530.3423306977004
3009901,6.172555179706878e-05
3009902,207.59484392554378
3009903,9.492337855891236
3009904,730.8172766153552
3009905,375.9477792056538
3009906,188.05812146331272
3009907,49.1247513482132
3009908,28.282434370607007
3009909,2726.7669068464556
3009910,5.3313774661944136
3009911,0.2534183614166842
3009912,12.757249185897715
3009913,18.488536162309636
3009914,0.036746173168511
3009915,171.66981321128338
3009916,5.10371978533503
3009917,0.0
3009918,6.063971331699519
3009919,21.258762597654034
3009920,1.3131025368203186
3009921,142.48029577806344
3009922,168.34813122359566
3009923,1.1721015836371325
3009924,6.045804533960547
3009925,143.6220078141778
3009926,29.325353208175606
3009927,302.1489672686519
3009928,11.85299808906852
3009929,1.8491960705409953
3009930,3.4675339434010013
3009931,0.0
3009932,2.5733058118966032
3009933,1494.6806301458264
3009934,0.0
3009935,132.0436777556651
3009936,4.766006684450807
3009937,725.3578587401706
3009938,258.6101713238692
3009939,159.67479172059024
3009940,66.28152716377839
3009941,26.2474021699952
3009942,2691.0909599276006
3009943,7.458483133770102
3009944,0.13610709910463997
3009945,10.907292305407525
3009946,9.225324784036236
3009947,0.0003545842676268982
3009948,136.71668403470076
3009949,0.9385829998374509
3009950,0.0
3009951,1.6044286651522581
3009952,25.84750595859278
3009953,0.7192282024137224
3009954,171.70049986408952
3009955,199.34119629011627
3009956,0.38276542963396276
3009957,4.022163445658914
3009958,69.50553919910946
3009959,19.11457385601895
3009960,192.13140296504545
3009961,6.8764647270149695
3009962,0.8739250922407535
3009963,3.0442908069028656
3009964,0.002626610389019532
3009965,1.4306563257774823
3009966,1489.9189362688007
3009967,0.0014770626044873837
3009968,176.86518716397399
3009969,6.824466131654832
3009970,949.5812275102746
3009971,379.04520153743715
3009972,253.43441527883988
3009973,41.207712545411184
3009974,27.585539408633753
3009975,3041.862851059109
3009976,3.251183386133645
3009977,0.06449141327046629
3009978,5.365772803276115
3009979,20.424402170948042
3009980,0.014056595209621789
3009981,205.98556520607954
3009982,0.5383931323906093
3009983,0.001318263268997559
3009984,2.4619540529611017
3009985,7.233834030118958
3009986,2.184046348099063
3009987,201.39675170977074
3009988,260.2981132730537
3009989,0.7441576409472235
3009990,5.123160984865943
3009991,54.49904809703416
3009992,96.26430178754929
3009993,376.7443088047818
3009994,6.756558635294301
3009995,3.3437130439544287
3009996,3.0539620820699964
3009997,0.8026067253584572
3009998,4.195143745347713
3009999,1720.5799463477565
3010000,0.016162064737517474
3010001,158.62719170548598
3010002,3.1263890283946907
3010003,869.7963997784027
3010004,364.80805766931417
3010005,281.35820552744724
3010006,133.16180451051096
3010007,54.58185851666991
3010008,2966.5281321543644
3010009,5.8829354380080945
3010010,0.9235979056114065
3010011,11.600954505701665
3010012,15.572030373650598
3010013,0.05002700327381278
3010014,224.93619374763293
3010015,6.420876730218838
3010016,0.021515679405667544
3010017,3.791316043319072
3010018,12.799453511667288
3010019,1.2567457430215296
3010020,147.82392289954046
3010021,193.7396020930036
3010022,0.7854059479181892
3010023,4.764996448831351
3010024,114.9485981134917
3010025,36.41395621898381
3010026,672.0523755869765
3010027,11.402735264052158
3010028,3.3702146079724002
3010029,3.60696571517661
3010030,0.17346093645911725
3010031,0.4814475230749845
3010032,1397.2345629946544
3010033,0.0
3010034,157.82448504817364
3010035,4.161838135607981
3010036,825.0409428463047
3010037,241.46444501565907
3010038,152.2090689511609
3010039,214.70752626873067
3010040,21.542621981788876
3010041,2029.6140321804025
3010042,4.582372794821868
3010043,0.05334419994437285
3010044,10.457221157850187
3010045,12.049409769821121
3010046,0.029642644632617877
3010047,155.16573450311142
3010048,0.0
3010049,0.0
3010050,2.097356510854791
3010051,17.362120933061124
3010052,0.8267322429531363
3010053,53.01712453803493
3010054,124.28811682565569
3010055,0.5595226023906705
3010056,2.1739701916903345
3010057,56.698075276481795
3010058,37.04667450063874
3010059,523.4748824201112
3010060,0.0
3010061,0.7829731520174814
3010062,6.341100492196485
3010063,0.2329866933572454
3010064,2.9490829830429472
3010065,2770.1869561199073
3010066,0.0
3010067,313.0440281138092
3010068,3.8345909437590713
3010069,1100.8500730600492
3010070,666.8864770513318
3010071,445.5407616901941
3010072,264.0789554551502
3010073,87.89860872675749
3010074,4333.959443330059
3010075,11.440973848613996
3010076,0.8089293136223017
3010077,20.071977091038253
3010078,18.588115044538352
3010079,0.0002382386965752804
3010080,283.8955139935531
3010081,0.02354462547450748
3010082,0.0
3010083,6.873738812058897
3010084,22.021730978244477
3010085,3.5634126708675478
3010086,258.9898382178177
3010087,270.14606338783267
3010088,1.8838420005043526
3010089,7.6551259489997285
3010090,325.2756034696513
3010091,49.76018280034282
3010092,1254.8982723644028
3010093,34.42217631875699
3010094,8.494169281237243
3010095,2.3599420347078026
3010096,0.7557188517231486
3010097,4.5783295283388945
3010098,1800.8253893806436
3010099,0.0
3010100,498.1284003428546
3010101,5.827035336738709
3010102,546.5360394352156
3010103,504.7495164239562
3010104,174.882774934137
3010105,199.15518345985063
3010106,39.63937459973014
3010107,2541.1285864699685
3010108,8.36849411239601
3010109,0.7483112840225503
3010110,14.02482855735586
3010111,15.688521027026582
3010112,0.0
3010113,164.78648363538687
3010114,5.19845457667306
3010115,0.7227497653135899
3010116,5.231237445987869
3010117,33.34691188347278
3010118,1.6842882601306322
3010119,74.61714866716301
3010120,151.39625126570644
3010121,2.4879515645597925
3010122,5.518021763895099
3010123,134.36295093673323
3010124,42.36572795198631
3010125,1508.9613748622376
3010126,35.93807912904163
3010127,10.085977583619878
3010128,5.459157806966847
3010129,0.33751015146492985
3010130,2.405746425217181
3010131,2512.295652710462
3010132,0.005582515112592774
3010133,177.2677946607058
3010134,5.013874840678096
3010135,926.0798134789572
3010136,315.6216795358943
3010137,298.27800278067
3010138,85.94430504620884
3010139,39.83203743388282
3010140,3330.805208744083
3010141,9.548562624723578
3010142,0.9137038062240237
3010143,10.63888025990053
3010144,11.829503221391636
3010145,0.1342473993891332
3010146,184.99709877406684
3010147,6.311380102614169
3010148,0.004369467592045951
3010149,3.6562834344555446
3010150,19.659874482355622
3010151,2.6695711546615906
3010152,137.05001258450466
3010153,177.26670362746057
3010154,1.0253873441588741
3010155,4.737095441077539
3010156,82.77226142803327
3010157,24.08642707225035
3010158,451.78108978084845
3010159,8.552445743966885
3010160,4.245177359552887
3010161,5.109354178480782
3010162,0.002688798449377816
3010163,7.125220467673913
3010164,2259.2351164006163
3010165,0.001539179363978259
3010166,576.6801514318157
3010167,7.838762446188797
3010168,697.3097951614373
3010169,696.3473625821233
3010170,203.9994807129825
3010171,149.48671230863218
3010172,74.03538660164867
3010173,3102.1832866487393
3010174,24.814849972598214
3010175,0.9975206823066787
3010176,13.975542896296576
3010177,24.62447959015219
3010178,0.01006520784071604
3010179,213.4143500821107
3010180,13.883773671312849
3010181,10.93702473429455
3010182,6.002604320393919
3010183,48.451178900573574
3010184,10.162641997755102
3010185,342.62831826833246
3010186,222.92570681758792
3010187,6.732267055467858
3010188,6.342802179899554
3010189,373.04992098745123
3010190,103.39769031974886
3010191,1878.3242737889007
3010192,0.0
3010193,28.891870891657238
3010194,5.72455699958746
3010195,0.10422877381046225
3010196,3.85612973620486
3010197,3365.768757487457
3010198,0.0
3010199,402.22907344505836
3010200,4.284017354545754
3010201,1007.0547055709004
3010202,630.6382746320813
3010203,507.9266212719721
3010204,112.34314421961433
3010205,51.08473296927182
3010206,4820.954587485659
3010207,8.552231117085714
3010208,0.373009792685793
3010209,12.83535809551452
3010210,11.314453672286579
3010211,0.0
3010212,286.77058729958617
3010213,0.5394790498200353
3010214,3.730754121080291
3010215,3.1056356481206873
3010216,20.805109869466186
3010217,1.0308293822515493
3010218,258.17381436413785
3010219,307.1095065542511
3010220,0.9129858983970953
3010221,4.9838561086466076
3010222,249.19639483177792
3010223,50.170819046649164
3010224,819.4032952849745
3010225,65.67902919031185
3010226,8.683179747935272
3010227,7.262277840350562
3010228,0.2334196244223087
3010229,3.8531366265355613
3010230,3119.9039683931933
3010231,0.0
3010232,406.10092745091555
3010233,4.778480781941657
3010234,1108.5827670556296
3010235,498.9199983529118
3010236,273.8819798429532
3010237,368.68776291934057
3010238,59.34893007129409
3010239,3771.522487887083
3010240,10.89271840343979
3010241,0.346192827503349
3010242,28.891645186381105
3010243,26.5025398573349
3010244,0.06658763545484038
3010245,295.2221533052547
3010246,2.644081034998898
3010247,1.6517615431027681
3010248,5.399213434715551
3010249,51.88749953416058
3010250,1.7717095234178801
3010251,95.43601446319255
3010252,262.724275156996
3010253,2.1664972588255345
3010254,5.599875004849617
3010255,128.04740543826992
3010256,130.41690416215775
3010257,1132.6587000164452
3010258,0.004500240361419976
3010259,3.614012993836237
3010260,3.1412118975237036
3010261,0.020053416152945907
3010262,2.2334854990774486
3010263,1838.387953891763
3010264,0.0
3010265,138.7744314147462
3010266,4.474667176961031
3010267,614.4980529128471
3010268,303.13853521169716
3010269,145.63210496370655
3010270,61.172132101398034
3010271,38.48878198382423
3010272,2370.5102542673585
3010273,4.731963114959155
3010274,0.5729692847006003
3010275,18.992344485189786
3010276,15.84635937618398
3010277,0.0
3010278,165.00927835227318
3010279,0.40019159808796384
3010280,0.0
3010281,3.8796809095945024
3010282,35.894382353381054
3010283,2.218731136729611
3010284,111.15247217862601
3010285,162.20520626950878
3010286,0.6276589511116977
3010287,4.345272154087199
3010288,132.30509070380546
3010289,26.6257535961399
3010290,462.03181967784457
3010291,12.825140552977047
3010292,1.3343356121660697
3010293,1.345294473936184
3010294,0.0017080146741923611
3010295,3.4336579038223523
3010296,1253.9886620917289
3010297,0.17377132518929658
3010298,261.2964320947263
3010299,5.763530485052252
3010300,485.02579759972633
3010301,438.9874741135237
3010302,125.93075855774786
3010303,41.29316030102203
3010304,51.3936065706094
3010305,1900.8322225767336
3010306,20.240310669680156
3010307,0.32994092242584266
3010308,9.164842019521695
3010309,14.727771743751351
3010310,0.20490837192757785
3010311,121.21913140794504
3010312,11.060192121570108
3010313,1.0895341633195326
3010314,3.2948913391039465
3010315,34.477748354584385
3010316,3.5096565628817284
3010317,483.0146060033559
3010318,132.9680483167875
3010319,3.2094586825616336
3010320,4.543737868190765
3010321,293.98404786410964
3010322,23.600666697693494
3010323,1122.405387674519
3010324,0.0
3010325,4.27219389637723
3010326,2.1085337483186426
3010327,0.005706232091238011
3010328,4.320495743317379
3010329,2990.569237425433
3010330,0.003167136731743894
3010331,694.0256855289202
3010332,12.751499184910259
3010333,912.1797740570795
3010334,1217.513568566358
3010335,261.86698409171544
3010336,223.49554444286292
3010337,130.72780001266437
3010338,3742.9839649217342
3010339,31.77904199022585
3010340,0.7076770505800534
3010341,16.934896385779552
3010342,26.091964247217998
3010343,0.011452521799620674
3010344,241.0369718899409
3010345,5.655469204874255
3010346,25.0246908890302
3010347,8.74227241213248
3010348,56.51038772690447
3010349,12.336360606374885
3010350,350.99297093387923
3010351,252.56247894959546
3010352,15.580921688691515
3010353,8.208122295896642
3010354,463.03742281680877
3010355,110.72906704889682
3010356,3287.324410753045
3010357,0.0
3010358,20.948984163650486
3010359,2.3660325121842103
3010360,0.005318621711197236
3010361,3.459523942939189
3010362,1733.389426548855
3010363,0.0
3010364,364.81084004364277
3010365,5.353368643893694
3010366,352.9570031693849
3010367,496.8690898198603
3010368,122.49253165296213
3010369,102.68657467529404
3010370,61.8275744609611
3010371,1575.5508612660126
3010372,16.706455799349612
3010373,0.6966964267878184
3010374,13.905831058302788
3010375,12.727668553491332
3010376,0.002622616622175379
3010377,83.32265059923706
3010378,0.0
3010379,12.285923177857565
3010380,3.2594173399998896
3010381,108.36980266398287
3010382,8.880279978721747
3010383,153.42306054934227
3010384,88.42034697402958
3010385,4.0444462253185165
3010386,4.695813185252396
3010387,145.8156749024257
3010388,28.019784786155565
3010389,1309.6205611406772
3010390,0.5901652300209581
3010391,3.6428153573740314
3010392,2.562211347035536
3010393,0.0
3010394,0.21257451802933724
3010395,676.2580506634664
3010396,0.0
3010397,201.5358966097726
3010398,2.9947363830618556
3010399,267.95114948875977
3010400,232.29914040890756
3010401,81.76333332081583
3010402,27.300643050932358
3010403,23.415618442240966
3010404,1124.1173141726556
3010405,3.056309044680277
3010406,0.34881397780738643
3010407,7.860292031839261
3010408,5.196749153472196
3010409,0.1430228566471231
3010410,67.32493873377784
3010411,0.0
3010412,1.0497505433043388
3010413,0.2763152444897568
3010414,11.662699882339657
3010415,0.14338032778486995
3010416,202.79993052724623
3010417,88.92916151329761
3010418,1.786958402008516
3010419,0.6907090479568565
3010420,110.81137624696588
3010421,17.16758388751985
3010422,368.8395425316562
3010423,0.3266191170025936
3010424,1.2502367396797274
3010425,4.94138795250716
3010426,0.3800360650138162
3010427,3.258369830384723
3010428,2829.276348084768
3010429,0.11382764175555793
3010430,616.8691396898521
3010431,11.161689149087266
3010432,823.0752105423585
3010433,990.4459479037041
3010434,273.9338583085837
3010435,245.29616001941346
3010436,85.67833721592375
3010437,3690.992370135159
3010438,30.646199821606842
3010439,2.2399016346275666
3010440,15.906321750159034
3010441,23.562563928506005
3010442,0.05345360942541945
3010443,227.9395072445999
3010444,4.416274501558156
3010445,22.754444333222455
3010446,7.390110347337815
3010447,76.20997515434321
3010448,3.004338011045193
3010449,279.7261837564109
3010450,248.3080116307489
3010451,9.040764805909918
3010452,7.72457045384748
3010453,368.30339260307795
3010454,75.26745964373761
3010455,2312.2465315698278
3010456,0.6929265336283177
3010457,14.771661626825738
3010458,4.74762208821418
3010459,0.0
3010460,2.205576945484105
3010461,3032.160174978213
3010462,0.0
3010463,572.9231021451786
3010464,8.483554605111632
3010465,927.9684689125925
3010466,747.8113137344401
3010467,296.71352329509057
3010468,301.8421020702973
3010469,41.776057185719615
3010470,4350.031422902669
3010471,12.912486447290362
3010472,0.3170667793976893
3010473,26.0977521918309
3010474,14.610831218251084
3010475,0.5036828496040198
3010476,235.11756923277065
3010477,0.0
3010478,3.8913456436371288
3010479,4.011105835929376
3010480,22.782320157276327
3010481,0.6473472735371295
3010482,170.20635463900467
3010483,256.234205592301
3010484,3.2555900611859956
3010485,2.8877305653381016
3010486,170.59104791202094
3010487,72.51623322798423
3010488,1397.4925346137302
3010489,1.4508365733206134
3010490,3.1637488761588983
3010491,4.477917895249368
3010492,0.21476432363053063
3010493,2.37146841013646
3010494,2786.2200576540486
3010495,0.0
3010496,688.190737006802
3010497,8.014568866751777
3010498,812.1937223061435
3010499,667.9496344913916
3010500,268.09586029877204
3010501,362.91479121074894
3010502,52.04585094497869
3010503,3768.2765623886507
3010504,13.397237418295944
3010505,0.9443709741314192
3010506,24.623499079329925
3010507,14.549153806900877
3010508,0.0
3010509,234.72097975212483
3010510,0.0
3010511,3.284932219642852
3010512,4.488580433453907
3010513,40.032106215139734
3010514,1.071419000664597
3010515,111.90506196808157
3010516,214.98143959656957
3010517,1.0425654244951699
3010518,3.736066523743604
3010519,162.6039535769001
3010520,63.55344057749484
3010521,1082.242451117417
3010522,0.7946891687376898
3010523,4.1811521498201945
3010524,7.205894150109396
3010525,0.12529725803198338
3010526,13.353305878013416
3010527,7151.176731617179
3010528,0.004526474328621081
3010529,1090.2225779439177
3010530,23.56066411250088
3010531,1592.3901049726976
3010532,1799.4143725395459
3010533,313.61155186208737
3010534,423.0305714493737
3010535,261.1368509865507
3010536,7169.475100848489
3010537,77.36194728035144
3010538,2.3070036547032475
3010539,43.26212750535362
3010540,49.57835231315967
3010541,0.04386880697306664
3010542,445.5247082591416
3010543,32.63010307177394
3010544,32.12607408025919
3010545,18.369111774398206
3010546,142.12561894296238
3010547,23.2805898872084
3010548,610.2851928267655
3010549,463.3108942160998
3010550,14.415699334432945
3010551,21.375585597787918
3010552,1019.9624083448933
3010553,214.66115908697407
3010554,6684.791243420336
3010555,0.7819761037545441
3010556,72.81678737790905
3010557,2.40440609895604
3010558,0.23622202460262165
3010559,0.22973999985659568
3010560,1735.1830317555466
3010561,0.0
3010562,152.6019104783575
3010563,3.466361897565494
3010564,537.550008945413
3010565,264.06238329982426
3010566,112.8162057018386
3010567,181.4545267705411
3010568,33.976926097357975
3010569,2186.7942402571316
3010570,5.31622732583742
3010571,0.2567658336262006
3010572,10.977738245242815
3010573,6.788207065852081
3010574,0.018183002386789025
3010575,118.11740330955388
3010576,0.38429837001226796
3010577,0.0
3010578,1.895800577582261
3010579,20.09722745636949
3010580,0.6622140454042256
3010581,49.310505641777596
3010582,86.6716192242171
3010583,1.4557841360651338
3010584,3.7275347756256094
3010585,93.14983585293783
3010586,21.28514875502913
3010587,550.4114242859432
3010588,0.011493759772061378
3010589,3.7177064975812657
3010590,6.431277564009643
3010591,0.019877553198856694
3010592,1.0459476328841908
3010593,3448.8740445082335
3010594,0.0
3010595,551.5603789336848
3010596,6.620085352094083
3010597,984.2680790795059
3010598,597.7965741501681
3010599,203.31201099505654
3010600,388.0324649844947
3010601,58.19914425552177
3010602,4029.635600459232
3010603,11.608211174808991
3010604,0.4081660944618966
3010605,16.110572955400286
3010606,17.246511461732755
3010607,0.0035432934353967134
3010608,250.77248674495203
3010609,0.49499900178445294
3010610,4.2603032580111275
3010611,6.245201925604144
3010612,12.952689119791629
3010613,0.8871033849121794
3010614,306.0582560265625
3010615,228.35919437111465
3010616,3.16951544267454
3010617,4.347724348364026
3010618,105.40234657814155
3010619,56.65834628255336
3010620,1126.8524370112882
3010621,0.9039951298322819
3010622,4.342454157343965
3010623,0.8350575694367139
3010624,0.0
3010625,0.5574708340231562
3010626,1020.1209154858467
3010627,0.0
3010628,121.20644360033526
3010629,2.444325469893094
3010630,518.680431290678
3010631,162.13878515416573
3010632,83.67048322775602
3010633,342.5167511221405
3010634,13.737878852093598
3010635,1856.3075587088547
3010636,1.2888461033106866
3010637,0.21145132496343708
3010638,5.818425860259766
3010639,3.418107826463178
3010640,0.11861756625936107
3010641,81.52180137287598
3010642,0.0
3010643,0.0
3010644,0.5093169530413229
3010645,18.35637290927026
3010646,0.21431412087790594
3010647,64.27765298730297
3010648,69.33630746579675
3010649,0.49579855666635325
3010650,1.1099388632563376
3010651,48.17499880184033
3010652,9.634724847676434
3010653,194.45816603695818
3010654,0.0
3010655,1.2726847191037458
3010656,5.656295608533223
3010657,0.0
3010658,1.9653033455545694
3010659,2223.5011308820194
3010660,0.0
3010661,237.78823469106896
3010662,5.264431349688841
3010663,969.3851553531604
3010664,387.6754329799887
3010665,167.07421216254716
3010666,358.61743798893315
3010667,34.825408875674015
3010668,2929.2589863467883
3010669,2.424544010338379
3010670,0.2690886876795621
3010671,25.428365089940886
3010672,14.160752014349228
3010673,0.04827998180963778
3010674,205.23475922337954
3010675,0.0006878560766244219
3010676,0.0
3010677,9.986364019667075
3010678,17.196830193415042
3010679,1.0668507013208623
3010680,222.91578258783858
3010681,210.33627805504753
3010682,1.6394626879211964
3010683,2.9577924077790887
3010684,173.26467354787397
3010685,28.40704856655473
3010686,1200.519314925541
3010687,0.0
3010688,0.5686210572140151
3010689,3.0173792307687792
3010690,0.2730860600729997
3010691,0.9475247626960621
3010692,2445.4458589136584
3010693,0.008403079669219713
3010694,668.3995038152341
3010695,7.874979612234004
3010696,914.3583277364277
3010697,591.7458949799235
3010698,210.28254344282624
3010699,161.18632066762945
3010700,54.395145674641476
3010701,4060.4221630571183
3010702,6.804052055905189
3010703,2.487388806663294
3010704,17.55507827563215
3010705,36.31753030938192
3010706,0.030821021821621764
3010707,202.51153250619382
3010708,1.4317824333235363
3010709,3.447907978415955
3010710,2.94189739640903
3010711,14.789237575884197
3010712,1.9245891450351027
3010713,174.79211164843989
3010714,271.4567283970776
3010715,2.986124008016199
3010716,5.190114897008572
3010717,132.45337400115642
3010718,31.106419317634554
3010719,644.8873031894732
3010720,2.7714262171813715
3010721,2.1368807104829552
3010722,3.025060777768693
3010723,0.0
3010724,0.4284131839693724
3010725,1365.3569314487434
3010726,0.0
3010727,98.81780423442426
3010728,1.2871847032304058
3010729,433.27259869837127
3010730,156.0251079108552
3010731,94.26181883406609
3010732,219.90636031284313
3010733,26.01219853711637
3010734,1870.625330996443
3010735,3.9198452057138926
3010736,0.4064938475961164
3010737,7.902406387225627
3010738,3.830601940359797
3010739,0.17794983347839782
3010740,91.45488975034877
3010741,0.0
3010742,0.0
3010743,0.22869751925826773
3010744,22.307254261676707
3010745,0.6014403532166426
3010746,172.42179479418425
3010747,76.78570439056843
3010748,0.693910564874469
3010749,0.7207621015881749
3010750,39.01757932186936
3010751,16.883350215400387
3010752,305.3489422581659
3010753,0.0
3010754,0.9318282227474604
3010755,3.5203254875565833
3010756,0.0
3010757,0.5633480896113927
3010758,3142.3821973216905
3010759,0.0
3010760,566.3099328378711
3010761,7.745079799013068
3010762,705.8535052604958
3010763,534.6688310718455
3010764,176.90950059714658
3010765,164.15129697179896
3010766,52.82548653770946
3010767,3597.073410422315
3010768,6.2853779588196215
3010769,0.2868279576068654
3010770,18.320124152505787
3010771,8.230974215642833
3010772,0.005531558385867846
3010773,196.23069477903402
3010774,0.0
3010775,11.925341735185919
3010776,2.992700229076159
3010777,30.69712292030298
3010778,1.1688237639440384
3010779,202.75169654723214
3010780,187.79409662061482
3010781,3.11266164888635
3010782,2.729583670769044
3010783,112.71522169851566
3010784,38.4580729950222
3010785,1225.8597982269491
3010786,0.6727731107105652
3010787,0.6957013855248046
3010788,3.2182778623412114
3010789,0.012052148170193799
3010790,8.23346413028946
3010791,2383.3188958348255
3010792,0.010891793664633003
3010793,521.6586206792892
3010794,5.118407049408604
3010795,813.1231254811355
3010796,846.865325699861
3010797,152.34172534757414
3010798,124.39245414175447
3010799,96.91946027171896
3010800,3330.714680053388
3010801,40.00529552685285
3010802,1.2544767523944214
3010803,23.882042149425743
3010804,23.60717608986769
3010805,0.03606744927908823
3010806,219.53410833136886
3010807,19.18734975427853
3010808,16.527899321350677
3010809,1.172330520669758
3010810,74.84759015679641
3010811,9.75145521557626
3010812,205.58213060726106
3010813,275.4863243866126
3010814,10.469275927613245
3010815,13.555506896189373
3010816,232.1063164377011
3010817,69.28331477983308
3010818,2195.6061209923328
3010819,0.023973357299530137
3010820,11.383808156750215
3010821,4.4606661504287
3010822,0.000501699412568279
3010823,6.2339447170909565
3010824,1622.218490101771
3010825,0.0
3010826,415.30273941370206
3010827,9.787031759345554
3010828,736.9885461886341
3010829,666.0198157873127
3010830,132.65083082506519
3010831,75.30447517269643
3010832,85.1054492428734
3010833,2934.363842759643
3010834,17.111069389676814
3010835,0.5821648388967262
3010836,36.58522134615462
3010837,24.247563736762338
3010838,0.003990911693765519
3010839,262.3128337600486
3010840,17.57215218884333
3010841,8.351995218392252
3010842,7.105423955329714
3010843,57.19893312649393
3010844,8.64326238510887
3010845,158.88366419354887
3010846,307.99372558091164
3010847,7.149388563553693
3010848,7.906726472732979
3010849,106.2232332230305
3010850,64.8776735990294
3010851,1647.7100841530525
3010852,9.966988254971362
3010853,12.55636868927415
3010854,6.093612868947363
3010855,0.19239835549150924
3010856,2.3009679355331585
3010857,3100.5538925167166
3010858,0.00022211206471524613
3010859,655.3834315154361
3010860,4.096801109997745
3010861,1332.256495469304
3010862,631.494945468111
3010863,185.97005605243186
3010864,820.0603125650521
3010865,53.287647867537466
3010866,4836.532511825489
3010867,33.17335911092163
3010868,0.9741247741271686
3010869,20.631864894342108
3010870,13.696776277394317
3010871,0.013938499744479443
3010872,336.5934279159428
3010873,3.594835432051916
3010874,10.090255802853079
3010875,6.222161446945116
3010876,41.45601330426721
3010877,4.356328477356115
3010878,156.3433384355441
3010879,286.0403444740244
3010880,5.2912795361367175
3010881,6.292779176844536
3010882,187.4328941284739
3010883,46.75809761933886
3010884,1545.5631136358586
3010885,11.696319082327644
3010886,12.157843575006577
3010887,3.0072998217394256
3010888,0.03516396324152781
3010889,5.422721974435204
3010890,1932.3876091926297
3010891,0.0
3010892,310.36452993990804
3010893,4.812261101701357
3010894,640.8223729788425
3010895,606.4799030486693
3010896,155.6127156052266
3010897,120.80576960530189
3010898,61.64638045239528
3010899,2561.54137674665
3010900,18.622901480418893
3010901,0.8553590880051003
3010902,12.253683036447972
3010903,7.37177836303214
3010904,0.11944288714463513
3010905,170.56313059190637
3010906,12.773454951025363
3010907,12.352704980242374
3010908,1.27965709447607
3010909,50.11055645685303
3010910,6.27318219138906
3010911,322.39771800665955
3010912,199.66134736559462
3010913,5.644084523194649
3010914,6.5421091698112015
3010915,312.24418322435787
3010916,44.72700395063758
3010917,1733.7635684349827
3010918,0.11331394749014403
3010919,18.98973127632151
3010920,2.37165034866737
3010921,0.009678962327571986
3010922,1.9219427802432851
3010923,4809.217109939742
3010924,0.007129837060152742
3010925,458.5009617802499
3010926,6.330619307883389
3010927,1811.934108270517
3010928,656.5327859132394
3010929,271.3419958731438
3010930,220.38784890929773
3010931,55.54540757384831
3010932,5624.353768752562
3010933,6.6080797654072265
3010934,1.5322014809754272
3010935,24.695996722587953
3010936,20.87159633339766
3010937,0.04004217219007984
3010938,377.72309127049874
3010939,0.021006504882576764
3010940,0.14875898401040286
3010941,7.808366006071992
3010942,17.727028181027123
3010943,1.924617703025333
3010944,131.87785417403396
3010945,308.8319279462727
3010946,2.7117632226691457
3010947,8.83817024221401
3010948,157.12285872079661
3010949,60.54660137443619
3010950,1255.6526724129872
3010951,0.00465615596002091
3010952,4.463525314893208
3010953,5.617910699873298
3010954,0.0017303197650174174
3010955,8.411476852266317
3010956,1851.0905191730608
3010957,0.0
3010958,448.0866803027517
3010959,6.9276291791012055
3010960,785.5800455691034
3010961,653.26149836557
3010962,178.2333446371714
3010963,127.44737875181454
3010964,77.98894358510547
3010965,3012.925100930944
3010966,29.02207522506227
3010967,1.0703902601734123
3010968,23.456128538442762
3010969,21.601899843671198
3010970,0.02604419027867401
3010971,226.9010756278282
3010972,12.167593614272905
3010973,8.993669603571718
3010974,5.531028717032864
3010975,39.10572418819697
3010976,9.419135887980202
3010977,179.14581446731196
3010978,252.17485253599165
3010979,12.180367978798591
3010980,7.778686525805799
3010981,177.9762614471683
3010982,51.65467447946713
3010983,1751.3679159575852
3010984,0.32145475780887883
3010985,5.616650577716138
3010986,2.91203294348211
3010987,0.0
3010988,5.692321680530639
3010989,2005.092536143612
3010990,0.0
3010991,425.0321055395708
3010992,5.844484186567181
3010993,623.9297113343673
3010994,731.6304042809663
3010995,148.79529262095716
3010996,116.21012477900165
3010997,82.43480155061624
3010998,2572.0255597018067
3010999,24.56095095122185
3011000,0.604391786176893
3011001,26.635413599742023
3011002,23.768558621601937
3011003,0.001954166310888913
3011004,194.86658553026257
3011005,8.49578616438224
3011006,24.908216219531703
3011007,4.169286127195529
3011008,44.34593020291451
3011009,8.756974961110215
3011010,196.9487881094197
3011011,212.74501102386353
3011012,6.988153947200532
3011013,8.13084086610222
3011014,192.91155674719354
3011015,44.19190431432127
3011016,2005.1013110440977
3011017,0.372295821499632
3011018,11.20447170655901
3011019,4.487560917919962
3011020,0.007757562964893974
3011021,4.610386607796087
3011022,4927.416084493307
3011023,0.0
3011024,585.8276665582663
3011025,11.529543598739696
3011026,1180.7432823907548
3011027,763.5391352774095
3011028,282.65770755185935
3011029,332.9886632053082
3011030,61.33170056308566
3011031,4781.73468583605
3011032,10.920740485741295
3011033,0.14988035752312454
3011034,17.322166320242847
3011035,19.31364060157537
3011036,0.11412067905137822
3011037,263.0201765477783
3011038,0.001792636584438758
3011039,4.597550400136939
3011040,0.8191436315909433
3011041,53.14147916970417
3011042,2.7547264768911877
3011043,216.3845397541301
3011044,291.40162326871325
3011045,2.9064723133423076
3011046,1.6792920954547124
3011047,190.78833610399178
3011048,129.98181679479168
3011049,1185.2637967620574
3011050,1.8868929718476632
3011051,0.4381994875937206
3011052,12.638008095550958
3011053,0.003058520188120011
3011054,12.127880352089363
3011055,7127.4029593733185
3011056,0.0019084772033333228
3011057,1318.6553407732408
3011058,19.095468105790342
3011059,1858.0075652131297
3011060,1897.599041939166
3011061,456.77048128168394
3011062,499.6267579796158
3011063,285.62381030833683
3011064,7688.727954245364
3011065,70.6878087671548
3011066,3.3689992813609733
3011067,88.67304556921466
3011068,98.0448272434986
3011069,0.0593512299295294
3011070,519.6983036651554
3011071,20.957083348525856
3011072,16.379781342140312
3011073,52.58542591725059
3011074,189.6298927407514
3011075,22.535667471577344
3011076,641.2076512157305
3011077,471.50774794651846
3011078,27.434442106280002
3011079,29.998124476674253
3011080,900.7535595084546
3011081,280.1006879623029
3011082,7365.168763742088
3011083,311.8719526088649
3011084,80.87249993245263
3011085,11.855450428111656
3011086,0.0006488491076966994
3011087,11.128003305969758
3011088,7272.233865455813
3011089,0.0008825210769884998
3011090,1015.9822081486589
3011091,17.19099771386096
3011092,2016.646370125086
3011093,1807.9368126321979
3011094,591.5373999342067
3011095,322.8631379255112
3011096,223.79472074634262
3011097,9054.06343387734
3011098,86.05093082356207
3011099,1.167305086766298
3011100,48.813690986686694
3011101,74.34513703175143
3011102,0.5335428472483839
3011103,544.2427404682385
3011104,15.730772868874062
3011105,21.591329812139783
3011106,8.61591860254208
3011107,127.23833327435776
3011108,17.409911761824873
3011109,838.5159911143112
3011110,625.9592680108949
3011111,17.291549084480703
3011112,25.789504201188677
3011113,1080.5617151562076
3011114,201.22590139336435
3011115,4989.128175408834
3011116,420.1601027165102
3011117,78.7487482814447
3011118,10.44404643931137
3011119,0.0
3011120,17.60949846444285
3011121,4317.282959913463
3011122,0.01322139998290463
3011123,737.005312161246
3011124,9.207189113208996
3011125,1685.0567644769171
3011126,1257.6376898954024
3011127,609.8629853154898
3011128,120.51244213190779
3011129,189.619198445641
3011130,7512.891099306165
3011131,37.2474096187474
3011132,2.42860914324009
3011133,32.28579342075433
3011134,21.86116886492931
3011135,0.3998016067452091
3011136,483.6320820823813
3011137,19.020655831957605
3011138,15.594940917326
3011139,8.89217345921967
3011140,85.19682338595534
3011141,10.186222781396582
3011142,855.6338559599835
3011143,604.6448569884348
3011144,15.585156377117958
3011145,31.70386397931985
3011146,597.578735967516
3011147,118.99905435651097
3011148,2117.5140957414596
3011149,247.20467005411942
3011150,34.677910991577725
3011151,12.37773799469762
3011152,0.0
3011153,18.98321749576057
3011154,6830.126407992737
3011155,0.0
3011156,1023.0005941557724
3011157,15.117652356086854
3011158,1825.1269159050726
3011159,1733.9702050232972
3011160,526.9787662418246
3011161,308.92233678462696
3011162,177.71704968614068
3011163,8935.199682868912
3011164,36.16784291054157
3011165,0.8870298994349979
3011166,60.21881677835073
3011167,59.64510924752137
3011168,0.4932793784857432
3011169,522.0468126343849
3011170,19.068120743658355
3011171,22.051549482425898
3011172,16.12974877162305
3011173,142.22514685938773
3011174,12.808350432897988
3011175,689.9396452358918
3011176,605.5285189967883
3011177,16.51870159149056
3011178,22.07892869689658
3011179,1034.4046375072346
3011180,227.67335757990267
3011181,4348.390079397088
3011182,337.1214230378587
3011183,60.444654602144894
3011184,8.999938085937725
3011185,0.0
3011186,16.08496275561825
3011187,3398.3088613649415
3011188,0.0
3011189,718.028159454371
3011190,11.669180845550443
3011191,1599.6190660199818
3011192,1009.6129551130215
3011193,491.2080808621542
3011194,88.2139221953595
3011195,125.22898668469705
3011196,6629.92577324861
3011197,30.88598079476481
3011198,0.2294728470462626
3011199,26.431775221741486
3011200,21.43630803772436
3011201,0.06714811548998663
3011202,453.2626055846226
3011203,19.525136436786568
3011204,7.741943497125304
3011205,2.301720120756644
3011206,67.61976274455805
3011207,4.514152517750458
3011208,664.3418432878758
3011209,552.6462542094373
3011210,14.970284509410584
3011211,17.876253648266893
3011212,646.5076697546838
3011213,76.76047319984461
3011214,1441.7220286078768
3011215,251.0933749167154
3011216,16.618844916943445
3011217,9.888009737156944
3011218,0.00430765228062074
3011219,11.308857492842534
3011220,5918.754596770697
3011221,0.0031561771205709573
3011222,1076.9573439152173
3011223,17.60944240106574
3011224,1660.139152942036
3011225,1877.504474479805
3011226,382.62832635719514
3011227,423.39500656136244
3011228,260.3682655992168
3011229,7168.480837547228
3011230,71.28270057517436
3011231,1.1291738867839771
3011232,44.4313767848685
3011233,52.03812649479027
3011234,0.4033170739921667
3011235,440.9627382317551
3011236,14.21208960398614
3011237,20.068978682145826
3011238,7.344041761805052
3011239,164.98935009590215
3011240,19.066108125195264
3011241,733.4692194168655
3011242,519.0891969612537
3011243,16.105663081692864
3011244,27.336769145594456
3011245,924.4701939701018
3011246,203.93223720293898
3011247,6870.279583728807
3011248,228.0151780782251
3011249,74.53248172667222
3011250,5.328218577281853
3011251,0.19378873805277028
3011252,6.165204483695402
3011253,1712.8542865182728
3011254,0.008038696061509514
3011255,363.0361095506428
3011256,20.596412201707714
3011257,764.4821305709205
3011258,565.3595700130595
3011259,204.33064142717745
3011260,79.21261538383591
3011261,73.06883834649202
3011262,2756.8805209112707
3011263,20.872095176223027
3011264,0.8982492283236214
3011265,23.34887459622395
3011266,20.099636099534827
3011267,0.026845938897799473
3011268,188.72396987684664
3011269,9.618692951214005
3011270,5.069601478308065
3011271,10.59648162411697
3011272,37.63433903977906
3011273,8.174523518529883
3011274,248.14193856369874
3011275,223.50150651343677
3011276,3.0902294988469734
3011277,6.471181519839315
3011278,198.15553331158588
3011279,60.238461068129595
3011280,1332.4091695840061
3011281,0.48542968793761876
3011282,7.738173465426984
3011283,7.542105598578637
3011284,0.0010587335554955784
3011285,12.441838479720762
3011286,3515.736553060127
3011287,0.0012925012411879775
3011288,517.8589769574575
3011289,24.976717488629415
3011290,1285.6665192293672
3011291,979.0703621042593
3011292,402.6516726653708
3011293,96.67287947312899
3011294,106.79807082973426
3011295,5747.070349597596
3011296,61.80665297208418
3011297,1.203630526429535
3011298,41.78402605018
3011299,30.682235086391806
3011300,0.03774383920597818
3011301,338.34249500848404
3011302,10.58344807211278
3011303,6.370288275564745
3011304,2.702603432981806
3011305,90.15532825409066
3011306,9.992601198885074
3011307,466.1842980910106
3011308,476.34206200845665
3011309,10.156696936557365
3011310,20.104515205989884
3011311,356.6637352502596
3011312,75.52591926839096
3011313,1833.5400910560652
3011314,239.30382822870214
3011315,13.227118196789268
3011316,5.668588089352354
3011317,0.004071452156517072
3011318,4.62109999414407
3011319,3754.154210609808
3011320,0.0029202478084790124
3011321,810.370815453381
3011322,7.85914049707022
3011323,1241.6105168057775
3011324,1348.1472977396484
3011325,229.06638252449088
3011326,325.38638267328287
3011327,180.5163755904911
3011328,4505.4567105060505
3011329,49.60601621700561
3011330,1.4049894211409484
3011331,25.14668649436669
3011332,29.236178133315388
3011333,0.0907926635950922
3011334,278.14017955819986
3011335,2.3087870431112156
3011336,32.07581600493867
3011337,3.936459202907404
3011338,87.36582930372771
3011339,10.253900249446975
3011340,509.9473244938865
3011341,269.26838362785617
3011342,17.053476956140038
3011343,9.963671142450718
3011344,618.5135308678017
3011345,113.37994418519175
3011346,4100.3975119742545
3011347,0.7293101111852645
3011348,39.160161636043924
3011349,7.6952874207729565
3011350,0.0
3011351,7.8331747842422885
3011352,3885.90934435948
3011353,0.0
3011354,773.707411281133
3011355,9.31407202830735
3011356,1295.152390041431
3011357,1091.966676240251
3011358,300.26195914657603
3011359,199.1186973393121
3011360,231.37562572092074
3011361,5174.276782024944
3011362,34.27369121987156
3011363,2.3564890988179386
3011364,45.45771100236529
3011365,40.57769999095161
3011366,0.05829945682622758
3011367,299.95439449403136
3011368,7.211852907820388
3011369,35.69082214999807
3011370,8.940245812138505
3011371,168.2749024226183
3011372,9.6016864798061
3011373,377.2601012626306
3011374,292.3497436534922
3011375,11.701070052744997
3011376,23.2370297089162
3011377,406.5071328943921
3011378,122.70941774232696
3011379,3732.3427003598667
3011380,4.352445753956391
3011381,7.262705936499939
3011382,6.183127592912758
3011383,0.0
3011384,4.1342501028924215
3011385,1716.1953584739783
3011386,0.0
3011387,409.22390464894977
3011388,4.954126526712902
3011389,737.1428192711052
3011390,437.49158598488077
3011391,182.34695321486257
3011392,78.5981070745872
3011393,73.70274434399845
3011394,2491.486104481456
3011395,11.655195129432384
3011396,0.9423569836357162
3011397,21.4498103582401
3011398,17.821264764597597
3011399,0.0
3011400,169.35140635219662
3011401,5.412273768839723
3011402,7.851368199849375
3011403,5.079899114239425
3011404,40.76889819986719
3011405,3.4096791742143484
3011406,212.27773568549335
3011407,184.3028723716281
3011408,3.559917613096988
3011409,4.86357024013934
3011410,152.89210989783479
3011411,49.08981190663761
3011412,1482.1952783517108
3011413,0.22837670982742095
3011414,3.5197142008640014
3011415,4.875997927140808
3011416,0.0
3011417,6.803347016893673
3011418,3592.179056641375
3011419,0.0
3011420,250.26893815670618
3011421,2.7386786543196777
3011422,1024.1861373125155
3011423,254.689234224311
3011424,204.69706942465453
3011425,76.99343414870877
3011426,23.016331028289162
3011427,3401.3336837672086
3011428,9.379019105089716
3011429,0.6143208928167594
3011430,19.267268005336607
3011431,8.877934304891953
3011432,0.12728725259500595
3011433,196.7383030184685
3011434,0.0
3011435,0.0
3011436,2.7924013352364576
3011437,24.64231344576987
3011438,0.8464572585808905
3011439,47.07716820457989
3011440,169.5321207603252
3011441,0.0071848956095527765
3011442,1.489317994443884
3011443,53.346715396664266
3011444,92.35210203703407
3011445,566.3592656169387
3011446,0.0
3011447,1.4288913855934076
3011448,4.985256636936302
3011449,0.002128832371027553
3011450,5.721068872181326
3011451,2678.7312695523888
3011452,0.0
3011453,497.0547086241872
3011454,7.709075645265026
3011455,988.9832860157034
3011456,843.5061763962154
3011457,293.95212816549594
3011458,157.73086525787147
3011459,109.56385210882664
3011460,4108.765700280145
3011461,30.670827455067826
3011462,0.6076869070471607
3011463,20.395976884153793
3011464,37.35551696479627
3011465,0.004890152033921949
3011466,264.44947190944305
3011467,14.214174885150419
3011468,11.844785838445196
3011469,11.951293759504289
3011470,44.010122523748144
3011471,5.047501665372939
3011472,379.8534179176781
3011473,319.22934014462226
3011474,6.815170239993497
3011475,12.870957922880566
3011476,445.86113613751047
3011477,78.18988549055341
3011478,2043.4553218621986
3011479,0.0
3011480,32.337143788368316
3011481,4.649003783179527
3011482,0.01642511934659414
3011483,7.623364340009145
3011484,3905.814180349076
3011485,0.06956864235867001
3011486,699.1201579720134
3011487,13.698737993967255
3011488,1109.2507775490556
3011489,1339.282553031335
3011490,195.8442604299292
3011491,302.7227818693992
3011492,187.3398355328702
3011493,3767.5320996288638
3011494,41.938296775636935
3011495,2.406108207476041
3011496,36.703467186176056
3011497,51.845321526184314
3011498,0.6312619071706898
3011499,253.71206169869725
3011500,13.764773096873963
3011501,29.97997374905184
3011502,8.361438543930232
3011503,110.02258159601104
3011504,16.07452785699253
3011505,479.34785264939245
3011506,278.212132063024
3011507,6.608043813733517
3011508,13.080305599140553
3011509,642.8215132827704
3011510,139.1126773763017
3011511,4971.248916707835
3011512,0.42257600021022135
3011513,42.92355413169422
3011514,3.1381284067198045
3011515,0.6069640355116039
3011516,9.433590065515832
3011517,3623.41224708267
3011518,0.004405125533631469
3011519,730.3079032302879
3011520,13.862129205750648
3011521,1043.3095251502432
3011522,1246.5571594100293
3011523,248.83812384203185
3011524,281.3797428511788
3011525,142.67532060322455
3011526,3976.8760775211545
3011527,32.45967500537022
3011528,1.2133969202734027
3011529,31.770939402651898
3011530,38.887057222601165
3011531,0.039143583365062434
3011532,293.55485132466004
3011533,19.57508732994522
3011534,26.26838891475768
3011535,19.58201667115974
3011536,97.38992251692461
3011537,15.776351327268237
3011538,369.7857574464333
3011539,307.3833978506938
3011540,14.73159241409161
3011541,16.552228740972406
3011542,515.2474080847431
3011543,133.11025442167275
3011544,3611.544648194686
3011545,0.3237853941634313
3011546,30.676235334332443
3011547,9.919976314063115
3011548,0.22313001030765203
3011549,7.246238926714474
3011550,3268.7442110230504
3011551,0.00012598243413417822
3011552,486.3352366258177
3011553,9.27782948042576
3011554,1375.7413643080924
3011555,739.9436464697421
3011556,470.7221472194384
3011557,257.11117095579175
3011558,77.65153334305704
3011559,5829.1369871982715
3011560,8.181167381727628
3011561,0.8268096282497903
3011562,44.471461234642035
3011563,39.64749340538978
3011564,0.005722409772726418
3011565,374.5707930003474
3011566,5.7568643457013025
3011567,3.549409971477359
3011568,7.338143452281194
3011569,31.16746262202087
3011570,3.727333684601911
3011571,312.44183360473795
3011572,406.95910539086043
3011573,5.332781845799597
3011574,5.400009270883386
3011575,315.5947568581122
3011576,100.02624143764675
3011577,1325.1081467273386
3011578,125.12754195243048
3011579,13.495490067270373
3011580,3.9136173483582724
3011581,0.007317742108960869
3011582,3.0561292151319854
3011583,2110.390671724018
3011584,0.006785523826555571
3011585,344.3809220356626
3011586,9.655061970249237
3011587,690.904945380692
3011588,624.8686118922707
3011589,128.21444084553974
3011590,124.45440528221974
3011591,106.60434812947429
3011592,2498.6776785035
3011593,18.431568641382484
3011594,1.3100920902631814
3011595,23.15810318480567
3011596,30.157640802654793
3011597,0.023383279863582917
3011598,182.68854053940777
3011599,11.313804241195866
3011600,16.339151627798483
3011601,6.210159457202217
3011602,83.71158253718635
3011603,4.97206851854836
3011604,254.7473630126165
3011605,174.07177522221525
3011606,4.008297049619822
3011607,9.098410708775365
3011608,284.96834698306236
3011609,56.07620148232185
3011610,2110.417248699054
3011611,0.0019071446831535849
3011612,24.00619704709577
3011613,1.148779711080791
3011614,0.0
3011615,1.8267003890520437
3011616,1376.640777577355
3011617,0.0
3011618,107.968023182048
3011619,2.8835609902123798
3011620,641.4402751934558
3011621,281.0419530555642
3011622,212.77330740433047
3011623,41.38808578940465
3011624,29.002036304649693
3011625,2486.5422951878945
3011626,3.4297601450453357
3011627,0.2839674888813996
3011628,6.1524321305597
3011629,7.199271467225925
3011630,0.1070398528139386
3011631,155.5651108113555
3011632,3.3533850390093614
3011633,0.0021871969517342988
3011634,0.9277513680006559
3011635,8.145511563881378
3011636,0.30291478793967586
3011637,184.42343952372255
3011638,153.87329907293477
3011639,0.6216528940212418
3011640,2.4400318580026092
3011641,119.25202318233102
3011642,20.69293835047941
3011643,329.3670761400995
3011644,7.443645276585716
3011645,2.278549367006585
3011646,5.856716210130777
3011647,0.17924982360234692
3011648,4.045145592948437
3011649,4147.2660017279895
3011650,0.0016741478413174243
3011651,1146.4791374778854
3011652,11.401969001819259
3011653,1651.9710628842427
3011654,626.3446019539878
3011655,487.61866757553366
3011656,303.62455606054334
3011657,69.86604642843504
3011658,6985.869773596583
3011659,18.60805515991586
3011660,0.5067300435359885
3011661,23.288029115402715
3011662,12.999127943259698
3011663,0.027260280748889684
3011664,447.5635317145546
3011665,5.885386525862679
3011666,2.6160051193637313
3011667,7.6601686407267735
3011668,24.832660559964406
3011669,1.6577201284842267
3011670,656.8413521389466
3011671,356.0887598158231
3011672,1.530194521029375
3011673,12.270093566268205
3011674,473.16410856589647
3011675,107.45172317042496
3011676,2242.05496614969
3011677,19.038496632159223
3011678,6.161398136208817
3011679,4.190091350648725
3011680,0.0009138130655577613
3011681,0.8918026573628062
3011682,1455.4005208495837
3011683,0.0
3011684,165.66070525566985
3011685,9.762361681985913
3011686,702.9473179416899
3011687,359.4900893687134
3011688,172.41719741609893
3011689,30.675213990533695
3011690,29.919083470765283
3011691,2522.357603177256
3011692,5.608225350734428
3011693,0.2802170070288288
3011694,12.677869797063844
3011695,16.47282395437142
3011696,0.019801045795312566
3011697,155.6829279842427
3011698,5.267762442351279
3011699,0.006193107830116193
3011700,6.719793389114512
3011701,27.033469095593166
3011702,1.289262746387514
3011703,161.9367095176681
3011704,172.74811692542576
3011705,1.1415092035768772
3011706,5.214699952177417
3011707,158.4827432796301
3011708,33.80727757561746
3011709,426.2458089734984
3011710,10.747962988489059
3011711,2.236130347583344
3011712,3.4436809120669096
3011713,0.0
3011714,3.268509011470403
3011715,1308.90866924714
3011716,0.0
3011717,134.75521996630638
3011718,4.5019360645181665
3011719,680.9139737231607
3011720,250.74300974733947
3011721,152.13434473833263
3011722,36.61855387631233
3011723,24.535520137206667
3011724,2546.5571025515983
3011725,8.000694865366942
3011726,0.1331506424666634
3011727,10.898849525550567
3011728,6.831884970169925
3011729,0.0
3011730,129.83510130752427
3011731,0.8539485471739228
3011732,0.0036284352133480417
3011733,1.5357291618504836
3011734,23.481609185536673
3011735,0.7169278861777382
3011736,175.40989663387083
3011737,168.19020981763381
3011738,0.44924171766791804
3011739,3.9907076301472992
3011740,86.59872247106327
3011741,18.983977470211112
3011742,262.7318117983449
3011743,9.150445562462975
3011744,0.9615654281274697
3011745,2.863458014060825
3011746,0.0
3011747,1.4877490946200584
3011748,1622.924313843466
3011749,0.0
3011750,181.62580844143068
3011751,7.225128168966368
3011752,855.7151584949645
3011753,363.7964248948656
3011754,247.46689890460254
3011755,30.320739573375462
3011756,36.833743106294165
3011757,3058.6479831257993
3011758,2.9913321275181093
3011759,0.05886238776602501
3011760,4.98369967422559
3011761,14.377299756898918
3011762,0.0074498121869620675
3011763,163.12959124704858
3011764,0.6351261259356971
3011765,0.001199367102553533
3011766,2.1864133443049356
3011767,13.244577359253007
3011768,2.067785634426656
3011769,176.26200807544518
3011770,239.98227493319675
3011771,0.6830389517359983
3011772,4.756657531846882
3011773,59.8422005397922
3011774,90.74894265263265
3011775,502.73452274390473
3011776,6.505509844310504
3011777,3.56705987333385
3011778,3.291403603293989
3011779,0.7773329827628703
3011780,2.9754240723641763
3011781,1574.168168951853
3011782,0.0032753279847346946
3011783,158.13009937604824
3011784,3.0451086261462326
3011785,782.6224923694939
3011786,339.1880672326734
3011787,247.787713336031
3011788,86.84188302681781
3011789,56.68226114102894
3011790,2653.3834381126735
3011791,5.004520883193728
3011792,0.8381561053955664
3011793,9.92826329255788
3011794,17.087897838237144
3011795,0.03602526276101055
3011796,201.3361421072031
3011797,6.358250617956379
3011798,0.011334548729898995
3011799,3.0108894380950364
3011800,14.12012078057882
3011801,1.3317367964054379
3011802,134.61160143849267
3011803,174.67338930675376
3011804,0.7084580369095308
3011805,4.251052937811351
3011806,116.29294898603368
3011807,46.28000625002703
3011808,1088.6747598404024
3011809,13.39076995891862
3011810,4.051597055458919
3011811,3.4052470936059223
3011812,0.1646694105641682
3011813,0.4348814632778622
3011814,1346.2322276872244
3011815,0.0
3011816,162.36694293671712
3011817,3.6663412620268305
3011818,760.4312804880742
3011819,231.4165878790866
3011820,153.68636814083965
3011821,99.26399291268017
3011822,23.131215156611837
3011823,1923.0250034007352
3011824,3.8235832111453467
3011825,0.053754539649335686
3011826,9.599672280435927
3011827,12.221072681971448
3011828,0.028255772539943113
3011829,135.71845972882633
3011830,0.002195567468929685
3011831,0.0003794431338040257
3011832,2.067423859560576
3011833,17.364867750412053
3011834,0.8174708351332742
3011835,47.9913031346948
3011836,115.6123716857301
3011837,0.7541942867972444
3011838,2.070023383846143
3011839,59.404155970541794
3011840,32.97492998372085
3011841,913.7244526117137
3011842,0.0
3011843,0.7641229829160563
3011844,5.2163959958092985
3011845,0.27612416401437995
3011846,2.9023700023983103
3011847,2735.362234471369
3011848,0.0
3011849,298.67623221286834
3011850,4.336214044198431
3011851,1001.2693123375416
3011852,639.07424712756
3011853,424.70920020604996
3011854,167.53794951655593
3011855,99.53729484712315
3011856,4127.999798613118
3011857,12.364745070113411
3011858,0.8859627200652036
3011859,20.028479461532175
3011860,18.230596394999438
3011861,0.00033079305427721837
3011862,252.3806565689715
3011863,0.020851089814147548
3011864,0.0007430272632447129
3011865,4.93101869136958
3011866,23.224320386536956
3011867,3.13501176848185
3011868,261.3721567887078
3011869,240.80743193456598
3011870,1.8848842803628427
3011871,6.239439472195945
3011872,314.4496866900222
3011873,53.09790876998116
3011874,2247.703501489047
3011875,24.617985643496368
3011876,11.293526332850472
3011877,2.58305530503275
3011878,0.8241161758784319
3011879,3.7762881905927443
3011880,1950.5342488112474
3011881,0.0
3011882,548.2915214548552
3011883,6.906159271735991
3011884,555.0147793728564
3011885,555.1058051467213
3011886,176.92193567147632
3011887,140.6507957498781
3011888,45.83356064577864
3011889,2820.738426618491
3011890,9.56890175056959
3011891,0.7189000108440569
3011892,14.032325834247038
3011893,18.89664439899079
3011894,0.0
3011895,157.76504288253219
3011896,4.611759778051216
3011897,3.001753367951414
3011898,6.101397842217264
3011899,43.79405319357649
3011900,1.7312055196515908
3011901,86.43430205598318
3011902,139.3920420284167
3011903,2.6294815803404954
3011904,5.921214341155964
3011905,153.40148431443458
3011906,54.5361351089972
3011907,3189.2735770945537
3011908,41.86397123637804
3011909,12.505276684328209
3011910,4.228736027613321
3011911,0.30706651177547456
3011912,3.0054391738421726
3011913,2411.6205567993525
3011914,0.0
3011915,174.89539755879758
3011916,6.2070251968058345
3011917,846.9535150162503
3011918,314.7649875423555
3011919,295.1856184658464
3011920,57.007244326537354
3011921,31.696451875721152
3011922,3173.4639034204215
3011923,6.88650531018406
3011924,0.8744573194906724
3011925,10.667473767648874
3011926,11.631949860764417
3011927,0.18992900113524855
3011928,177.86540700623235
3011929,5.573504771240216
3011930,0.005879135400353009
3011931,3.267790094583864
3011932,25.05329450329967
3011933,2.7274885942432934
3011934,136.39870693609424
3011935,158.95776434422015
3011936,0.9402243550335165
3011937,4.095533893282507
3011938,88.46058497386957
3011939,23.948015046040243
3011940,572.9623985605302
3011941,10.765526367222686
3011942,4.406821441221383
3011943,4.188073489873063
3011944,0.0
3011945,7.726577616256419
3011946,2174.7504184537675
3011947,0.0
3011948,564.2636034059775
3011949,8.757678237442352
3011950,658.290116673566
3011951,690.5129377195478
3011952,193.15612918768582
3011953,136.0792210619308
3011954,82.14735601306519
3011955,3077.4671879836783
3011956,20.965750543479828
3011957,1.001659157775347
3011958,16.37440785366045
3011959,24.74248567038392
3011960,0.004327010013355995
3011961,197.3709556116849
3011962,15.214873582413066
3011963,11.799274789392586
3011964,3.8122519514120112
3011965,66.78268117395773
3011966,8.818042670628746
3011967,367.8011196406169
3011968,206.43481421014343
3011969,7.615140847444874
3011970,6.377957637014741
3011971,368.80966195547785
3011972,92.5126274821652
3011973,1819.390162119161
3011974,0.0
3011975,27.209216879402923
3011976,6.088091787326171
3011977,0.14766852063181785
3011978,3.94138714659291
3011979,3642.6853819839453
3011980,0.0
3011981,414.1039766014988
3011982,4.867285185785165
3011983,958.335379717842
3011984,615.6169790906087
3011985,569.0308581364577
3011986,78.45147043981659
3011987,64.22746443422896
3011988,4665.00164152109
3011989,9.492206768351055
3011990,0.38226591077873395
3011991,12.651821198154352
3011992,11.30418506817518
3011993,0.0
3011994,268.8411051482073
3011995,0.6979743906262417
3011996,9.46104192526819
3011997,4.201461622292419
3011998,26.84304333611371
3011999,1.1116003956319487
3012000,273.32150280780183
3012001,305.6361560241049
3012002,2.3616153513131777
3012003,5.094249078545487
3012004,236.54662234117296
3012005,54.91116779789103
3012006,1440.3915584697388
3012007,63.64823486506462
3012008,8.762054894397252
3012009,8.044850268445831
3012010,0.21611463134209802
3012011,3.8822207537906346
3012012,3257.9013866417363
3012013,0.0
3012014,421.5097611198095
3012015,5.793760632511668
3012016,1071.3118453060445
3012017,555.8765940440668
3012018,303.6899017083135
3012019,237.4326010326261
3012020,69.64185398816414
3012021,3898.237763707574
3012022,12.131092882870977
3012023,0.3423871002536079
3012024,37.08100187731388
3012025,27.197807958086933
3012026,0.06948881234172405
3012027,276.32701218756534
3012028,2.7511645079417204
3012029,3.7673205262302805
3012030,6.063887676971151
3012031,69.7821705652847
3012032,1.863076967393849
3012033,108.76199536040508
3012034,241.68687639749209
3012035,2.1501920508000856
3012036,6.871312907812813
3012037,154.08184736712766
3012038,129.14886516931395
3012039,2247.2105994450053
3012040,0.022792503546167023
3012041,4.332262776363429
3012042,3.459210355214055
3012043,0.017604893408309542
3012044,2.2227957608169855
3012045,1736.1535576194567
3012046,0.0
3012047,122.67427513436131
3012048,4.677748259038042
3012049,558.097772676951
3012050,278.8107447668527
3012051,137.38018686664552
3012052,53.76790808243294
3012053,42.019781558740384
3012054,2237.910224381645
3012055,6.0647240493118995
3012056,0.5784039738841042
3012057,25.341856466405066
3012058,18.110749231199286
3012059,0.0
3012060,159.88613719291342
3012061,0.3988432400120149
3012062,0.0018507196281617472
3012063,3.7706924127990895
3012064,38.72040804385545
3012065,2.2130351492713496
3012066,100.98298482906601
3012067,127.12987852671944
3012068,0.7924290639365719
3012069,4.695838997562226
3012070,138.7802461538566
3012071,26.74656414642514
3012072,634.9283721126266
3012073,7.657675058877043
3012074,1.423733974122075
3012075,1.3646263088926553
3012076,0.0
3012077,2.3691379154189396
3012078,1279.4748031947806
3012079,0.17083570516405394
3012080,250.08488325361844
3012081,7.04293724130685
3012082,465.3890687850183
3012083,442.5487192679939
3012084,109.21640080405409
3012085,44.14158861050868
3012086,54.03970693807102
3012087,1863.6270070195455
3012088,21.02737903007672
3012089,0.33734460941826644
3012090,10.177419083505589
3012091,11.624782722491654
3012092,0.1880917189439802
3012093,112.6475678810593
3012094,11.35712476977174
3012095,1.2628859023583083
3012096,3.133688398874755
3012097,41.67512314376418
3012098,3.7033058111181987
3012099,671.2839415750796
3012100,132.13034488715775
3012101,3.076407448378178
3012102,4.317430130552888
3012103,335.36513419075715
3012104,26.413150423925995
3012105,1036.6548325396047
3012106,0.0
3012107,5.469896521951176
3012108,2.0836382048729556
3012109,0.001310152122651315
3012110,4.2515059399006745
3012111,2993.672214374478
3012112,0.0
3012113,649.7386015370878
3012114,12.38379856347922
3012115,989.7674882052174
3012116,1158.3626195811896
3012117,252.9931964178027
3012118,209.97437114703268
3012119,135.31838282334354
3012120,3629.9530061347186
3012121,30.691934718087033
3012122,0.6817963088932624
3012123,18.15135622785626
3012124,26.750952137443623
3012125,0.00647971015284209
3012126,229.41956403890978
3012127,6.887417458779373
3012128,27.3773037719883
3012129,7.913521603836111
3012130,70.8488683966812
3012131,10.554257935251021
3012132,348.54439406644076
3012133,251.9394804586681
3012134,15.905352896508777
3012135,7.531353931237639
3012136,456.4678415965342
3012137,100.85088707008867
3012138,3053.5158325363154
3012139,0.0
3012140,21.855630693772866
3012141,2.592586430779598
3012142,0.0007363770698655841
3012143,3.317402751274245
3012144,1646.0740254578996
3012145,0.0
3012146,349.8475936994107
3012147,5.511764001925362
3012148,343.1568708663922
3012149,509.1547416595841
3012150,122.45566728099216
3012151,97.58757049651099
3012152,68.2313481843875
3012153,1502.5936192071165
3012154,16.851054642109467
3012155,0.790087966636317
3012156,16.816735911769477
3012157,12.636790740271781
3012158,0.013233957870685452
3012159,80.3690223714695
3012160,0.0
3012161,15.792455554970768
3012162,3.22390282233387
3012163,161.93614626529157
3012164,8.912961454188759
3012165,158.65320388412252
3012166,99.14918666994909
3012167,3.721251647502905
3012168,4.654486654979344
3012169,152.27519172579102
3012170,29.163928652707593
3012171,1225.1849116216622
3012172,0.5512345081531869
3012173,3.485236019236936
3012174,2.5461080457165335
3012175,0.0
3012176,0.21139085556339895
3012177,717.0894401936438
3012178,0.0
3012179,202.25392909267484
3012180,3.610888265665582
3012181,261.7174902956004
3012182,202.94507895636482
3012183,71.91120446001766
3012184,27.863515565557968
3012185,21.612846374018627
3012186,1057.8800778436075
3012187,3.418786135201664
3012188,0.3522061213666341
3012189,7.040207302318855
3012190,6.6774196528896015
3012191,0.1411599921727106
3012192,59.93703379333019
3012193,0.006350423079028915
3012194,2.683841551804189
3012195,0.28339434371176186
3012196,17.537889732976847
3012197,0.18491585598256266
3012198,174.78008584487338
3012199,106.40164909940536
3012200,1.83756133349245
3012201,0.9479239537254729
3012202,109.34386924213527
3012203,19.300411348161035
3012204,352.0073742078216
3012205,0.34805229685682765
3012206,1.2934701463338714
3012207,5.095792994392424
3012208,0.3463796223275
3012209,1.5950687019443381
3012210,2550.8880613625743
3012211,0.12181667193799989
3012212,552.5331488816456
3012213,12.367486721814974
3012214,729.4934669616617
3012215,855.1061188352592
3012216,244.82110510098462
3012217,205.72854625862283
3012218,83.34887189497609
3012219,3308.27781755136
3012220,27.687036254366657
3012221,2.4924702285282603
3012222,16.41700815230511
3012223,22.793387502125295
3012224,0.03994906136420676
3012225,189.6599677409766
3012226,4.696430539815319
3012227,24.893482362772644
3012228,8.473533316201808
3012229,83.85031782981912
3012230,2.92935072206225
3012231,230.29719009184188
3012232,205.89970378206644
3012233,7.93231031100628
3012234,7.473833473465957
3012235,326.5672589013128
3012236,66.32281751284665
3012237,2035.6476062106753
3012238,0.8040927969956788
3012239,13.40784007097318
3012240,4.535779630388723
3012241,0.009018955169028037
3012242,3.0589158197159776
3012243,3209.9263204579433
3012244,0.00786207832928862
3012245,610.1867362633324
3012246,10.372145287977025
3012247,1084.8360021545536
3012248,867.0900690751797
3012249,328.5036041976693
3012250,258.67859285549906
3012251,64.53232390894878
3012252,4638.023405243047
3012253,16.015414229907485
3012254,0.35980990084413733
3012255,28.17611418834866
3012256,12.944258070474383
3012257,0.49927469224907806
3012258,255.1077902892403
3012259,0.012116279609297204
3012260,6.107814359110417
3012261,3.688192285930665
3012262,35.463410926862714
3012263,0.7903395178082606
3012264,205.03822463567408
3012265,296.640806195795
3012266,3.2748391272289323
3012267,3.24711769260678
3012268,187.86059173885113
3012269,82.47602894012046
3012270,2994.7669151560253
3012271,1.4337751317334422
3012272,4.025507123569807
3012273,4.679667781874309
3012274,0.2762123461313288
3012275,3.1502926642904905
3012276,3306.917536621586
3012277,0.0
3012278,767.2893773488258
3012279,11.500824571441132
3012280,939.3626858490356
3012281,653.9013204550702
3012282,270.83522186515086
3012283,216.92847543978755
3012284,56.65487590945586
3012285,3855.499670774318
3012286,17.029889986866845
3012287,0.9661093541845627
3012288,26.335326911776708
3012289,15.576527458253395
3012290,0.0009931026755945862
3012291,235.81126969512135
3012292,0.004149110571423541
3012293,6.330547110973875
3012294,3.9435885740495857
3012295,47.44625934953931
3012296,1.1466819587745145
3012297,116.31530147447369
3012298,212.10877715606426
3012299,2.493417147115703
3012300,3.61175233373642
3012301,177.66989001921303
3012302,67.2251550065185
3012303,2335.273265567621
3012304,0.9177336931284084
3012305,4.4829924139178505
3012306,8.496951358260764
3012307,0.08317671192692896
3012308,13.820287362457027
3012309,6793.799605660794
3012310,0.0
3012311,1038.3313952325266
3012312,26.355915605075758
3012313,1590.9195649708427
3012314,1720.259572551866
3012315,299.1992083042665
3012316,388.9053554109851
3012317,250.83950029927587
3012318,6908.871131226078
3012319,64.3209621163106
3012320,1.973009375053623
3012321,44.544775818502735
3012322,46.554116361837146
3012323,0.04199107818771823
3012324,427.28037277325444
3012325,28.705904558401837
3012326,38.91078978886412
3012327,22.599230129492284
3012328,159.87251398688835
3012329,24.54468835143998
3012330,596.4201876612517
3012331,440.58696581798444
3012332,15.0091886458843
3012333,21.434587238190037
3012334,942.4288364979959
3012335,214.92518051476912
3012336,6327.762748761545
3012337,0.6780228380492435
3012338,68.706763027423
3012339,2.5528497654194
3012340,0.21014535667798392
3012341,0.21135739445125953
3012342,2247.137858026673
3012343,0.0
3012344,179.221240950837
3012345,4.016354147959184
3012346,700.3758240934803
3012347,280.78065654796677
3012348,115.87488092548926
3012349,111.06289514145311
3012350,41.99628063037475
3012351,2512.325927858689
3012352,4.130671975216859
3012353,0.25760763588331864
3012354,11.229860317507004
3012355,7.897595377814296
3012356,0.0080572092587143
3012357,153.76995354879503
3012358,0.3874805419778779
3012359,0.00594245671605022
3012360,1.9574081582450025
3012361,22.542904409856924
3012362,0.654993825197312
3012363,69.62485610569739
3012364,101.65177217582978
3012365,1.4396226208321008
3012366,4.121677647098517
3012367,108.13104596697157
3012368,26.655731103227254
3012369,1300.8042381024075
3012370,0.01947481837829148
3012371,2.8780746174310283
3012372,6.047146504891643
3012373,0.023928954535340906
3012374,1.1101741138618064
3012375,3489.2720844593346
3012376,0.0
3012377,589.745805255214
3012378,8.041685673283041
3012379,956.3788924888707
3012380,626.3992638073779
3012381,201.26665521044967
3012382,302.2937321909261
3012383,81.1890323955517
3012384,4256.6472213362495
3012385,11.812497011120323
3012386,0.40584682238052117
3012387,15.9381445378906
3012388,17.505071008645704
3012389,0.008736949849617278
3012390,244.02884071684136
3012391,0.6569273586239233
3012392,7.442325232079259
3012393,6.798834226906478
3012394,17.438566984379584
3012395,0.9539957395770051
3012396,303.0797558831729
3012397,223.15279135460196
3012398,3.2066587747971225
3012399,4.998876042804678
3012400,121.18459492649039
3012401,56.27625709189031
3012402,2483.707946508512
3012403,0.8198616517709629
3012404,3.859392111292668
3012405,1.129591108677512
3012406,0.0
3012407,0.5048192754432552
3012408,1085.709503309834
3012409,0.0
3012410,107.54398041215116
3012411,2.5944742452907086
3012412,522.1139484665896
3012413,144.8252185865157
3012414,85.68114373856814
3012415,157.0898257388878
3012416,15.494998325415313
3012417,2067.8652506095555
3012418,1.3614532519094786
3012419,0.24793861546781784
3012420,5.375721544223595
3012421,3.3706729082422973
3012422,0.12027115261192006
3012423,78.93713568169726
3012424,0.0023956116695026093
3012425,0.0
3012426,0.5807866410428473
3012427,14.674241171255813
3012428,0.264686889753144
3012429,68.82458224942829
3012430,68.40068550382128
3012431,0.4625319491511968
3012432,1.1423310425656212
3012433,47.28079866276654
3012434,9.97172816515511
3012435,404.86195612673004
3012436,0.0
3012437,1.174899657797405
3012438,5.963197715169367
3012439,0.0
3012440,1.8119153129929821
3012441,2263.2806715788956
3012442,0.0
3012443,237.56101477769244
3012444,6.761757678251384
3012445,972.9154606405363
3012446,392.0687058277827
3012447,196.8805293219552
3012448,139.63121412936582
3012449,40.902122396675196
3012450,2956.347525918409
3012451,2.708786763780243
3012452,0.27404258378207386
3012453,23.90956649029078
3012454,13.999742199618696
3012455,0.03586421835668207
3012456,187.470531734003
3012457,0.003284200224839653
3012458,0.0
3012459,11.04132554887167
3012460,22.011055202393514
3012461,1.1006837617219412
3012462,199.3588872345575
3012463,204.81415878375057
3012464,1.6637955584444595
3012465,3.0122695698272306
3012466,206.46471274472367
3012467,31.36749128094239
3012468,2188.900198214271
3012469,0.0
3012470,0.56422854781524
3012471,2.589778131837698
3012472,0.23324284334553863
3012473,1.162889477002841
3012474,2152.7193467752163
3012475,0.002864092599007364
3012476,619.5747697962587
3012477,8.313669658931312
3012478,841.1839355663925
3012479,503.6903826067408
3012480,202.79562624452663
3012481,123.96720612015876
3012482,52.9016310458178
3012483,3965.7590680118574
3012484,6.991234071837391
3012485,2.811435433530633
3012486,16.969362864593197
3012487,38.27109724490318
3012488,0.02515889679772164
3012489,196.660773524274
3012490,1.3897839824194635
3012491,5.525784013523529
3012492,2.9244820978510635
3012493,18.546212882114034
3012494,1.941133167385285
3012495,152.9490260477046
3012496,235.709768997074
3012497,2.9450812575744187
3012498,4.605830737614959
3012499,129.221095694013
3012500,30.524424320654113
3012501,1067.6355495439334
3012502,2.8695285670526456
3012503,1.8798565949523174
3012504,2.935044957175791
3012505,0.0
3012506,0.3948876133382746
3012507,1225.9939357280143
3012508,0.0
3012509,110.72926810245764
3012510,1.6654181006014621
3012511,377.7585289690168
3012512,142.07676033142437
3012513,89.0565816895248
3012514,134.83283885787293
3012515,28.361789481232105
3012516,1792.737261752139
3012517,3.7034962456003084
3012518,0.4055287940142973
3012519,7.469804438626841
3012520,3.6538297598439042
3012521,0.16526619086775968
3012522,86.13567051707632
3012523,0.0031782952826626665
3012524,0.0
3012525,0.27031241149564245
3012526,34.683832282404836
3012527,0.5740357311892812
3012528,195.61262909376777
3012529,75.48885992545206
3012530,0.6158389639606834
3012531,0.6611703002624878
3012532,42.46419643523078
3012533,16.49036083917222
3012534,564.0680805160179
3012535,0.0
3012536,0.8875625925301038
3012537,3.4792333413207563
3012538,0.0040718973387667825
3012539,0.7018171399420454
3012540,3548.5461995319033
3012541,0.002920692480311126
3012542,647.9330762609108
3012543,7.735918534772063
3012544,807.7672062788288
3012545,647.8677992084122
3012546,198.73491861667833
3012547,150.05755013217802
3012548,62.206774763104846
3012549,3859.7720992305153
3012550,7.685127268621873
3012551,0.3582510444597165
3012552,26.471471700049094
3012553,10.268552172196395
3012554,0.00884625037224744
3012555,202.20382924148558
3012556,0.00974083861744053
3012557,24.012986077968918
3012558,2.929715406924572
3012559,49.228339006355725
3012560,1.1704143873024648
3012561,221.62634953732734
3012562,200.11750654382797
3012563,3.252666927597893
3012564,2.846248588827422
3012565,136.01812872137202
3012566,42.84623413538646
3012567,2674.5789969957295
3012568,0.6920979316270581
3012569,0.7261944613481088
3012570,3.1007608402643294
3012571,0.0058265549319108925
3012572,6.261766658649538
3012573,2317.3112951172798
3012574,0.00390808412102482
3012575,479.37206929737596
3012576,5.894173525340197
3012577,833.9612702038027
3012578,736.7258283897461
3012579,138.38723493625912
3012580,110.98761359736616
3012581,110.68350963659871
3012582,3263.6315080610602
3012583,40.898377340345455
3012584,1.126442236519885
3012585,24.778360458807562
3012586,22.11787778881668
3012587,0.03884311173391225
3012588,204.80128104315472
3012589,18.618893120991885
3012590,18.867224094916285
3012591,1.3949315370427802
3012592,87.80997361189112
3012593,9.719072878866822
3012594,212.1937283272676
3012595,251.25653919203344
3012596,8.23864388965067
3012597,11.030976181562549
3012598,227.23278342636544
3012599,68.85692344060577
3012600,2007.1927726412403
3012601,0.00042396710740840403
3012602,10.94826670587685
3012603,4.294281846797946
3012604,0.0
3012605,7.092512090393077
3012606,1686.29985811215
3012607,0.0
3012608,375.4434750281433
3012609,10.227827641047902
3012610,729.1901441333771
3012611,667.854807254654
3012612,130.9774386716915
3012613,68.35460057123696
3012614,90.15471204547171
3012615,2796.696596375083
3012616,20.34590444418354
3012617,0.6156232269758755
3012618,31.199450191127305
3012619,25.192074636874057
3012620,0.016212411379164366
3012621,239.0094443403999
3012622,20.558570414636357
3012623,10.425307143751542
3012624,8.595886601771607
3012625,71.59384646339724
3012626,9.58268982977582
3012627,125.36096662360823
3012628,256.18307826820165
3012629,7.66411108362832
3012630,9.60374983477992
3012631,99.10469014841593
3012632,62.00238784770634
3012633,1580.372292674988
3012634,9.512563420638596
3012635,12.054232807890319
3012636,5.557808659497138
3012637,0.1886853822982431
3012638,2.093867537392171
3012639,3111.5255652068463
3012640,0.0003567817009281868
3012641,625.9710471782291
3012642,4.39442458804356
3012643,1190.6016183706822
3012644,650.2533683149985
3012645,189.51090552793983
3012646,334.60475626885017
3012647,60.60113533230414
3012648,4838.503111541165
3012649,25.961522499766797
3012650,0.8871715196347469
3012651,24.47773460447112
3012652,13.320355742510317
3012653,0.029383117624732766
3012654,356.2841301996767
3012655,4.165791772136077
3012656,13.274145250540247
3012657,5.394796705229406
3012658,41.941672027159015
3012659,4.123289630055549
3012660,162.93953547170648
3012661,279.79530648968705
3012662,5.153419832656749
3012663,7.099773206828747
3012664,177.95419939580162
3012665,48.717234504962676
3012666,2700.9916264789736
3012667,10.341194492221108
3012668,12.870354330199214
3012669,3.1474660121819493
3012670,0.030291330223807304
3012671,4.357792023081603
3012672,1841.427019447201
3012673,0.0
3012674,291.9924650373464
3012675,5.542924025060883
3012676,669.2767245384316
3012677,574.3123368444178
3012678,161.1684423858016
3012679,116.41514101343503
3012680,64.94704524986597
3012681,2740.9973484120746
3012682,18.95276530768141
3012683,0.843827518944702
3012684,12.802586658418138
3012685,7.144926491555591
3012686,0.13112114653243803
3012687,180.65324324435878
3012688,14.373886861468016
3012689,15.479957181103842
3012690,1.2109687537018665
3012691,51.671788306719456
3012692,6.264801709047951
3012693,293.99598377939486
3012694,195.45287094788696
3012695,4.616755608267988
3012696,5.680377096218928
3012697,320.88488435141045
3012698,49.10644985952756
3012699,1751.035251125149
3012700,0.1045158704120876
3012701,20.285788074728835
3012702,2.1513061883026423
3012703,0.007764009842753525
3012704,1.954618764689438
3012705,4709.306904477005
3012706,0.0030859796188321686
3012707,473.31520659793256
3012708,6.703339582767728
3012709,1878.7192672339324
3012710,597.7342698999589
3012711,269.6091212522134
3012712,177.47689868369582
3012713,65.06775297578673
3012714,4951.72493680028
3012715,8.112735625110945
3012716,1.4911865309112815
3012717,26.871362485691343
3012718,21.753990702582453
3012719,0.04987031898455408
3012720,363.03924173275254
3012721,0.012025321665005013
3012722,0.19925254193491743
3012723,7.668268452544201
3012724,20.626491688598666
3012725,1.817798223168627
3012726,131.46079197684367
3012727,275.8284684602042
3012728,2.8152232379928033
3012729,9.204274803196705
3012730,161.36836890770508
3012731,52.884839933832836
3012732,2119.7720848676768
3012733,0.00041144793449775783
3012734,3.8036142199621352
3012735,5.845635620351034
3012736,0.0
3012737,8.957180750084722
3012738,1633.7466246348474
3012739,0.0
3012740,398.76987862787513
3012741,7.609553368267781
3012742,778.7681333305227
3012743,583.9003518508263
3012744,175.40674123402826
3012745,106.87620982412899
3012746,85.37797957895638
3012747,2892.468548914417
3012748,27.067281879018296
3012749,1.0570319051008812
3012750,25.66287244346223
3012751,23.429489005827865
3012752,0.0031781347415421844
3012753,197.31035698562155
3012754,14.21092065079629
3012755,9.884181245254043
3012756,6.9840227244484625
3012757,51.20647108019724
3012758,9.424496448708496
3012759,163.8992955149562
3012760,254.01959823333493
3012761,11.233912739902083
3012762,7.777979364585656
3012763,170.38785558448967
3012764,46.757376537109195
3012765,1607.7995373531014
3012766,0.4094795344818839
3012767,5.0775670244527085
3012768,2.7840694073361645
3012769,0.0
3012770,4.631839314186624
3012771,1957.6590352617695
3012772,0.0
3012773,388.0563937292222
3012774,6.397648123674191
3012775,623.2440870896972
3012776,668.7358259439711
3012777,144.93937490673878
3012778,101.38533192696165
3012779,84.46234944804694
3012780,2435.758724717713
3012781,23.817871458053034
3012782,0.7194101977550744
3012783,27.33148372205458
3012784,27.441098817231428
3012785,0.0011751475698747545
3012786,166.66170587111336
3012787,9.969424605367001
3012788,25.763179695345386
3012789,2.806712865567202
3012790,47.051427242133094
3012791,7.261456458203362
3012792,185.34697598043127
3012793,188.49348578996089
3012794,8.331442420709509
3012795,7.367296095738409
3012796,191.7460042649054
3012797,49.96520972324625
3012798,1894.2607827919792
3012799,0.3391735905763331
3012800,10.351622996282977
3012801,4.41077419690195
3012802,0.006684963547029078
3012803,3.5279363328887596
3012804,4617.435491603864
3012805,0.0
3012806,549.7222309240718
3012807,13.60038446867954
3012808,1092.9916515747138
3012809,695.6067910965039
3012810,276.2616996802841
3012811,178.06588321916078
3012812,64.29049356721903
3012813,4443.630150386602
3012814,9.485185970454511
3012815,0.14745211368421368
3012816,17.381780469260118
3012817,17.418234247550142
3012818,0.10851192833635746
3012819,233.6613972442802
3012820,0.002269029914976315
3012821,9.84662446980649
3012822,1.0939556062846534
3012823,51.4123899651015
3012824,2.5394853692838004
3012825,214.55306984596476
3012826,256.73704927332614
3012827,2.8002376358113317
3012828,1.300359071190587
3012829,248.46168120708734
3012830,138.5422755714856
3012831,2057.1627995536587
3012832,1.8701997200493596
3012833,0.45169217933046396
3012834,11.52098425105134
3012835,0.0
3012836,11.323231834473773
3012837,6879.591774398181
3012838,0.0
3012839,1318.5130499734332
3012840,23.162452941917998
3012841,1897.0843381114369
3012842,1855.0646669092184
3012843,423.06525210466754
3012844,446.7174627038681
3012845,305.7445539233346
3012846,7831.241464692737
3012847,80.8439955218671
3012848,2.95403497090149
3012849,106.26914690820472
3012850,102.63584633754736
3012851,0.05840536146020072
3012852,516.529443308084
3012853,25.493407092036158
3012854,19.144974874289446
3012855,51.06030482972899
3012856,206.90490190219919
3012857,19.302942190315953
3012858,655.0506950137326
3012859,437.78803823420884
3012860,29.592775795248045
3012861,30.14702589370251
3012862,858.3381707615249
3012863,274.9396318667457
3012864,6649.31727112164
3012865,287.7957202637631
3012866,80.76660417524053
3012867,11.949705539856732
3012868,0.0
3012869,11.301520158967916
3012870,6604.144476937323
3012871,0.0
3012872,950.5876584654471
3012873,18.870288495961773
3012874,1953.348445491819
3012875,1708.4547915072965
3012876,566.5905676332984
3012877,282.03912264458296
3012878,199.4599855607576
3012879,9163.007441685679
3012880,90.55632196092508
3012881,1.2588361273533129
3012882,55.52091410510233
3012883,76.55384566420426
3012884,0.510875470563549
3012885,502.3134345090036
3012886,15.090637607052795
3012887,25.652279627392282
3012888,7.106329688460772
3012889,144.20217602623507
3012890,17.88695489865139
3012891,800.2124143847864
3012892,579.3323322522264
3012893,19.40261688651193
3012894,22.536728326627532
3012895,1046.5583022533272
3012896,182.7654843319833
3012897,4606.852924509895
3012898,399.48819798435386
3012899,70.36934363779847
3012900,10.234831518609441
3012901,0.0
3012902,18.290486320506883
3012903,4112.666001342429
3012904,0.008603134459630566
3012905,709.1110675408014
3012906,10.132884347244465
3012907,1590.4622351295004
3012908,1124.588174854985
3012909,595.4172088564277
3012910,105.79681282086787
3012911,176.69668673623426
3012912,6871.547167974952
3012913,44.354011835999174
3012914,2.411355188394689
3012915,38.616457836081175
3012916,23.67504762301443
3012917,0.38717469419253814
3012918,473.93324000346007
3012919,26.28231668832255
3012920,17.29755730405885
3012921,8.466108471544146
3012922,91.57923999626763
3012923,10.872340635367173
3012924,820.8638871617318
3012925,595.7593285534185
3012926,17.865333357999898
3012927,35.85028451554879
3012928,575.882437468236
3012929,105.55476744054596
3012930,1892.3122298144924
3012931,248.7959321382633
3012932,34.99882740675007
3012933,13.533188312342055
3012934,0.0
3012935,19.967308979632897
3012936,6338.272033657364
3012937,0.0
3012938,984.7456039021113
3012939,17.298036632953657
3012940,1800.1706711244276
3012941,1636.728549980709
3012942,490.16302356155535
3012943,274.30717688765344
3012944,186.08301621308084
3012945,8676.507610445407
3012946,37.17716299206064
3012947,0.9890537691386336
3012948,63.895636276027076
3012949,56.33538327745886
3012950,0.6473078141518087
3012951,487.56084934261776
3012952,19.009037895964063
3012953,24.40354738424595
3012954,21.346861959413957
3012955,158.71301019153185
3012956,12.593725523651415
3012957,706.558366842358
3012958,592.849283851444
3012959,16.459277001741086
3012960,22.820728404286566
3012961,890.8472964758336
3012962,200.5884420961246
3012963,4334.818181185635
3012964,335.5119757147236
3012965,56.07000801726342
3012966,10.102180870503247
3012967,0.0
3012968,17.752488929275113
3012969,3244.241202085528
3012970,0.0
3012971,640.6576131998606
3012972,13.011536359758383
3012973,1518.8216406565305
3012974,897.8363527292815
3012975,431.9110170597884
3012976,79.48226792552822
3012977,127.06355949965413
3012978,6192.736908913085
3012979,32.624350145679166
3012980,0.23478510738739708
3012981,29.13691907940067
3012982,21.96813283244428
3012983,0.04966070237096609
3012984,416.92897915237955
3012985,19.03481930271094
3012986,6.791507707875359
3012987,5.632808010624355
3012988,77.48806500673275
3012989,4.910021497329408
3012990,668.0644451809529
3012991,526.3830574104337
3012992,14.75227886115373
3012993,18.27956064634013
3012994,601.8799189535548
3012995,73.33602166529005
3012996,1345.7559986842027
3012997,244.7048252604646
3012998,16.712333840793615
3012999,9.272360538779672
3013000,0.0
3013001,12.500781332339997
3013002,4988.06287286849
3013003,0.0
3013004,1008.3947452562696
3013005,23.205590972979095
3013006,1538.9996035368304
3013007,1756.374371041744
3013008,352.13989434963526
3013009,401.526006694139
3013010,240.1024107047086
3013011,6718.225146735272
3013012,80.82010928373722
3013013,1.1157505923548268
3013014,44.5662297280111
3013015,45.831041580522026
3013016,0.396071840827899
3013017,433.94933929560176
3013018,13.102498429987236
3013019,23.39536801170222
3013020,9.82623563433643
3013021,156.89513404641005
3013022,16.840747894072997
3013023,653.3221581749074
3013024,439.3854425409252
3013025,13.812188893983592
3013026,22.649062978082895
3013027,841.4697065330488
3013028,184.6313875634619
3013029,5936.820906052895
3013030,213.4511592719109
3013031,62.43221039652225
3013032,5.854006931238639
3013033,0.1863171976254027
3013034,5.999384994978008
3013035,1470.5153973885708
3013036,0.0009666934841925921
3013037,324.3866272664397
3013038,20.086962746722094
3013039,673.2152238805814
3013040,489.55573134184016
3013041,186.5371282313614
3013042,72.7982499518552
3013043,68.02984195131623
3013044,2579.4129136390816
3013045,21.368889852532806
3013046,0.8706575324232906
3013047,24.628516060746847
3013048,17.790169872558856
3013049,0.01986861995719051
3013050,172.35861934742303
3013051,9.597581762873933
3013052,5.070544357083111
3013053,9.778101287984661
3013054,40.56819739052848
3013055,7.857006088345226
3013056,209.51080976718862
3013057,210.70392319713514
3013058,2.6339401563707106
3013059,5.697259816850076
3013060,218.667302301524
3013061,48.02811067884017
3013062,1251.0013875914271
3013063,0.47258010123524913
3013064,8.053024345138052
3013065,9.752272030648154
3013066,0.0006767456894397787
3013067,12.474056096138412
3013068,3514.8544064630564
3013069,0.000910424173153894
3013070,462.2804526078958
3013071,31.535255139309527
3013072,1259.9190554192196
3013073,947.6705162794491
3013074,388.70762576188093
3013075,85.52974419807887
3013076,101.18243465406785
3013077,5377.352224829749
3013078,65.8752879072067
3013079,1.2238270365635322
3013080,42.59112783708374
3013081,25.788046005765153
3013082,0.020913010189271684
3013083,302.5530662480276
3013084,10.483785612530669
3013085,5.827814234751482
3013086,2.8973462286747855
3013087,100.06014613998406
3013088,9.063703721227412
3013089,457.7986397944706
3013090,428.261211859712
3013091,9.492248464127725
3013092,18.770935738383706
3013093,324.30779837393266
3013094,69.93757279824811
3013095,1721.3120564706483
3013096,255.73925235173215
3013097,14.824504210155734
3013098,6.021390877841088
3013099,0.0
3013100,3.4240859988023633
3013101,3571.1460520977444
3013102,0.0
3013103,702.7246869461882
3013104,9.10207306000869
3013105,1175.071111051631
3013106,1249.04434361862
3013107,199.25536471813797
3013108,297.8628803993924
3013109,193.90038999874176
3013110,4255.494233513526
3013111,51.88167474500774
3013112,1.5230577677466335
3013113,27.81457373555558
3013114,38.487992165056774
3013115,0.06141907933648289
3013116,271.3825457170151
3013117,2.3500473082185
3013118,35.210298621252434
3013119,4.3784271839771725
3013120,95.44173835646751
3013121,9.299769287513875
3013122,493.8629478970984
3013123,243.08686165054644
3013124,16.423133586723484
3013125,10.434071593685493
3013126,600.3220173674237
3013127,100.53356135489867
3013128,4238.407237156209
3013129,0.6952878320587415
3013130,38.25726603038573
3013131,6.8912232368258906
3013132,0.0
3013133,8.193704051112558
3013134,3517.088780188911
3013135,0.0
3013136,700.3004333372329
3013137,10.877449548822497
3013138,1225.7443080731975
3013139,961.7522718842962
3013140,301.20247194959984
3013141,167.5802311758087
3013142,255.19636009553318
3013143,4752.584432742055
3013144,29.277900108350952
3013145,2.3391670268681715
3013146,44.82124971775165
3013147,50.503861001050765
3013148,0.04169162379779628
3013149,292.827306639102
3013150,5.833285961550824
3013151,36.99963237133384
3013152,8.960272917470467
3013153,166.15454801754512
3013154,10.115416713544581
3013155,372.7209499003923
3013156,268.781978771253
3013157,11.870567354000324
3013158,21.498370146817937
3013159,376.3516680852029
3013160,109.99173589967607
3013161,3439.7342726089714
3013162,4.6819954717267525
3013163,6.339526473650787
3013164,5.743180468654599
3013165,0.0
3013166,2.648701133125026
3013167,1595.3664035189197
3013168,0.0
3013169,389.7083113393005
3013170,4.715511002259726
3013171,706.4183165184402
3013172,448.1789748715769
3013173,175.49739044225214
3013174,72.11105736405811
3013175,81.0102437550484
3013176,2427.6784694545404
3013177,11.667177376242455
3013178,0.9658476014028108
3013179,22.92121245145632
3013180,17.142667335760464
3013181,0.0
3013182,156.42662779099533
3013183,6.449150731727605
3013184,9.090905204447699
3013185,4.9951320055108495
3013186,42.16088941632573
3013187,3.43364319653352
3013188,192.3952784412267
3013189,167.96651115952287
3013190,3.4090359741603775
3013191,4.99764521265917
3013192,144.45344687218807
3013193,47.495123749195066
3013194,1326.5563309470551
3013195,0.20452908610846632
3013196,3.2730695440209443
3013197,5.235195237971096
3013198,0.0
3013199,6.4461471554621745
3013200,3851.5119748473103
3013201,0.0
3013202,242.27080075947197
3013203,2.9889345311585873
3013204,1043.5853022282865
3013205,236.77815192640978
3013206,196.16848160301492
3013207,60.21981959928939
3013208,25.964925393195312
3013209,3466.86691808274
3013210,11.321060439356676
3013211,0.6230482790400604
3013212,15.815094316936662
3013213,8.898815203428608
3013214,0.1258691975359618
3013215,200.5178098747921
3013216,0.0021158501629614133
3013217,0.0016641396895339827
3013218,3.2054414514955303
3013219,49.13138781133933
3013220,0.7652394182983411
3013221,49.91519162534175
3013222,150.74174278240312
3013223,0.02490630673471517
3013224,1.537737190212292
3013225,55.61048725107049
3013226,81.98938036445955
3013227,924.0315179678112
3013228,0.0
3013229,1.834671122535617
3013230,5.235249686755255
3013231,0.0
3013232,5.706536651075504
3013233,2642.5762791779844
3013234,0.0
3013235,468.90601547355226
3013236,8.590690046852544
3013237,942.8570506590238
3013238,775.7589142954565
3013239,296.13843105872513
3013240,134.36893989052913
3013241,118.85862173111572
3013242,3989.164991341197
3013243,32.19940197707939
3013244,0.5829392587611619
3013245,17.130108316038854
3013246,48.74441094066759
3013247,0.0014022306023148963
3013248,250.25128127919922
3013249,16.325586370392404
3013250,11.848846135822402
3013251,10.415313016625227
3013252,61.65030193663992
3013253,5.396501063483567
3013254,390.1480550502016
3013255,295.0531423090048
3013256,8.092207637496166
3013257,11.516097098209437
3013258,427.88890662635686
3013259,84.10366731137513
3013260,1865.467738649147
3013261,0.0
3013262,32.40098780520787
3013263,3.9373943805147444
3013264,0.006187861479238382
3013265,6.907108754257194
3013266,3529.962449772134
3013267,0.04318691966214465
3013268,626.4736978791025
3013269,14.039378114419437
3013270,1023.5955623763475
3013271,1215.0859099193578
3013272,174.90858517656696
3013273,259.17465867358123
3013274,196.23553369536128
3013275,3539.7380557285433
3013276,34.72853602873372
3013277,2.005272525533643
3013278,30.99818736153267
3013279,34.89922463577622
3013280,0.6269333511420545
3013281,221.26571587315564
3013282,13.005051531826567
3013283,43.48292296214581
3013284,8.037592198149767
3013285,113.36051140627232
3013286,16.57840040564744
3013287,439.41084728082114
3013288,235.3355223356273
3013289,5.730031836353457
3013290,13.808823723296921
3013291,610.0237903890154
3013292,114.29562763081752
3013293,4416.817137048922
3013294,0.3844132004931727
3013295,44.56335404520582
3013296,3.0955391119265396
3013297,0.6056750242983526
3013298,9.42789347792967
3013299,3471.0216918072924
3013300,0.0
3013301,700.643802694743
3013302,15.513846718207375
3013303,1008.189440005988
3013304,1174.3558671542007
3013305,236.8745057724947
3013306,254.67662462446782
3013307,132.96962390516336
3013308,3859.2706525141452
3013309,29.132972746212694
3013310,2.065898734935592
3013311,35.34438636631311
3013312,40.329288351629074
3013313,0.03333777307614134
3013314,290.53797183935
3013315,22.42617834559886
3013316,28.44684515085302
3013317,18.62486253107951
3013318,117.54813484354676
3013319,15.67146292885888
3013320,345.2903486652654
3013321,272.1251814582577
3013322,13.254319871264709
3013323,18.561389560556
3013324,471.22160951692746
3013325,117.93450325475116
3013326,3543.5255483812152
3013327,0.37995503873398156
3013328,26.45470284882661
3013329,11.280995106854938
3013330,0.22846219547575952
3013331,7.61189366316059
3013332,3109.428442624453
3013333,0.004485990679237139
3013334,460.8411116837407
3013335,12.619460590388602
3013336,1316.3683453641424
3013337,734.311281252241
3013338,463.6900308711018
3013339,196.2565571093211
3013340,93.55038182917808
3013341,5543.289930800257
3013342,8.839334642821923
3013343,0.8596831509100371
3013344,47.043218512117576
3013345,36.46679445351755
3013346,0.008781510739342184
3013347,360.4979854613695
3013348,6.430341269425497
3013349,6.5641148949688635
3013350,9.215906987749102
3013351,36.556438439550824
3013352,3.9204855827537326
3013353,321.2977077238085
3013354,438.4038352956584
3013355,5.093494323529526
3013356,5.124350703404345
3013357,359.4893056939384
3013358,106.39074583511038
3013359,2294.665578361524
3013360,131.27810117935846
3013361,13.891173047558313
3013362,3.9149410971841077
3013363,0.00698376472288085
3013364,4.141609610983433
3013365,2134.517229903331
3013366,0.007218916024516276
3013367,369.774260092499
3013368,9.1918234038998
3013369,667.450118570657
3013370,757.1866929275905
3013371,129.59554348677483
3013372,133.25815721509062
3013373,132.48772063198325
3013374,2582.7742038366364
3013375,17.3592635107507
3013376,1.2900409858762831
3013377,26.656481152228732
3013378,23.96712291789862
3013379,0.04395350805185435
3013380,174.9743866677423
3013381,13.781486727319358
3013382,23.18217016935112
3013383,5.362770992733461
3013384,106.17517770034515
3013385,4.220934500841105
3013386,305.65857264432407
3013387,189.4212077620742
3013388,4.0126327892726446
3013389,8.900961869281858
3013390,289.3428854953369
3013391,56.17002519303518
3013392,3885.208362713262
3013393,0.005586071920788048
3013394,22.24361701844271
3013395,1.2336974609752676
3013396,0.0
3013397,1.7626335451533577
3013398,1182.8248664282946
3013399,0.0
3013400,82.37657231280419
3013401,2.854591055661094
3013402,590.6450592207959
3013403,352.68781742412915
3013404,208.9766114460114
3013405,41.61594050235046
3013406,29.162511272351082
3013407,2315.1584498749853
3013408,3.0443982209429183
3013409,0.28174653703772523
3013410,6.797837486658441
3013411,7.160994516702214
3013412,0.10770820752352997
3013413,131.47464327533902
3013414,3.024729054385711
3013415,0.003141738866526995
3013416,0.9290730613912024
3013417,12.379144035528299
3013418,0.3193785273220895
3013419,171.34207969271807
3013420,134.0660791495097
3013421,0.6219330591613013
3013422,2.154546997127799
3013423,114.46421468242137
3013424,19.526482601208162
3013425,194.5470767680463
3013426,7.084317977416227
3013427,2.0642205780096834
3013428,4.422364792495287
3013429,0.11533751381391655
3013430,3.9223530194222134
3013431,3973.302634015558
3013432,0.0
3013433,859.3718575278574
3013434,11.213967738857711
3013435,1588.730809878771
3013436,628.4881022232216
3013437,441.13862425923355
3013438,206.53680835061826
3013439,68.51657974765477
3013440,6622.695834642207
3013441,17.80791771293167
3013442,0.4942901458187272
3013443,23.559872833026976
3013444,12.183480365135944
3013445,0.025762985849701176
3013446,448.9828426797033
3013447,5.933561017994181
3013448,1.6497619053018715
3013449,8.078547506610098
3013450,29.12947520529097
3013451,1.6659735933579842
3013452,637.7242474529708
3013453,356.7833126716667
3013454,1.3164666655522916
3013455,11.88046648760804
3013456,384.1145629349972
3013457,98.96254622006641
3013458,1189.915952347356
3013459,24.37165702963956
3013460,6.086933944288343
3013461,3.8037139931687634
3013462,0.000937432005155403
3013463,0.9253066809121253
3013464,1335.5438091988065
3013465,0.0
3013466,169.87456970092202
3013467,8.43005492377718
3013468,751.8602404131753
3013469,395.896413377408
3013470,178.69320599972067
3013471,39.0628661314581
3013472,30.66255788744695
3013473,2542.9406920551796
3013474,5.747120807524277
3013475,0.23295293208663467
3013476,9.877458376144338
3013477,16.706233192478845
3013478,0.019971879429429622
3013479,155.76045621391236
3013480,5.813899401774963
3013481,0.010680024023415148
3013482,6.051604596150249
3013483,27.978811933385995
3013484,1.2845205013858267
3013485,134.9768982013306
3013486,166.28714413454594
3013487,1.1356748867282938
3013488,4.6989711836364
3013489,132.63567625994585
3013490,30.22432079919172
3013491,295.3017073190139
3013492,13.333794923142438
3013493,1.9873023482636905
3013494,3.7450004684803258
3013495,0.0
3013496,3.17224207681551
3013497,1245.3254714259194
3013498,0.0
3013499,98.70049364302136
3013500,4.639978409943023
3013501,621.7805288002133
3013502,267.2736856849789
3013503,134.46438725153695
3013504,42.60012133529447
3013505,26.368713422516088
3013506,2459.370494766176
3013507,8.475321997965652
3013508,0.13199074305787634
3013509,8.916909514602436
3013510,6.806573426345346
3013511,0.0004388044510044813
3013512,119.12405513754983
3013513,0.9483930095685869
3013514,0.005901484943193909
3013515,1.4449467891079282
3013516,28.14802481524833
3013517,0.7082160934803257
3013518,95.89984245210817
3013519,170.33277794507217
3013520,0.38089433480423857
3013521,3.6606852355861577
3013522,62.719406677207495
3013523,18.215077209363447
3013524,168.73517106050852
3013525,18.110774972953966
3013526,0.9246437187781185
3013527,3.0795950600661497
3013528,0.0
3013529,1.3751437292346949
3013530,1470.3804343240022
3013531,0.0
3013532,157.17721027653863
3013533,7.311484451477668
3013534,758.4142094316394
3013535,406.3395969933624
3013536,248.9728414743597
3013537,26.966922392463896
3013538,31.24761636221279
3013539,2689.132526615476
3013540,3.073964800106065
3013541,0.0776775949396372
3013542,5.443566251497393
3013543,15.341711219553105
3013544,0.024257187699405876
3013545,169.87572530267806
3013546,0.4921466471909514
3013547,0.006135025426071526
3013548,2.340190684920964
3013549,12.395112026092919
3013550,2.017670086117948
3013551,141.5775205187726
3013552,245.18957481060758
3013553,0.7875424222836271
3013554,4.385061302963623
3013555,54.828638820361185
3013556,85.22188421201976
3013557,313.15662165651327
3013558,7.49037854720752
3013559,3.6519399487679367
3013560,2.9897816702536897
3013561,0.7978859649694277
3013562,2.9959445205519377
3013563,1497.4548820649172
3013564,0.0028206077446303593
3013565,137.2983231386009
3013566,3.443444734107908
3013567,723.9053710723283
3013568,364.8666581745707
3013569,201.40706418738998
3013570,89.9622307735711
3013571,55.03103922660571
3013572,2528.6511725729756
3013573,6.052154367191458
3013574,0.7892464238148209
3013575,12.113253948194293
3013576,16.652738624196996
3013577,0.035040910627908456
3013578,185.0758137368701
3013579,6.084715718823134
3013580,0.016017757319826614
3013581,3.195464576342709
3013582,23.182325703513687
3013583,1.1893762257923273
3013584,118.18489791760373
3013585,167.34490565130628
3013586,0.7700623176343075
3013587,4.096456249252014
3013588,96.20620810551516
3013589,43.98097305156611
3013590,552.9577099981133
3013591,14.39992498124908
3013592,3.796259888490975
3013593,3.2251781483895092
3013594,0.17212429090119957
3013595,0.45199665315324017
3013596,1198.4878852931943
3013597,0.0
3013598,135.70589293808266
3013599,3.916287819537816
3013600,682.0716402725398
3013601,265.08665664329897
3013602,129.40645237323554
3013603,99.4308090931873
3013604,25.41844545350105
3013605,1932.35439641969
3013606,3.9895602759788176
3013607,0.05373279703446104
3013608,10.242241493839389
3013609,10.86961768165326
3013610,0.031519508621773634
3013611,133.7950069397047
3013612,0.0
3013613,0.0013322632377453269
3013614,2.1207030412745107
3013615,19.27146372893356
3013616,0.7286918933838265
3013617,47.15805710229406
3013618,117.59920501293179
3013619,0.5651225433794158
3013620,2.059919902588241
3013621,58.58313117478475
3013622,29.283178863237616
3013623,467.8747053630486
3013624,0.0
3013625,0.7998943558702671
3013626,5.355935581662945
3013627,0.2478575490892552
3013628,2.791652862884384
3013629,2278.3106319718745
3013630,0.0
3013631,266.07641877251217
3013632,4.503738011038099
3013633,876.51372681081
3013634,984.7857351772179
3013635,391.0094384842058
3013636,138.93410720854192
3013637,79.99756757432101
3013638,3696.553723794152
3013639,9.570372471875995
3013640,0.7985198310949841
3013641,20.05362011361617
3013642,20.241423974242267
3013643,0.0012326483527754326
3013644,219.01014422708576
3013645,0.024862150683842836
3013646,0.005179371814904956
3013647,8.95194601260777
3013648,25.71205291458101
3013649,3.466414335377591
3013650,226.91928256330928
3013651,207.92416927658675
3013652,1.9114538198913054
3013653,6.594897110012612
3013654,268.1078150882921
3013655,50.758416560637734
3013656,1147.164222660971
3013657,38.042153645274716
3013658,8.395654627746447
3013659,2.595865181413958
3013660,0.8455681624838369
3013661,3.6105844096738062
3013662,1662.1416633002284
3013663,0.0
3013664,469.31011054255436
3013665,6.521027550403095
3013666,490.96921108263086
3013667,603.9595437874549
3013668,172.96152537283538
3013669,132.97035684818485
3013670,39.448860979481985
3013671,2379.1216756578788
3013672,9.54983883942842
3013673,0.6406457588568497
3013674,13.583043294213937
3013675,15.287280577941033
3013676,0.0
3013677,143.14445747927303
3013678,5.196635129963188
3013679,0.8621089652867693
3013680,6.37270313075225
3013681,53.992650834552336
3013682,1.774619912334515
3013683,75.35906267696245
3013684,131.87921653556697
3013685,2.4680863747430015
3013686,5.3392758562200795
3013687,135.05999680657717
3013688,50.973269943732056
3013689,1383.7203743086452
3013690,35.62424878075897
3013691,10.012360950632655
3013692,5.009607997446831
3013693,0.32463775027432146
3013694,3.026310315153741
3013695,2300.1887776456433
3013696,0.00029402415556249083
3013697,148.37774665247684
3013698,5.4772659710776095
3013699,721.0381910524305
3013700,337.69734003186744
3013701,243.88983119164445
3013702,44.73250564981538
3013703,32.617107519885195
3013704,2926.6770566097484
3013705,9.266955377889282
3013706,0.9120992157469798
3013707,10.5144062453903
3013708,10.362916193631904
3013709,0.12783672007512625
3013710,149.55970271966797
3013711,5.702578453300564
3013712,0.011868802561954522
3013713,3.4186468233416463
3013714,21.155751373625094
3013715,2.835077795938593
3013716,118.5808447615757
3013717,145.45807472615496
3013718,0.9722912656177092
3013719,4.596224582294681
3013720,73.62677817247912
3013721,20.419318070190315
3013722,364.1429276461165
3013723,6.265252863585347
3013724,3.780494964670643
3013725,4.91895241559532
3013726,0.0037674106441092873
3013727,8.06542495780901
3013728,2316.907260369565
3013729,0.0026165548906959615
3013730,596.4370600804126
3013731,9.949724041717422
3013732,688.4584562467712
3013733,742.6258942065302
3013734,202.6070582930869
3013735,148.06195332990927
3013736,90.78883064769602
3013737,3159.330522857798
3013738,26.51797160351069
3013739,0.9808393054657958
3013740,16.374505275274004
3013741,32.6757315735361
3013742,0.011559376847950121
3013743,198.40689252657987
3013744,14.599824685674356
3013745,17.808673563609517
3013746,5.551538800067464
3013747,69.67187546995723
3013748,10.15302997411883
3013749,380.30381049945504
3013750,225.32217448508595
3013751,8.058183892515405
3013752,6.63587501478355
3013753,389.6824234434199
3013754,105.47891256581622
3013755,3077.156453758743
3013756,0.0
3013757,32.06205364405316
3013758,6.20532364308346
3013759,0.11580264873952148
3013760,2.896252691785115
3013761,3257.1275195145827
3013762,0.0
3013763,381.7648633680931
3013764,5.0576370717926595
3013765,871.3613083020259
3013766,716.1726831209928
3013767,470.11586256737104
3013768,61.09228047703643
3013769,57.21767959012889
3013770,4278.2987416997385
3013771,8.804486957508407
3013772,0.3801438279068818
3013773,14.476495829555514
3013774,10.189623526053063
3013775,0.005004972484843482
3013776,250.3221281481661
3013777,0.566647618553404
3013778,4.168286377494414
3013779,3.277327490930701
3013780,39.17173271911698
3013781,1.035334143098404
3013782,260.5670779497441
3013783,290.1778963472022
3013784,0.8134222544146736
3013785,5.594746636178364
3013786,207.95926557191186
3013787,51.30251590677307
3013788,789.0375008284581
3013789,70.80715968471158
3013790,8.956191325011735
3013791,7.26771692480189
3013792,0.24405764725479853
3013793,2.6277435465596306
3013794,2599.8556187130707
3013795,0.0
3013796,366.27586219175583
3013797,5.154776662411973
3013798,922.1606853347914
3013799,633.8289108862581
3013800,231.40618605235392
3013801,234.09039796948852
3013802,80.85841661175552
3013803,3280.8242802831214
3013804,12.647980145289484
3013805,0.3797228364141779
3013806,29.12727360824323
3013807,29.34162593558406
3013808,0.05395971798772337
3013809,238.00263074198915
3013810,2.6333105759036486
3013811,2.0929706740417346
3013812,5.176489100780492
3013813,87.87273201031196
3013814,1.768518358205641
3013815,101.4853127431934
3013816,202.1622706389143
3013817,2.364946932714353
3013818,4.4001569521738855
3013819,133.19190612048075
3013820,120.47091806059959
3013821,1168.9505049499685
3013822,0.023787270630071706
3013823,3.5494750451053854
3013824,3.1081828131952367
3013825,0.03361464466516674
3013826,2.2576144653033534
3013827,1688.1831552895462
3013828,0.0
3013829,111.56309550894176
3013830,4.132796105839792
3013831,649.455756407175
3013832,315.1226866914933
3013833,128.84448224264602
3013834,38.66101356933774
3013835,38.756731066728804
3013836,2371.283519675987
3013837,6.7147409321092875
3013838,0.575980564355133
3013839,20.56270350512355
3013840,17.705283100348563
3013841,0.0
3013842,151.0661345911534
3013843,0.39347045402407227
3013844,0.0031034219226724743
3013845,3.708793269045133
3013846,41.07941515122846
3013847,2.0518377442108395
3013848,115.0063872881194
3013849,141.1327367466819
3013850,0.6309648866071136
3013851,4.807242898880839
3013852,146.05240743384442
3013853,26.808442164462402
3013854,398.4398207017002
3013855,6.279516299913746
3013856,1.1838951136616616
3013857,1.3335698478368623
3013858,0.0
3013859,3.190617221706117
3013860,1253.1494745405485
3013861,0.16902141061317583
3013862,279.81743229766977
3013863,7.017398958945655
3013864,498.48883483882116
3013865,473.17207011377013
3013866,125.47752486697641
3013867,41.848236232958186
3013868,58.6208812645498
3013869,1967.1110318469991
3013870,24.72250888460779
3013871,0.2977095286267093
3013872,11.439858576920036
3013873,12.266783462435509
3013874,0.18020659239159226
3013875,120.76831002025445
3013876,12.141399622169414
3013877,1.3383776234485465
3013878,2.4165999336050934
3013879,41.2583578575166
3013880,3.3971680028711555
3013881,735.8853181691413
3013882,141.21950605827882
3013883,3.6094215161907117
3013884,4.731105221747359
3013885,324.48024987387646
3013886,27.996551862195588
3013887,1554.2182223709042
3013888,0.0
3013889,5.056451824620906
3013890,2.079910333527517
3013891,0.00905884052887777
3013892,2.8397039960986055
3013893,3195.375460764023
3013894,0.006511280876079523
3013895,710.7738056188992
3013896,12.415806216825363
3013897,1100.7834072207456
3013898,1202.7821060289969
3013899,264.78805014936063
3013900,221.7208288561846
3013901,162.21879840280442
3013902,3876.7935494371904
3013903,27.939583898657755
3013904,0.7063764448137286
3013905,17.515185170506474
3013906,29.52088230990948
3013907,0.031240895437446646
3013908,262.471148759004
3013909,6.2954476412272475
3013910,42.904349112103986
3013911,8.12973177768393
3013912,78.69632345518941
3013913,11.430944495909863
3013914,397.31743066068026
3013915,269.56442612637096
3013916,13.60944809225394
3013917,8.245066791215894
3013918,510.3020061790241
3013919,116.66329614601969
3013920,5390.716275819248
3013921,0.0005674297161884814
3013922,22.884894118816444
3013923,2.433514267348852
3013924,0.008154876252737834
3013925,2.4423590913754882
3013926,1835.1332848326579
3013927,0.0
3013928,409.77511968720665
3013929,6.29968198412456
3013930,414.0853188652012
3013931,549.5866353324776
3013932,138.79890950907108
3013933,107.76506454222725
3013934,77.10292944587786
3013935,1809.8709467612257
3013936,17.144862600365904
3013937,0.702681230270437
3013938,16.4036639632594
3013939,12.392508542182675
3013940,0.0216462301121134
3013941,91.32803408716102
3013942,0.0025730429835828456
3013943,33.76014576092689
3013944,3.3245936984961872
3013945,169.444067815164
3013946,8.370525581726957
3013947,212.5256360457297
3013948,105.46266194770047
3013949,4.222865867465935
3013950,4.570155865815283
3013951,178.71136071896558
3013952,36.77026515694052
3013953,2771.6181031973174
3013954,0.6550398215683149
3013955,3.5479083180582993
3013956,2.7411178913101777
3013957,0.0
3013958,0.21405955588085096
3013959,639.5911768099488
3013960,0.0
3013961,201.78494519391933
3013962,3.8945945609223607
3013963,215.16546548841563
3013964,200.72271929334565
3013965,66.30845956499249
3013966,23.855883413485113
3013967,21.72105349530792
3013968,1016.959720440317
3013969,3.058329084720384
3013970,0.33407503070476374
3013971,7.761187282783217
3013972,6.911152642157823
3013973,0.14218881303129166
3013974,49.69308184585091
3013975,0.022183110259576602
3013976,3.434938907685158
3013977,0.27845571878036235
3013978,22.070548752055924
3013979,0.16696650733636773
3013980,177.56498485478306
3013981,86.5620326643869
3013982,1.7946771088554487
3013983,0.6770675798835577
3013984,105.67981890022484
3013985,18.212877174297486
3013986,803.3457880506683
3013987,0.31089523243956324
3013988,1.2699939735973738
3013989,4.86096041111793
3013990,0.38208919767962
3013991,2.3709686573831363
3013992,2530.9117124911195
3013993,0.11735285435164601
3013994,586.8196733676484
3013995,11.314569649240193
3013996,772.1176497874001
3013997,807.2816465886618
3013998,254.68028824068526
3013999,220.12380509423159
3014000,94.70838058824191
3014001,3252.625269602649
3014002,28.740310775616038
3014003,2.3845803928370555
3014004,18.008908887242107
3014005,24.261483115987584
3014006,0.0472053488164259
3014007,183.05012146597923
3014008,4.573868325593947
3014009,31.986587900023075
3014010,7.942676242733096
3014011,130.49562997576535
3014012,2.9818577491087566
3014013,240.34518523936856
3014014,200.82404604296994
3014015,8.904711236957217
3014016,8.704596838433213
3014017,339.06264165796733
3014018,77.81929769336718
3014019,3794.3313220518144
3014020,0.7275003401624704
3014021,16.186393591902814
3014022,3.8128385788512027
3014023,0.0
3014024,2.065225250438958
3014025,2561.0462553380075
3014026,0.0
3014027,483.26804905366816
3014028,10.045062509383103
3014029,765.2699418569852
3014030,777.994949040465
3014031,270.22514826940187
3014032,178.05454952818454
3014033,48.73058735472675
3014034,3583.535235621946
3014035,12.126345489651323
3014036,0.3206901624615485
3014037,23.856374487153232
3014038,11.954062372551789
3014039,0.4445035872106607
3014040,194.09066318255262
3014041,0.0
3014042,4.930704847670134
3014043,3.695363705734805
3014044,40.02528883117946
3014045,0.6470893171192527
3014046,169.26091115205836
3014047,295.25671326031795
3014048,3.375026284641292
3014049,2.938050247880357
3014050,155.268593532013
3014051,65.27717759111427
3014052,1330.839114455461
3014053,1.4147461625053466
3014054,3.237669297576238
3014055,4.507618909372061
3014056,0.20420628197108004
3014057,3.127144688888026
3014058,2698.766681521935
3014059,0.0
3014060,583.0778706341187
3014061,9.862984333573117
3014062,751.043989167693
3014063,706.8055385669965
3014064,231.04336798113957
3014065,158.8212778205061
3014066,54.67389168786852
3014067,3398.149650040163
3014068,13.466544010299222
3014069,0.885167273231932
3014070,20.893339541690466
3014071,14.37860392969114
3014072,0.0
3014073,191.37733590085256
3014074,0.0017111089496894196
3014075,4.590346278357693
3014076,4.348199659760942
3014077,60.85539319798599
3014078,1.0853385225801704
3014079,99.00860252202911
3014080,168.3068494335614
3014081,1.0476099530954248
3014082,3.9175895165641066
3014083,143.59788037673948
3014084,61.399935734250484
3014085,1027.9580449611512
3014086,0.8247941962707621
3014087,4.091904170989523
3014088,7.657561005209095
3014089,0.08728451397201331
3014090,12.823872226389355
3014091,7216.155437751545
3014092,0.005060411417015801
3014093,1142.6741831588593
3014094,28.56317866423962
3014095,1639.6593250581232
3014096,1891.6068308603033
3014097,291.7677418216162
3014098,406.0684603770088
3014099,263.5903612140634
3014100,7198.908840500775
3014101,80.512676395821
3014102,2.008168394136837
3014103,61.248282022748384
3014104,43.768071532719
3014105,0.05234886198361637
3014106,433.3365032541029
3014107,29.883392227506167
3014108,72.55550534996293
3014109,18.462292177227333
3014110,181.13738999554224
3014111,22.960808073238958
3014112,605.2508773553099
3014113,473.4679504456727
3014114,15.295023879308307
3014115,23.110985374542423
3014116,967.0897144313649
3014117,231.36604541635182
3014118,10099.335653866889
3014119,0.7681501247631057
3014120,74.67880866115486
3014121,2.718831804182508
3014122,0.23596453996032996
3014123,0.21580174986174125
3014124,2003.3994991432457
3014125,0.0
3014126,157.1415274925512
3014127,4.481230874358426
3014128,512.5324417166037
3014129,326.4907188895565
3014130,111.62709599251222
3014131,92.07422174213531
3014132,41.34468055384446
3014133,2024.23151774167
3014134,5.0886900251208615
3014135,0.283507289665334
3014136,10.841056069752693
3014137,6.720988912606766
3014138,0.0032761326047906244
3014139,117.96644104430476
3014140,0.39782651256069845
3014141,0.00555082389434824
3014142,1.8304948833745494
3014143,32.4116826931412
3014144,0.7090961586828879
3014145,53.81909810101073
3014146,77.21237750775843
3014147,1.4487820298001952
3014148,3.548729605882123
3014149,97.60171937947612
3014150,22.03301412460025
3014151,558.8130087628525
3014152,0.012805255681428674
3014153,3.218120691010043
3014154,7.183083301061512
3014155,0.018773029658419437
3014156,1.0377257402270983
3014157,2951.7455118008975
3014158,0.0
3014159,461.5700773538579
3014160,7.635749219197162
3014161,831.2609091066876
3014162,675.7744997850566
3014163,181.68619981931423
3014164,235.6168672704143
3014165,79.17324538292378
3014166,4133.162018099914
3014167,10.876085667009878
3014168,0.4170514269331179
3014169,14.604437103175853
3014170,17.792108350178832
3014171,0.006635249900233439
3014172,208.62500507975082
3014173,0.5400682451526952
3014174,4.421821890127696
3014175,5.817457369285709
3014176,15.825605249011232
3014177,0.8744804895526972
3014178,280.3996181770709
3014179,201.7319813311163
3014180,3.535787988099858
3014181,4.497605718757018
3014182,100.47817512895486
3014183,59.49850449694176
3014184,1111.145123367137
3014185,0.7883271682304258
3014186,3.720399263480614
3014187,0.9930579122879006
3014188,0.0
3014189,0.5429978419908488
3014190,824.1749282961645
3014191,0.0
3014192,122.91629478078791
3014193,2.6255701473824264
3014194,508.1435567049038
3014195,155.22963473140237
3014196,83.13358662688037
3014197,147.9750171358934
3014198,13.682531034189997
3014199,1828.8634868004601
3014200,1.4056446801235292
3014201,0.2043072804936993
3014202,6.543797710375037
3014203,3.6518785183367424
3014204,0.12128114098951763
3014205,68.74975627069814
3014206,0.00011210029308296595
3014207,0.0018302371325533146
3014208,0.5121024394981804
3014209,16.586324040111272
3014210,0.21236584186762236
3014211,55.28604515306538
3014212,69.78767942408162
3014213,0.4790875063094246
3014214,1.0384032442725797
3014215,45.706020874308216
3014216,10.249679769052152
3014217,189.7866550137722
3014218,0.0
3014219,1.148611972360885
3014220,4.956087111317813
3014221,0.0
3014222,1.9689849846045662
3014223,2125.8649980967334
3014224,0.0
3014225,194.86493332459685
3014226,6.952143979262255
3014227,771.1276125213834
3014228,507.39165095607945
3014229,165.74737319415942
3014230,118.89304167198009
3014231,42.55957982115794
3014232,2591.9247216175445
3014233,2.9727682355635703
3014234,0.2896269260517027
3014235,24.94217902036944
3014236,13.953997845376556
3014237,0.03092632744453022
3014238,186.97609662014875
3014239,0.0007008100213441106
3014240,0.0022247276939976832
3014241,10.236854218396816
3014242,43.87453852403466
3014243,1.0483692593957015
3014244,249.78369003824554
3014245,174.13440866008455
3014246,1.7131639542457235
3014247,2.993575250885702
3014248,201.02378949373576
3014249,26.64700353844419
3014250,1054.7229481381496
3014251,0.0
3014252,0.48951460897202936
3014253,2.5128995992350056
3014254,0.2522836727157321
3014255,2.3341542566867144
3014256,1997.8172435958763
3014257,0.003304792472973342
3014258,601.0830346981263
3014259,8.424221541296228
3014260,822.8265310254526
3014261,668.9191748109125
3014262,193.62425912670065
3014263,102.19565101610128
3014264,55.02998913483865
3014265,3607.119881918902
3014266,6.309052204005895
3014267,2.5865746758744037
3014268,20.44300665649902
3014269,32.923537529808186
3014270,0.025848119476307323
3014271,166.4212783628952
3014272,1.7062671894192096
3014273,2.731570097092307
3014274,3.0628867157162603
3014275,28.62654495545985
3014276,1.8479381620578454
3014277,166.8702554387243
3014278,215.2496272250587
3014279,2.7304170058774706
3014280,4.429528040256244
3014281,142.2206093914615
3014282,23.73338139168783
3014283,599.0438847729091
3014284,2.4330179426028007
3014285,2.3427105867119002
3014286,2.8269377373496196
3014287,0.00047847507758370553
3014288,0.4303839364602935
3014289,1209.6155711115084
3014290,0.0
3014291,93.48600715877625
3014292,2.5733227485258934
3014293,398.8145996729165
3014294,181.77583819507086
3014295,78.8281073049128
3014296,124.53680217975936
3014297,30.550046932118672
3014298,1560.1030566800252
3014299,3.6852517751448177
3014300,0.42035048175946854
3014301,7.111742680691387
3014302,4.295506450424933
3014303,0.1754090450217232
3014304,59.84718409902923
3014305,0.0008930009106732285
3014306,0.0026124792938751772
3014307,0.21931409914287128
3014308,30.523907279848046
3014309,0.576466314791753
3014310,147.10147122751656
3014311,74.17765837610261
3014312,0.6823713522246777
3014313,0.7749205111223629
3014314,32.89855082197298
3014315,15.919670417763445
3014316,303.6708561278861
3014317,0.0
3014318,0.8786482004359808
3014319,3.8974559302228036
3014320,0.0
3014321,0.5907855847525922
3014322,3594.9508613181515
3014323,0.0
3014324,526.3465769407998
3014325,7.536929039899224
3014326,759.4751948950639
3014327,666.3455410178589
3014328,192.1188725816982
3014329,107.45266213031701
3014330,66.50748098374127
3014331,3730.253836104243
3014332,7.276327600475863
3014333,0.27964561219192297
3014334,21.568343364321365
3014335,8.029010682658004
3014336,0.0007772449671497193
3014337,185.16681668165404
3014338,0.0007811745170610498
3014339,17.85094469624442
3014340,3.169519545876933
3014341,46.22022926464534
3014342,1.160183834582012
3014343,207.41955204001073
3014344,184.455145455336
3014345,3.2427609417040557
3014346,2.884642085601664
3014347,104.8278240322061
3014348,43.857609332260076
3014349,1232.6827732031436
3014350,0.6741175588898054
3014351,0.7710942915503771
3014352,2.9306728543112675
3014353,0.005792352922526794
3014354,8.392390182578037
3014355,2501.1091968957903
3014356,0.004639175499325488
3014357,520.0983590761816
3014358,5.675700276112558
3014359,851.1284085272121
3014360,789.9838668787913
3014361,144.8931893200363
3014362,118.75744849967013
3014363,116.21869239147354
3014364,3398.244605842016
3014365,42.82448908173101
3014366,1.216803810422463
3014367,25.038626481080673
3014368,22.82372000957066
3014369,0.01478267014483324
3014370,219.7709624987603
3014371,18.472132740070826
3014372,28.49802617905971
3014373,1.35659401858203
3014374,99.20775504880561
3014375,8.46427627279636
3014376,210.17950223092606
3014377,256.35458644787417
3014378,10.438270599293737
3014379,14.473296860625085
3014380,250.2305461809688
3014381,76.06431794523121
3014382,3623.3938103052787
3014383,0.0005632019543096027
3014384,12.550516604904068
3014385,5.138875429493844
3014386,0.0035012277189646447
3014387,6.658289558188609
3014388,1876.50483102469
3014389,0.0023506771539322253
3014390,446.63026166158744
3014391,9.225797128013067
3014392,822.7872346037698
3014393,764.0438683419246
3014394,126.28871052252373
3014395,75.08747538211121
3014396,137.62792952122018
3014397,3236.0072310762607
3014398,24.1752745679834
3014399,0.6736384617866247
3014400,41.3817458219252
3014401,28.972484140121356
3014402,0.008038737208650617
3014403,271.4548448141858
3014404,18.732964982216863
3014405,16.532132086062852
3014406,8.204467687671292
3014407,81.42389235691194
3014408,10.172385172010843
3014409,138.83456632145175
3014410,325.9519023624569
3014411,7.733057569799696
3014412,9.900458620799057
3014413,121.09671221804331
3014414,69.37909417373798
3014415,2912.5820115709935
3014416,11.021210136544724
3014417,12.995686280852794
3014418,5.998126659187022
3014419,0.18018827153651856
3014420,2.967077285147467
3014421,2751.749607314007
3014422,0.0
3014423,592.8712690809596
3014424,4.7404478166469834
3014425,1014.5467876695184
3014426,623.8054456949668
3014427,176.49322496567692
3014428,250.5341275530671
3014429,57.7199789875236
3014430,4405.1494127287
3014431,24.568981218734802
3014432,0.9097998368447582
3014433,23.750777700711588
3014434,15.03422885662986
3014435,0.014085768083056643
3014436,280.1865703835918
3014437,3.3061809175509795
3014438,10.899734660957376
3014439,6.567457547245091
3014440,49.39845198778039
3014441,4.325665742000252
3014442,142.12105003076982
3014443,257.66843527504693
3014444,4.672122141803563
3014445,6.764099883720897
3014446,175.02165004375462
3014447,47.92247497272606
3014448,1473.2561375558528
3014449,12.087347828367344
3014450,12.054328229568139
3014451,3.4771870889752794
3014452,0.0393791444310256
3014453,4.3794512199777476
3014454,1957.141873334452
3014455,0.00026706400405697976
3014456,311.26031376225654
3014457,5.429921594609647
3014458,668.0954983580643
3014459,630.8874173505767
3014460,162.0578734516192
3014461,109.29597064945236
3014462,74.98377626165279
3014463,2677.8379550620148
3014464,19.004508610287903
3014465,0.9433929709751805
3014466,15.987556290042363
3014467,9.672675691623239
3014468,0.12639723350865234
3014469,176.32082730704013
3014470,14.300515726619187
3014471,25.708713229852155
3014472,1.3944774868580234
3014473,67.66025875065432
3014474,6.7299367028932044
3014475,287.819199200602
3014476,200.32077860950133
3014477,4.803366882515049
3014478,6.460718587783637
3014479,308.012137905175
3014480,52.136754963102945
3014481,2973.54702226428
3014482,0.11919752435282668
3014483,19.915589115841062
3014484,2.143553833772092
3014485,0.005169084426924476
3014486,1.7494967446689769
3014487,4524.752407279659
3014488,0.0026313451981754025
3014489,404.3940034052867
3014490,8.73051950944589
3014491,1457.6324026904967
3014492,831.7202818915416
3014493,248.30050838414806
3014494,159.28907538290153
3014495,57.910706183392065
3014496,4767.9363859049545
3014497,7.183539379955796
3014498,1.5260447161658148
3014499,28.371467007415127
3014500,21.38304264525883
3014501,0.03354935064740898
3014502,308.1674348718071
3014503,0.009419423654159341
3014504,0.15837938339517174
3014505,7.8186305500488675
3014506,22.77509980889035
3014507,1.7649655762932697
3014508,127.17529791856796
3014509,238.16259551137406
3014510,2.8326941481314063
3014511,7.164137878201622
3014512,133.8246224391061
3014513,48.311960592790186
3014514,1071.1724170514678
3014515,0.0
3014516,4.264456920266706
3014517,5.755524448980963
3014518,0.0037862263763353446
3014519,9.178155462349807
3014520,1867.4503327970647
3014521,0.001251978433955044
3014522,459.4078602149313
3014523,7.960909389286927
3014524,821.2898746868594
3014525,635.3468413127388
3014526,173.9187432278166
3014527,108.68134702330909
3014528,95.72167211307641
3014529,3307.020208905923
3014530,29.387464259440627
3014531,1.072529199292649
3014532,24.013714765487467
3014533,22.68713364045408
3014534,0.008349134661337333
3014535,219.46648185471327
3014536,12.291893391429067
3014537,20.43150966599025
3014538,6.737882062910019
3014539,50.33179403587318
3014540,9.44204276249338
3014541,183.14086651868487
3014542,263.55813141933413
3014543,14.525761102857986
3014544,6.170357854740698
3014545,175.34341607882735
3014546,73.7420531389485
3014547,2719.2408390962796
3014548,0.32554498525141085
3014549,6.6824769920423055
3014550,2.831671133156596
3014551,0.0
3014552,4.587941876026765
3014553,1990.7529735506848
3014554,0.0
3014555,392.9923296614579
3014556,7.160516894585951
3014557,612.2588149550621
3014558,705.5802336068523
3014559,142.50872200745016
3014560,101.23229680526796
3014561,90.11767033437823
3014562,2589.3494573873145
3014563,24.311219349820757
3014564,0.599323336771646
3014565,23.25838763965499
3014566,22.467068929500098
3014567,0.002077764102155822
3014568,176.43594918072006
3014569,10.038794878361466
3014570,35.26761734427405
3014571,6.009074758925031
3014572,59.52823371490252
3014573,7.445369656978979
3014574,198.1023405563678
3014575,201.07548021801364
3014576,7.988474989708649
3014577,7.868627808040717
3014578,201.70822576455362
3014579,52.37816976268938
3014580,3037.669026130319
3014581,0.36329489349841837
3014582,10.641228756499551
3014583,4.611084818219748
3014584,0.006659758168713838
3014585,4.351872164996645
3014586,4422.803431642153
3014587,0.0
3014588,482.838387872599
3014589,11.999022542662445
3014590,1058.8703125111076
3014591,670.589026531997
3014592,243.01790416416384
3014593,164.9066073632281
3014594,46.59482242155839
3014595,4124.997749401208
3014596,10.608962439191034
3014597,0.15094692183703562
3014598,14.537239746232485
3014599,18.73248942811498
3014600,0.11250718101350513
3014601,229.20503220729822
3014602,0.0022439351028082214
3014603,6.641304433290897
3014604,0.7977154534063908
3014605,49.88625597725174
3014606,2.7726621216903506
3014607,193.9153065363453
3014608,253.05410863983485
3014609,2.932400296436943
3014610,1.4665410323559223
3014611,223.7210960780678
3014612,102.50737367752093
3014613,1131.8808959674375
3014614,1.8606883399590073
3014615,0.39677251675616587
3014616,12.843332431805688
3014617,0.005888398419632383
3014618,12.317698818252563
3014619,7657.722843341728
3014620,0.004735110876784079
3014621,1331.483385891542
3014622,27.789936378068926
3014623,2053.898540017577
3014624,2035.1268961234543
3014625,443.22927965338243
3014626,495.1154443670021
3014627,338.86623523756623
3014628,8388.649084664266
3014629,91.71280359905639
3014630,3.515032486625378
3014631,110.3993970189318
3014632,148.63139419283806
3014633,0.0634347939691959
3014634,533.5372879018536
3014635,23.106829802775547
3014636,25.294140523655933
3014637,53.77869450471945
3014638,249.15925996288482
3014639,20.762993191670972
3014640,692.4523536713727
3014641,469.9096255900336
3014642,34.706967607171904
3014643,32.236359425604334
3014644,997.38164059651
3014645,282.8818766383762
3014646,11272.26652443199
3014647,286.51401867126066
3014648,79.18856894956993
3014649,13.340393206760364
3014650,0.0034719290561594364
3014651,11.075595743375844
3014652,7196.471760289698
3014653,0.003706260272350499
3014654,1084.3725935989082
3014655,25.08051908272037
3014656,2042.5632277346187
3014657,1848.2239563418052
3014658,551.9191607311647
3014659,303.4387690790464
3014660,243.17122249744548
3014661,9668.801332583293
3014662,98.1343137270765
3014663,1.3367859478098199
3014664,57.31997098525336
3014665,76.37220536494175
3014666,0.48006829571707654
3014667,522.1484816544634
3014668,13.877731523689967
3014669,35.10235950023519
3014670,6.918367599022253
3014671,193.8998702026984
3014672,16.65624617540296
3014673,824.9795696716377
3014674,652.4540251622198
3014675,18.557438235870592
3014676,24.6251304879695
3014677,989.9144645117966
3014678,230.43094534135005
3014679,8018.124624086452
3014680,421.7468224473984
3014681,74.37552077115647
3014682,9.90346386654414
3014683,0.0015832294817833487
3014684,18.121398398454144
3014685,4203.063832299779
3014686,0.01530695034295345
3014687,746.237780907946
3014688,10.836364333583955
3014689,1784.2710498206811
3014690,1157.8407613494246
3014691,577.9322207543495
3014692,104.89155924860567
3014693,194.22324832574859
3014694,7097.418824029342
3014695,31.102690958434017
3014696,2.303332415506028
3014697,39.44348921320681
3014698,22.18741067663937
3014699,0.34495818183682025
3014700,453.8466886805713
3014701,22.52398643402677
3014702,28.149695877244937
3014703,8.914650253966485
3014704,94.75491168477954
3014705,10.140602713629294
3014706,886.8725985592097
3014707,598.9413685656701
3014708,19.311589091537748
3014709,36.675675400072045
3014710,566.4795791688302
3014711,121.66769538823503
3014712,3204.8168741842746
3014713,258.4826151731125
3014714,33.980526067011134
3014715,10.230503002489405
3014716,0.002237579881270727
3014717,21.58848831040305
3014718,6822.545231839563
3014719,0.002471622851687314
3014720,1022.6002079524201
3014721,17.269716981400506
3014722,1891.360907735168
3014723,1788.9092058081906
3014724,475.9646303200223
3014725,283.41189157834424
3014726,199.1439147341248
3014727,9295.980959239014
3014728,37.979033210380585
3014729,0.9336650178252328
3014730,75.48275098439447
3014731,58.736271609543316
3014732,0.5771486617675134
3014733,504.8247962732739
3014734,21.760736812269066
3014735,35.1197367213765
3014736,20.735639944603534
3014737,175.9270818389081
3014738,12.38871153450498
3014739,709.931484590335
3014740,572.6835727472303
3014741,19.509449572518218
3014742,24.069862368716805
3014743,835.8315990467675
3014744,205.1301257954877
3014745,7172.276621902892
3014746,335.92032466801106
3014747,56.66978477895541
3014748,8.272407533250007
3014749,0.0
3014750,17.83458713348212
3014751,3243.3116213162316
3014752,0.0
3014753,645.4308925327706
3014754,13.330334842742563
3014755,1435.3534784128565
3014756,857.408586844795
3014757,443.0018854333113
3014758,80.41729322979126
3014759,136.54020761609232
3014760,5795.280695149863
3014761,30.674290088971002
3014762,0.227265445483341
3014763,28.444459228520277
3014764,24.18153526718377
3014765,0.03993476405284668
3014766,403.7605423118819
3014767,16.46873456663137
3014768,13.492706752112992
3014769,5.26593093061309
3014770,83.57726413078188
3014771,4.167706574105647
3014772,603.0432550382667
3014773,529.051260646888
3014774,15.083362669588102
3014775,17.19300981924188
3014776,589.6291720365252
3014777,76.01468206422132
3014778,2260.2542293752576
3014779,283.5375476311313
3014780,16.52118793270002
3014781,8.374889787853741
3014782,0.0044628907406975915
3014783,11.489395111382844
3014784,5660.364801322604
3014785,0.003311237594121214
3014786,1181.7203677373914
3014787,18.436605884569698
3014788,1657.7701790780864
3014789,1853.1527500174677
3014790,354.33020419399185
3014791,400.7858422175316
3014792,292.45644385988203
3014793,7161.501047382339
3014794,73.37253946546339
3014795,1.141842219170333
3014796,45.4445345640761
3014797,44.617345023053836
3014798,0.4545479277542455
3014799,406.86498557423636
3014800,12.913392711955346
3014801,36.55773831828036
3014802,10.171741757304751
3014803,180.42265220467343
3014804,16.196514303805877
3014805,663.2998501859553
3014806,440.3111833300919
3014807,13.887887743786514
3014808,25.67016975601017
3014809,825.830358031619
3014810,210.2274588209873
3014811,9810.814533063998
3014812,222.76101009658328
3014813,72.67602836314808
3014814,4.933102744576002
3014815,0.1728225036151401
3014816,4.590878717505323
3014817,1582.9947713367924
3014818,0.0016956428084857116
3014819,334.0356729183949
3014820,21.107528345032595
3014821,722.8008727654759
3014822,519.1881707384654
3014823,190.94555165471203
3014824,76.58628497316681
3014825,74.20921607923326
3014826,2722.11183315257
3014827,19.4514654226015
3014828,0.8790511855277985
3014829,26.57051341700061
3014830,18.284550581275063
3014831,0.044128184005000695
3014832,177.35793160126434
3014833,8.54464104035408
3014834,8.060370897324185
3014835,9.639577842387034
3014836,51.10889882804152
3014837,7.698451012689125
3014838,212.24946609782856
3014839,202.05131342396214
3014840,3.0113364151843847
3014841,6.859700068924648
3014842,215.45182085033576
3014843,51.37795136390133
3014844,2002.9320584635072
3014845,0.5132460735269646
3014846,8.471158739143775
3014847,8.188568538946534
3014848,0.0017542395303263346
3014849,13.61767235130636
3014850,3464.704811788539
3014851,0.001988169630886783
3014852,530.4312455900739
3014853,30.06046621238759
3014854,1241.1343352505041
3014855,927.4116160713526
3014856,417.41403964802873
3014857,87.88169184816049
3014858,118.06117707559636
3014859,5536.246152123015
3014860,62.66993220337607
3014861,1.3235915471060506
3014862,45.92970302641623
3014863,26.036541079445197
3014864,0.022993818526020022
3014865,315.81153171265265
3014866,9.774745758306203
3014867,12.034907893821018
3014868,2.784765823733736
3014869,107.289098834552
3014870,9.036535238619662
3014871,472.85272288147394
3014872,439.2106350031238
3014873,9.514194636391883
3014874,19.86357242008492
3014875,335.81127208417377
3014876,80.7000811517909
3014877,2606.101762292207
3014878,283.451844732794
3014879,14.513661534656315
3014880,6.153294575386366
3014881,0.004565856438304008
3014882,4.577438830343373
3014883,4103.3341669630945
3014884,0.0034140852378196852
3014885,834.1988272355824
3014886,10.023610623884817
3014887,1344.3190630436548
3014888,1508.896757219918
3014889,225.37334524977607
3014890,326.64001091382823
3014891,196.65638695936937
3014892,4946.637908999722
3014893,51.5603644312146
3014894,1.432138014258864
3014895,39.509167669637584
3014896,29.445165594307195
3014897,0.08716882574577099
3014898,297.1437686788762
3014899,2.391695921213712
3014900,48.619371032095266
3014901,4.176972730315989
3014902,137.17962734337902
3014903,10.454385558255598
3014904,550.5108362832982
3014905,274.48908459703404
3014906,17.701687244953327
3014907,11.852231360939417
3014908,660.1098604993817
3014909,124.60988044732474
3014910,7505.683220429308
3014911,0.6988605829901116
3014912,47.31792626673111
3014913,7.948902554969729
3014914,0.0
3014915,6.5377591502364165
3014916,3847.3659734536
3014917,0.0
3014918,804.851925229134
3014919,10.651804091980738
3014920,1429.9481529693487
3014921,1151.4168593036363
3014922,302.00395815093714
3014923,205.0884385956017
3014924,260.5125106672586
3014925,5266.977214100461
3014926,32.09725042320563
3014927,2.2496797712820666
3014928,43.85474190792091
3014929,42.37688496761575
3014930,0.06353338209750584
3014931,296.97602700077687
3014932,5.875988143777827
3014933,55.67394621411129
3014934,10.064759947007897
3014935,194.50644937508733
3014936,10.217428799614428
3014937,407.8174481607426
3014938,305.388542805307
3014939,10.631629648638988
3014940,24.424624215621282
3014941,412.05473783500133
3014942,136.73337317242715
3014943,6873.070300585956
3014944,4.193730230315225
3014945,7.768793844337386
3014946,6.835891040956902
3014947,0.0
3014948,4.152847875530913
3014949,1825.4094344603066
3014950,0.0
3014951,433.58561152055154
3014952,5.3453095542499405
3014953,832.6534213356871
3014954,460.66236774380155
3014955,206.58371254536286
3014956,84.02068515913062
3014957,85.02010433982129
3014958,2748.139438668068
3014959,12.51533091016636
3014960,0.9428784804531885
3014961,24.626753857881987
3014962,19.792911494931033
3014963,0.0024286315960872517
3014964,164.2827323765716
3014965,6.139002629336536
3014966,14.062374918302693
3014967,4.981883709274273
3014968,56.95229527823334
3014969,3.5731732154159674
3014970,249.89658846770973
3014971,188.14801997849926
3014972,3.637069326737901
3014973,5.340153327722663
3014974,165.28204672366394
3014975,79.89380396609832
3014976,2791.6324233953806
3014977,0.21588216561455958
3014978,3.3527658567078786
3014979,5.11465912543208
3014980,0.0
3014981,0.06872711020840869
3014982,2654.8055219279754
3014983,0.0
3014984,204.22290774931938
3014985,3.178735104221607
3014986,825.6791075616659
3014987,271.4267891039381
3014988,170.29482857778146
3014989,51.30105284642804
3014990,21.13357122738899
3014991,3310.7052944211555
3014992,9.149890956403304
3014993,0.5507134053725806
3014994,13.082796236137138
3014995,7.12463445902373
3014996,0.1093920955546424
3014997,170.1790326447874
3014998,0.0011966087221972007
3014999,0.0029166086866954668
3015000,2.9505311526836335
3015001,29.543387498128432
3015002,0.7978826567312136
3015003,45.589297890743644
3015004,138.80207112323563
3015005,0.006824814025924996
3015006,1.4991449160525816
3015007,46.98671562900101
3015008,79.46214083712724
3015009,556.141436432274
3015010,0.0
3015011,1.5098986786685114
3015012,5.5132645097231245
3015013,0.0042589038087733145
3015014,6.232254663633126
3015015,2792.103038812585
3015016,0.0017234625029266802
3015017,488.2461013131895
3015018,9.99822643395156
3015019,1027.5988522351497
3015020,823.4102463117329
3015021,263.7850877306552
3015022,150.12764609733344
3015023,120.0458778611261
3015024,4188.452554513423
3015025,29.218860976438204
3015026,0.6166451491762175
3015027,18.567677202121658
3015028,48.50491425343523
3015029,0.007432051484961867
3015030,238.65493797011837
3015031,15.037671269089255
3015032,19.870170010112403
3015033,12.820534729454108
3015034,67.2478239867557
3015035,5.147844555728206
3015036,391.54927052878793
3015037,300.9236872189448
3015038,7.781547106901508
3015039,13.085880652456582
3015040,412.6037864983546
3015041,87.07936838499236
3015042,3216.527630921578
3015043,0.0
3015044,32.558560473879766
3015045,4.568392423429049
3015046,0.006153647184028401
3015047,7.584009676640896
3015048,3825.3551216226147
3015049,0.042325452676286304
3015050,623.9153251322696
3015051,14.455651486036889
3015052,1036.9496195723457
3015053,1271.7250764338764
3015054,172.33695789847127
3015055,261.8798350017945
3015056,190.7411312668614
3015057,3667.5309928293696
3015058,39.12278959710376
3015059,2.1558780698986584
3015060,31.037099117455995
3015061,31.743950088470136
3015062,0.6542757467335951
3015063,239.1768380732286
3015064,13.458332913591612
3015065,41.40677644435783
3015066,8.597207553533375
3015067,134.29684941725583
3015068,16.23500383387782
3015069,402.36327522142824
3015070,249.46190083318248
3015071,6.02691274641211
3015072,14.548786092645038
3015073,597.4841504301386
3015074,129.6227972470177
3015075,6435.2598878092795
3015076,0.40548407568483946
3015077,44.82163273842374
3015078,3.275544876863256
3015079,0.6236529530366932
3015080,11.40496020743438
3015081,3967.9815583236577
3015082,0.006116912750763336
3015083,762.7519009974011
3015084,17.063634774345864
3015085,1135.2762929308112
3015086,1278.4082861423242
3015087,244.68371266486304
3015088,264.59962030298584
3015089,149.57663551857976
3015090,4228.479382720992
3015091,29.29745407129822
3015092,1.395202580392369
3015093,42.27279917237295
3015094,55.582652937621184
3015095,0.04133419466713114
3015096,279.85914257276585
3015097,24.85438901387008
3015098,47.18552950828618
3015099,14.723502326154208
3015100,125.09365958890575
3015101,17.25589317435326
3015102,368.36012065124123
3015103,270.46474491423334
3015104,15.759004683675474
3015105,18.44457647624074
3015106,490.55357809515283
3015107,140.77350889278475
3015108,5747.608875244956
3015109,0.3281314775656305
3015110,29.583520237873376
3015111,10.337647606634638
3015112,0.21505188420726118
3015113,7.211676908746682
3015114,2768.1841401071965
3015115,0.0
3015116,420.934214166581
3015117,13.538666099426706
3015118,1199.598439757395
3015119,794.0419560238116
3015120,436.2570986947459
3015121,147.90759155475007
3015122,99.79884368303624
3015123,5364.88548958509
3015124,7.24650599639453
3015125,0.8162153435233186
3015126,44.48685015566473
3015127,34.60978121085138
3015128,0.004570452320660892
3015129,324.2789141551075
3015130,5.68346577487145
3015131,3.94668254349779
3015132,9.972374397602474
3015133,39.81656183078908
3015134,3.7273138005909363
3015135,303.4040406668888
3015136,387.3236446420557
3015137,5.148740405345396
3015138,5.533180866522327
3015139,321.9380082827051
3015140,103.93874722999082
3015141,1284.7346921904027
3015142,106.04832383767007
3015143,14.09157328578325
3015144,3.7638617912448327
3015145,0.006683274545751826
3015146,3.487101352348767
3015147,2102.932527952813
3015148,0.006918355676785945
3015149,346.1376499284458
3015150,9.86929170871298
3015151,662.7541105049136
3015152,640.2646457381876
3015153,121.068540847968
3015154,116.60313159200719
3015155,126.40524789794662
3015156,2438.0143392890695
3015157,17.606956469966217
3015158,1.298981125910481
3015159,25.860093540492617
3015160,27.268146668170505
3015161,0.03926233665130961
3015162,162.9335709790183
3015163,10.181431707658271
3015164,16.34532117045165
3015165,5.422758340671314
3015166,103.27387906035824
3015167,4.748347409876747
3015168,252.61742759308044
3015169,158.01963058910718
3015170,3.9576733337552135
3015171,7.782335548672846
3015172,256.2667877083996
3015173,68.86621873452675
3015174,2109.720927685406
3015175,0.0
3015176,21.1993508665042
3015177,1.1789288611969377
3015178,0.0
3015179,1.699321133573938
3015180,1348.133385027189
3015181,0.0
3015182,81.51818753515924
3015183,2.7459397818968276
3015184,600.6031991734825
3015185,221.7352119754872
3015186,168.4641264847233
3015187,28.440160470555583
3015188,29.798952128775312
3015189,2293.80257415171
3015190,3.306731621685005
3015191,0.27378208392445713
3015192,8.595981776835131
3015193,5.657000993946813
3015194,0.10737766055033464
3015195,133.600919188887
3015196,3.1308441347995837
3015197,0.003141738866526995
3015198,0.9192019284476638
3015199,8.283795264227233
3015200,0.32486444330260333
3015201,231.87240267607254
3015202,144.55010830079564
3015203,0.5811813566238231
3015204,2.1932126672750334
3015205,110.07025058427128
3015206,24.36946934788523
3015207,189.11029476818123
3015208,6.620804275962648
3015209,1.9783508956874374
3015210,5.608419883103484
3015211,0.18976842628692345
3015212,3.6334615545053435
3015213,4164.750396838811
3015214,0.00040160478769640513
3015215,970.7295593799437
3015216,12.974745862667053
3015217,1512.9937115278426
3015218,543.2710521370032
3015219,409.7732022615245
3015220,233.7298572674578
3015221,67.54127227672073
3015222,6152.821926893205
3015223,20.088408951539172
3015224,0.4351092278595028
3015225,21.524199110410834
3015226,13.602123296082674
3015227,0.02775476080577679
3015228,409.47571020191475
3015229,5.672741827044672
3015230,1.6987115977442762
3015231,7.161252806447854
3015232,33.58236203542812
3015233,1.700031291339894
3015234,736.0108784889411
3015235,328.0253362951792
3015236,1.5965406345016682
3015237,12.157552260083152
3015238,333.2986930055442
3015239,110.89764757453601
3015240,1292.982713410499
3015241,25.48745567835144
3015242,5.4126799912926185
3015243,4.343224472528003
3015244,0.0007269403174787694
3015245,0.8894402660310043
3015246,1394.187862467435
3015247,0.0
3015248,160.5027142227591
3015249,9.840956266746755
3015250,662.0393314841907
3015251,337.17201992449606
3015252,177.9458337321274
3015253,47.2026821195576
3015254,28.72084972816657
3015255,2421.4119375061846
3015256,5.739799822290421
3015257,0.2541725968050339
3015258,11.314626496383738
3015259,17.801243245960514
3015260,0.01966751351862399
3015261,143.66415782293666
3015262,4.93482043024216
3015263,0.011441844827724581
3015264,6.002226906898702
3015265,31.077010618650988
3015266,1.2591651478984778
3015267,206.6037224516228
3015268,144.9601746708904
3015269,1.114128837318738
3015270,5.660156431906696
3015271,148.47510552707215
3015272,37.31396043777312
3015273,296.74866195726224
3015274,7.910592109236962
3015275,1.781526021723368
3015276,3.588615279960763
3015277,0.0
3015278,2.197243631093524
3015279,1328.1007598845326
3015280,0.0
3015281,92.30370945844173
3015282,5.0926837073960085
3015283,603.1690382549137
3015284,209.81352912309396
3015285,107.95439539571892
3015286,31.137483238261517
3015287,22.854139430228763
3015288,2265.442995270472
3015289,6.978698679331171
3015290,0.13023285479675192
3015291,9.30530864694296
3015292,7.987151474650997
3015293,0.00014026733045918719
3015294,112.92944765396767
3015295,0.8816180734196184
3015296,0.005901484943193909
3015297,1.5946404701008094
3015298,21.73483943937419
3015299,0.6631063785023317
3015300,194.12910585461356
3015301,150.81465678492626
3015302,0.4645312308091171
3015303,3.886647830781449
3015304,95.16020293146846
3015305,18.252814559356977
3015306,162.6688028163728
3015307,8.936568250300526
3015308,0.8351659692580735
3015309,3.0133225409731246
3015310,0.0
3015311,2.0557128911241103
3015312,1374.2499555255706
3015313,0.0
3015314,147.5699086020705
3015315,7.140030246741967
3015316,768.0712124079619
3015317,330.0973627954313
3015318,199.37583504614224
3015319,35.80905252150458
3015320,31.480504706858547
3015321,2676.601133780383
3015322,3.3172410432027766
3015323,0.05938477620724656
3015324,5.638036716639912
3015325,15.546074103403683
3015326,0.008057185404492335
3015327,168.532337611406
3015328,0.6778053196917042
3015329,0.006135025426071526
3015330,2.4923819362298905
3015331,12.609091940341735
3015332,1.986717418693861
3015333,309.9230399625019
3015334,205.60167055532548
3015335,0.6582483645198456
3015336,4.583490983091647
3015337,79.33580681945237
3015338,94.57279290277343
3015339,338.85848708742424
3015340,3.4668047343537873
3015341,3.656663351511704
3015342,3.3155219077622426
3015343,0.7964864489230998
3015344,2.9802606164270937
3015345,1451.4993585629938
3015346,0.0025213598792660735
3015347,150.4817315249419
3015348,3.318997333178113
3015349,768.2670451968646
3015350,316.48078355934683
3015351,218.89681964933916
3015352,84.9920544136842
3015353,57.22623903621244
3015354,2612.356852805302
3015355,4.982807222628969
3015356,0.8530233658090882
3015357,9.210028838010045
3015358,17.068973479289276
3015359,0.03473204802508789
3015360,179.76921033891665
3015361,5.732324004521665
3015362,0.016017757319826614
3015363,3.1440063022475915
3015364,20.593809651681983
3015365,1.2237290472046647
3015366,160.9720458676403
3015367,163.98566281510875
3015368,0.795193793315147
3015369,4.968572798458115
3015370,116.05926256012025
3015371,45.677308231008766
3015372,557.6256591311738
3015373,3.759266157306234
3015374,3.6761973386699083
3015375,3.128476251221243
3015376,0.1664017022962493
3015377,0.4230846413762403
3015378,1268.2706525670442
3015379,0.0
3015380,108.43996487220849
3015381,3.739723894452384
3015382,629.270431025948
3015383,191.50053918288214
3015384,129.13024577391127
3015385,104.10939923279062
3015386,25.149414461596812
3015387,1721.5585696222497
3015388,4.01369042123595
3015389,0.056709208209587116
3015390,10.781090797914143
3015391,10.438916607955155
3015392,0.028569539703857717
3015393,127.37649257433796
3015394,0.0
3015395,0.0013322632377453269
3015396,2.1687268571983918
3015397,19.334181570807424
3015398,0.7726613674733767
3015399,56.495719036128165
3015400,113.99732276560862
3015401,0.6973955306649313
3015402,1.9699739871061346
3015403,58.08091793135889
3015404,28.854274411077416
3015405,417.4840399757606
3015406,0.0
3015407,0.7181881698286694
3015408,5.09884187876325
3015409,0.2835148175942255
3015410,2.8174687637664544
3015411,2481.0382274530766
3015412,0.0
3015413,255.21749665802992
3015414,4.670986190957282
3015415,781.1558384811527
3015416,510.5831981787324
3015417,376.350397881268
3015418,161.70758775527787
3015419,70.95876297869398
3015420,3686.566098182987
3015421,12.082116152167767
3015422,0.7948971985348132
3015423,18.513243204307116
3015424,18.92521506589025
3015425,0.0009338743443050167
3015426,207.8967407553914
3015427,0.020646276302056364
3015428,0.005179371814904956
3015429,6.577203164750391
3015430,26.015190231762944
3015431,3.124222049616124
3015432,299.2750021253874
3015433,196.30749756237606
3015434,1.8328691442398064
3015435,6.666240419472225
3015436,273.3870937826386
3015437,52.772984765448136
3015438,1058.2591204837277
3015439,27.540131363946017
3015440,8.573292603655354
3015441,2.5599667077982775
3015442,0.819248737084554
3015443,3.6464526054205857
3015444,1693.2190284861308
3015445,0.0
3015446,457.3835191462632
3015447,7.4693952111600925
3015448,443.35287305138695
3015449,428.6970631214939
3015450,140.42632451600116
3015451,118.22570243287775
3015452,37.40850608969739
3015453,2301.2400798234103
3015454,9.16115175166288
3015455,0.6850889919597183
3015456,15.313395901214857
3015457,15.545721331408703
3015458,0.0
3015459,134.17610774116477
3015460,4.7729159839892725
3015461,0.8723006346099487
3015462,4.178070493958635
3015463,54.461751415394986
3015464,1.7638935149669805
3015465,142.57731980144183
3015466,124.15294901199633
3015467,2.660158809886921
3015468,5.802679022703884
3015469,125.79192413338492
3015470,47.24848454091849
3015471,1367.8614240120803
3015472,38.14547991768894
3015473,9.522655109596913
3015474,4.807851542028904
3015475,0.3080655537280782
3015476,2.9566824885909195
3015477,2022.2739914510964
3015478,0.0
3015479,134.37617893542756
3015480,5.853706851692049
3015481,735.0541916163895
3015482,274.79749556596886
3015483,237.27084195336133
3015484,52.17220421504863
3015485,37.89371521554399
3015486,2901.312810299599
3015487,8.507046500998268
3015488,0.9394704725051841
3015489,11.213444293968127
3015490,9.35775061741356
3015491,0.17611896842705682
3015492,143.04462750578818
3015493,5.131546121930889
3015494,0.011868802561954522
3015495,3.0297274224297563
3015496,22.624429234707065
3015497,2.567129974742519
3015498,149.33282416000384
3015499,145.00957766063883
3015500,0.9391625804441541
3015501,4.764462961598816
3015502,147.33896487679334
3015503,23.215509419191054
3015504,426.5364877092183
3015505,5.245037255338065
3015506,4.00641486600656
3015507,4.81186963789554
3015508,0.0015050007524660678
3015509,5.939418005003307
3015510,2385.5112219395637
3015511,0.00035673893407470354
3015512,511.57030649666694
3015513,10.575019256636729
3015514,618.5068218069742
3015515,617.9908934926978
3015516,169.1351778702719
3015517,125.72758313020944
3015518,76.98346952035807
3015519,2835.975832594101
3015520,25.487251302185097
3015521,1.0931909932287618
3015522,15.415558927114319
3015523,25.725814953308184
3015524,0.008304483890603913
3015525,193.18226227079444
3015526,14.404429881373769
3015527,13.444955316220323
3015528,5.323921592465358
3015529,77.74779103262924
3015530,9.42763104645173
3015531,446.86701861122305
3015532,175.37733870846054
3015533,7.112227292578051
3015534,5.460583517954985
3015535,342.77975353731347
3015536,88.12882366166998
3015537,1655.8411419292356
3015538,0.0
3015539,24.496947976724712
3015540,5.782753991679244
3015541,0.14690322720785606
3015542,3.840368807717505
3015543,3962.3046553095674
3015544,0.0
3015545,368.42360468210126
3015546,5.087520684030712
3015547,1012.02317688072
3015548,534.7183751754999
3015549,457.19829968110656
3015550,73.58464443918513
3015551,67.34649640676935
3015552,4570.798476907094
3015553,10.468185724775166
3015554,1.3508698648630157
3015555,14.28839349686856
3015556,9.609026618696918
3015557,0.0008707826191725523
3015558,260.6891707661239
3015559,0.7130587236435588
3015560,3.679715957447046
3015561,4.140774034879692
3015562,37.83169410284769
3015563,1.0784013106316102
3015564,537.3057717411473
3015565,292.36799452222937
3015566,2.41091040093692
3015567,4.726718559113827
3015568,213.38507819932386
3015569,51.595743430033984
3015570,721.8122615301098
3015571,57.392008917539776
3015572,8.494996239797526
3015573,8.146195959213621
3015574,0.22438120565149386
3015575,2.5162845050723224
3015576,2404.605785946955
3015577,0.0
3015578,330.75774335978565
3015579,6.1972723690411
3015580,844.4641956113284
3015581,420.69275222121996
3015582,202.49977432613707
3015583,190.42392325447102
3015584,66.9684610115562
3015585,3265.855255679741
3015586,10.658555120337887
3015587,0.34321656567667397
3015588,31.99888380618485
3015589,22.30691682395644
3015590,0.05364520989589515
3015591,262.3550607356642
3015592,2.583552190480759
3015593,1.7807977143024893
3015594,5.268899570987901
3015595,81.74631203234259
3015596,1.7262347313594963
3015597,108.37563945982669
3015598,192.40521416955715
3015599,2.2161032932950535
3015600,4.6675155258024725
3015601,133.37319613705804
3015602,120.75821435290366
3015603,1069.2252439530052
3015604,0.0022364818737330193
3015605,2.919173694885454
3015606,3.3124229778908783
3015607,0.017266641627724552
3015608,2.5148318578860946
3015609,1791.8355989652441
3015610,0.0
3015611,107.38360346990473
3015612,3.975212459694956
3015613,583.9334437055267
3015614,281.3059012319148
3015615,127.01302850756656
3015616,36.55596238023953
3015617,43.29020316601444
3015618,2735.8307581243866
3015619,6.534655571323459
3015620,0.552974135420373
3015621,19.674063923992087
3015622,17.07186711558046
3015623,0.01901069780826419
3015624,146.3055020067197
3015625,0.3776922712208455
3015626,0.0031034219226724743
3015627,3.563755195530806
3015628,79.93052200232393
3015629,2.10230621991271
3015630,115.88842249006498
3015631,126.3121117834617
3015632,0.725726073010285
3015633,4.584512048930842
3015634,119.57556627026577
3015635,27.046543850498526
3015636,370.93370092482974
3015637,6.719711654497032
3015638,1.4029105097523051
3015639,1.7681378400961871
3015640,0.010694260207485554
3015641,2.200592732744392
3015642,1376.3834130400724
3015643,0.19396927591335453
3015644,260.42946956325164
3015645,8.803161358712178
3015646,493.493128660691
3015647,474.13001627516223
3015648,114.86304102163952
3015649,50.279710076820635
3015650,66.40245036527276
3015651,1997.763850000478
3015652,30.909746891725707
3015653,0.36964103085725925
3015654,11.450481813928006
3015655,11.498157607700591
3015656,0.23572598802770012
3015657,122.21201882328735
3015658,11.06448812177451
3015659,2.241836160589687
3015660,4.117148247325261
3015661,54.96349885716749
3015662,3.9983237085363283
3015663,849.4420586933805
3015664,135.80250389667404
3015665,4.234723971773063
3015666,5.590248548574881
3015667,303.4267174672633
3015668,28.9271490064233
3015669,1086.2639052131244
3015670,0.0
3015671,6.205022894440345
3015672,2.274953468651575
3015673,0.007404273785381622
3015674,2.471340420585872
3015675,2691.1762867025404
3015676,0.018871024517264433
3015677,645.8335261577863
3015678,16.09166139305975
3015679,927.2361221274817
3015680,1030.751500002722
3015681,218.7897881294348
3015682,183.97536272322623
3015683,139.0139468074309
3015684,3338.921642229412
3015685,43.82620218096327
3015686,0.6764465278972713
3015687,17.572605503343848
3015688,30.218850467084973
3015689,0.02831144653881465
3015690,215.91550629727857
3015691,7.108362301616754
3015692,27.320745859289836
3015693,8.007106977417536
3015694,78.73819339711379
3015695,11.139396375486546
3015696,329.64270711148566
3015697,213.70513730776173
3015698,15.189149203945494
3015699,8.855960791767787
3015700,423.1035527033044
3015701,99.13991040663298
3015702,2789.3631575838385
3015703,0.0
3015704,19.977040304928277
3015705,2.4473809520018635
3015706,0.006413088586079394
3015707,3.208807971377815
3015708,2062.4199341427193
3015709,0.0
3015710,405.0789599933399
3015711,6.713668440019279
3015712,420.66140090529234
3015713,525.7805745249094
3015714,136.10216770569892
3015715,120.09884842212766
3015716,81.12840852782618
3015717,1724.0753500270832
3015718,16.878656208448056
3015719,0.8011665922119446
3015720,15.352272225064052
3015721,15.488115311317177
3015722,0.004735649850595075
3015723,87.35472851856272
3015724,0.000840899041886289
3015725,20.804269963733887
3015726,3.1649604228093997
3015727,187.96829347686713
3015728,9.465483517011632
3015729,184.205283609777
3015730,97.19780267289948
3015731,3.8194337441594426
3015732,4.719951227537648
3015733,170.39666491486489
3015734,33.10229125403298
3015735,1445.8166656237095
3015736,0.5529289108274005
3015737,3.3353179681741345
3015738,2.4105758988375547
3015739,0.0
3015740,1.5537460056786783
3015741,609.1008451737185
3015742,0.0
3015743,159.24785503586835
3015744,3.5993373412549197
3015745,250.65228959109348
3015746,172.007592871108
3015747,49.975442799613184
3015748,22.464457778839
3015749,20.831337598395294
3015750,998.0958447996089
3015751,2.968439023280008
3015752,0.31966714292400505
3015753,6.715008012929998
3015754,5.024177055272499
3015755,0.1598518563305772
3015756,57.08489999338041
3015757,0.009869913212125526
3015758,2.985872055191424
3015759,0.27427705344718223
3015760,22.27546406715072
3015761,0.14500440198836848
3015762,178.3530213498713
3015763,82.64082056602332
3015764,1.729028593994335
3015765,0.8794591037041457
3015766,95.40787948188596
3015767,14.0220660430991
3015768,328.77484418683935
3015769,0.32855325843475597
3015770,1.2121602649502603
3015771,4.70964496499541
3015772,0.3454157869985419
3015773,2.3554801282981126
3015774,2232.8532351959257
3015775,0.1126938273497688
3015776,478.13846329249236
3015777,14.243610593519609
3015778,632.5784564643558
3015779,691.9558287637881
3015780,223.60937207296956
3015781,181.3479288470803
3015782,91.19375509207306
3015783,2922.0943309656523
3015784,26.531449777242745
3015785,2.232514406056609
3015786,17.7969138635474
3015787,23.655692686964315
3015788,0.05899654991598265
3015789,160.9375771900606
3015790,4.333047390331952
3015791,24.922760900849365
3015792,7.3502425616125855
3015793,123.24760872775771
3015794,3.1922731592469553
3015795,218.35669515812793
3015796,172.2378968809485
3015797,7.868712486922174
3015798,7.038661431429098
3015799,275.61322416197163
3015800,67.09427941503397
3015801,1850.8551390784562
3015802,0.813408795767891
3015803,13.283157908368747
3015804,4.076247304301916
3015805,0.0
3015806,2.1205059692458894
3015807,2922.0451371889135
3015808,0.0
3015809,443.90010046811244
3015810,8.075337469316503
3015811,908.7315925316854
3015812,608.6786526520311
3015813,269.3128672929039
3015814,176.20454429583387
3015815,56.8739172552329
3015816,3995.1503466995127
3015817,12.500765912799922
3015818,0.36555315291204443
3015819,26.24292727710642
3015820,13.736441247087965
3015821,0.48150769498783436
3015822,201.31793847203423
3015823,0.002262149612049215
3015824,4.808919440451188
3015825,3.455518027569372
3015826,41.85785253630723
3015827,0.68946057946154
3015828,281.6139071276819
3015829,208.0166281607918
3015830,3.0979876259829435
3015831,3.408216881414196
3015832,157.13409425073286
3015833,56.506680336473245
3015834,1299.9774561610852
3015835,1.376257153723337
3015836,3.1076108408995333
3015837,4.5637423611488614
3015838,0.3120245257348423
3015839,2.2779036270776487
3015840,2591.675668094935
3015841,0.0
3015842,607.5035241582115
3015843,11.171935945021785
3015844,720.8555322918722
3015845,490.1936310792616
3015846,216.5256636377744
3015847,174.05404301161764
3015848,58.68406296127965
3015849,3390.393383332375
3015850,13.641981083486044
3015851,0.8680240302520064
3015852,26.865772153747894
3015853,13.613424288035516
3015854,0.0
3015855,197.95913105398697
3015856,0.0015359862252949511
3015857,3.91579768819396
3015858,4.323049577453671
3015859,84.68637091508137
3015860,1.024659339689773
3015861,141.3897856544939
3015862,172.73974974147356
3015863,2.368853126959508
3015864,3.4414700748147737
3015865,140.99676464173703
3015866,50.99674737223206
3015867,961.5676893778586
3015868,0.9156732763796893
3015869,4.216357673738437
3015870,7.205139342364232
3015871,0.06633991224606355
3015872,11.543579707665975
3015873,6559.289160769765
3015874,0.003412400949099429
3015875,949.3989967703496
3015876,57.58080976165463
3015877,1376.0669109515677
3015878,1578.695284373933
3015879,277.3361010443158
3015880,364.93159727014455
3015881,250.4077204273059
3015882,6515.330853663943
3015883,63.162916872936705
3015884,1.8551107454478535
3015885,50.240398332297566
3015886,37.89189532854817
3015887,0.041705188666338544
3015888,361.68252452981835
3015889,26.461162631890183
3015890,32.822437025001925
3015891,23.118551366351674
3015892,216.3508609304841
3015893,22.09814284887249
3015894,564.2361150381291
3015895,387.5348066114545
3015896,15.571183845561364
3015897,20.80849286146388
3015898,840.1378695879749
3015899,201.44939992564372
3015900,5633.316152761809
3015901,0.6921165530929927
3015902,62.99303143317278
3015903,2.951976094806466
3015904,0.23514542584840054
3015905,0.22348418044942764
3015906,1702.3029771968866
3015907,0.0
3015908,157.48154145508371
3015909,4.174632362767134
3015910,607.8573470596697
3015911,211.72572441559942
3015912,106.35767365521612
3015913,94.52658088198905
3015914,40.164190076525635
3015915,2446.3819877219603
3015916,5.095565813620995
3015917,0.2583371260901922
3015918,10.336994630004801
3015919,6.609730419265795
3015920,0.003207516339594243
3015921,197.52601738485924
3015922,0.40313052515785897
3015923,0.006540312632581479
3015924,2.019766718521088
3015925,16.48015459189867
3015926,0.6480567972897275
3015927,135.74882113282615
3015928,86.19439227640393
3015929,1.524866675240888
3015930,3.702098910742766
3015931,98.1698167473895
3015932,24.50187842914907
3015933,553.5039024256123
3015934,0.005073713811568898
3015935,2.844376032516978
3015936,6.655808974165536
3015937,0.020841198768501025
3015938,1.0549353276609512
3015939,2897.4509477945307
3015940,0.0
3015941,473.67897878216127
3015942,8.353720526506212
3015943,880.5806482419697
3015944,479.98688148169487
3015945,182.58070321867595
3015946,218.74577632490593
3015947,77.31300709574609
3015948,3657.4571387389256
3015949,9.787250373246579
3015950,0.4042573995056942
3015951,18.470805166010354
3015952,15.467165913570781
3015953,0.008589883581027996
3015954,256.9450946314409
3015955,0.5702913421092735
3015956,4.49625275362591
3015957,6.838315240877284
3015958,18.383982015535906
3015959,0.9022572843712744
3015960,533.5944869990436
3015961,196.8100603329207
3015962,2.9905762562816536
3015963,4.211897274528109
3015964,125.35132777376492
3015965,52.086662329675654
3015966,1109.5518668660027
3015967,0.743250760878507
3015968,3.5616104098715073
3015969,1.2751032605168198
3015970,0.0
3015971,0.49209178485521843
3015972,832.672608122903
3015973,0.0
3015974,130.3198151662889
3015975,2.471508713378639
3015976,565.2162460593598
3015977,119.26074549689496
3015978,85.66920402556569
3015979,184.76921065346804
3015980,14.285041978559326
3015981,1841.4191078765723
3015982,1.3310545940582053
3015983,0.2073913841035339
3015984,6.487303832183201
3015985,3.6546435099767747
3015986,0.1192058062385966
3015987,72.10227678445915
3015988,0.0
3015989,0.0018302371325533146
3015990,0.5829116117025892
3015991,16.99755170181565
3015992,0.28091955320986634
3015993,114.2910597215206
3015994,65.86944148235061
3015995,0.497002596193026
3015996,1.0756096005221627
3015997,41.528659955521185
3015998,10.57060194146205
3015999,188.09045937019204
3016000,0.0
3016001,1.1260448417981492
3016002,5.161078751463725
3016003,0.0
3016004,1.8613657307571994
3016005,1803.3840701906765
3016006,0.0
3016007,186.11867835070527
3016008,6.0526323121134045
3016009,786.1461729835052
3016010,350.5323302796036
3016011,153.9880598653619
3016012,136.07689390394796
3016013,45.76936938926939
3016014,2549.7480765524374
3016015,2.5792147573886686
3016016,0.3035711124411982
3016017,24.50597254016334
3016018,13.510214238464169
3016019,0.03061869265875388
3016020,168.24382890139643
3016021,0.0
3016022,0.002980175145220836
3016023,10.712889108105584
3016024,27.632592315406722
3016025,1.149773480952252
3016026,360.46107168712655
3016027,183.52239319839236
3016028,1.6700957579788578
3016029,2.771799965815486
3016030,191.20608382923587
3016031,23.268437679104327
3016032,1078.045729873988
3016033,0.0
3016034,0.5154124181648208
3016035,2.539883444952688
3016036,0.22693410237997544
3016037,1.1725210973516123
3016038,2315.6787319835294
3016039,0.0030938029422904667
3016040,618.2821075090854
3016041,9.937923910638194
3016042,740.8534891844729
3016043,495.86014524400514
3016044,206.05205074252513
3016045,98.56738512061703
3016046,63.5431597002045
3016047,4005.4916608115745
3016048,6.071843801214825
3016049,2.673509786323357
3016050,16.908130985831505
3016051,33.21059696665981
3016052,0.025542000059164845
3016053,178.2711336404089
3016054,1.4957374721434036
3016055,3.3427276703283546
3016056,3.0671991746540614
3016057,25.950492675650036
3016058,1.8262314739591812
3016059,222.47514161624642
3016060,227.33194029297053
3016061,2.7613552523917138
3016062,5.145079240208159
3016063,127.02810338266289
3016064,28.370844321572477
3016065,586.8951018053875
3016066,2.361032152715615
3016067,2.026570990911495
3016068,2.8666570713679955
3016069,0.0120728756150779
3016070,0.3948968759616831
3016071,1260.914415074509
3016072,0.0
3016073,98.35179714581477
3016074,1.4612216588028146
3016075,359.57016675911746
3016076,128.1121373857818
3016077,81.00253514532528
3016078,100.74534403252942
3016079,29.165159361018326
3016080,1576.2010690355166
3016081,3.5065933849339723
3016082,0.4126189550134303
3016083,7.627231459684705
3016084,3.782892580355277
3016085,0.16080305514394957
3016086,84.65443160711574
3016087,0.0005943282550980763
3016088,0.0026124792938751772
3016089,0.2208461216175806
3016090,28.697719251208852
3016091,0.5724232042941482
3016092,292.0893271179201
3016093,63.54101159851393
3016094,0.6713429622894276
3016095,0.7062727657451844
3016096,62.59150094777905
3016097,14.176106353535845
3016098,306.8220439554424
3016099,0.0
3016100,0.8318912796079112
3016101,3.580880744546863
3016102,0.0
3016103,0.6610011249984429
3016104,3203.5286500495163
3016105,0.0
3016106,521.9223442161871
3016107,9.700285762741025
3016108,714.847599057746
3016109,470.9086632339685
3016110,168.35312076454233
3016111,173.93269249622446
3016112,64.35535953618819
3016113,3367.9692661779277
3016114,7.404794343663456
3016115,0.3306253752472403
3016116,19.376205286781758
3016117,7.248372704556456
3016118,0.004876640852194088
3016119,174.43988024879422
3016120,0.004194796776506894
3016121,23.976926796801134
3016122,3.5098244565515753
3016123,35.610308925674026
3016124,1.1746705276238814
3016125,402.3660647183525
3016126,172.66844351175297
3016127,3.0804675834177075
3016128,2.554264625450062
3016129,121.55363191203882
3016130,34.52803624436105
3016131,1224.2125135904776
3016132,0.6604323081828218
3016133,0.6749971293498838
3016134,2.712553241698432
3016135,0.005492218270040238
3016136,6.155634238900913
3016137,2288.4605561280773
3016138,0.004339384962107022
3016139,514.5092982646714
3016140,5.573797861457245
3016141,747.5337979311456
3016142,721.9038915317105
3016143,158.55248372713868
3016144,110.2094374850778
3016145,107.09698007685488
3016146,3110.100092561796
3016147,45.48592536647398
3016148,1.1773372518673901
3016149,25.817441092815578
3016150,23.361669558911778
3016151,0.014479852726140096
3016152,201.06811553512014
3016153,16.127726096656644
3016154,19.83867763020898
3016155,1.2957830584616663
3016156,115.7668508244325
3016157,8.472750241887008
3016158,221.9482982667105
3016159,247.20417429953454
3016160,10.120157757631288
3016161,11.638908555247108
3016162,224.54537184194777
3016163,76.56320627739962
3016164,2154.9777159203736
3016165,0.0
3016166,11.3328387849
3016167,4.668040927132414
3016168,0.0011093189542380477
3016169,5.124002017096256
3016170,1651.1030615799755
3016171,0.0
3016172,372.65258746862344
3016173,12.63648395974699
3016174,682.3086974034641
3016175,585.6971946082149
3016176,120.0609786910727
3016177,61.147678339552364
3016178,90.54726668485497
3016179,2841.686254769699
3016180,19.87563486562113
3016181,0.5909356975440876
3016182,34.757284044169516
3016183,23.090050581381906
3016184,0.006322786966974538
3016185,240.97713879888428
3016186,17.22323028713369
3016187,11.573682703632539
3016188,8.6108473112227
3016189,82.21204077477559
3016190,9.323995997643904
3016191,132.955231719544
3016192,262.3640558652135
3016193,7.036481415490909
3016194,10.134394054667869
3016195,109.51399523811567
3016196,71.61511755809236
3016197,1548.1391389397108
3016198,9.555473207021507
3016199,14.55822219453859
3016200,5.332062609483381
3016201,0.18537526596849108
3016202,2.999522324745068
3016203,2832.0498566617894
3016204,0.0
3016205,599.0173006754976
3016206,4.993613431359001
3016207,1126.830876950073
3016208,493.5869553974279
3016209,151.78543296314692
3016210,307.1028436712052
3016211,50.138051179723206
3016212,4611.332852131532
3016213,25.743136864954632
3016214,0.9701145064759067
3016215,23.311574746335744
3016216,12.94886580423241
3016217,0.01378315862424461
3016218,290.9883768516643
3016219,3.8404717121373757
3016220,10.226035516409306
3016221,6.74073100219465
3016222,57.910225764672155
3016223,4.095254017240779
3016224,227.21570591873478
3016225,268.36771875694524
3016226,5.19743984074291
3016227,6.73916489399553
3016228,202.33040696655846
3016229,40.06077863836692
3016230,1302.2088632075472
3016231,7.532745390588817
3016232,10.646007831064857
3016233,3.2072752089737877
3016234,0.036762567958528135
3016235,3.050325992139376
3016236,1780.5743239357892
3016237,0.0
3016238,299.41279263028594
3016239,6.290236384728232
3016240,567.9978669691479
3016241,525.2837782494641
3016242,156.4927628802679
3016243,99.97749142267598
3016244,58.29557197516074
3016245,2480.6754501879504
3016246,20.062336126927008
3016247,0.9073693587357392
3016248,11.55200952858444
3016249,6.373707310678058
3016250,0.13628853556561948
3016251,147.8168161474976
3016252,11.806063044195085
3016253,15.6773815833388
3016254,1.191820121487933
3016255,62.24813877040145
3016256,5.854244058143166
3016257,277.75708701111085
3016258,170.8406526973454
3016259,4.78980724876871
3016260,5.652875619212455
3016261,265.07077584962013
3016262,43.18005728436714
3016263,1494.71991350864
3016264,0.10855256719888118
3016265,17.214017413491387
3016266,2.3200611152510424
3016267,0.004957702845802519
3016268,1.683458140528137
3016269,4744.655772478483
3016270,0.0024204972897846886
3016271,367.28104830399883
3016272,7.222959937373547
3016273,1407.3834576680747
3016274,484.9558905471905
3016275,215.6713705947577
3016276,141.69022885510867
3016277,63.540838461100634
3016278,4720.101992381645
3016279,7.771641829500426
3016280,1.4314398347672364
3016281,26.11810479301382
3016282,17.539506588149653
3016283,0.03324093313530233
3016284,362.4037651848222
3016285,0.008271006457742208
3016286,0.2057140936083949
3016287,7.231807344453838
3016288,20.783152720207465
3016289,1.7537147433317224
3016290,149.95863869262678
3016291,247.75617257122093
3016292,2.8244846806895962
3016293,7.6802287055076786
3016294,147.7492948519976
3016295,43.68370641669412
3016296,1043.9216672751288
3016297,0.0
3016298,3.8291460483500543
3016299,4.840235690817941
3016300,0.0023179350936873865
3016301,6.9691978023817915
3016302,1533.778024855231
3016303,0.0
3016304,383.2131810066237
3016305,9.909806649999247
3016306,731.0846122251901
3016307,523.0934438930097
3016308,177.3775352130942
3016309,97.82982392021583
3016310,114.15194993339762
3016311,2710.147469684088
3016312,24.319268705452146
3016313,1.0287376438459774
3016314,29.098538746511714
3016315,20.387022190950542
3016316,0.005901571716118344
3016317,165.67921850091273
3016318,12.663995953819734
3016319,8.657913768243105
3016320,6.908354850472235
3016321,60.09095716294397
3016322,9.287079428441523
3016323,164.86643233580153
3016324,219.40358343993037
3016325,11.198798488600637
3016326,6.243944376437694
3016327,139.30766826425767
3016328,51.91884326048726
3016329,1434.6791567995451
3016330,0.38246818543483074
3016331,4.899960294118266
3016332,2.8315383707308395
3016333,0.0
3016334,4.629027903178665
3016335,1859.1558411915796
3016336,0.0
3016337,347.0149595381469
3016338,7.043232652408687
3016339,550.3831239504191
3016340,654.9808389441021
3016341,142.9252459366292
3016342,97.66105412695293
3016343,88.12606400300754
3016344,2521.961600434911
3016345,22.49378715942471
3016346,0.6742991490362384
3016347,29.739542873909286
3016348,23.044111488889055
3016349,0.0017787379059241713
3016350,166.5254054748951
3016351,9.126035523790902
3016352,25.882849268385172
3016353,4.115088204473906
3016354,60.37300544485658
3016355,7.023190951515943
3016356,214.54231202652988
3016357,156.2422383161599
3016358,7.98569228550488
3016359,7.194614546539475
3016360,189.32854428414305
3016361,47.72924306186465
3016362,1814.9918050018532
3016363,0.32838424786016557
3016364,10.737767629540754
3016365,5.0226929124626425
3016366,0.022317049186635216
3016367,4.212095726185055
3016368,4465.282449822408
3016369,0.0
3016370,468.3343352384918
3016371,14.822775692798848
3016372,1050.0982766351513
3016373,548.7482879471183
3016374,233.72922936710208
3016375,149.7693158072541
3016376,68.88715725498103
3016377,4114.845057290389
3016378,9.702287217971179
3016379,0.15502545440603144
3016380,14.64248987285308
3016381,16.51669577927444
3016382,0.11217520199696948
3016383,211.4738278881114
3016384,0.0011036814648207798
3016385,7.121308051580838
3016386,0.9770852327292261
3016387,82.44121634719434
3016388,2.8463606344592263
3016389,277.1530618075915
3016390,256.0484378011341
3016391,2.6708358428021097
3016392,1.4062912497754643
3016393,199.16112965619166
3016394,109.16083904080686
3016395,1105.675381107602
3016396,1.7403264148886937
3016397,0.44314687379247364
3016398,12.643482528261648
3016399,0.004150526543324665
3016400,11.572858252865693
3016401,7392.693191010655
3016402,0.0029992315336332793
3016403,1187.8824430417617
3016404,28.74501889924865
3016405,1756.5809691136708
3016406,1801.3660534855203
3016407,380.0545892055455
3016408,404.153333102343
3016409,332.6417211935695
3016410,7296.893798500115
3016411,78.87788015029368
3016412,3.2124867332340346
3016413,103.02948708378594
3016414,99.18407953709902
3016415,0.03585097152667437
3016416,477.14526825845144
3016417,20.90975038590803
3016418,20.700607236840302
3016419,46.177487867697614
3016420,320.7105679397952
3016421,19.380627796092334
3016422,658.0637240348674
3016423,398.003465522727
3016424,28.910504110878797
3016425,31.64797176180297
3016426,859.366892943859
3016427,289.0504787989678
3016428,6331.342177572619
3016429,278.79697179403956
3016430,63.41791921077521
3016431,10.712782225312328
3016432,0.0018265232431762955
3016433,10.106706930409086
3016434,6445.760218026879
3016435,0.00206047022346188
3016436,896.8837233866726
3016437,28.30133386868284
3016438,1795.5732932722883
3016439,1571.711642333837
3016440,507.89892913173827
3016441,261.312392449838
3016442,239.37435459814006
3016443,8383.117444293408
3016444,84.10440058815423
3016445,1.1659354675718934
3016446,55.54926286879788
3016447,66.56992353626569
3016448,0.5098814718297049
3016449,450.52049198787614
3016450,15.473347125696232
3016451,28.51038478508526
3016452,8.171317808448947
3016453,215.12143577165014
3016454,16.621353553091335
3016455,818.8861278079165
3016456,512.5873625353368
3016457,18.3921280959991
3016458,20.23267451625877
3016459,902.0251936055515
3016460,195.5084011287127
3016461,4460.977361662026
3016462,344.53564100687896
3016463,56.353768696525265
3016464,9.631833458217768
3016465,0.0007022216182204052
3016466,17.986816091915788
3016467,4097.884258534557
3016468,0.014413870885497814
3016469,675.7484477503382
3016470,11.875521570637162
3016471,1500.842103687456
3016472,1080.5133219873935
3016473,529.98565093659
3016474,96.67688700984289
3016475,181.2618138824376
3016476,6662.661446455548
3016477,33.38376568976385
3016478,2.110813397613257
3016479,39.90739395810347
3016480,23.732188784325928
3016481,0.39514486850950126
3016482,402.7407269112781
3016483,19.924045914716714
3016484,16.274175140704653
3016485,9.588014140178675
3016486,103.18107746228767
3016487,10.3695592817182
3016488,671.9477419557874
3016489,512.9516597233404
3016490,16.968588008594967
3016491,30.871854356558412
3016492,544.5753014811961
3016493,111.27687379681586
3016494,1777.4110716863297
3016495,223.42831296643695
3016496,32.83804977377489
3016497,12.284094434114685
3016498,0.0005941980464864841
3016499,19.282513334390863
3016500,6267.304802290082
3016501,0.0008278572536378914
3016502,911.3800155050418
3016503,19.863650319235006
3016504,1577.7180440869083
3016505,1486.1929174997153
3016506,457.55889071624273
3016507,243.71581613451636
3016508,174.17017102769807
3016509,8366.086177821906
3016510,38.454871255112764
3016511,0.9836786106830431
3016512,85.26909786530926
3016513,57.239479425434496
3016514,0.5639605468417574
3016515,450.33578169355974
3016516,20.825938136973086
3016517,28.847089266706178
3016518,18.259094630673125
3016519,199.1303041053765
3016520,12.913793926482276
3016521,684.2279380471775
3016522,517.0325836627383
3016523,17.208527019199188
3016524,24.12310221180428
3016525,765.077079333271
3016526,181.90853123577298
3016527,4041.0144557376816
3016528,282.2835622816766
3016529,52.41179726460808
3016530,7.894900569648033
3016531,0.0
3016532,16.364160507551805
3016533,3220.4178452580395
3016534,0.0
3016535,621.8036630892959
3016536,14.063706512098962
3016537,1361.1849270251685
3016538,834.1287572747224
3016539,443.245861960136
3016540,74.21141701598614
3016541,143.94385827220552
3016542,5933.580061677333
3016543,32.57585066508699
3016544,0.22682924799560908
3016545,31.694570680695975
3016546,20.22594351908629
3016547,0.03995650053395097
3016548,383.98358122234094
3016549,19.38034540317027
3016550,8.617900906947414
3016551,3.67622827752958
3016552,126.57143963237199
3016553,4.195923723839594
3016554,598.8509948793762
3016555,470.2483310676888
3016556,14.183094936584183
3016557,16.003515031902626
3016558,585.7073277508682
3016559,78.31999630602981
3016560,1283.4192587541768
3016561,297.2570804297756
3016562,15.347643437729143
3016563,10.343985960552413
3016564,0.0019162562574581887
3016565,10.931718284831748
3016566,5164.792690099014
3016567,0.0007675229197098277
3016568,946.6264635406836
3016569,23.48636487157071
3016570,1393.7502365852315
3016571,1676.5547686291138
3016572,312.7660825410701
3016573,358.1140658688287
3016574,247.10936059407484
3016575,6227.488841431796
3016576,64.97871963429417
3016577,1.103035240391951
3016578,48.345948329860676
3016579,46.2839207211737
3016580,0.4110424992343714
3016581,364.21776222922654
3016582,12.583575044251072
3016583,23.032986522215758
3016584,9.792737478079163
3016585,248.4662592731368
3016586,13.887384469955212
3016587,628.8905562447102
3016588,379.627952395615
3016589,15.723233229874634
3016590,25.22079737714577
3016591,715.2184136156473
3016592,175.70752752189625
3016593,5570.23400055774
3016594,171.75380073218247
3016595,60.266403673216814
3016596,5.334540119483444
3016597,0.17247252613367667
3016598,4.321218805691311
3016599,1546.415486602868
3016600,0.0013967306396090607
3016601,311.711910405342
3016602,23.576615332089855
3016603,738.1981626942276
3016604,455.9684907204279
3016605,182.26592880255438
3016606,60.51233088751369
3016607,75.09190236877966
3016608,2509.3004018834713
3016609,20.041911252320137
3016610,0.9123943325946762
3016611,25.05971856325298
3016612,19.515435935155367
3016613,0.03729503638113761
3016614,163.0225742972541
3016615,8.785579185291228
3016616,4.85448044000139
3016617,9.153186953282543
3016618,63.265295465905325
3016619,7.808038530013684
3016620,224.71430734068377
3016621,178.9602551928949
3016622,2.3842896522959123
3016623,6.036588646146086
3016624,184.2820180975193
3016625,54.977231075757274
3016626,1206.3090065971298
3016627,0.4923481852488674
3016628,8.13644081135648
3016629,12.197796152830854
3016630,0.048088638227666215
3016631,16.31282991226552
3016632,4299.277199923016
3016633,0.04804561970848036
3016634,547.6078458119536
3016635,47.535940624041146
3016636,1513.6480043230345
3016637,1077.0968194677446
3016638,465.8441373740292
3016639,106.66347512674065
3016640,206.98781809081385
3016641,6055.984207065222
3016642,80.92850038310608
3016643,1.6259883106819832
3016644,63.187535594586464
3016645,37.008136274956875
3016646,0.12227980477606323
3016647,333.74159904693676
3016648,12.259232254184985
3016649,9.22931290757391
3016650,3.9005873026372315
3016651,153.65242793978595
3016652,12.245432499131049
3016653,534.3093361581197
3016654,507.2892272857848
3016655,12.832144301652898
3016656,23.453455920961975
3016657,370.87176456933855
3016658,98.79469263268841
3016659,2175.670458923821
3016660,296.34470866766856
3016661,19.719346126458994
3016662,5.717067451539761
3016663,0.0037139239928134942
3016664,3.3572113213614543
3016665,3342.014568738895
3016666,0.0025631295637863977
3016667,647.3016281686637
3016668,10.204537648712183
3016669,958.5975405842876
3016670,1150.0682046545357
3016671,186.1610186141745
3016672,246.2212689526272
3016673,212.09586560566945
3016674,3765.7808880526195
3016675,42.46758897155756
3016676,1.3486071088693983
3016677,25.669097423202704
3016678,27.166015211884332
3016679,0.07870202060452607
3016680,217.9788497815343
3016681,2.262164316192177
3016682,45.688949214406826
3016683,4.024807678695003
3016684,133.7618996627435
3016685,9.750500130988488
3016686,472.4953798900129
3016687,183.81753724458252
3016688,14.790599637024936
3016689,11.66631503426997
3016690,508.67638701209773
3016691,104.3485000358983
3016692,3765.7693738760217
3016693,0.6867172563730859
3016694,33.78118157539014
3016695,7.702813056567978
3016696,0.0
3016697,4.714924665220638
3016698,3588.13002427775
3016699,0.0
3016700,701.8669923251522
3016701,12.39028068882906
3016702,1251.9280239466796
3016703,939.8113647948225
3016704,281.0615039742375
3016705,167.28445964620042
3016706,305.78545850562966
3016707,4758.208223131512
3016708,31.129653626559318
3016709,2.2277330185610045
3016710,51.2718685427351
3016711,36.277626678731686
3016712,0.04231964078243093
3016713,267.2778874856957
3016714,6.496370730466865
3016715,43.65018926034302
3016716,8.791429529548095
3016717,241.58447509780925
3016718,10.444227746279699
3016719,365.8008831598131
3016720,260.3289855238697
3016721,13.669689782841385
3016722,23.228261580427287
3016723,361.98131569449146
3016724,115.04349981858999
3016725,3643.6813784804053
3016726,3.684856109050151
3016727,7.032469817199573
3016728,5.280118625272143
3016729,0.0
3016730,3.129652108677506
3016731,1607.5555298871539
3016732,0.0
3016733,356.50070385553437
3016734,6.048186648292734
3016735,651.526006683198
3016736,362.3033560331692
3016737,181.98486451649075
3016738,65.98646834354876
3016739,97.84020448177664
3016740,2177.1141156959775
3016741,11.341027801379001
3016742,0.8896472151965475
3016743,30.04450798634051
3016744,15.767738856174272
3016745,0.0013801379632626288
3016746,138.38876370913957
3016747,5.818104905680638
3016748,7.651850107411047
3016749,5.948181614334028
3016750,55.19104481853885
3016751,3.570437068866103
3016752,178.91982945042523
3016753,163.54028254300567
3016754,3.3193245187436045
3016755,4.821103361350175
3016756,132.45041560802684
3016757,46.531795866943924
3016758,1406.2534903847381
3016759,0.1950361321913602
3016760,3.042299918897368
3016761,5.271895013450727
3016762,0.0
3016763,0.05562367988065289
3016764,3781.653909298226
3016765,0.0
3016766,176.87064737148663
3016767,3.3899020918662774
3016768,823.3269409424084
3016769,191.16746231983458
3016770,173.18693005846143
3016771,52.27543945386533
3016772,27.53946145189941
3016773,2966.2503453088007
3016774,11.88589307043082
3016775,0.6478514576515109
3016776,15.353782511198645
3016777,7.31856016388563
3016778,0.13947146720989445
3016779,168.6299776228553
3016780,0.0008978454681752244
3016781,0.0029166086866954668
3016782,2.7771704203433494
3016783,30.741031433900158
3016784,0.7703721100881702
3016785,58.67329927321611
3016786,148.45541687114985
3016787,0.006524371280666037
3016788,1.4770106826721832
3016789,53.87919198251167
3016790,71.05353898940581
3016791,502.1915534581778
3016792,0.0
3016793,1.414379673211966
3016794,4.970797031777812
3016795,0.002831850823472008
3016796,5.308672720799368
3016797,2463.958141160104
3016798,0.0003000123824551881
3016799,411.826997757134
3016800,9.427636328634573
3016801,799.4367794923747
3016802,696.0391875641942
3016803,235.42735191864497
3016804,123.32632996591455
3016805,98.24116895333289
3016806,3695.08591168942
3016807,28.255689335296015
3016808,0.5915883422291426
3016809,18.042595740260648
3016810,38.06835096157377
3016811,0.022470155477779096
3016812,197.14620393695117
3016813,14.208721936239083
3016814,15.439534157242583
3016815,13.714287149280404
3016816,72.34793447519206
3016817,4.922177464032046
3016818,357.87560203645626
3016819,242.07867274806424
3016820,6.76277830382118
3016821,13.410518608678586
3016822,371.6014030553911
3016823,82.14120081329035
3016824,1690.4008961446966
3016825,1.1930013503539788e-05
3016826,27.879465594842966
3016827,4.099211409406982
3016828,0.02180306629993898
3016829,5.882582727023409
3016830,3382.407860021447
3016831,0.04210625731339272
3016832,580.5183310417676
3016833,14.810690364791824
3016834,866.7268173368484
3016835,1088.9973025215243
3016836,151.810460617594
3016837,231.47881796598946
3016838,177.25453865426735
3016839,3078.632257548132
3016840,31.837313257668576
3016841,2.1823159540126076
3016842,39.148773649630535
3016843,34.10938356254846
3016844,0.591817509707284
3016845,195.348916433134
3016846,12.303720261844793
3016847,30.685090727997093
3016848,8.68661845447627
3016849,162.90211502278348
3016850,13.83756630885835
3016851,375.114512503219
3016852,189.64853196222322
3016853,5.850973988596931
3016854,12.967671296036542
3016855,544.0211150101051
3016856,118.20982923268377
3016857,4097.000076032267
3016858,0.399573351405432
3016859,32.74326439600127
3016860,3.164185221267295
3016861,0.608074232633472
3016862,7.809730471967963
3016863,3590.6649012312355
3016864,0.004467169924037873
3016865,665.0526481512846
3016866,18.023565939727924
3016867,917.0205735373099
3016868,1134.2560351259597
3016869,224.2036524657384
3016870,221.6132878997445
3016871,117.62760000701425
3016872,3812.434292714845
3016873,31.174596662480056
3016874,1.6338063192992878
3016875,32.11787632954525
3016876,38.331668251079606
3016877,0.03675645198323284
3016878,260.1983733389851
3016879,20.71845305512401
3016880,28.658104200606658
3016881,19.078076916437045
3016882,160.14227746564958
3016883,15.40059655691352
3016884,338.7103193101477
3016885,251.80180057075526
3016886,14.041839919036702
3016887,15.913143199390827
3016888,427.4497586388207
3016889,134.8182770067695
3016890,3103.83315403646
3016891,0.3681102184561284
3016892,26.085772826623355
3016893,10.920631039141073
3016894,0.22175791391259636
3016895,7.44908302440645
3016896,2706.587107898337
3016897,0.0005646948698721734
3016898,381.0606368629094
3016899,11.661390573050173
3016900,1153.3922959041467
3016901,611.6774774141315
3016902,423.33813587280633
3016903,157.87698873436676
3016904,94.70501367432475
3016905,5161.459933701948
3016906,8.780831210067007
3016907,0.8178629682729339
3016908,43.77938758488132
3016909,34.462318075482614
3016910,0.007461859420364002
3016911,300.9062393664449
3016912,5.050696543080012
3016913,4.21977635597808
3016914,5.741930188327032
3016915,36.10382502499638
3016916,3.582218643119324
3016917,464.90115071465726
3016918,344.1110916796457
3016919,5.833588869055801
3016920,5.412747690237665
3016921,293.30651246853563
3016922,106.18087879268978
3016923,1168.3803499054268
3016924,127.71690298264622
3016925,13.164190872817708
3016926,4.103670179658778
3016927,0.006936254458352067
3016928,2.8932123823949296
3016929,1727.4230692857386
3016930,0.007171394665369154
3016931,242.23809937453188
3016932,10.215758630223851
3016933,572.9056241617425
3016934,558.2546028524819
3016935,114.62040467404606
3016936,125.5971900665572
3016937,95.291522696351
3016938,1935.4392880932778
3016939,15.281165863142576
3016940,1.237415948301047
3016941,29.217212347390486
3016942,24.842928118249038
3016943,0.03952350369534679
3016944,123.47598803677596
3016945,9.809511463809024
3016946,17.91570365654833
3016947,5.495068522341321
3016948,101.63495683918185
3016949,4.256494532180731
3016950,443.9194147466656
3016951,114.17889972982442
3016952,4.074249100505602
3016953,7.243229835603932
3016954,340.1608083855965
3016955,46.01128461110575
3016956,1674.1331579681548
3016957,0.0
3016958,27.613877595674627
3016959,1.3294652340397906
3016960,0.0
3016961,1.707670980267518
3016962,1405.1241229188977
3016963,0.0
3016964,83.83393736514884
3016965,2.891277827567308
3016966,622.2329600017151
3016967,253.03880239737032
3016968,281.42372091789696
3016969,32.06896203206465
3016970,34.03717591717704
3016971,2431.017655140525
3016972,4.069547248038865
3016973,0.28851586938554574
3016974,7.652036851829443
3016975,6.317214390464924
3016976,0.10931699111690121
3016977,135.06421891981532
3016978,3.1069203243155874
3016979,0.0037689410583012883
3016980,0.9360387832006012
3016981,14.815099476764386
3016982,0.34224589278438766
3016983,155.78693621816922
3016984,157.15182960575902
3016985,0.6570077767215987
3016986,2.230211247578471
3016987,151.10899618248575
3016988,19.262151684247005
3016989,225.19680571618397
3016990,11.060891024474428
3016991,2.063252180450687
3016992,5.972318637466486
3016993,0.1628643795229817
3016994,4.142248026601991
3016995,4751.561743598682
3016996,0.0
3016997,941.094728598047
3016998,16.49376204040453
3016999,1644.5162978762066
3017000,577.2131705178009
3017001,560.022158329201
3017002,224.6032583607795
3017003,93.0762260845059
3017004,6933.16765675081
3017005,22.160283983887684
3017006,0.4814822105745494
3017007,26.792644549179712
3017008,13.616761544378411
3017009,0.02728639594707381
3017010,424.4382687157644
3017011,6.393599484632794
3017012,2.2049575411178255
3017013,6.8709252249809305
3017014,51.4746283658754
3017015,1.8045552513524448
3017016,637.0588858332217
3017017,324.46556594558365
3017018,1.215876336434833
3017019,13.749360097190388
3017020,526.7304564273885
3017021,103.85085174025589
3017022,1481.2086567913448
3017023,26.97182293716022
3017024,5.801557256205875
3017025,4.104531702730461
3017026,0.0009784234008869631
3017027,0.8657357962594401
3017028,1542.870512763159
3017029,0.0
3017030,160.25809882414515
3017031,15.253094734781001
3017032,728.6429357514513
3017033,334.1763333447598
3017034,220.1771363186346
3017035,43.44001368935198
3017036,43.541925508529665
3017037,2544.033814823524
3017038,7.018540114054467
3017039,0.23298639069391314
3017040,10.344593908697949
3017041,17.717572674596354
3017042,0.01992375637571093
3017043,132.2303690004015
3017044,5.7132264947231794
3017045,0.010912082719692167
3017046,7.4262443978121215
3017047,47.82026591884101
3017048,1.2907854362763067
3017049,121.84138249653851
3017050,164.4201146171875
3017051,1.1910490300242578
3017052,4.822923392567321
3017053,167.70873890256507
3017054,32.796252100334726
3017055,294.7549930696788
3017056,7.685808744855516
3017057,1.903082492911281
3017058,3.982410512037424
3017059,0.0
3017060,3.3797998218883114
3017061,1514.742945664759
3017062,0.0
3017063,104.71547959739601
3017064,5.510781266549408
3017065,664.520336407301
3017066,241.57448999411534
3017067,171.37092913936917
3017068,41.9303537411803
3017069,29.53945615350854
3017070,2687.681054685511
3017071,10.128793991527933
3017072,0.14195932272206152
3017073,11.150229615114316
3017074,7.925464850483911
3017075,0.0003359396554262902
3017076,125.849254435459
3017077,0.9655387651673635
3017078,0.006530412632692963
3017079,1.5907226787375177
3017080,35.15095743457086
3017081,0.7002531435838435
3017082,138.75667896823086
3017083,151.23211466581222
3017084,0.34967024350408077
3017085,3.971796942147094
3017086,102.06616864812486
3017087,19.265467737315863
3017088,205.19669598769215
3017089,7.82061332047514
3017090,0.9808050077707546
3017091,3.0535657755649455
3017092,0.0
3017093,2.1662548201244918
3017094,1670.358401484972
3017095,0.0
3017096,159.44604418938007
3017097,11.795891192531666
3017098,844.6308044116702
3017099,327.91913376679054
3017100,346.9487275454216
3017101,35.12669893018961
3017102,45.38776238422137
3017103,3042.076635953222
3017104,3.856647457220557
3017105,0.06490655943985492
3017106,5.194901713625936
3017107,19.347097893504756
3017108,0.008254406633964857
3017109,156.8780612002531
3017110,0.48701154441081373
3017111,0.00676409913392178
3017112,2.399179261441607
3017113,22.73414156261213
3017114,2.0245168053253546
3017115,178.24466436809718
3017116,251.7226662524668
3017117,0.7957752217620748
3017118,5.107324210877881
3017119,68.5814872272006
3017120,88.18609653368692
3017121,360.868565009925
3017122,5.581183259082985
3017123,3.446967016692045
3017124,3.017621861872671
3017125,0.8267028712640792
3017126,3.319723418859726
3017127,1484.546468504105
3017128,0.0027732939010333166
3017129,134.95647007170894
3017130,3.104652554035215
3017131,685.0637601515092
3017132,284.46482516840405
3017133,307.14240875021926
3017134,80.72047994495563
3017135,57.829681880603424
3017136,2329.211641633282
3017137,5.768763209996
3017138,0.7811107810429208
3017139,13.791572331814626
3017140,14.354773930103427
3017141,0.03499207660576753
3017142,178.27278795511097
3017143,6.831445852472709
3017144,0.015485598489668862
3017145,2.8106156471567694
3017146,24.727017739975143
3017147,1.2445622291210188
3017148,115.57930398531778
3017149,158.51992649261987
3017150,0.7429166158219627
3017151,3.7593557348916358
3017152,127.06985149587584
3017153,38.28025227755223
3017154,564.5735979274888
3017155,5.017217106859412
3017156,2.9889397325237956
3017157,3.3473112519446175
3017158,0.1700758796604185
3017159,0.46392275627664625
3017160,1483.4600328798813
3017161,0.0
3017162,123.41710024003419
3017163,4.987646808693645
3017164,785.5736288455257
3017165,219.33782995749561
3017166,154.7682802544176
3017167,94.16193604795971
3017168,36.989267691893545
3017169,1893.9895577479629
3017170,4.066871503090358
3017171,0.05466175535272753
3017172,11.17208808501607
3017173,12.584749936995397
3017174,0.02877077407047452
3017175,158.776012503251
3017176,0.0
3017177,0.001958334076853929
3017178,2.1480544316631236
3017179,34.406361999280456
3017180,0.8095120498761172
3017181,49.804320252060926
3017182,110.36731390884037
3017183,0.6067332191352413
3017184,1.9232927605899528
3017185,87.20768767179547
3017186,28.948203367690233
3017187,513.0826298303647
3017188,0.0
3017189,0.7055196526088436
3017190,6.921049620413279
3017191,0.23170285715246566
3017192,2.916869680303274
3017193,2792.618498943328
3017194,0.0
3017195,271.8128307453659
3017196,6.901772252346234
3017197,951.7763135118784
3017198,568.4707725061816
3017199,593.2154957393351
3017200,151.26417854981742
3017201,106.668041347459
3017202,4061.109796401615
3017203,12.286459042812703
3017204,0.8177039404894719
3017205,20.20056743346041
3017206,18.75745554286185
3017207,0.0011297019344230017
3017208,234.58338864391345
3017209,0.045228568668517
3017210,0.005807848011938666
3017211,6.544886282003543
3017212,41.55905211156298
3017213,3.761273039665899
3017214,219.03134585159265
3017215,221.40798342602878
3017216,1.93432757577418
3017217,7.047542617277271
3017218,362.43012383397667
3017219,56.78020653555489
3017220,1309.3126717906305
3017221,25.03828641868265
3017222,10.0180495432508
3017223,2.7402664881088734
3017224,0.8525931222573306
3017225,3.481420997904543
3017226,1779.7673451101577
3017227,0.0
3017228,458.3856605661049
3017229,9.425892893792588
3017230,496.9329924335533
3017231,445.35652899967533
3017232,185.29641268572416
3017233,117.57435114542292
3017234,51.91175731079314
3017235,2500.6980258496083
3017236,9.65485577713637
3017237,0.661550805266953
3017238,18.54189407857045
3017239,17.758703508131152
3017240,0.0
3017241,144.52960590952492
3017242,4.16325199703364
3017243,0.9405631526629277
3017244,4.020141027548632
3017245,84.87111988723406
3017246,1.8604085331285467
3017247,74.90722983503416
3017248,128.2969802508997
3017249,2.4817022815271144
3017250,5.315335693568779
3017251,185.06344342614963
3017252,51.258859672892186
3017253,1537.3379564212362
3017254,42.071120282759885
3017255,9.24962365674308
3017256,5.231424438196705
3017257,0.32611031456516626
3017258,2.9844199325153085
3017259,2865.269100325171
3017260,0.00019834954660286744
3017261,140.88544563834247
3017262,6.821408928808493
3017263,813.9418678596273
3017264,319.0569984198609
3017265,305.5033640323973
3017266,53.85751229376159
3017267,44.65786818943598
3017268,3229.0090149154184
3017269,10.572866710117
3017270,0.9568553346061475
3017271,13.243225682156176
3017272,12.510279354157456
3017273,0.12861240750286038
3017274,174.2369363079777
3017275,5.342846254055389
3017276,0.012501461244337717
3017277,3.7938280791317815
3017278,43.43923445513893
3017279,2.720101325542404
3017280,124.60404599218923
3017281,211.5341626722138
3017282,1.062371387462854
3017283,4.692234781196634
3017284,120.87423333386755
3017285,19.38240932008604
3017286,446.5790328095695
3017287,8.522777651078677
3017288,3.5458784457369568
3017289,5.886369045875513
3017290,0.0012893335504387774
3017291,6.425457239664603
3017292,2513.7237434795024
3017293,0.0001413190023190361
3017294,611.2848082362385
3017295,12.782318111367486
3017296,723.6030257264609
3017297,780.1333256337059
3017298,234.08068122748537
3017299,164.8001924802612
3017300,119.04755681323442
3017301,3518.0425054800294
3017302,28.30802717894299
3017303,1.1318194226322524
3017304,22.576280633827324
3017305,27.778290884676068
3017306,0.010454536394041083
3017307,204.64726877940495
3017308,17.08554276872575
3017309,17.03949467221242
3017310,5.656967987712505
3017311,131.68017456679146
3017312,10.709906823621766
3017313,825.8600510882428
3017314,265.9949131586921
3017315,7.651701902510256
3017316,6.615436174199745
3017317,570.6558832925184
3017318,105.67878571298529
3017319,2008.2842049734058
3017320,0.0
3017321,35.71454864292802
3017322,6.502343442133628
3017323,0.12574714654841884
3017324,4.043206402340333
3017325,4041.2099139690463
3017326,0.0
3017327,387.94340854236316
3017328,6.295476524823097
3017329,1230.6534219161924
3017330,586.619660934105
3017331,899.4296261393365
3017332,77.26611711428585
3017333,98.99654411384485
3017334,5931.870224354016
3017335,11.875204956805721
3017336,0.41557765660096074
3017337,17.00326479400061
3017338,11.442400501064421
3017339,0.0010665978657173941
3017340,289.0228234986018
3017341,0.5819235809489347
3017342,4.595272419933261
3017343,3.0445978884066145
3017344,57.74290122295559
3017345,1.0952201863779556
3017346,259.41742504431215
3017347,320.073437564995
3017348,1.0376996835234626
3017349,5.761716005898652
3017350,477.8722150630918
3017351,69.14970246361852
3017352,856.6530622792959
3017353,70.96235535443972
3017354,11.179948386273074
3017355,8.311957735563643
3017356,0.2276027482622387
3017357,3.765572776546996
3017358,3253.078120993125
3017359,0.0
3017360,367.2133287040946
3017361,5.793891410122576
3017362,1279.3332461262642
3017363,472.92919305801433
3017364,323.23839166485214
3017365,191.85727975788953
3017366,90.91555640315607
3017367,3888.967442284252
3017368,11.482178336386346
3017369,0.3415482920226555
3017370,38.82904080043918
3017371,26.165672705308157
3017372,0.037492870772684574
3017373,263.4429615952717
3017374,2.756718289247463
3017375,2.315505472780737
3017376,6.152479921639387
3017377,107.65059101851635
3017378,1.9060761633715027
3017379,92.36857680491627
3017380,236.73639151339734
3017381,2.707739723969498
3017382,5.072417236658205
3017383,183.07719902006258
3017384,141.9181928011487
3017385,1313.6669975227453
3017386,0.02281193753002992
3017387,3.2134850012369567
3017388,2.988397104178485
3017389,0.01817787606280825
3017390,2.1878412845236714
3017391,1857.591568571282
3017392,0.0
3017393,138.44757456911347
3017394,4.579131066172568
3017395,584.3953216346608
3017396,262.62966053092754
3017397,131.90964247560387
3017398,40.84076345625767
3017399,57.31657855651251
3017400,2181.7028086289474
3017401,7.1920771705379
3017402,0.6246863143088193
3017403,27.81094137450201
3017404,17.152867663718602
3017405,0.014932941512981785
3017406,167.4186784329257
3017407,0.40376778173024624
3017408,0.0037306001572428816
3017409,4.206175731848684
3017410,95.6942541338697
3017411,2.252966333375633
3017412,76.52559935951487
3017413,127.12135561778791
3017414,0.6322275862994182
3017415,4.694437286837537
3017416,223.3468431171625
3017417,28.004091522326128
3017418,482.5345668807684
3017419,10.977612344651762
3017420,1.2234342034135448
3017421,1.3961547633257445
3017422,0.0
3017423,2.4434330558917416
3017424,1267.6499357751543
3017425,0.17070131893727844
3017426,261.4620810121298
3017427,8.66115130730989
3017428,484.29968732631284
3017429,476.3537899375793
3017430,138.20057032914127
3017431,53.12805059670065
3017432,80.87526399975421
3017433,1934.8776598689442
3017434,26.408723079233127
3017435,0.2931996175267544
3017436,9.646547184669606
3017437,15.479696750329431
3017438,0.18015090934150993
3017439,109.4995247565927
3017440,10.257959462630138
3017441,1.3679996250865383
3017442,3.2678062604099907
3017443,79.69005193261137
3017444,3.973942221403405
3017445,616.9847954297192
3017446,137.21926061510163
3017447,3.229291026414878
3017448,4.431020337564452
3017449,386.125937781676
3017450,31.778044570157647
3017451,1118.0693638741097
3017452,0.0
3017453,7.57145237186894
3017454,2.0908847308680425
3017455,0.007400180652452975
3017456,3.602641477531985
3017457,3309.800734850846
3017458,0.020700704864525913
3017459,764.473039064183
3017460,16.226274546873668
3017461,996.2264279754329
3017462,1239.8802332947773
3017463,301.950776176674
3017464,256.727767149509
3017465,208.91685669477076
3017466,3983.7439188892477
3017467,48.75559925882241
3017468,0.730662474502743
3017469,21.575929539992618
3017470,27.742841791736204
3017471,0.03096651350481437
3017472,227.34833723000858
3017473,6.94563501009021
3017474,34.84572504970023
3017475,9.3813710074639
3017476,123.30081652478579
3017477,11.630195846556648
3017478,602.2931894387483
3017479,247.72373112635995
3017480,15.069739916485005
3017481,8.676615791342948
3017482,721.2136010955259
3017483,125.48112942719683
3017484,3275.389495835976
3017485,0.0
3017486,33.154306605986896
3017487,3.07879563433577
3017488,0.005817267060371018
3017489,3.755117213364729
3017490,3144.406945911183
3017491,0.0
3017492,565.2872721324302
3017493,9.806333751910579
3017494,575.1128970990305
3017495,853.7675170523075
3017496,201.60949666228709
3017497,180.17215225647004
3017498,103.1006744439537
3017499,2702.02268337234
3017500,23.11422430583467
3017501,0.8305019396024667
3017502,26.731162163003308
3017503,17.17407283666945
3017504,0.004928837521687602
3017505,128.15981644169068
3017506,0.0011987076350859578
3017507,28.450593599148807
3017508,4.487142736788571
3017509,266.4227828474006
3017510,13.270534768962108
3017511,398.2073892714962
3017512,142.60756430604985
3017513,4.672762375857813
3017514,6.549049048203325
3017515,330.6984321992999
3017516,48.24554496660723
3017517,2106.9179056379926
3017518,0.5988369888641494
3017519,7.3644448174125365
3017520,2.862944907832742
3017521,0.00038278282654144425
3017522,0.22060310573212177
3017523,738.2344091684024
3017524,0.0
3017525,205.95599762044
3017526,4.206698998396448
3017527,297.06499444635284
3017528,227.03750095290374
3017529,104.5146187083653
3017530,37.69523846908567
3017531,34.12192258204526
3017532,1347.8854973942257
3017533,3.636909225086182
3017534,0.32268298427821
3017535,9.708191742803042
3017536,7.784595034301665
3017537,0.1438476746434529
3017538,63.012980720702785
3017539,0.0061429617280578195
3017540,2.3571862366637446
3017541,0.2846194622485565
3017542,29.719001800366758
3017543,0.1476493040710263
3017544,370.64282661556183
3017545,108.6266224921981
3017546,1.9198527073458296
3017547,0.6515794919127731
3017548,210.87078846308813
3017549,18.748902370112642
3017550,479.85459920414536
3017551,0.3001909683745647
3017552,1.2047003013197028
3017553,5.144263009243227
3017554,0.3815959291222792
3017555,2.437061617900044
3017556,3109.8624469687593
3017557,0.11677064065983793
3017558,568.1757251527114
3017559,16.846915248227056
3017560,841.8184723525854
3017561,956.9923329108786
3017562,315.9672627786143
3017563,247.9843524696587
3017564,166.56546831495157
3017565,3703.4736392352074
3017566,40.4839377231642
3017567,2.451295117701671
3017568,21.53787701611038
3017569,31.06905196126823
3017570,0.047275792311651695
3017571,186.3364368509473
3017572,4.333285638461631
3017573,44.17548310581044
3017574,9.772060472538584
3017575,239.97459208393673
3017576,3.307089955442251
3017577,414.8743114193637
3017578,216.6315586496909
3017579,9.548482773969926
3017580,8.381758479466448
3017581,483.3667205436941
3017582,74.75288202203808
3017583,2413.7277768529493
3017584,0.7215930063471743
3017585,26.355560131699658
3017586,4.296432121999766
3017587,0.0
3017588,2.039326376766408
3017589,3692.4307524915607
3017590,0.0
3017591,538.3561623769399
3017592,12.13071968053075
3017593,1143.4421399580644
3017594,801.7937397049393
3017595,435.37715176922467
3017596,191.0643943022593
3017597,82.8628007827422
3017598,4770.907298259852
3017599,15.508502783491291
3017600,0.3854612699267183
3017601,28.383789268944163
3017602,22.186566863931628
3017603,0.4519926548541639
3017604,235.80453237047155
3017605,0.001242542963919662
3017606,6.280897590805246
3017607,4.478083374642673
3017608,70.09785475954087
3017609,0.7068852511791557
3017610,189.24017268445647
3017611,275.6689829719524
3017612,4.313237197835157
3017613,3.1970290416798726
3017614,264.3647398299533
3017615,81.72670642183903
3017616,1702.543090130501
3017617,1.2928700171619187
3017618,3.3054273200997404
3017619,4.241203209858531
3017620,0.22933137036720272
3017621,3.0953100143801215
3017622,3233.8555449907676
3017623,0.0
3017624,647.961089833626
3017625,13.980279878818932
3017626,959.7336754638618
3017627,582.129833462068
3017628,308.8380319084772
3017629,163.7849153699483
3017630,73.88017023103004
3017631,3930.064728540298
3017632,14.546304237294121
3017633,0.9694185744717254
3017634,25.853720131394386
3017635,19.967151544219817
3017636,0.0
3017637,217.98366177234496
3017638,0.0012310204480468912
3017639,4.389847762728074
3017640,4.037227945878675
3017641,123.56354281890209
3017642,1.1757347165066485
3017643,105.14171028071233
3017644,186.13390754956035
3017645,1.165057438971
3017646,3.913082952950991
3017647,230.89305863646112
3017648,65.26726218937466
3017649,1150.5398584505192
3017650,0.7868451335996478
3017651,4.502317226506443
3017652,8.481226358935846
3017653,0.10703043982414877
3017654,12.41720949573853
3017655,7706.582530472133
3017656,0.003408324035345721
3017657,1174.7520626342523
3017658,43.664982105304276
3017659,1784.1772117540104
3017660,1922.794661902663
3017661,406.66154482993426
3017662,517.2997462244138
3017663,381.7552912102252
3017664,8048.758884509049
3017665,75.48269649086959
3017666,2.1729203037434917
3017667,63.272147139228835
3017668,53.59525132695279
3017669,0.04765385119861612
3017670,467.50898969562957
3017671,36.966311044099726
3017672,60.0100889235612
3017673,23.894221816766894
3017674,340.3389388813581
3017675,30.084418195098017
3017676,1145.7035812724769
3017677,517.0910212284521
3017678,17.863955733425115
3017679,24.800524018900976
3017680,1454.0951735625993
3017681,248.75346079476694
3017682,7076.905600936211
3017683,0.8320917589006649
3017684,100.82540548375776
3017685,2.637996056375824
3017686,0.23596618401190098
3017687,0.22169580289749757
3017688,1772.1436123914027
3017689,0.0
3017690,136.33825626472017
3017691,3.931820376091136
3017692,632.8494459294457
3017693,214.264568840713
3017694,139.0255549211655
3017695,124.82578787941924
3017696,50.735119631307604
3017697,2127.5599639026386
3017698,5.6146723744050835
3017699,0.3214888557257638
3017700,11.813552273526032
3017701,7.452599860421209
3017702,0.0050350626713784674
3017703,108.50081731138353
3017704,0.4220624594508029
3017705,0.010302001770995835
3017706,2.1752624458773653
3017707,38.7841944419489
3017708,0.6983689222301823
3017709,49.66920247967198
3017710,90.33506911723303
3017711,1.608053039466367
3017712,3.3973458193093053
3017713,139.14335412766462
3017714,25.562347032824597
3017715,559.7011522627364
3017716,0.00611509434647245
3017717,3.2040867428246296
3017718,7.115074168877376
3017719,0.03560163569308144
3017720,1.1412357802811806
3017721,3759.9141335638005
3017722,0.0
3017723,530.6492181267661
3017724,9.82748101512319
3017725,1000.3513836772464
3017726,557.1433902449339
3017727,288.45354853525436
3017728,292.6808980373291
3017729,86.76628866749776
3017730,4152.361368935506
3017731,11.22988448579625
3017732,0.4244166564107891
3017733,19.451287056516872
3017734,18.434604535251427
3017735,0.020060976870739166
3017736,230.69423811316992
3017737,0.5048423845237668
3017738,5.209418307516883
3017739,6.852971370034558
3017740,26.894633131537717
3017741,0.8912546584353156
3017742,315.49146676618346
3017743,208.89032696231936
3017744,3.6958972704638233
3017745,4.722763552929856
3017746,147.06923163391932
3017747,62.66614398092536
3017748,1297.361448255383
3017749,0.7940198362635316
3017750,3.6321399954423974
3017751,0.9539336182141687
3017752,0.0
3017753,0.530855473726038
3017754,1302.3288466150354
3017755,0.0
3017756,96.12797033213742
3017757,3.106662278881249
3017758,494.80925116487276
3017759,129.95938397992657
3017760,99.79031411247625
3017761,149.40574670690566
3017762,19.183052084089407
3017763,1846.4626486710233
3017764,1.497043361456861
3017765,0.21114307469270233
3017766,8.084347578147488
3017767,3.3056085203992662
3017768,0.11942477312691913
3017769,74.83621833976262
3017770,0.0
3017771,0.0024566193237930962
3017772,0.5331893926064315
3017773,29.131291135016973
3017774,0.22205148373682795
3017775,61.545142031556914
3017776,63.220820254261355
3017777,0.5319826235978702
3017778,1.0440916002541023
3017779,69.02197851047448
3017780,10.528730483506509
3017781,214.0279919253234
3017782,0.0
3017783,1.1252102799513803
3017784,5.110828935767821
3017785,0.0
3017786,2.6533346126524116
3017787,1932.5048126334245
3017788,0.0
3017789,189.27835710746
3017790,8.281839758802638
3017791,902.063527128994
3017792,360.1659354235646
3017793,208.19908046016053
3017794,121.8075635462908
3017795,66.93546541087532
3017796,2770.0004679854624
3017797,2.7361375562806503
3017798,0.3195807319395384
3017799,24.156964695114517
3017800,15.063062916213735
3017801,0.030820327931659522
3017802,185.67084487447266
3017803,0.0
3017804,0.002823527908436295
3017805,12.35231180291226
3017806,36.819334012366895
3017807,1.0979537386923428
3017808,204.8111614897229
3017809,186.69302207090146
3017810,1.9508223476551159
3017811,2.7648745215884003
3017812,268.5764012996667
3017813,30.905838643980893
3017814,1213.148866720538
3017815,0.0
3017816,0.4586095907595389
3017817,2.6757035415310373
3017818,0.22798492805185097
3017819,0.904204436578735
3017820,2613.119135332822
3017821,0.003345880819230152
3017822,701.5682977825959
3017823,11.302953345958231
3017824,895.570446474326
3017825,554.8427265740994
3017826,283.9551482159236
3017827,127.96421448913875
3017828,75.51743695925327
3017829,4342.493750042364
3017830,6.978240876964429
3017831,2.262555203671839
3017832,26.78371321788192
3017833,45.259752872756266
3017834,0.02972951096476379
3017835,217.24648464216665
3017836,1.5826816837040045
3017837,4.442339369121872
3017838,2.473476080033129
3017839,38.871525299720794
3017840,1.9476637868229982
3017841,168.02792860170905
3017842,244.78598185579847
3017843,2.9209133067428925
3017844,4.893912740547013
3017845,179.79826801370936
3017846,36.19993805511117
3017847,643.8933146548627
3017848,2.389183382688463
3017849,1.8879322385589599
3017850,3.2587816093191577
3017851,0.01930277890597879
3017852,0.389177461508503
3017853,1709.6400148681528
3017854,0.0
3017855,96.11207680477963
3017856,1.9636249587828405
3017857,456.48290876829833
3017858,148.25491585294617
3017859,118.60304304489799
3017860,143.79888652503334
3017861,75.53444649246914
3017862,1898.7852857150037
3017863,4.37372723985616
3017864,0.4014572653481939
3017865,9.193069202239034
3017866,4.0610337610730065
3017867,0.17701442822079833
3017868,87.23487019759195
3017869,0.0007206930095218782
3017870,0.003239350572528102
3017871,0.22089651543119668
3017872,80.66985830961255
3017873,0.666443142439527
3017874,164.99532581467264
3017875,68.12123967148257
3017876,0.6922169682018446
3017877,0.7196705295600829
3017878,72.73448905035345
3017879,17.182082161835766
3017880,328.2843942775942
3017881,0.0
3017882,0.9073449580027486
3017883,4.167752245285357
3017884,0.0
3017885,0.6400100818812298
3017886,3928.494789163646
3017887,0.0
3017888,622.886585419509
3017889,10.029896725172335
3017890,887.2871559720888
3017891,572.8778215748029
3017892,276.85941859070596
3017893,129.40603432718027
3017894,89.42647831399296
3017895,4052.1449739626423
3017896,10.021943146132985
3017897,0.3141057601567029
3017898,31.536013080292328
3017899,8.152122800981841
3017900,0.004137180203085507
3017901,236.09902603690625
3017902,0.0025994501300099413
3017903,31.33767236165508
3017904,3.5448740176255624
3017905,89.17451704253307
3017906,1.2251808556251569
3017907,203.3476119847948
3017908,225.68671106869115
3017909,3.1879270699256654
3017910,2.9832359555247034
3017911,156.63090196458148
3017912,50.92161876791641
3017913,1464.2065257197676
3017914,0.6719473170444672
3017915,0.6980557724699279
3017916,3.0533454935486155
3017917,0.005744898869718378
3017918,5.922758762735741
3017919,2371.0690961289197
3017920,0.004591775854310272
3017921,432.3074764487084
3017922,6.992488772057644
3017923,733.7603620780211
3017924,762.0355605136881
3017925,152.72188644025
3017926,127.56532472731709
3017927,126.723309538964
3017928,2968.542542014478
3017929,46.10493093055993
3017930,1.2377187367689393
3017931,31.86909104507218
3017932,23.576192957764505
3017933,0.014734791921979198
3017934,183.62117847872085
3017935,19.049370325626867
3017936,21.114003056478435
3017937,1.1435213510946123
3017938,121.55881940073787
3017939,8.873519341818266
3017940,313.19629668866276
3017941,204.23652881263345
3017942,9.804925226035277
3017943,11.592042410011581
3017944,283.84979329306157
3017945,75.7683735059303
3017946,2136.777158431034
3017947,0.0
3017948,14.993891777552385
3017949,5.553306877894532
3017950,0.0019702000228012284
3017951,5.795383334068499
3017952,1943.0942401860316
3017953,0.0008214048365687988
3017954,382.043038988895
3017955,12.371789940591176
3017956,772.2729093482754
3017957,744.8953607552854
3017958,147.72356353333646
3017959,84.52224482993472
3017960,115.34479794814382
3017961,3095.802010925325
3017962,22.592142476787167
3017963,0.6375731709235579
3017964,39.566496991933846
3017965,22.169825259011784
3017966,0.007273481751767189
3017967,282.738379334014
3017968,21.36612761081438
3017969,15.082502841744471
3017970,9.243784347172806
3017971,139.15700983588354
3017972,11.685767298271902
3017973,217.19916172253878
3017974,317.73388599815576
3017975,7.536866535494617
3017976,8.164083664146736
3017977,178.53363300878422
3017978,81.3917227454423
3017979,1828.1344070433706
3017980,11.08426447509735
3017981,18.6345696242805
3017982,6.198184472839227
3017983,0.18017940007543048
3017984,2.996689437736414
3017985,2762.2046530294147
3017986,0.0
3017987,603.84396635598
3017988,5.162134460284053
3017989,1173.2777886614438
3017990,543.5775498337795
3017991,177.01384336713357
3017992,248.51670331171377
3017993,51.9057963989649
3017994,4528.987799469491
3017995,26.922808652745502
3017996,0.9181944776863984
3017997,22.661699045496924
3017998,14.577694277562696
3017999,0.013981500111074229
3018000,283.7279851728366
3018001,3.4421457181682102
3018002,14.650522314115014
3018003,6.109888113979463
3018004,85.12605171493372
3018005,4.5716291542119105
3018006,153.18920193260075
3018007,251.9282857594711
3018008,5.407413014830524
3018009,8.29123406297144
3018010,297.45122118175095
3018011,56.84773788512745
3018012,1501.054856788033
3018013,8.61583244604378
3018014,12.430327362029429
3018015,3.532026758470834
3018016,0.03460890741483032
3018017,4.546858304530935
3018018,2098.7568991149706
3018019,0.0
3018020,316.39090032598824
3018021,7.018111993877776
3018022,702.8587081601659
3018023,625.1286041182865
3018024,219.89048575699096
3018025,137.27316804177474
3018026,96.87294753388603
3018027,2959.7350694825427
3018028,24.94790217901697
3018029,0.9027724909186403
3018030,15.985803045384174
3018031,9.799130227421031
3018032,0.12760742812337741
3018033,177.14502227633372
3018034,16.07053804708101
3018035,24.703303915952667
3018036,1.3274532559233272
3018037,140.3467721557753
3018038,7.783612341094896
3018039,530.4579615300488
3018040,202.38286138797727
3018041,5.453935281793021
3018042,7.394447373878343
3018043,468.12866828012596
3018044,55.194956286053625
3018045,1919.2091001454696
3018046,0.13055548945403578
3018047,29.471378837786588
3018048,2.1759601369448185
3018049,0.005210249121539136
3018050,1.6217573006014048
3018051,5463.576271339472
3018052,0.0026724059647425516
3018053,361.09475221757236
3018054,9.010360839190366
3018055,1691.0078694943634
3018056,487.0679499651228
3018057,309.09093844506265
3018058,150.10347944913616
3018059,80.31843281574969
3018060,5639.367817666727
3018061,8.103086031821027
3018062,1.5068433310375164
3018063,26.645860761269997
3018064,18.957529802621
3018065,0.03350058699820922
3018066,289.216529520193
3018067,0.00845445265416785
3018068,0.18304057133576127
3018069,7.518717146517535
3018070,32.72891267790133
3018071,1.9640983156358138
3018072,123.30778077946962
3018073,275.62819125892935
3018074,2.9520868162079164
3018075,8.885072567812308
3018076,229.3615254595305
3018077,48.76577437187906
3018078,1071.4449297145288
3018079,0.0
3018080,3.5435511322904656
3018081,7.208129326708702
3018082,0.01819840579429932
3018083,7.78761643668005
3018084,1987.6506760711093
3018085,0.0
3018086,458.983346303929
3018087,12.356562520466946
3018088,913.0217428001722
3018089,674.0885567216515
3018090,240.86170281324127
3018091,139.05327272555854
3018092,170.8642250833472
3018093,3417.6475073950364
3018094,33.32767602412988
3018095,1.0204878850955752
3018096,27.314026242013124
3018097,26.208446905410277
3018098,0.023521845014748435
3018099,235.53007592126207
3018100,15.967270623525913
3018101,16.415601191268735
3018102,6.302222795752578
3018103,121.68994818907954
3018104,10.721293555227861
3018105,364.6934669335722
3018106,287.67463661078983
3018107,16.275309491631024
3018108,7.151776013900285
3018109,237.7894876726472
3018110,60.620316284161845
3018111,1815.6922669861692
3018112,0.3625389051821296
3018113,7.473057150658018
3018114,3.0959374308895358
3018115,0.0
3018116,3.2619165888911246
3018117,2054.225128146013
3018118,0.0
3018119,392.0390911038599
3018120,8.189588939532955
3018121,609.7408191539287
3018122,764.1587065336906
3018123,177.16282194165117
3018124,129.37290701057825
3018125,111.86160669789291
3018126,2641.557849889225
3018127,27.069481067558932
3018128,0.6723715983964733
3018129,23.912569024702425
3018130,24.553731260065284
3018131,0.0020304853064902293
3018132,158.52302142095792
3018133,9.000687919183541
3018134,35.96878534063453
3018135,5.7907126380386105
3018136,89.73754765054628
3018137,8.749162475695197
3018138,281.14043117277186
3018139,187.7080496309256
3018140,8.076425109532247
3018141,8.286434650723402
3018142,273.6271016724727
3018143,46.925399691668005
3018144,1957.6421793306138
3018145,0.3541916179843777
3018146,14.625363688771191
3018147,5.1454720469283854
3018148,0.006700983910897807
3018149,4.025535013465738
3018150,4932.805712968322
3018151,0.0
3018152,492.11904267999427
3018153,18.787823731138936
3018154,1225.8825047715104
3018155,599.9650490251524
3018156,304.99121204761457
3018157,161.24455309962258
3018158,94.69989984328755
3018159,4619.109801623796
3018160,13.47273159611571
3018161,0.1527020241661017
3018162,17.315829357871074
3018163,22.578648201967518
3018164,0.11148836125017854
3018165,240.44460819838923
3018166,0.001285823628402003
3018167,8.732529313127595
3018168,0.8556379413537605
3018169,77.24058770826952
3018170,2.6981513229764276
3018171,207.15261365181587
3018172,300.176794069749
3018173,2.9965424105643064
3018174,1.440553579607486
3018175,327.03138968833986
3018176,127.77306452923523
3018177,1375.752365873506
3018178,1.86609890700977
3018179,0.4292634887825233
3018180,14.514836068328623
3018181,0.0035560445104981016
3018182,14.640882997039462
3018183,9160.423171367138
3018184,0.018210675713496615
3018185,1591.011891525297
3018186,24.040903365512094
3018187,2051.9491236439935
3018188,2366.7423400446874
3018189,605.1959327563804
3018190,637.7600312938315
3018191,447.86902849953043
3018192,9375.034050388838
3018193,78.53100951506178
3018194,3.6239074140394454
3018195,107.1398640263288
3018196,107.4732786109781
3018197,0.07182321488419778
3018198,577.6705509390255
3018199,32.29449744207497
3018200,28.753899591450335
3018201,44.91599958912783
3018202,418.27730223674376
3018203,25.959644023030087
3018204,1361.7470933494712
3018205,617.0753044593811
3018206,40.15608351763176
3018207,40.146953150634765
3018208,1483.009340590008
3018209,285.99321251740116
3018210,8550.92622118364
3018211,329.19523427691684
3018212,125.61776457647356
3018213,15.772673128229123
3018214,0.0012334170779807769
3018215,12.860337589596234
3018216,9054.466045945199
3018217,0.001467225555847911
3018218,1225.1219563361856
3018219,31.23568637731868
3018220,2364.503829760345
3018221,2167.5398729132526
3018222,829.0013576674888
3018223,409.92306590813905
3018224,370.14472585742
3018225,11207.618966133346
3018226,117.60638740488609
3018227,1.377983391213673
3018228,88.42161363410347
3018229,79.00972909342367
3018230,0.47444280406205097
3018231,590.1737982574094
3018232,19.451112101944176
3018233,53.812481814539055
3018234,8.180512091653512
3018235,337.34385561943407
3018236,23.209439223433026
3018237,1691.2188048154721
3018238,712.1761640961662
3018239,24.76422730450011
3018240,30.239800912499238
3018241,1682.2649863729657
3018242,268.84294553953373
3018243,6264.0668503258275
3018244,496.8753492229335
3018245,122.93080134370192
3018246,11.984333844148745
3018247,0.0007541570208526304
3018248,22.66446523283399
3018249,5406.056031492034
3018250,0.014466517908440321
3018251,895.8327735327861
3018252,16.412051386344743
3018253,2076.8630082958116
3018254,1435.4221967102096
3018255,878.0473190257842
3018256,147.11633787378616
3018257,318.47150903918555
3018258,8950.16008665772
3018259,41.48277058543678
3018260,2.4594460189504415
3018261,63.51058215673727
3018262,24.76424738930771
3018263,0.36034499188730407
3018264,560.6230866443051
3018265,24.88163027772965
3018266,27.329525465786254
3018267,9.641082834995247
3018268,176.3416529120558
3018269,13.50400881731877
3018270,1630.6736410975425
3018271,724.164787117164
3018272,22.976246107595358
3018273,44.34654545502704
3018274,993.2266143984283
3018275,152.3461973317761
3018276,2658.130358401769
3018277,292.1711470560409
3018278,51.65036666096192
3018279,13.471068255764216
3018280,1.8214483913806097e-06
3018281,25.029665555911883
3018282,8969.587899894828
3018283,0.00023534232349317532
3018284,1178.2879093667063
3018285,26.78186250452552
3018286,2114.796304161889
3018287,1934.203214976837
3018288,794.3515020068171
3018289,379.9647410549871
3018290,271.6427978551327
3018291,9822.369026017619
3018292,56.08846277304667
3018293,0.9808967720588262
3018294,71.88133307349753
3018295,72.11075826362578
3018296,0.5783562238940214
3018297,551.9170182131351
3018298,19.89511891190356
3018299,47.04968237211623
3018300,18.255008605437702
3018301,351.69303031645273
3018302,16.83202790479709
3018303,1325.768860533021
3018304,715.7920516680198
3018305,20.627431279158618
3018306,26.223933058901125
3018307,1404.0959450680828
3018308,243.90788879981847
3018309,5147.3153410282275
3018310,402.87697091156076
3018311,85.72786979711782
3018312,10.317839656969374
3018313,0.0
3018314,19.253997994624857
3018315,4189.850642019464
3018316,0.0
3018317,830.4346714371636
3018318,16.990178495229937
3018319,1812.1380883142356
3018320,1169.540771033316
3018321,709.5154528675596
3018322,114.38656487454679
3018323,206.2260570858979
3018324,7679.282137152148
3018325,42.2580482495894
3018326,0.2523717205679948
3018327,32.961163696123585
3018328,28.734388381365015
3018329,0.04172342726726774
3018330,493.3834770834959
3018331,22.150960001176763
3018332,11.980149762202663
3018333,4.532121474686418
3018334,177.8510573303916
3018335,5.539967673179869
3018336,1381.5881872902028
3018337,644.6818046312941
3018338,18.474042774480587
3018339,24.450398825907033
3018340,1044.1495949310763
3018341,101.06247012911989
3018342,1782.8931938314972
3018343,297.87468112338075
3018344,31.731988016278557
3018345,11.560330098045089
3018346,0.002019113840056195
3018347,12.126365168136047
3018348,6506.04850253657
3018349,0.000870262572357669
3018350,1207.0415408132938
3018351,30.35471422371755
3018352,1676.4830180258832
3018353,2040.4951362756835
3018354,485.2810211403188
3018355,507.71407020418235
3018356,380.02449401298827
3018357,7883.608470195667
3018358,82.5207125398347
3018359,1.1099462410241352
3018360,54.670692227238284
3018361,53.1476375065449
3018362,0.3663973842164984
3018363,446.7982035695388
3018364,17.17395344015022
3018365,40.42230656601532
3018366,10.907261033011215
3018367,352.9134439083199
3018368,18.932151993979907
3018369,1332.9466695557041
3018370,488.48758453149503
3018371,16.763981044127114
3018372,30.779986582463213
3018373,1343.2323123166914
3018374,247.5404039245585
3018375,6722.68441272108
3018376,237.13879335501954
3018377,100.27968158739199
3018378,6.302747287173181
3018379,0.14926891028112743
3018380,4.6763842628757395
3018381,1657.8733196942742
3018382,0.0016483820415951402
3018383,315.3249279162059
3018384,28.483193395609927
3018385,780.746474564026
3018386,485.2030105469092
3018387,238.01174152012456
3018388,89.54820553740831
3018389,102.76885162769499
3018390,2796.810354983926
3018391,25.107176077085768
3018392,0.7950856765958927
3018393,28.259560953587574
3018394,21.827619190750685
3018395,0.021450179825909632
3018396,173.0862712002595
3018397,8.996929793551626
3018398,6.950694471577254
3018399,8.613497200218145
3018400,83.47842949096645
3018401,9.204560462438703
3018402,330.56788123306336
3018403,193.4212374984985
3018404,3.2556278906367524
3018405,6.5297271919524436
3018406,301.93761812977544
3018407,56.541267074894996
3018408,1357.696866686699
3018409,0.4834444792447847
3018410,11.069211067905952
3018411,11.518883083411342
3018412,0.0006443117017598765
3018413,12.752091632734533
3018414,4083.8321725698793
3018415,0.0008779826114746014
3018416,595.5096370104384
3018417,37.58789170591655
3018418,1555.7401404969605
3018419,1072.1146306869368
3018420,529.1223247044501
3018421,111.61788265423705
3018422,150.37974475419105
3018423,6261.863675862106
3018424,76.2963681387976
3018425,1.2621772956136366
3018426,54.746365133649235
3018427,34.39974877190335
3018428,0.039404722733400024
3018429,359.7094457624688
3018430,12.867102178131901
3018431,8.644733949124246
3018432,3.4599991171887057
3018433,187.9962438550859
3018434,9.623194686767722
3018435,792.2751660801854
3018436,487.6568310914003
3018437,11.559046717818946
3018438,18.885331427790618
3018439,530.1689539879926
3018440,93.2520229209764
3018441,2121.342391288002
3018442,271.7281219257813
3018443,22.39248622536099
3018444,7.182053862173703
3018445,0.002765168177476173
3018446,3.6281693211117103
3018447,4468.593234969382
3018448,0.0016154615314126254
3018449,857.3252947673086
3018450,13.5887382986848
3018451,1345.0763932453924
3018452,1576.1111783603267
3018453,340.7395403040307
3018454,409.0007752733998
3018455,340.4995895684416
3018456,4937.9314045941865
3018457,51.325079797280544
3018458,1.4474588724097446
3018459,34.86098773901999
3018460,34.56242272193883
3018461,0.09597317771168817
3018462,310.15259175153284
3018463,2.426806699285634
3018464,60.50188727366526
3018465,5.086566250800045
3018466,218.3645796995526
3018467,11.762903650178947
3018468,1110.741003688319
3018469,299.2938826004621
3018470,24.73996345795659
3018471,10.352437684674333
3018472,1117.9704590515819
3018473,138.03568556746526
3018474,4834.270057048609
3018475,0.7188442435325761
3018476,64.24133595290762
3018477,8.005715381746604
3018478,0.0
3018479,6.377493563056983
3018480,4460.334928320922
3018481,0.0
3018482,989.979081818246
3018483,14.460874414967462
3018484,1616.1505973329504
3018485,1289.6312852232663
3018486,429.40915100999433
3018487,256.8619022244016
3018488,446.18192096967863
3018489,6354.2539012959205
3018490,43.83597782431741
3018491,2.250587961197399
3018492,59.73356400544747
3018493,48.941584390597676
3018494,0.06342402993778024
3018495,376.2385967419643
3018496,6.179517113590198
3018497,62.81078493989951
3018498,10.098799373164944
3018499,368.80852283242086
3018500,12.844820224731853
3018501,862.3712041257858
3018502,384.51715687366203
3018503,16.93035597597313
3018504,26.660052397364513
3018505,675.8561993757755
3018506,149.65225741253388
3018507,4580.002821956793
3018508,3.9550130909164745
3018509,10.914850039550789
3018510,6.389536680238355
3018511,0.0
3018512,3.4529605771002645
3018513,2084.3053459008247
3018514,0.0
3018515,472.151989080716
3018516,6.178510122706012
3018517,842.7518420376999
3018518,501.40376781359714
3018519,236.75036584225478
3018520,95.48226130422147
3018521,144.1218029800295
3018522,2982.175761374737
3018523,13.839902832479005
3018524,0.8932043488927894
3018525,27.863767083495187
3018526,17.759074896542057
3018527,0.0015726804462134446
3018528,174.90794488090083
3018529,6.975715797069149
3018530,13.577729147149178
3018531,5.553550133860422
3018532,96.75644938098549
3018533,3.513076769659788
3018534,407.82501316893183
3018535,188.68600472382658
3018536,4.238202174408161
3018537,4.88651101777392
3018538,246.14768400492292
3018539,63.75007333492823
3018540,1849.5434096326985
3018541,0.26946831889616496
3018542,6.029809032972024
3018543,6.172882527781914
3018544,0.0
3018545,0.07620517794435293
3018546,3483.3989153555895
3018547,0.0
3018548,177.9178955284342
3018549,4.105773502996961
3018550,835.622347429632
3018551,227.5328475737585
3018552,215.79874989543106
3018553,70.08392195621852
3018554,29.08163114585242
3018555,3237.4078516754553
3018556,8.549447928918134
3018557,0.5994037557737242
3018558,14.731413912847556
3018559,7.20738020602762
3018560,0.10927802821677271
3018561,174.7417758060564
3018562,0.0010242485536958652
3018563,0.0035436701185584205
3018564,3.27130048570635
3018565,41.858104397777154
3018566,0.8275262691391418
3018567,47.12391909134475
3018568,158.800077942651
3018569,0.009299399409236414
3018570,1.666486839528675
3018571,66.14110224209672
3018572,69.26255885663646
3018573,584.9428585041734
3018574,0.0
3018575,1.3830070487682007
3018576,5.722000616312505
3018577,0.002475320389550596
3018578,5.636581925506809
3018579,3013.413717474206
3018580,0.0
3018581,516.9916394467255
3018582,11.683570839909393
3018583,990.9639696791671
3018584,939.4908078999472
3018585,367.97412177838714
3018586,176.3028008518936
3018587,154.04112431046786
3018588,4384.018644581568
3018589,36.333041318589174
3018590,0.6191529721536508
3018591,23.107469518246763
3018592,50.79530328964725
3018593,0.022193237593191646
3018594,238.86161856119398
3018595,17.55603640839158
3018596,18.26762964396971
3018597,11.289519940618904
3018598,141.29136360490892
3018599,6.875740338274227
3018600,623.1242826579373
3018601,279.37852420707924
3018602,8.580561564695902
3018603,16.715402828396684
3018604,613.5542270161535
3018605,111.7091668407172
3018606,2163.124635166095
3018607,0.0
3018608,54.1455488717389
3018609,3.88480631995378
3018610,0.0061948521994466465
3018611,5.88987980701854
3018612,3612.759535467133
3018613,0.04236813903583841
3018614,606.0169784798261
3018615,18.558972828772152
3018616,867.3195858401988
3018617,1175.7523934792137
3018618,187.21691702448578
3018619,263.27660042030635
3018620,249.92894755069167
3018621,3411.5410495787223
3018622,41.37023984900825
3018623,2.202731553373292
3018624,32.33434956785499
3018625,31.010898352133232
3018626,0.5884812019247001
3018627,206.43610214150624
3018628,13.714582024924187
3018629,43.66030305939574
3018630,7.778960536423494
3018631,226.48285865480162
3018632,19.833872111636158
3018633,639.1714879764626
3018634,202.64870552506585
3018635,5.32320572635258
3018636,15.250622314299331
3018637,730.7858433458622
3018638,141.2027861903003
3018639,4283.483932844498
3018640,0.38663812917517626
3018641,52.07914115004773
3018642,3.1156258918505886
3018643,0.6514079832914921
3018644,9.823643517487989
3018645,4205.256817133957
3018646,0.004463088724706135
3018647,734.4840571420797
3018648,20.951025554611743
3018649,1014.1373085431273
3018650,1327.219121086151
3018651,318.9476531924671
3018652,332.2987171381669
3018653,173.5449567152652
3018654,4367.445499811733
3018655,42.68702683474408
3018656,1.1917781419690403
3018657,48.794293227859065
3018658,41.339762238202624
3018659,0.02489724699547487
3018660,320.1088394346533
3018661,27.45827287769452
3018662,38.201605811104024
3018663,22.631533221014692
3018664,224.64869862551066
3018665,16.678654016968217
3018666,597.4010428382446
3018667,312.61750848865427
3018668,14.724526308541867
3018669,18.396387584662744
3018670,835.925925071596
3018671,143.118312188674
3018672,3907.525279320369
3018673,0.3163467019790236
3018674,45.253199615457355
3018675,11.941812280872862
3018676,0.24804294594822243
3018677,6.879456716047733
3018678,2931.822163620385
3018679,0.0
3018680,408.26848050929465
3018681,14.951542059017935
3018682,1413.4130838054664
3018683,711.5014103967468
3018684,608.0235752387827
3018685,130.15175033363715
3018686,111.98218904374347
3018687,5718.403943941418
3018688,10.054162539406448
3018689,0.862689662471597
3018690,52.238684015112824
3018691,34.85092142787461
3018692,0.0062706179879763145
3018693,328.88513293132905
3018694,5.926666830276665
3018695,4.042717339782505
3018696,7.077943939990309
3018697,58.98196574580447
3018698,3.9219001959903643
3018699,298.83287948986714
3018700,380.1750258597782
3018701,5.837659762465062
3018702,5.327404013536881
3018703,478.7537550657353
3018704,107.8647531180084
3018705,1482.7092419655003
3018706,123.25227867750765
3018707,15.451688146645871
3018708,4.329703433627181
3018709,0.0
3018710,4.647363865953743
3018711,2039.8561842935756
3018712,0.0
3018713,270.8671985188669
3018714,8.918434961522685
3018715,506.94368969830845
3018716,624.4046512640548
3018717,110.71640657061421
3018718,124.52226694170362
3018719,103.28989835472697
3018720,2179.868865197485
3018721,14.847532348035656
3018722,1.4118141053561661
3018723,21.026506690361725
3018724,28.97808714880111
3018725,0.02339568826466412
3018726,145.99107535732207
3018727,10.260868006251732
3018728,13.625296736149501
3018729,5.869426659480007
3018730,105.58695797997544
3018731,6.131182898313776
3018732,212.61903165866912
3018733,173.70127602368817
3018734,4.290934219408231
3018735,8.130484560627533
3018736,219.34625511688
3018737,49.7072609812433
3018738,2083.6724864087887
3018739,0.0
3018740,22.723163910128008
3018741,1.9251276595516194
3018742,0.0
3018743,2.9036802487364075
3018744,1573.0550756022
3018745,0.0
3018746,119.87657215983099
3018747,5.175279040054351
3018748,793.7416287414505
3018749,306.7463268393595
3018750,272.93157031661593
3018751,37.70874410456613
3018752,47.401989505973795
3018753,2988.0485084850984
3018754,5.611048437629026
3018755,0.4389303646718747
3018756,11.755041401533761
3018757,12.00399835560947
3018758,0.1437082498554929
3018759,178.42643931874085
3018760,6.3313690147978665
3018761,0.00856069337645003
3018762,1.4632449108949195
3018763,28.262287235767754
3018764,0.46995221325306324
3018765,185.60167534509552
3018766,186.09384450886438
3018767,0.9005689876494254
3018768,3.7771320735611136
3018769,146.3470150157547
3018770,33.40172732053018
3018771,250.25367097260795
3018772,14.262541496418688
3018773,3.454974630775106
3018774,9.858509171974696
3018775,0.30861485357980867
3018776,5.8753679189282755
3018777,4970.680480505318
3018778,0.0
3018779,906.5753116794729
3018780,21.521469546840606
3018781,1775.189264537411
3018782,653.9146963793112
3018783,485.6210403418778
3018784,232.23128643665234
3018785,126.79789694475744
3018786,7503.318922972694
3018787,26.476759447498637
3018788,0.7143267078469735
3018789,35.59562750610723
3018790,19.000658499355307
3018791,0.05785975250095695
3018792,522.8792414051604
3018793,10.944123216655294
3018794,3.1461419399868236
3018795,10.486584293155307
3018796,59.64759304109748
3018797,2.7956776336150195
3018798,646.4960668079235
3018799,410.39361817447514
3018800,2.165187122229347
3018801,24.421324742705725
3018802,425.16680539688
3018803,105.16315607987889
3018804,1564.4507756052253
3018805,32.05865327917705
3018806,13.059855390999461
3018807,6.702147299742275
3018808,0.0
3018809,1.3145871478299562
3018810,1764.6068684154066
3018811,0.0
3018812,177.33068947529293
3018813,11.800065464010952
3018814,785.6409185444487
3018815,364.9692555662504
3018816,203.9189084910952
3018817,40.38021930017182
3018818,44.710977706032835
3018819,2879.34421511176
3018820,9.488144202581175
3018821,0.31783468050098507
3018822,15.659846888100162
3018823,21.207691557781036
3018824,0.031023446207889473
3018825,167.24302666284305
3018826,8.200926221180728
3018827,0.012243759508948926
3018828,7.099594383348396
3018829,57.30254365632811
3018830,1.7398467877967971
3018831,147.8315802147808
3018832,189.15728522866428
3018833,1.6386040678465168
3018834,8.50095779218737
3018835,145.8824007801354
3018836,31.513624595983195
3018837,356.9385593331546
3018838,13.41002666154145
3018839,4.308347157589651
3018840,6.351064233745309
3018841,0.003685936087253555
3018842,4.697457544016283
3018843,1812.6616962472385
3018844,0.0013188710246142571
3018845,133.59926436764874
3018846,9.511250720111086
3018847,814.9556487886498
3018848,335.1357356450822
3018849,185.46365663467628
3018850,39.06862572346445
3018851,47.425144671584306
3018852,3235.20059055472
3018853,9.694789785213526
3018854,0.18916027734219842
3018855,19.46964897995639
3018856,11.179143153173486
3018857,0.007186549533147246
3018858,183.91770211529163
3018859,1.7099012459533838
3018860,0.01516751263758315
3018861,2.095066670096104
3018862,27.02996051997022
3018863,0.9835252368308403
3018864,190.87678634199324
3018865,227.10226159338708
3018866,0.6048999285655934
3018867,5.5092652557094
3018868,135.9335749334291
3018869,21.306647198369806
3018870,237.54890597877466
3018871,11.633533452700092
3018872,2.847977738062322
3018873,5.649246288236958
3018874,0.0018209002985025509
3018875,2.8061187425663694
3018876,1923.895356750701
3018877,0.0
3018878,170.32626560758484
3018879,15.190278376740817
3018880,1095.6300806592994
3018881,454.004779811797
3018882,259.5317009438372
3018883,41.785720699910655
3018884,73.34561569768898
3018885,3830.6648580370547
3018886,5.103701290845175
3018887,0.12880955384682288
3018888,10.241212437816145
3018889,26.84983436138
3018890,0.03264366611325275
3018891,255.12551121859377
3018892,1.0264325511610086
3018893,0.014782722967737706
3018894,2.695137839109691
3018895,26.362199548662524
3018896,2.8320987809746483
3018897,321.2526736741399
3018898,319.01534225431465
3018899,0.9394692176275588
3018900,7.291870624920939
3018901,149.59690855024152
3018902,109.23488762133776
3018903,444.23809851035196
3018904,8.968768053313962
3018905,7.432630527461235
3018906,4.472615412633966
3018907,1.0500788246544244
3018908,3.959708597950293
3018909,1622.5155760802086
3018910,0.0006908380298094016
3018911,153.06608440642557
3018912,4.761476140735351
3018913,844.418312628575
3018914,310.34359306302423
3018915,238.99868400244782
3018916,88.28667475293199
3018917,79.06126788443352
3018918,2653.69107465224
3018919,7.204849243406638
3018920,1.025744461116962
3018921,12.412358125583498
3018922,17.29085052816274
3018923,0.031181280073490615
3018924,213.29358822363886
3018925,7.23731345056134
3018926,0.011000906372568415
3018927,4.23625317484221
3018928,37.19522634916573
3018929,1.8362523951428287
3018930,106.1433530755489
3018931,177.70361219434298
3018932,0.9457587994759082
3018933,5.120273876099373
3018934,102.20698486668888
3018935,41.80743231278581
3018936,611.7418076986771
3018937,9.118244125094238
3018938,5.073527058216319
3018939,5.979253075534465
3018940,0.2074146293861897
3018941,0.7601701311574087
3018942,1490.3990177582295
3018943,0.0007288362324261507
3018944,154.06750842072708
3018945,6.788756233362704
3018946,823.124479421006
3018947,268.80518024288847
3018948,155.13289557861856
3018949,121.94983998581202
3018950,63.899301969787516
3018951,2268.0740504939226
3018952,5.889580499135436
3018953,0.09772411094905727
3018954,19.56487662677463
3018955,15.935508316762878
3018956,0.05250389351362242
3018957,178.45024313345837
3018958,0.003305866660788445
3018959,0.00920826745123444
3018960,3.0274389394671033
3018961,39.669621712991315
3018962,1.255553431174571
3018963,44.98885552139586
3018964,160.34478215728322
3018965,0.9959253388064842
3018966,3.0399522902139227
3018967,64.06417056420761
3018968,32.59408290014549
3018969,571.7385445903824
3018970,0.0
3018971,1.0014491927492153
3018972,9.353600314660588
3018973,0.39948619591635637
3018974,4.095732008160043
3018975,3509.6167279954357
3018976,0.0020470805418003513
3018977,351.8786580700352
3018978,8.397925395293354
3018979,1246.1922750152416
3018980,717.9598590424799
3018981,549.4110041717574
3018982,173.43159264263508
3018983,186.99621136553793
3018984,4930.22429453947
3018985,19.304087342699155
3018986,1.4256808452838694
3018987,28.883625165663393
3018988,25.99906391899285
3018989,0.005540410185208983
3018990,311.5331315633172
3018991,0.06630435082308694
3018992,0.009436011929567069
3018993,10.790436689774744
3018994,42.80489652079873
3018995,5.502394647243209
3018996,221.4809098367366
3018997,329.40362414519893
3018998,3.0202116323816313
3018999,10.43958933089875
3019000,400.99573746578255
3019001,70.91062067018454
3019002,1451.1567837928676
3019003,45.2150668092982
3019004,16.07929548299497
3019005,4.527854960808609
3019006,1.0464224913976232
3019007,6.007978386369688
3019008,2471.428895567461
3019009,0.0006620733834922376
3019010,595.1836412388003
3019011,12.30153230275318
3019012,733.7356727220706
3019013,640.8817765559891
3019014,214.58209989304567
3019015,176.180962834376
3019016,81.42419344419375
3019017,3272.068843483046
3019018,14.479034288496505
3019019,1.0081384801116324
3019020,25.805106233277158
3019021,28.190508952108843
3019022,0.00415057462446709
3019023,206.5042822063123
3019024,9.801587629025349
3019025,1.285971593452996
3019026,5.344356947822044
3019027,79.23083938439434
3019028,3.179836923720191
3019029,102.59067202380157
3019030,190.03891021171086
3019031,4.108625774008313
3019032,9.939692892838883
3019033,193.78681803915023
3019034,58.69276349639329
3019035,1868.162187484717
3019036,49.97798223476183
3019037,18.867346769416145
3019038,7.940888253207968
3019039,0.38604412177322467
3019040,4.376106738923685
3019041,3508.9716617020385
3019042,0.0011341126332079004
3019043,233.06419817925453
3019044,9.686930155713027
3019045,1201.3277390171666
3019046,431.98184786603827
3019047,389.9330678640537
3019048,66.48555679619407
3019049,62.3882294166728
3019050,4662.983659663724
3019051,14.16644277656749
3019052,1.7074973797188266
3019053,16.9108349546792
3019054,15.836112239969868
3019055,0.30215701345011614
3019056,261.2071185471017
3019057,12.814257996650822
3019058,0.017406846761541007
3019059,4.661774545032939
3019060,43.77946253139756
3019061,3.9330831092428244
3019062,195.20204220645044
3019063,270.6477512447126
3019064,1.4955983317090746
3019065,7.9486138501415535
3019066,218.76843522377604
3019067,32.516729751582005
3019068,595.5066490659307
3019069,11.40101419560687
3019070,6.3612416987216305
3019071,7.65020944812651
3019072,0.0
3019073,9.433181224674403
3019074,2941.498110134847
3019075,0.0
3019076,702.1885063870807
3019077,14.711232492023276
3019078,778.955661348119
3019079,822.0928961007677
3019080,271.9923617568693
3019081,179.38948940900286
3019082,133.6633615916146
3019083,3759.8086292160688
3019084,36.30854389380649
3019085,1.6787816391327355
3019086,26.999019777593304
3019087,27.77137777957124
3019088,0.006062069287422067
3019089,258.4130583628895
3019090,28.258919798742404
3019091,28.017460176437435
3019092,7.405536471935571
3019093,144.6507206765459
3019094,13.648573277365024
3019095,379.6580981935775
3019096,260.88913419012164
3019097,9.231527526759757
3019098,9.719952446865468
3019099,418.72541506149935
3019100,122.5697571200005
3019101,2303.510216996642
3019102,0.0
3019103,36.06148969210407
3019104,12.146562771513453
3019105,0.3759826344488156
3019106,7.622751205725173
3019107,5648.053461289288
3019108,0.002375292667232062
3019109,544.8320369763328
3019110,11.449059955610196
3019111,1447.243915752223
3019112,813.404375688517
3019113,718.9284169734398
3019114,108.8077487846903
3019115,147.4405700641113
3019116,6110.957335679653
3019117,17.677689089343616
3019118,0.7608507852984798
3019119,20.877745354211193
3019120,19.162937880497523
3019121,0.028843087106790826
3019122,381.56928850736784
3019123,1.349194853989046
3019124,8.250310276019
3019125,8.014040177423404
3019126,75.42473960378888
3019127,2.0473547253898414
3019128,382.63543818469566
3019129,468.3210486456332
3019130,4.479934934842488
3019131,8.789887642052555
3019132,328.75562341690295
3019133,84.72163311934473
3019134,1316.9136766696404
3019135,72.72824045035308
3019136,23.085479511836102
3019137,14.904208127715622
3019138,0.3598425398792103
3019139,6.469062832766214
3019140,3470.522944290853
3019141,0.0026717173027777518
3019142,456.0161377293334
3019143,11.715522871699807
3019144,1393.4940674235893
3019145,666.1293334547466
3019146,358.5314839004001
3019147,298.2614902156826
3019148,154.05765783796605
3019149,4770.4098987798825
3019150,13.259789517478723
3019151,0.5972954926605167
3019152,48.0914794521397
3019153,37.793121618075475
3019154,0.10122256846818631
3019155,337.8019970320399
3019156,6.01178094754789
3019157,4.2559465482710594
3019158,9.444782933502708
3019159,143.35099119390364
3019160,3.1302377326761084
3019161,122.39776641566276
3019162,294.31069697476823
3019163,4.123874187064704
3019164,8.397471646581566
3019165,199.12090559500177
3019166,154.68101374215962
3019167,1606.8335316393236
3019168,0.041082793587538594
3019169,8.652437997225926
3019170,4.938841728864757
3019171,0.03153972330100229
3019172,3.3199917212158
3019173,2328.0283089501268
3019174,0.0
3019175,130.11060694287468
3019176,8.153009906688764
3019177,737.0876842721823
3019178,341.8602824737999
3019179,165.3436999119386
3019180,54.93287759114887
3019181,119.10199214552622
3019182,2765.3111366467665
3019183,9.230039630489028
3019184,0.7862621945767532
3019185,28.1976007191212
3019186,22.913956632793596
3019187,0.019808971896685464
3019188,189.38348800282466
3019189,0.6853291338097471
3019190,0.008743425401291919
3019191,5.814657771292548
3019192,115.57314513144476
3019193,3.689114869760787
3019194,108.13349962107817
3019195,154.56772056723065
3019196,1.1213841923261039
3019197,6.843673837743249
3019198,148.87148045331475
3019199,29.19654108152037
3019200,458.7509016124122
3019201,15.990470644214646
3019202,1.7891918044190511
3019203,1.7884160276789127
3019204,0.0
3019205,2.67509359220952
3019206,1538.1140730759796
3019207,0.17172756218100482
3019208,219.87388679117808
3019209,12.63693079925358
3019210,519.9404382336842
3019211,460.3023152649472
3019212,134.426716540312
3019213,47.0827740566664
3019214,76.60128291115235
3019215,2080.6294351376987
3019216,20.248170807042076
3019217,0.47717209814064593
3019218,14.285247079661104
3019219,14.724625395712698
3019220,0.2208546398631126
3019221,124.8553293949406
3019222,16.372102018475047
3019223,2.234736381674066
3019224,3.0129049816208298
3019225,91.39471425610287
3019226,5.352371292712403
3019227,460.59820093313704
3019228,154.09216906107483
3019229,3.953606415321083
3019230,5.826278007106966
3019231,258.5953393215842
3019232,29.463515444831078
3019233,1012.5551117268785
3019234,0.0
3019235,6.895576285233412
3019236,2.7259500312553775
3019237,0.00039246752726265375
3019238,4.716579231024651
3019239,3801.12234416434
3019240,0.024624025822724483
3019241,812.150499052278
3019242,18.481238610505766
3019243,1133.6371775525733
3019244,1300.2311355470795
3019245,327.7098389471806
3019246,234.46977785612302
3019247,196.5422247741127
3019248,4249.273579591629
3019249,42.88505294972618
3019250,0.8196114179114729
3019251,25.575446980124756
3019252,27.492790301906272
3019253,0.004813662132590685
3019254,243.6520430570363
3019255,9.649292044742168
3019256,33.12085677969399
3019257,9.829325833865772
3019258,133.16794948148532
3019259,14.454334105677683
3019260,407.1750370728595
3019261,301.9928361126935
3019262,17.410998141725877
3019263,11.169897544991992
3019264,544.0435517628553
3019265,126.8218136538954
3019266,3641.874373162372
3019267,0.0
3019268,30.42857932357513
3019269,3.6238171674796966
3019270,0.02470356367957706
3019271,3.3469045929293646
3019272,3109.009641700225
3019273,0.0018298363766270577
3019274,517.4087843036034
3019275,12.869183061870997
3019276,586.3634631369666
3019277,816.7682009596856
3019278,198.95786677613646
3019279,158.792088483503
3019280,151.40985482945837
3019281,2507.3841042910594
3019282,29.636030305113827
3019283,1.366595066876255
3019284,26.372576248642357
3019285,19.460687946506475
3019286,0.006521811215571004
3019287,131.98885248775335
3019288,0.010159664328026924
3019289,31.445707455802925
3019290,5.986004051957743
3019291,376.36440631196
3019292,14.06330496073644
3019293,262.6728884880879
3019294,137.3413173716989
3019295,6.5181966174511485
3019296,7.672016262430196
3019297,211.99489508470404
3019298,46.88904133317869
3019299,1956.321539164992
3019300,0.919579010051123
3019301,7.568984585992215
3019302,4.2363497301322735
3019303,0.005148242067541178
3019304,0.3588519542267728
3019305,862.0299304415826
3019306,0.0005763128402958702
3019307,232.44928217183707
3019308,6.4788229336559695
3019309,313.1315287060189
3019310,287.3365424261157
3019311,93.03570626271704
3019312,37.61334086107507
3019313,36.227640816012936
3019314,1302.4970564343548
3019315,4.928151409570966
3019316,0.4799913894467138
3019317,11.966298195262834
3019318,9.518999441843802
3019319,0.18279415615598235
3019320,80.78549626234066
3019321,0.1245641350468461
3019322,5.51900664651676
3019323,0.42617007020562603
3019324,39.52960894420765
3019325,0.21593268701732438
3019326,259.69896727499435
3019327,125.91207370382948
3019328,3.1920368419935707
3019329,1.4260693736569077
3019330,164.7731753745384
3019331,23.06727452892649
3019332,518.2766997403746
3019333,0.628389278922517
3019334,2.1267763558145956
3019335,9.70321948094136
3019336,0.5374763696428069
3019337,2.683923044542155
3019338,3535.8603264392013
3019339,0.16644488279810593
3019340,706.4472055280161
3019341,25.074436967318334
3019342,884.1885428781507
3019343,1067.7649427479273
3019344,335.1900853316242
3019345,262.17589275045395
3019346,219.21172621578035
3019347,4199.577670642042
3019348,35.61461022936169
3019349,4.0179522950449424
3019350,21.48450946849591
3019351,34.1310336323198
3019352,0.08946172916924815
3019353,223.47899818585626
3019354,12.926282873949043
3019355,53.031060165464545
3019356,12.507741826515591
3019357,285.3742045639947
3019358,5.056616500885219
3019359,324.4256657414418
3019360,252.72641329268203
3019361,13.390412893596926
3019362,13.412982839942158
3019363,407.4164487195767
3019364,91.30773641217411
3019365,2805.5717754192087
3019366,1.4523354964385686
3019367,19.76456309783161
3019368,7.0745757127400015
3019369,0.0047385411386793135
3019370,3.6695342582909216
3019371,4414.718020537164
3019372,0.004000075106890615
3019373,744.1186403426358
3019374,22.13809960577505
3019375,1561.4676290154193
3019376,980.9188756127223
3019377,400.1349625263827
3019378,280.4213769522633
3019379,125.15706032871901
3019380,7392.539025953358
3019381,24.658430152289093
3019382,0.5430116579270257
3019383,39.55838654458549
3019384,22.156325657419416
3019385,0.7063138596131138
3019386,343.31580813560635
3019387,0.0027695724973909337
3019388,9.619955166312767
3019389,6.505661698803609
3019390,85.79331270193427
3019391,1.3636370083689582
3019392,222.07590551779785
3019393,364.7578562865426
3019394,6.790880243536229
3019395,6.108201505516977
3019396,276.9594327209482
3019397,88.56079194980741
3019398,2196.8133241410737
3019399,2.3188401289943874
3019400,7.825271518548416
3019401,8.723469663541527
3019402,0.46653790265361006
3019403,4.144322964015271
3019404,3477.4194763507116
3019405,0.0
3019406,817.9322756158742
3019407,19.544689360597186
3019408,1155.6299474094524
3019409,772.1123101655733
3019410,280.11937100809354
3019411,242.60630100938369
3019412,165.77614569870016
3019413,4673.528862095045
3019414,22.0384262679171
3019415,1.6102575966808903
3019416,35.83639529564488
3019417,24.483071351419227
3019418,0.0026830382264407832
3019419,286.07224534609037
3019420,0.002704667452600596
3019421,7.263660003243071
3019422,8.164064016642886
3019423,177.5132057339442
3019424,1.6914834632405404
3019425,111.11070925888268
3019426,261.7381280150239
3019427,3.415109289331223
3019428,6.271700869347234
3019429,201.27393569390046
3019430,78.89507269103171
3019431,1479.4768615934408
3019432,1.805923627842994
3019433,9.85905062515761
3019434,11.429877601491297
3019435,0.14114165893507657
3019436,17.973982741642537
3019437,8977.912119228458
3019438,0.0
3019439,1275.7232683083394
3019440,49.405071716945194
3019441,1844.5961278143832
3019442,2204.5217218585326
3019443,379.5701490143725
3019444,536.2652932606792
3019445,372.956940555127
3019446,8207.548731178973
3019447,80.00936729520049
3019448,2.6667035685434803
3019449,66.85934555532349
3019450,54.13112160922881
3019451,0.0597541994664864
3019452,597.5932453176631
3019453,60.31487608826404
3019454,67.88322047290968
3019455,28.09822339417405
3019456,322.06644979300734
3019457,32.35340544079535
3019458,726.6183856084984
3019459,665.9781684518385
3019460,24.828314240039184
3019461,31.858192811028005
3019462,1192.9420852919711
3019463,260.0793749074881
3019464,7901.841985350979
3019465,1.0060681939820295
3019466,84.59251193930518
3019467,3.6936081529823674
3019468,0.237738633498322
3019469,0.35295202419008453
3019470,2051.713213408519
3019471,0.0
3019472,179.0300852969003
3019473,5.593767752369753
3019474,595.8428869111307
3019475,279.7779804034368
3019476,129.9901594012028
3019477,127.4128296238228
3019478,74.55476249085237
3019479,2375.7180620675726
3019480,6.04315854618286
3019481,0.31066618329936996
3019482,14.23220679060222
3019483,8.15131258171556
3019484,0.024312606240034146
3019485,177.45107623574225
3019486,0.6223603030855298
3019487,0.013150107602812157
3019488,2.407495887895533
3019489,39.51921957592008
3019490,0.9961947415210806
3019491,65.4635671369788
3019492,86.86910989099914
3019493,2.1824079198439112
3019494,4.65039500892964
3019495,108.16353522488696
3019496,23.125988315635553
3019497,622.1946463233206
3019498,0.015788777934557657
3019499,5.3746713569504925
3019500,11.555883146895507
3019501,0.061063533280371715
3019502,1.679447917962995
3019503,3701.3557109953376
3019504,0.0
3019505,624.3940364251843
3019506,13.24930014093859
3019507,1278.2690875125445
3019508,741.5219957585463
3019509,265.6857613403886
3019510,298.87633787175537
3019511,175.10602766281298
3019512,5161.745692494862
3019513,16.590010150271514
3019514,0.5534456056753165
3019515,25.993555947806502
3019516,22.573765414837535
3019517,0.008278922712947634
3019518,300.80586065225407
3019519,0.9406610216299431
3019520,7.770653822107869
3019521,8.460000527478805
3019522,30.023071445848288
3019523,1.5296352516069969
3019524,373.334312648324
3019525,258.004112575475
3019526,5.753826372272639
3019527,7.99433921537203
3019528,149.72294549024159
3019529,83.64779576818404
3019530,1629.0413685417177
3019531,1.3458117731336072
3019532,7.491179543860758
3019533,1.97423200332037
3019534,0.000820413597673514
3019535,0.7620100270939227
3019536,1190.6098744854623
3019537,8.482732412914919e-05
3019538,121.97799404624894
3019539,4.424415298549462
3019540,827.5685879513833
3019541,187.39859407071302
3019542,88.3192137040176
3019543,159.94622144244852
3019544,29.232400249756825
3019545,2254.0685447858964
3019546,2.155594381385087
3019547,0.26234421477263703
3019548,9.227581457509588
3019549,5.6049615154062975
3019550,0.14165771475614114
3019551,104.09576618844245
3019552,0.00619039102805575
3019553,0.00910421895673828
3019554,0.7758419656157332
3019555,43.41065709439979
3019556,0.3409431506513754
3019557,73.50935928060939
3019558,96.16924251284973
3019559,0.6680856612970847
3019560,1.4521524638515775
3019561,64.38705287674331
3019562,15.113241693116532
3019563,292.3859615787127
3019564,0.0
3019565,2.622744075603594
3019566,9.011430414009487
3019567,0.0010052366027136458
3019568,3.409232645186986
3019569,3564.5155648406235
3019570,0.0
3019571,230.5911893177949
3019572,11.400831956776813
3019573,1039.3947528480253
3019574,496.71811772484176
3019575,193.0646648654408
3019576,188.3503657267177
3019577,139.40798770228685
3019578,3322.9231642654518
3019579,3.951744184740451
3019580,0.384917810142807
3019581,36.5430435004674
3019582,23.249066494765614
3019583,0.051389525628786126
3019584,325.72055299528097
3019585,0.005568017672062494
3019586,0.009855875346135544
3019587,12.526840540308653
3019588,41.40200133601837
3019589,1.6110408902205386
3019590,305.36338667891215
3019591,240.2769915717914
3019592,2.3493732295316985
3019593,4.67196356659653
3019594,246.5333173771965
3019595,33.733343678614226
3019596,1399.5155153604428
3019597,0.0
3019598,1.5136614138501603
3019599,3.452319476160503
3019600,0.23871787863612756
3019601,2.572969847896034
3019602,2655.5754339468685
3019603,0.0
3019604,715.2521028062363
3019605,12.020199398298542
3019606,995.2696606286493
3019607,612.0069480992563
3019608,208.00349150662967
3019609,103.54651604627206
3019610,72.67632921214377
3019611,4497.263704565271
3019612,11.062521802808867
3019613,3.159350614978309
3019614,28.763534367640887
3019615,45.19050302276604
3019616,0.022611647953158693
3019617,195.23098934226778
3019618,1.9226561692493296
3019619,5.227833003639565
3019620,3.4412430161936687
3019621,42.35231478235496
3019622,2.495766875216398
3019623,154.61543901340806
3019624,314.05237399923885
3019625,3.8590798052546367
3019626,7.403310660296686
3019627,142.79237148406165
3019628,37.18946985208182
3019629,685.7833750766745
3019630,3.442543345765591
3019631,4.337012507150315
3019632,4.342922032203908
3019633,0.002812511781470919
3019634,0.5982751787388199
3019635,1837.4930119396404
3019636,0.0020754613490628457
3019637,103.80158576795615
3019638,2.611650478747645
3019639,541.5973960822226
3019640,221.32755460889535
3019641,108.09800225781676
3019642,206.9079262466149
3019643,95.7465658081712
3019644,2373.801969004115
3019645,5.929691111542737
3019646,0.6765210249851776
3019647,13.75173032621926
3019648,6.1174716426724425
3019649,0.21964632387080701
3019650,106.39124737439687
3019651,0.006022669554189548
3019652,0.011112805766653338
3019653,0.3010040244870744
3019654,125.68310334340626
3019655,0.9239539905111611
3019656,147.05717185366925
3019657,88.58681883905112
3019658,0.9395552085858903
3019659,1.0199180274528565
3019660,64.44851102882404
3019661,25.25274453536645
3019662,439.7582598957242
3019663,0.011007230966055298
3019664,1.1401271198541045
3019665,4.804609830262403
3019666,0.0
3019667,1.8423800976667786
3019668,4072.4488942490625
3019669,0.0
3019670,597.4532895629612
3019671,13.968716496412364
3019672,879.1352912245766
3019673,634.2726932171214
3019674,219.05245608965123
3019675,179.91065047109296
3019676,162.59336744144673
3019677,4082.181088936854
3019678,9.486886360141131
3019679,0.39067640710641177
3019680,30.627296370467278
3019681,11.627644452835689
3019682,0.00408179764887737
3019683,235.03838191707683
3019684,0.004985412734275155
3019685,31.089102334351928
3019686,4.183779663035839
3019687,115.60149155815115
3019688,1.5751806717504317
3019689,219.27497657995988
3019690,235.5111040179307
3019691,4.06143484823691
3019692,3.545732738976107
3019693,129.62726952982135
3019694,48.09893449919916
3019695,1617.4429552621689
3019696,0.9368860499548957
3019697,3.33663618753629
3019698,3.9148500965278163
3019699,0.0
3019700,9.367064597584108
3019701,2561.5706941976778
3019702,0.0
3019703,458.6429566294839
3019704,7.954405363571587
3019705,743.7528885373569
3019706,745.9904422540584
3019707,131.8531546955059
3019708,121.4482475420038
3019709,111.17817729980298
3019710,3239.32770671441
3019711,45.91100076289694
3019712,1.6030955763317962
3019713,28.741954857735017
3019714,26.9546754073638
3019715,0.004587473258262011
3019716,220.71414625634605
3019717,26.328190996409482
3019718,21.109738030000912
3019719,1.4147974830080847
3019720,138.17777314599556
3019721,12.425894430492948
3019722,199.71030797716637
3019723,250.63884111887208
3019724,10.259516865522937
3019725,13.942755221504836
3019726,242.19197389905105
3019727,59.39641094524878
3019728,2179.825554094037
3019729,0.0
3019730,12.429211482232072
3019731,8.258624386900665
3019732,0.001019474960695205
3019733,11.069961852800976
3019734,2661.2915553317384
3019735,0.021654682612984897
3019736,544.7630600799386
3019737,17.89750779792704
3019738,1015.8912494039375
3019739,880.5719303664607
3019740,162.78811593769592
3019741,91.02880221563827
3019742,139.53473360702804
3019743,4112.436551070202
3019744,30.770973990429912
3019745,0.937875597226907
3019746,45.44717150522821
3019747,32.938380667477695
3019748,0.03264880825807796
3019749,357.61055685186153
3019750,39.103005632782576
3019751,20.70004646046713
3019752,13.38951774726867
3019753,192.4179898926932
3019754,15.933364052711827
3019755,165.5028787734414
3019756,403.50649204445205
3019757,11.801928129728289
3019758,16.70934197179836
3019759,159.39931304002326
3019760,94.89321410574345
3019761,2143.5553706320547
3019762,15.294017907203969
3019763,21.48363467197779
3019764,9.9283090879626
3019765,0.22550682034130418
3019766,4.0170936953224174
3019767,3487.877400345423
3019768,0.0
3019769,711.9488461095511
3019770,7.627754032579945
3019771,1401.109589129811
3019772,663.1848572536509
3019773,201.2752225550568
3019774,301.8272675077554
3019775,113.19588446499671
3019776,5239.83304417112
3019777,37.378596272937024
3019778,1.4985805437459727
3019779,28.796430998440137
3019780,20.693405825068034
3019781,0.04708112514776626
3019782,321.30294189163624
3019783,7.497368228796251
3019784,16.82374084486728
3019785,10.151727100465463
3019786,93.99443935039969
3019787,6.6184814280266195
3019788,163.56940933722782
3019789,278.08605108246286
3019790,8.509386956524702
3019791,11.139832473753296
3019792,252.42362067890753
3019793,59.24499106286465
3019794,1731.8643821911016
3019795,11.445007466861421
3019796,18.491940351239695
3019797,5.0505459313839545
3019798,0.05664819901318105
3019799,6.618443145894071
3019800,2662.711286948525
3019801,0.023293319038096668
3019802,359.82209945005434
3019803,11.183551575408128
3019804,760.2239566715265
3019805,767.3087356740401
3019806,231.38027537110332
3019807,152.9588872733513
3019808,115.62630010966333
3019809,3307.634965632861
3019810,27.665388798152865
3019811,1.5801166626415535
3019812,18.85246463039679
3019813,12.007224224223839
3019814,0.18401108356244705
3019815,211.8955189227605
3019816,22.449480863041142
3019817,23.05118767785047
3019818,2.2503545529472713
3019819,155.27903893871454
3019820,9.574446100208728
3019821,365.3994063502619
3019822,248.46804888794114
3019823,8.759496677905794
3019824,10.511632611802439
3019825,398.487204773724
3019826,66.15332300655578
3019827,2404.2527327382504
3019828,0.15678950712129014
3019829,27.690555247755615
3019830,3.0748870662841883
3019831,0.001190489711978828
3019832,3.2913100679148286
3019833,5731.945787215427
3019834,0.0
3019835,467.0421992643009
3019836,11.278501431131819
3019837,2501.671554748815
3019838,675.8949032838536
3019839,295.27972791060034
3019840,192.44361050289697
3019841,115.92947374019764
3019842,8554.708967273964
3019843,10.935549473635199
3019844,1.9641179654142342
3019845,35.71503685024132
3019846,26.38072998479258
3019847,0.06857731303052819
3019848,385.3105829895167
3019849,0.0057821871397208775
3019850,0.2557120653614595
3019851,10.406593825302966
3019852,44.623568586858845
3019853,2.443809589064091
3019854,158.7196497428863
3019855,323.89663031261347
3019856,3.6978911540935053
3019857,12.440948319901775
3019858,164.5965440589917
3019859,56.214271324613186
3019860,1316.7251980173041
3019861,0.0
3019862,6.837356973407069
3019863,9.051848117295771
3019864,0.025175527225804104
3019865,10.524946605012627
3019866,2405.6196863291075
3019867,0.0
3019868,572.720224856924
3019869,15.210238372088298
3019870,992.0656855069244
3019871,747.0949169520894
3019872,246.18903270352058
3019873,146.10643596216275
3019874,205.87503372121645
3019875,3993.646635226741
3019876,50.48158631292697
3019877,1.7151325419265007
3019878,33.82819910531543
3019879,33.99952539849556
3019880,0.008811145432839439
3019881,273.18988701802743
3019882,31.910555137786538
3019883,18.25616712708188
3019884,10.823007066762155
3019885,160.5731378973029
3019886,14.202477350067019
3019887,262.7916506557222
3019888,379.07349638661447
3019889,17.466007522323746
3019890,10.884474816043303
3019891,213.40754536101224
3019892,70.13654342055061
3019893,2126.4658289841955
3019894,0.5976203870573507
3019895,7.875804041877025
3019896,5.203065198469713
3019897,0.0005878828003684263
3019898,6.192645148590188
3019899,2468.696626686685
3019900,0.0
3019901,465.45214287806215
3019902,10.617293955224353
3019903,714.3004747333264
3019904,769.2883424403143
3019905,169.70434406090837
3019906,141.08817514809854
3019907,109.59518703402972
3019908,2842.039486433633
3019909,30.352822958452073
3019910,1.077990058247849
3019911,34.06450163370399
3019912,34.024938345943156
3019913,0.0034631813685558174
3019914,195.2762353185353
3019915,17.714057328930732
3019916,50.73898350150609
3019917,4.764057200320434
3019918,88.82040466555806
3019919,11.675010264149796
3019920,230.71979893334068
3019921,212.34094329408478
3019922,10.30404329195753
3019923,11.792268225812846
3019924,227.4515729519663
3019925,46.774924289595575
3019926,2273.12924090085
3019927,0.45339121654862513
3019928,15.133751713874332
3019929,7.609968842245369
3019930,0.011477470038128604
3019931,5.560195967930048
3019932,5274.79897979814
3019933,0.0
3019934,574.6503844209662
3019935,18.758693261212343
3019936,1278.2313064512152
3019937,697.9206080280317
3019938,317.848275605238
3019939,219.34764101459075
3019940,140.24901280430768
3019941,5133.028349779675
3019942,14.734040865934354
3019943,0.1815815585975168
3019944,21.901249537229667
3019945,27.32745122720973
3019946,0.1280412335394097
3019947,258.8329800842913
3019948,0.003573859068464144
3019949,11.190771407362778
3019950,1.3774950209459598
3019951,144.44089186213978
3019952,3.558327651772503
3019953,207.94241327048556
3019954,277.73542331306
3019955,3.8892350673928933
3019956,1.8829155625687317
3019957,222.79137613382113
3019958,114.32041038157826
3019959,1354.7144349271084
3019960,2.8452853592470695
3019961,1.5326650293323612
3019962,16.442004722875804
3019963,0.003544598309959395
3019964,22.29676210073145
3019965,10049.335705379204
3019966,0.0028070098061909786
3019967,1759.248788728557
3019968,30.46115250976195
3019969,2457.1770340929857
3019970,2720.3782352719168
3019971,662.0516363328397
3019972,705.2038655148792
3019973,474.3722863684224
3019974,10368.770664971138
3019975,89.67879234254369
3019976,5.075816221423309
3019977,134.87967605191113
3019978,134.7887494947018
3019979,0.07185659590562422
3019980,751.7270068059295
3019981,29.64102196844836
3019982,36.232754474287425
3019983,62.18163883518784
3019984,436.7850468110387
3019985,29.39454831893276
3019986,914.715636232757
3019987,705.6211999952342
3019988,47.40809437565374
3019989,42.37969660240171
3019990,1300.0384199685218
3019991,312.34913897416243
3019992,9822.370422855
3019993,445.5414854505995
3019994,104.09183200004453
3019995,18.743725119775387
3019996,0.001164542189843996
3019997,18.917790774466084
3019998,10076.662822225235
3019999,0.00018341110520162418
3020000,1347.399038204975
3020001,35.4596611855359
3020002,2728.8606093265544
3020003,2451.72818349452
3020004,830.3894758515177
3020005,434.13097123401167
3020006,385.0907953513517
3020007,11081.983722676056
3020008,124.43885069200023
3020009,1.9587535193157337
3020010,99.97034675286508
3020011,113.90018837111671
3020012,0.9338101683568758
3020013,740.3337163292472
3020014,24.832068249037132
3020015,47.9599662295169
3020016,12.920103794484309
3020017,343.1131812892284
3020018,29.73894908715062
3020019,1219.1687627738443
3020020,841.4375650981308
3020021,33.612054350149215
3020022,37.26055687713116
3020023,1422.4035171124176
3020024,284.53086403696824
3020025,6883.795015430472
3020026,506.88859864441304
3020027,102.0072345620354
3020028,20.192999975610668
3020029,0.0025106089900648818
3020030,32.73899815165923
3020031,6403.067344397762
3020032,0.09770751021268965
3020033,1055.792944621519
3020034,22.232514607835387
3020035,2539.610607017335
3020036,1647.2441398052051
3020037,949.4882158730962
3020038,184.24890069626153
3020039,310.9381392131086
3020040,10098.252713561806
3020041,62.22129822629871
3020042,5.055356673225238
3020043,63.171190808244276
3020044,32.38814920243496
3020045,0.7327108177925208
3020046,736.0314108975244
3020047,44.809964599665584
3020048,38.01937051364305
3020049,16.04611951842094
3020050,215.72770945509183
3020051,17.660849460307663
3020052,1078.770570244544
3020053,922.9512635440749
3020054,33.54137890155257
3020055,63.507381337857225
3020056,893.8410138301163
3020057,169.77006763499472
3020058,3183.845112253159
3020059,438.6247797769204
3020060,65.16125691698166
3020061,18.151917745577315
3020062,0.001164542189843996
3020063,32.97939203338027
3020064,9172.032945976242
3020065,0.00018341110520162418
3020066,1316.4554675101256
3020067,24.74349107559971
3020068,2423.3070983657854
3020069,2307.2918633066597
3020070,729.863317194429
3020071,396.5416578988551
3020072,311.35953091003245
3020073,10937.511862092359
3020074,52.04451370687933
3020075,1.538817314002943
3020076,92.25183604254241
3020077,79.18748152374829
3020078,0.9618540711757229
3020079,715.4541111953887
3020080,30.608009993866432
3020081,41.72163854348215
3020082,20.127694882808854
3020083,334.7879711084626
3020084,22.925079543406042
3020085,948.5607313688879
3020086,854.7143855399751
3020087,34.5278371702775
3020088,37.53419524778669
3020089,1212.23328240707
3020090,288.1161307768427
3020091,6174.764019942682
3020092,501.8406152628484
3020093,80.11066000128729
3020094,19.127405758247477
3020095,0.0021822677953311446
3020096,31.81292700928128
3020097,5437.878316207203
3020098,0.001445680581717261
3020099,1009.6087305221737
3020100,22.30864445687188
3020101,2294.710912354485
3020102,1386.771380606664
3020103,721.3723124640302
3020104,146.89369767969907
3020105,252.0253483663269
3020106,9100.84751900824
3020107,57.065841560853336
3020108,0.4059700969624957
3020109,52.32043099806052
3020110,34.34030256811347
3020111,0.1050285532756267
3020112,695.4871470470497
3020113,45.539597562711954
3020114,18.121419783277645
3020115,6.597046606623428
3020116,195.08347373745178
3020117,10.566328207429963
3020118,878.9202399680674
3020119,898.913598033876
3020120,27.772663255754527
3020121,34.53404689894044
3020122,940.5852859447111
3020123,125.18495085290427
3020124,2279.6564323690495
3020125,366.1360078790227
3020126,31.82977188390567
3020127,11.81170030219727
3020128,0.0
3020129,15.94365105543297
3020130,6876.002085897102
3020131,0.0
3020132,1202.6346374361
3020133,26.790343039366096
3020134,1922.540286821037
3020135,2164.389567024445
3020136,459.29654982045065
3020137,492.36115565835104
3020138,352.7195748138843
3020139,7951.171549992972
3020140,79.49777826831219
3020141,1.9415355270890413
3020142,54.59955114136746
3020143,63.82704385108299
3020144,0.5384981240453737
3020145,548.8809560863062
3020146,19.48365513748564
3020147,33.08914876113432
3020148,13.014968621549759
3020149,337.7622545227072
3020150,22.648270374233
3020151,824.8783541520645
3020152,657.3421469397996
3020153,25.189554349136902
3020154,41.72284447918614
3020155,1018.255717678254
3020156,222.98248173651504
3020157,7567.310230243997
3020158,277.2927632931115
3020159,73.20328630829195
3020160,6.6601837314205525
3020161,0.1590162545213712
3020162,7.505292594300448
3020163,1662.7152100338662
3020164,0.0
3020165,317.30936733321835
3020166,28.157058205446475
3020167,772.7172327549912
3020168,536.8315814749737
3020169,206.2236312070839
3020170,80.53359934993834
3020171,119.61854131569307
3020172,2948.110759171194
3020173,24.57948320991118
3020174,1.393789104826491
3020175,31.73750624653391
3020176,20.56955011120989
3020177,0.049879985291764795
3020178,183.45050232254738
3020179,14.064408270435239
3020180,9.520356379493055
3020181,11.71127689055949
3020182,97.28341865218749
3020183,11.086592884998339
3020184,246.4218414475963
3020185,207.96488284256557
3020186,3.6359646608180647
3020187,8.626091990906167
3020188,234.25506568536468
3020189,56.42815742718686
3020190,1456.1972073260197
3020191,0.6119930124872894
3020192,9.361967130974577
3020193,14.640536491089293
3020194,0.0007279282816095272
3020195,22.04187064839069
3020196,5153.026494513893
3020197,0.0
3020198,656.4043536829219
3020199,45.07564317749769
3020200,1719.3079083706257
3020201,1236.616440935656
3020202,582.4684142848434
3020203,136.41353645448086
3020204,187.63853760304056
3020205,7000.303601425597
3020206,75.73794198297367
3020207,2.2861197210698667
3020208,69.18700395889338
3020209,43.903301754481184
3020210,0.062467527537009473
3020211,429.29649672815805
3020212,15.777246676094858
3020213,13.955925302245296
3020214,5.440374496556604
3020215,184.15489941006902
3020216,15.970089971391818
3020217,581.6047279202865
3020218,658.7189997340367
3020219,17.26872423398506
3020220,35.85890637481618
3020221,430.70751017718504
3020222,93.51210418477905
3020223,2384.863555556289
3020224,323.8382148794066
3020225,21.80107746970679
3020226,9.079479642693656
3020227,0.0
3020228,6.051959800797124
3020229,5010.183797784251
3020230,0.0
3020231,850.0442446830314
3020232,14.519939447698537
3020233,1392.0378669381066
3020234,1582.543549618335
3020235,247.00919912261165
3020236,333.6781147835245
3020237,328.6783849620897
3020238,5365.211456191162
3020239,61.84773086201151
3020240,1.7503476042692068
3020241,57.41164721547235
3020242,39.42025090040235
3020243,0.09647347154201683
3020244,324.3696554974884
3020245,4.029247942476356
3020246,57.80113007345128
3020247,6.146316378594027
3020248,225.9365275618473
3020249,13.158369115565224
3020250,610.2801993735023
3020251,344.04819488966507
3020252,22.43419297399544
3020253,15.635790381601662
3020254,694.2639052068829
3020255,126.45031423558957
3020256,5214.021589559418
3020257,0.9484359898317984
3020258,47.305399677481496
3020259,11.003801596360828
3020260,0.0013181078909485842
3020261,10.057749387373619
3020262,4905.797018193757
3020263,0.0005821558204184886
3020264,964.1099992468382
3020265,16.17674865702236
3020266,1592.0392784578246
3020267,1256.5580856808645
3020268,390.5705215031606
3020269,242.01479214065708
3020270,432.61787820788646
3020271,6919.48130127731
3020272,42.88876510530217
3020273,4.065810245921621
3020274,60.817231778342915
3020275,48.09978395522137
3020276,0.09424558547115211
3020277,401.2019118963806
3020278,12.654048850421926
3020279,76.70627819417105
3020280,10.827012040136314
3020281,383.9095281899909
3020282,15.060719612937714
3020283,503.15629435932453
3020284,401.45568106109334
3020285,18.03768471273783
3020286,33.5485594454412
3020287,526.8632499608401
3020288,120.06652752204475
3020289,4617.354054649571
3020290,5.3245818909766
3020291,10.272730573836778
3020292,10.579362988301448
3020293,0.0
3020294,5.311050849668062
3020295,2284.984437109034
3020296,0.0
3020297,558.0602380949122
3020298,9.778110875225138
3020299,1009.1129531394649
3020300,606.2992151648125
3020301,241.4167082107012
3020302,99.83347369373226
3020303,200.884236396581
3020304,3649.309165160233
3020305,18.543577197706302
3020306,1.6969775985557383
3020307,39.48101108840065
3020308,26.59089352494212
3020309,0.0022086065308249414
3020310,226.4968289411015
3020311,12.654633967713153
3020312,19.93628633612135
3020313,9.14077220027827
3020314,120.97849293144311
3020315,5.002595811826563
3020316,318.00480080171394
3020317,273.32650346613343
3020318,6.051859993805786
3020319,8.23273746741482
3020320,219.8052465918239
3020321,74.29273484323477
3020322,2225.4153823326874
3020323,0.2732866259338684
3020324,4.852927661977573
3020325,10.053512670186256
3020326,0.0002707216515397231
3020327,0.17209867851325064
3020328,3414.436093514148
3020329,0.0
3020330,235.48964112881595
3020331,5.614082800633958
3020332,1221.4712925724396
3020333,253.75578943988168
3020334,241.08645525225594
3020335,76.12135206289109
3020336,49.68844265617428
3020337,4325.744182833957
3020338,11.354814910712564
3020339,0.984739606333281
3020340,30.62330796033707
3020341,11.579489070722627
3020342,0.14151161902155962
3020343,252.0449729893876
3020344,0.004907609922943524
3020345,0.009431355751414435
3020346,5.164880229862142
3020347,50.12795488820369
3020348,1.2772502761660576
3020349,57.62199575931586
3020350,196.17284089632182
3020351,0.03144088544353348
3020352,2.4001050420461083
3020353,77.91752117004363
3020354,85.13039133945384
3020355,755.4106649256254
3020356,0.0
3020357,2.8141220828040034
3020358,8.482588830847357
3020359,0.0007274717818074128
3020360,8.712129749432073
3020361,3504.769231534773
3020362,0.0
3020363,646.6747839439421
3020364,14.586925762442565
3020365,1110.77067649041
3020366,1022.2081218341863
3020367,376.48174243411034
3020368,192.4065317353516
3020369,170.70504310641027
3020370,4980.810193359029
3020371,47.46806225820457
3020372,0.992045548105585
3020373,30.763102651728058
3020374,44.436371207495924
3020375,0.029400231586929552
3020376,315.7568554824199
3020377,26.09379986045502
3020378,26.063938632975514
3020379,17.731334202143213
3020380,168.08664803591546
3020381,8.663441391180095
3020382,514.7430358782253
3020383,360.9673138590996
3020384,12.845399964285765
3020385,19.211280149259725
3020386,587.0546284520731
3020387,113.18848116325171
3020388,2718.303815287223
3020389,0.0
3020390,40.13659762440209
3020391,5.761039233977425
3020392,0.0
3020393,7.328176564659781
3020394,3619.8860600211565
3020395,0.02999236152228918
3020396,611.6483250970081
3020397,18.235493370787005
3020398,799.500559963323
3020399,1167.664660594209
3020400,162.69647493613604
3020401,254.49116730883117
3020402,215.24262592632365
3020403,3221.8381512654364
3020404,38.66370418144364
3020405,2.40874035128093
3020406,48.548605841384045
3020407,34.43040873405487
3020408,0.6279217990715558
3020409,208.03081047792767
3020410,19.03760884233112
3020411,51.959788487464145
3020412,7.21957509077466
3020413,239.99420060863153
3020414,17.79712403296557
3020415,394.04819893215483
3020416,193.89028028099943
3020417,6.732827651981312
3020418,15.99506631943785
3020419,565.7807859054091
3020420,127.77683020801913
3020421,4438.316034980464
3020422,0.40292095075532447
3020423,40.50132652053942
3020424,5.531049359945543
3020425,0.8024743123281519
3020426,16.4263216198134
3020427,5090.524346853051
3020428,0.0
3020429,856.5173780928202
3020430,24.20397153279279
3020431,1202.4951674386336
3020432,1513.4755417793012
3020433,300.9726588643765
3020434,364.61636042426255
3020435,194.68867332141522
3020436,5278.447055199084
3020437,43.50938598185631
3020438,2.866000841764512
3020439,48.674246396322296
3020440,52.59273675371396
3020441,0.051392195944712366
3020442,345.7287642226667
3020443,41.5594571664709
3020444,42.78969077823996
3020445,23.89050421883018
3020446,214.8362373869139
3020447,23.71732164088045
3020448,435.38106161197663
3020449,384.8591849406414
3020450,23.92840274216617
3020451,28.42391423069019
3020452,669.1005714370492
3020453,159.94358444532534
3020454,4846.693514033082
3020455,0.5126729145674231
3020456,34.792961867119374
3020457,15.555335106404598
3020458,0.35896894907439525
3020459,12.610514943239451
3020460,3874.2030627746835
3020461,0.0023159355228537545
3020462,559.1940373292349
3020463,20.604778707518754
3020464,1573.0028830389635
3020465,869.7083137913621
3020466,611.5300478008288
3020467,195.41089625446048
3020468,152.82385653213944
3020469,7078.5974122092275
3020470,14.65578560116373
3020471,1.4671238221632548
3020472,60.36047694311368
3020473,59.153535072965944
3020474,0.009464515580447802
3020475,459.6084112378236
3020476,10.849024167518182
3020477,6.8068231556400836
3020478,12.838606203322572
3020479,77.13953752474973
3020480,5.302676577168238
3020481,346.10250767549115
3020482,508.12038405116954
3020483,8.752944256270231
3020484,9.716848078687805
3020485,430.8762259740044
3020486,148.3734980635769
3020487,1747.6821466688834
3020488,146.61929257539546
3020489,22.51430508667965
3020490,2.2595518105971557
3020491,0.0
3020492,2.994448170180225
3020493,1127.1247248466536
3020494,0.0
3020495,148.2601558205026
3020496,3.426100596056644
3020497,289.9491106870292
3020498,324.47509748302673
3020499,62.111681391932876
3020500,64.39322174018419
3020501,42.67901990828598
3020502,1214.7090563021097
3020503,6.312283793706984
3020504,0.7992579633031665
3020505,8.886723983305503
3020506,9.218872503500604
3020507,0.0
3020508,76.89171672186411
3020509,5.929200967443043
3020510,7.388349698475627
3020511,3.140911018686646
3020512,38.49595000705971
3020513,3.0955277209798684
3020514,101.29767126910716
3020515,77.19110923822952
3020516,2.781305248895284
3020517,3.5211577571229036
3020518,119.02555034095045
3020519,26.791465975298912
3020520,1191.0988118902562
3020521,0.0
3020522,10.164481245956319
3020523,1.828861574438751
3020524,0.0
3020525,3.085220112897388
3020526,1596.8173060038082
3020527,0.0
3020528,120.8995133708858
3020529,3.515333509637844
3020530,758.0976422323009
3020531,301.43618124816555
3020532,262.71982664091274
3020533,60.802840357701854
3020534,40.686468730074814
3020535,2961.768299874652
3020536,6.581056466704512
3020537,0.41976991730275565
3020538,10.954539974336353
3020539,10.858966277814723
3020540,0.18620620729330084
3020541,182.01851541438944
3020542,6.247013956351505
3020543,0.0
3020544,1.4627411674788457
3020545,6.948921299702646
3020546,0.5837742478768104
3020547,182.24836236130275
3020548,184.08035023342248
3020549,0.9988042409869267
3020550,3.4583642609114644
3020551,173.99030763792987
3020552,21.465923632364763
3020553,259.72993804602794
3020554,10.089264312283127
3020555,2.4400822873337016
3020556,8.537497844422536
3020557,0.16298757801913655
3020558,5.42068213947649
3020559,5155.6107996429955
3020560,0.00018378701104262586
3020561,1029.7324488945426
3020562,11.98761668900819
3020563,1885.3615690861782
3020564,695.14567699431
3020565,554.9651922522924
3020566,316.7512188696849
3020567,110.53409748141515
3020568,7602.540417044698
3020569,28.215239641580865
3020570,0.7320029158284496
3020571,33.69380779213654
3020572,18.06178183622457
3020573,0.06436040050961982
3020574,558.2083586868314
3020575,10.129900044887577
3020576,2.5368589044363867
3020577,9.69500579359033
3020578,24.296598213521627
3020579,2.696708567401725
3020580,707.2214860366682
3020581,465.68878331615656
3020582,1.8429497171480667
3020583,18.825071274126437
3020584,499.20935657786697
3020585,93.67306391033429
3020586,1559.0824149023993
3020587,23.422533134451875
3020588,10.234432727775166
3020589,6.382593620519424
3020590,0.0
3020591,1.4220118242997284
3020592,1728.0464546830103
3020593,0.0
3020594,212.48768630507624
3020595,10.381114764886137
3020596,807.6459800721536
3020597,404.1594201105195
3020598,198.1662760800855
3020599,44.40370265656672
3020600,30.057938179821544
3020601,2802.0667511333095
3020602,8.860173117955023
3020603,0.31632034140562826
3020604,12.44582242084247
3020605,25.577199625914254
3020606,0.048523674864789035
3020607,173.64913545833818
3020608,8.508440661912175
3020609,0.0
3020610,5.5729018254897635
3020611,23.554001216123634
3020612,1.7101458073908113
3020613,154.03720845343946
3020614,202.3412617159453
3020615,1.7869185792387285
3020616,7.7366446241307205
3020617,162.44517163905195
3020618,29.94683397161844
3020619,360.411282370297
3020620,8.12849166945803
3020621,2.1884321110988476
3020622,5.032933230293583
3020623,0.0
3020624,3.389552779852245
3020625,1355.017266024223
3020626,0.0
3020627,134.2628648519191
3020628,6.316945038417868
3020629,662.7162261119986
3020630,237.70500100095424
3020631,160.7365987109995
3020632,55.607711199218265
3020633,26.756946850961807
3020634,2465.5951689743265
3020635,9.911494928467967
3020636,0.18685579351580484
3020637,12.213623854819827
3020638,9.852616758445658
3020639,0.0010900915512118772
3020640,139.1555653287561
3020641,1.642690622302605
3020642,0.0
3020643,2.152141724125107
3020644,12.49961500878048
3020645,0.9825188027836473
3020646,115.75290722761049
3020647,200.92995685717938
3020648,0.5050265822892099
3020649,5.715650576583682
3020650,86.57646040021383
3020651,23.420450460777964
3020652,192.97463662202134
3020653,11.330951841437269
3020654,1.136647880667399
3020655,3.8150992590486643
3020656,0.0
3020657,2.4834068083859693
3020658,1840.3844900682673
3020659,0.0
3020660,163.62948718308897
3020661,6.791692316900303
3020662,684.5884066547907
3020663,294.9274910892912
3020664,187.69285699050707
3020665,33.32360946541106
3020666,31.303779827073136
3020667,2590.5272664451236
3020668,4.771616463815381
3020669,0.07134441729764064
3020670,6.249507935979567
3020671,14.353872407764976
3020672,0.029700789606239068
3020673,141.2170606065411
3020674,0.7570635437228244
3020675,0.0
3020676,2.309449587263699
3020677,12.95776874665435
3020678,2.3421950447475663
3020679,171.4545715466471
3020680,176.58206064691336
3020681,0.9231380204226527
3020682,5.050559924216924
3020683,60.75088228369525
3020684,66.54558885728738
3020685,360.1373306628313
3020686,4.867883440623481
3020687,3.466750574315773
3020688,4.015038282427259
3020689,0.9005693336421154
3020690,4.987012944682538
3020691,1471.9954440306394
3020692,0.0
3020693,154.91827840641176
3020694,3.3973868881102653
3020695,701.0053144208086
3020696,261.7847095883857
3020697,202.68046255681602
3020698,83.35292494806504
3020699,46.910535766837704
3020700,2417.214152166582
3020701,6.5982585129833256
3020702,1.0182756230557999
3020703,9.60908240614419
3020704,15.571589519939955
3020705,0.021453595009084368
3020706,185.60386962461902
3020707,8.133541932557268
3020708,0.0
3020709,3.401360919566799
3020710,13.268189556693677
3020711,1.5228083003258037
3020712,89.07222096682938
3020713,161.30540626778256
3020714,0.9600663690495677
3020715,5.150837596947579
3020716,94.78389163982344
3020717,34.76611155636337
3020718,610.0800536058923
3020719,9.815599199400651
3020720,3.230515401909245
3020721,5.579578741381426
3020722,0.20869874897421617
3020723,2.12751874994736
3020724,1684.4133063038462
3020725,0.0
3020726,214.86313266997837
3020727,5.221486236967313
3020728,975.5102232420094
3020729,340.96799875189964
3020730,198.15481655948702
3020731,147.68914434042924
3020732,35.32184295495589
3020733,2635.1950323254728
3020734,6.632275988103304
3020735,0.11051611068823648
3020736,14.064231892204667
3020737,19.242146999882973
3020738,0.07712763493517391
3020739,210.50144455961643
3020740,0.003384343595330572
3020741,0.00848477518509655
3020742,3.0538811838424067
3020743,22.24285664902093
3020744,1.2724273995384192
3020745,65.04597197691416
3020746,173.79940745420026
3020747,0.7501829879986099
3020748,3.0744893206692785
3020749,72.26806585855638
3020750,41.629877451623706
3020751,675.8708726111144
3020752,0.0
3020753,1.2976339035595283
3020754,8.243852330968142
3020755,0.3536452328533745
3020756,4.201551051018352
3020757,3883.6808720523177
3020758,0.0
3020759,432.0740817310078
3020760,6.862819223744256
3020761,1288.0270505182668
3020762,864.0171517706725
3020763,621.0545487914462
3020764,250.39024069759583
3020765,133.24870097949022
3020766,5446.080890221739
3020767,21.139070597801553
3020768,1.5634662829028692
3020769,28.519840968258332
3020770,33.358829405977545
3020771,0.03680640487521036
3020772,346.90620934355127
3020773,0.07070586416696947
3020774,0.004375500421419187
3020775,11.875404459152747
3020776,33.71559199882996
3020777,5.103101730976652
3020778,292.9592373831965
3020779,351.9381171659294
3020780,3.0087920803978445
3020781,11.293101455177116
3020782,389.6310501530623
3020783,66.24786040317338
3020784,1939.5496088296782
3020785,42.71304183192804
3020786,17.14720852758293
3020787,4.52572576575505
3020788,1.1129252753535277
3020789,6.303934319681077
3020790,2672.1766598207964
3020791,0.0
3020792,759.3234711217344
3020793,9.530867414545831
3020794,720.5170938633056
3020795,716.4885456049652
3020796,233.55214023644763
3020797,235.72298709304104
3020798,65.76577008209364
3020799,3449.224050495506
3020800,17.05136239540748
3020801,1.1430283993487738
3020802,25.62057104546954
3020803,25.806053410367994
3020804,0.005219261814959122
3020805,257.3476876915418
3020806,11.31037116916852
3020807,1.2472357826065807
3020808,8.618517731025547
3020809,42.70663228514758
3020810,3.101979166345581
3020811,107.0024989926171
3020812,200.11467440313848
3020813,4.24958845977096
3020814,10.148929548867484
3020815,206.98902080668935
3020816,61.219970812618136
3020817,2322.4145852479546
3020818,52.87066505033457
3020819,16.844429908690408
3020820,7.223096747379461
3020821,0.4162318690131029
3020822,3.033759090357462
3020823,2464.747836417162
3020824,0.0
3020825,194.0396928612024
3020826,5.774650268802181
3020827,896.6344266115924
3020828,358.9869539860162
3020829,318.66165099936865
3020830,67.253142453328
3020831,34.79132500335477
3020832,3203.7829733352546
3020833,10.644844476761538
3020834,1.355826917386302
3020835,12.223801666653298
3020836,14.315595510640893
3020837,0.1942458756647938
3020838,175.02678048021
3020839,9.745816361451462
3020840,0.0
3020841,3.9187803926688742
3020842,21.12078324501169
3020843,3.859660224616957
3020844,128.41094192759627
3020845,191.2203876493165
3020846,1.3582091775922893
3020847,6.303005099145952
3020848,74.77241963322554
3020849,26.305423888167013
3020850,449.6434511198804
3020851,10.898195373587757
3020852,5.513089633930529
3020853,7.606202283257845
3020854,0.0
3020855,10.995463846109068
3020856,3100.1036048264473
3020857,0.0
3020858,714.212356224339
3020859,11.458962553187352
3020860,814.909246134333
3020861,911.3643007764916
3020862,229.1103746201457
3020863,212.68431062586023
3020864,99.53904536198938
3020865,4171.815820615738
3020866,37.31518189635192
3020867,1.725948499903776
3020868,27.14711608929391
3020869,41.995193625584164
3020870,0.013363021994041128
3020871,279.84911933695207
3020872,27.501859722158805
3020873,23.114976690083175
3020874,6.176073795988042
3020875,63.35594793138313
3020876,12.658526445193106
3020877,380.6040101144415
3020878,308.0905389435452
3020879,10.007455432364026
3020880,10.052108575520226
3020881,507.6826923278696
3020882,106.22725189341534
3020883,2499.1963831221155
3020884,0.0
3020885,42.931485221906044
3020886,12.762929533017
3020887,0.2007001262118725
3020888,7.572751823703344
3020889,5737.403158016204
3020890,0.0
3020891,945.2578881404166
3020892,8.715891450688
3020893,1780.850239598568
3020894,1050.3593627540533
3020895,887.5308642629781
3020896,176.5260051664278
3020897,100.27232356665995
3020898,7300.4313264395205
3020899,21.628356196869625
3020900,0.7907579368366007
3020901,23.793190164174394
3020902,28.251052386869848
3020903,0.03502963170497893
3020904,459.5177657503172
3020905,1.155381990503776
3020906,8.213455154827694
3020907,8.285217653779108
3020908,40.65028457532261
3020909,2.1802056828224696
3020910,424.3526079850041
3020911,549.3988263061426
3020912,1.6830362517066866
3020913,10.95562399421326
3020914,440.6063280877705
3020915,92.81152156986097
3020916,1495.4651013495159
3020917,128.49252022217456
3020918,19.343341740995204
3020919,16.914489906404864
3020920,0.41432100177850834
3020921,6.643291883380281
3020922,4264.435544646224
3020923,0.0
3020924,803.4400384690837
3020925,7.807654061955365
3020926,1640.7858393361082
3020927,913.3034047992992
3020928,443.42815526641533
3020929,397.983724267778
3020930,94.97553459779705
3020931,6284.691737800031
3020932,21.945781299252538
3020933,0.6128216178029613
3020934,44.08252717717347
3020935,43.835419065417405
3020936,0.13359653916686015
3020937,443.0254331908698
3020938,6.172079465230331
3020939,3.472130927488566
3020940,12.477453238483639
3020941,71.31764744423272
3020942,3.3296736508484877
3020943,169.7404825616315
3020944,398.8165619244437
3020945,4.07170303661054
3020946,9.997790739149224
3020947,209.89765426901727
3020948,209.17103284885448
3020949,1952.236894703091
3020950,0.03931912602482267
3020951,6.696895191523277
3020952,4.3936220775622585
3020953,0.01916631859866075
3020954,4.051870206299207
3020955,2156.1213880356713
3020956,0.0
3020957,151.8995488460019
3020958,5.09257873644309
3020959,718.2839920128955
3020960,369.7294334837239
3020961,163.70881414228418
3020962,44.64073061125803
3020963,44.49341183599131
3020964,2676.6051084039946
3020965,7.88707953039488
3020966,0.8175694210365301
3020967,24.14992750373587
3020968,23.081733467004433
3020969,0.0169151255188849
3020970,189.9553016778569
3020971,0.8151170112937711
3020972,0.0
3020973,4.886109562963564
3020974,33.27557689387163
3020975,3.4370807154085705
3020976,137.53700092032727
3020977,162.6317444319456
3020978,0.8928940465970481
3020979,6.5987620903924435
3020980,171.2644693998659
3020981,34.26168038517913
3020982,447.6441417276898
3020983,12.868392827673
3020984,1.8341774408543334
3020985,1.9454502574455654
3020986,0.0
3020987,3.401362404929989
3020988,1480.8255443169612
3020989,0.16942566377385238
3020990,241.8399513514863
3020991,7.691792192126352
3020992,509.0913641314433
3020993,517.8974212697286
3020994,130.23999078203474
3020995,49.62288539790694
3020996,55.95330196483342
3020997,2126.8704477977903
3020998,19.0844881075996
3020999,0.365483403944057
3021000,13.622349231003504
3021001,12.253999765403904
3021002,0.23328380504581145
3021003,129.2592572852301
3021004,15.834327047219123
3021005,1.6672168077911396
3021006,3.692765785735639
3021007,38.93884457156341
3021008,4.794251782925738
3021009,936.4306694148352
3021010,174.63251470965128
3021011,4.878016157952615
3021012,6.476080845496141
3021013,336.9718016519212
3021014,32.5616842141418
3021015,1198.8901310561303
3021016,0.0
3021017,6.131546604934739
3021018,2.4019619657351132
3021019,0.0
3021020,4.484190079809676
3021021,3478.1354918245506
3021022,0.02087203564616452
3021023,752.4201019733864
3021024,10.264459434205005
3021025,889.9941422379485
3021026,1228.2757087362643
3021027,254.79394466030692
3021028,223.03938987394585
3021029,112.44283238027622
3021030,3762.5845352566644
3021031,32.14382756286651
3021032,0.7878809115547616
3021033,21.246691510827393
3021034,34.1360461903543
3021035,0.01760029680834726
3021036,264.11781910585154
3021037,9.332260459759178
3021038,26.07737118347601
3021039,8.24277862210575
3021040,35.51081364817796
3021041,10.930995973725054
3021042,312.3166689158712
3021043,276.2538257065492
3021044,16.197186006406042
3021045,10.270342333964514
3021046,475.83775825015977
3021047,103.86212923161298
3021048,3187.3164537795274
3021049,0.0
3021050,19.059081956251585
3021051,3.1463652140094975
3021052,0.024226852607502625
3021053,4.305279529606254
3021054,2127.5654719137647
3021055,0.0
3021056,421.9711083226592
3021057,6.615959075585874
3021058,408.3532157914653
3021059,594.3280000605238
3021060,147.89934204731594
3021061,111.75084019573828
3021062,79.7587062217202
3021063,1913.5762967127766
3021064,18.459510254054543
3021065,0.8899703839140105
3021066,16.16578502226386
3021067,14.557329940792835
3021068,0.0
3021069,95.42227555067407
3021070,0.0034721493846399352
3021071,17.426385567935377
3021072,4.278193124859042
3021073,122.71192926640695
3021074,9.347306306636554
3021075,168.59578228955252
3021076,119.75326285699853
3021077,5.565794243761619
3021078,6.2944343877022755
3021079,167.8265968592478
3021080,39.01980475798158
3021081,1431.8910538372013
3021082,0.8686734573888706
3021083,5.745344817681426
3021084,4.365017565149351
3021085,0.0044251681872818785
3021086,0.41920094727528434
3021087,1102.2106355305136
3021088,0.0
3021089,272.8751345519335
3021090,5.48732259138275
3021091,388.59673596477666
3021092,356.19203924446066
3021093,116.28398294926119
3021094,44.104905146214705
3021095,38.853103310392726
3021096,1675.6901948511374
3021097,4.562989932359261
3021098,0.5576711264096261
3021099,11.988779570454712
3021100,10.44580359362847
3021101,0.19124831181280305
3021102,98.0294877039572
3021103,0.0713767186096009
3021104,2.6651481941728496
3021105,0.4579048322218975
3021106,22.59272799997744
3021107,0.2763978245984956
3021108,283.04990856021396
3021109,144.8997896447828
3021110,2.758918825182512
3021111,1.249602751730598
3021112,153.07648409435464
3021113,31.84598652877191
3021114,597.5637715956427
3021115,0.5558345027609768
3021116,2.1951753101324685
3021117,10.522405240991832
3021118,0.6005722953086057
3021119,3.8943649222579744
3021120,4546.874573903661
3021121,0.1716451510443233
3021122,938.8290758412207
3021123,15.282313967480722
3021124,1137.6064475823046
3021125,1363.859717116634
3021126,410.3490502577859
3021127,339.4646692707461
3021128,145.34861271702724
3021129,5194.898523028724
3021130,45.35913033794888
3021131,4.636816929503714
3021132,26.521039739961967
3021133,41.14316521538372
3021134,0.1201264500344733
3021135,296.6938861902267
3021136,13.852388373044286
3021137,46.116760150588
3021138,13.509278455355695
3021139,130.18072591777857
3021140,5.365193494710454
3021141,334.3735328200712
3021142,356.37558137860003
3021143,14.397773904570624
3021144,13.979586128167076
3021145,502.20410785629036
3021146,107.73418630080269
3021147,3268.2952178847386
3021148,1.313592553686651
3021149,26.463850356803988
3021150,8.008426231790377
3021151,0.004428307591909274
3021152,5.358071933912156
3021153,5246.210398498141
3021154,0.0036900695765913587
3021155,1076.3448719806865
3021156,13.68926676439443
3021157,1432.0845896213923
3021158,1385.2653507461303
3021159,494.94096515846235
3021160,337.3376432217463
3021161,91.5628148173336
3021162,8929.730241055217
3021163,30.8441399125346
3021164,0.6675733474224943
3021165,41.76274731041131
3021166,23.694514296281593
3021167,0.8094566894985826
3021168,383.8635632441057
3021169,0.004377425588437656
3021170,8.648223585218485
3021171,8.037387856336517
3021172,46.34979198493178
3021173,1.2358263606657758
3021174,250.37750715192925
3021175,396.92774595011235
3021176,7.016866336051896
3021177,6.548518481927306
3021178,307.2165908327521
3021179,122.72364858828846
3021180,2417.9219408481354
3021181,3.007343302498593
3021182,6.373455636541072
3021183,7.476605832264012
3021184,0.325366060250617
3021185,4.368125367545559
3021186,4696.1816736418805
3021187,0.0
3021188,1198.2871101865892
3021189,12.170071759567897
3021190,1312.5941744363274
3021191,1065.1500413144045
3021192,404.82568681622325
3021193,313.018496740092
3021194,80.05346642146178
3021195,5564.422797350739
3021196,30.284588562633637
3021197,1.736296123466635
3021198,35.87628583301206
3021199,25.07699028183597
3021200,0.033306156892059305
3021201,357.12513944001944
3021202,0.00354084980438708
3021203,7.327527363850484
3021204,8.134623446339424
3021205,59.78580464456024
3021206,1.7609587677091807
3021207,157.6684182384899
3021208,306.02614729158097
3021209,1.7569760416668703
3021210,6.742162226062481
3021211,238.62465810734892
3021212,91.99070195395981
3021213,1796.8362525918458
3021214,1.4120947314443733
3021215,8.956568025912679
3021216,13.290779903053325
3021217,0.1683767144813096
3021218,24.05051326058072
3021219,8875.30311883636
3021220,0.0
3021221,1309.4867251699532
3021222,29.102459569528385
3021223,2004.5394725068668
3021224,2283.0527691068783
3021225,412.421501480945
3021226,585.1220767186314
3021227,348.85831942678976
3021228,8742.363545334863
3021229,87.99379412814599
3021230,2.940812889748899
3021231,67.22414109322224
3021232,58.066646765838726
3021233,0.06656516106395374
3021234,646.9257514708557
3021235,70.27121183354208
3021236,51.13562108334072
3021237,31.719099922069127
3021238,201.07245235693765
3021239,32.6064429512363
3021240,717.918058690011
3021241,723.6830091782504
3021242,23.943023717976295
3021243,36.8931978635408
3021244,1235.032866325532
3021245,242.42190856703408
3021246,8477.839456683221
3021247,1.3012464486550868
3021248,90.28526228883784
3021249,3.321868366511338
3021250,0.24588621919593587
3021251,0.2694901957380659
3021252,2316.672747985565
3021253,0.0
3021254,236.44440804116485
3021255,6.14396977932865
3021256,657.9763727135734
3021257,317.20426095088317
3021258,130.91913210108885
3021259,155.4363128194169
3021260,37.94084880769588
3021261,2497.8769089543416
3021262,9.378503462572022
3021263,0.3017012949300631
3021264,14.897312183214666
3021265,8.668262249730041
3021266,0.0043580053479049235
3021267,144.2264317052558
3021268,0.6786097464311791
3021269,0.0
3021270,2.535271822187457
3021271,20.703235915731216
3021272,0.8691724755175312
3021273,59.183611173067625
3021274,111.01486162492371
3021275,1.95646040607433
3021276,4.688520128567523
3021277,117.04047534873249
3021278,29.692542351875176
3021279,670.1490691816014
3021280,0.01452800718338718
3021281,3.8954203668478478
3021282,10.120267679984467
3021283,0.03809723350217218
3021284,1.6230172576998507
3021285,4499.961854879087
3021286,0.0
3021287,777.3137889918457
3021288,9.214895226934612
3021289,1300.0072716408636
3021290,870.0551309550453
3021291,299.81840157250923
3021292,407.1883759567141
3021293,64.52538809808152
3021294,5656.336515324446
3021295,17.659488899831775
3021296,0.6623720865646108
3021297,29.67712298755028
3021298,28.747730759562497
3021299,0.010727484175231344
3021300,366.00397210344926
3021301,0.9887790185645291
3021302,6.49674930390123
3021303,9.94235629503889
3021304,18.055132253616534
3021305,1.2864444490736386
3021306,394.5283895182526
3021307,337.68169675417715
3021308,4.721800492845595
3021309,8.050974675087815
3021310,146.18753902500274
3021311,104.8716967024221
3021312,1690.5234838685967
3021313,1.731482471613322
3021314,5.777221281685054
3021315,1.2635235428838172
3021316,0.0
3021317,0.8588558584081758
3021318,1277.8015942051761
3021319,0.0
3021320,181.2579546328972
3021321,3.351017122083441
3021322,552.6008764555885
3021323,224.90648425848093
3021324,116.7758646065238
3021325,171.67090499457424
3021326,21.31181883864563
3021327,2297.9965436723255
3021328,2.7180091713858214
3021329,0.2732663416211764
3021330,9.608712116920765
3021331,4.366057237986061
3021332,0.1377822169582951
3021333,104.5174096755667
3021334,0.003801357848699696
3021335,0.0032725501116560984
3021336,0.6281888701863005
3021337,20.132829636254296
3021338,0.26302053723302
3021339,73.51618338393615
3021340,89.44680548997559
3021341,0.671099470364922
3021342,1.4600385008073862
3021343,62.88634937758793
3021344,14.160433159570145
3021345,288.50459752409324
3021346,0.0
3021347,1.6443998279364527
3021348,9.062776966580737
3021349,0.0
3021350,3.3145270860516973
3021351,2594.8771858422133
3021352,0.0
3021353,339.0852408716844
3021354,7.788039407898713
3021355,1238.5269827693326
3021356,581.0560732794366
3021357,234.8761294038903
3021358,172.69130673709554
3021359,47.14389166098291
3021360,3852.0112651107247
3021361,5.2556829973646915
3021362,0.353633095858379
3021363,32.70904000664895
3021364,26.532711602914343
3021365,0.08406502077169532
3021366,292.5311468254221
3021367,0.006739330820015494
3021368,0.0013391639188784432
3021369,14.796970093667639
3021370,21.82485677682607
3021371,1.6075897722114938
3021372,329.6675753348167
3021373,293.57531748357525
3021374,2.4569050419080667
3021375,4.272979476159982
3021376,262.012894538993
3021377,33.23274954474847
3021378,1530.541099802719
3021379,0.0
3021380,0.6191564860184529
3021381,3.5961723732495425
3021382,0.2515936021206161
3021383,1.318426424672238
3021384,2791.8506523969177
3021385,0.0
3021386,740.0147286271111
3021387,7.236912274976049
3021388,804.2098140731877
3021389,663.3548042318888
3021390,223.42840767523256
3021391,128.74144446513122
3021392,57.01972741832487
3021393,4636.046242128979
3021394,9.864621848304743
3021395,3.0035233027791506
3021396,22.617969814493947
3021397,32.2194338531126
3021398,0.03588268852817595
3021399,207.28412440524926
3021400,2.267940021669077
3021401,3.6792553288130234
3021402,3.253453461835778
3021403,21.01798306464954
3021404,2.1880248911523994
3021405,167.249159686469
3021406,261.6218992421026
3021407,3.419174848575736
3021408,6.716322924286274
3021409,146.3628389281572
3021410,27.872903069881605
3021411,681.2554445977296
3021412,4.043390741920488
3021413,2.1858028265182234
3021414,4.4241885765134
3021415,0.0
3021416,0.630685111154859
3021417,1759.1323991649906
3021418,0.0
3021419,148.98483154436755
3021420,2.058171361726555
3021421,533.7617725220487
3021422,194.5289535687282
3021423,106.56859857046554
3021424,129.7311569044442
3021425,68.13164439787379
3021426,2216.169390462082
3021427,8.483092090643881
3021428,0.5723002241661759
3021429,11.44362158653084
3021430,7.484609825342259
3021431,0.24482056867942656
3021432,106.67555649218768
3021433,0.0029402667636963436
3021434,0.003029118574895356
3021435,0.2528356980882186
3021436,35.123628524109506
3021437,0.9725618540874714
3021438,208.25843897051328
3021439,89.49368392569495
3021440,0.9206850554262491
3021441,1.0245015678331733
3021442,62.153720022527324
3021443,26.861001411907093
3021444,420.9057911595861
3021445,0.008345063485802544
3021446,1.336697927865639
3021447,5.309775135836411
3021448,0.0
3021449,0.9363234892968695
3021450,4497.146573963174
3021451,0.0
3021452,780.3487166735325
3021453,9.30887392161821
3021454,876.4938825803147
3021455,741.3201365997221
3021456,252.10839643653526
3021457,145.85552510029277
3021458,71.1327156709498
3021459,4834.282944962223
3021460,12.364214459414605
3021461,0.327508779708214
3021462,21.946370562991802
3021463,13.746518681870462
3021464,0.0027155551971396372
3021465,274.8873686702159
3021466,0.009182825079126879
3021467,21.958388478606548
3021468,3.4148913346243965
3021469,62.379604476933096
3021470,1.5453885959251972
3021471,205.86593261391886
3021472,262.12601371094166
3021473,4.026823557436879
3021474,3.4342861059196306
3021475,115.14893844575384
3021476,41.363040529347984
3021477,1523.9215993764885
3021478,0.9830625996463334
3021479,1.0295823850933612
3021480,3.317216519834454
3021481,0.0
3021482,7.464201220366885
3021483,2138.298380150393
3021484,0.0
3021485,405.169950469302
3021486,5.5852395394508
3021487,626.1659826836844
3021488,635.6626416706042
3021489,121.58906002243421
3021490,92.85693188791598
3021491,88.62281936177445
3021492,2616.0881359830405
3021493,30.64174610961997
3021494,1.4802144754857238
3021495,24.92272633751196
3021496,22.536522604765093
3021497,0.0
3021498,181.77144807305947
3021499,18.27751624319808
3021500,15.851356603736217
3021501,1.304877336353936
3021502,63.62937988022455
3021503,9.219182192066151
3021504,165.43241815817774
3021505,210.55706482408075
3021506,11.04515701624103
3021507,13.323909862272796
3021508,204.65000563883584
3021509,59.307360141828255
3021510,1762.8241337203274
3021511,0.0023910973582777174
3021512,9.777884203419859
3021513,8.517986084885424
3021514,0.0008892732535915287
3021515,10.641628655830743
3021516,2377.4896117827398
3021517,0.0
3021518,519.3887507275499
3021519,12.339850701834738
3021520,943.438216526318
3021521,824.6171041283249
3021522,158.52065103844416
3021523,105.57561558065228
3021524,99.34316227349956
3021525,4137.909573995407
3021526,25.34109655773792
3021527,0.947717430312407
3021528,41.290663174446166
3021529,30.20989872033874
3021530,0.03195065652152941
3021531,354.60513793073017
3021532,39.55676258682242
3021533,14.287736172348408
3021534,10.844725063147632
3021535,111.39444251821534
3021536,13.837223740889902
3021537,141.45060520179587
3021538,417.28570704902006
3021539,11.046696489747964
3021540,15.310879050603717
3021541,129.16072180591658
3021542,86.66304470903712
3021543,2147.2441023136503
3021544,15.010787225495218
3021545,18.586976009708092
3021546,8.605935356065126
3021547,0.22339968655333192
3021548,4.091795538076592
3021549,4040.863685372327
3021550,0.0
3021551,773.5049716455103
3021552,5.974950178158495
3021553,1695.267464141594
3021554,688.9052518924732
3021555,194.31336857981114
3021556,256.4467705303959
3021557,66.78413679133293
3021558,5371.145008851418
3021559,35.48051997043788
3021560,1.8123641960573056
3021561,28.721972754034077
3021562,17.958471923581673
3021563,0.08691919372354501
3021564,372.6020209429361
3021565,7.5112960970561495
3021566,14.555459845713242
3021567,8.051212832295239
3021568,38.74058741037188
3021569,6.63049206315626
3021570,116.7843064717099
3021571,340.4388577848794
3021572,8.62929088586941
3021573,10.434866956493337
3021574,203.3498109898918
3021575,52.83686672496536
3021576,1757.0196194055518
3021577,16.290950851346853
3021578,15.88903574450051
3021579,5.240700287164658
3021580,0.056083303909233016
3021581,6.889064620510693
3021582,2879.8226862532265
3021583,0.0
3021584,416.6659256496969
3021585,7.606404930333673
3021586,812.8199342618412
3021587,930.2059837830053
3021588,205.93654150980677
3021589,196.1015883834058
3021590,103.25099744120219
3021591,3740.995060800046
3021592,30.468506587029342
3021593,1.580913719114009
3021594,20.114400267781015
3021595,14.534076312977316
3021596,0.19804115275907425
3021597,237.11667405908307
3021598,31.308705910220723
3021599,24.584938970841872
3021600,1.9668108839953415
3021601,70.10839083036828
3021602,9.349315793019308
3021603,365.48724024556543
3021604,308.5292767572513
3021605,9.844616430047331
3021606,11.647703248707574
3021607,483.16571568972876
3021608,65.05578057712782
3021609,2698.4775183006336
3021610,0.18288455660700556
3021611,30.170990433982205
3021612,2.7687684263006327
3021613,0.0
3021614,2.225746498787993
3021615,5059.561114723675
3021616,0.0
3021617,539.6356075299584
3021618,5.7700097311864535
3021619,1899.0195521402006
3021620,681.705774330762
3021621,290.48175618883715
3021622,177.15863295574144
3021623,59.67935329448201
3021624,5736.7909451225805
3021625,11.190427736969337
3021626,2.0483428258668246
3021627,25.877618167210837
3021628,25.666011763460308
3021629,0.02804411380325833
3021630,377.0426265220184
3021631,0.007199359131952448
3021632,0.13241728460031005
3021633,9.13411806618255
3021634,15.851472355500459
3021635,2.191365123711069
3021636,146.92045459949588
3021637,321.36971899879524
3021638,3.5276595632576884
3021639,11.86973476046078
3021640,150.9049977851981
3021641,52.10234094421871
3021642,1246.398830459955
3021643,0.0
3021644,5.2629641114891825
3021645,10.495544648065193
3021646,0.02585361877090466
3021647,12.544648904128387
3021648,2758.4100683780225
3021649,0.0001542900912498335
3021650,683.153473964202
3021651,10.162253498634234
3021652,1082.2666988242042
3021653,926.6267805337718
3021654,284.03436550058444
3021655,186.20500324650044
3021656,146.8644688776669
3021657,4518.449039239393
3021658,51.823943209720895
3021659,1.8747075207564778
3021660,38.17107261577805
3021661,34.88187079014632
3021662,0.015466186481887002
3021663,317.77416337942384
3021664,33.710574916671305
3021665,20.183858187570102
3021666,10.580149312683522
3021667,54.22062642234804
3021668,16.946665269978254
3021669,263.17978102424905
3021670,373.9609546507827
3021671,19.677582326205656
3021672,12.491675280429279
3021673,241.00991280780437
3021674,83.68588786270496
3021675,2391.054405261145
3021676,0.522921383986209
3021677,9.995671157196563
3021678,5.545614588705377
3021679,0.0023299752195938377
3021680,7.738368603361913
3021681,2368.1723071002284
3021682,0.0
3021683,475.6906700794075
3021684,9.289318282089937
3021685,720.0705063272529
3021686,792.5536669323474
3021687,172.99823292217474
3021688,148.17971272119036
3021689,94.74289032645719
3021690,2974.7932352711646
3021691,35.35257416162852
3021692,0.8480599901552746
3021693,28.72080319877323
3021694,26.991439413990044
3021695,0.005491767043067591
3021696,218.34030966908452
3021697,20.554552358669728
3021698,34.49972838297931
3021699,4.49177595600341
3021700,50.191193175149294
3021701,11.060216434243218
3021702,219.38266829554158
3021703,237.57780598256423
3021704,11.375197618966713
3021705,11.467155052935679
3021706,226.9615221844379
3021707,51.268319137230314
3021708,2241.362521233877
3021709,0.5600456011402382
3021710,18.200971422584256
3021711,7.700778469957877
3021712,0.009767416611524055
3021713,6.036200533237948
3021714,5644.09243011706
3021715,0.0
3021716,825.9217139767817
3021717,17.330250313110618
3021718,1330.145284414796
3021719,935.1954278316758
3021720,373.25058029264414
3021721,263.5222137798799
3021722,71.59020486724566
3021723,6050.980564817757
3021724,15.657572970126491
3021725,0.18955634816038075
3021726,18.0312831086872
3021727,23.070886170508103
3021728,0.1407014080568301
3021729,320.26886300172214
3021730,0.009864188546242127
3021731,10.44828507769175
3021732,1.3872289277165413
3021733,63.32966110167398
3021734,3.6126518290886773
3021735,250.36375169264912
3021736,355.15279129787024
3021737,3.895048142342514
3021738,1.9268615347897753
3021739,293.7897645059284
3021740,182.0656631694059
3021741,1527.071059263988
3021742,3.2313290227565465
3021743,0.5198238780687054
3021744,20.00003177350399
3021745,0.0034662699714448166
3021746,21.411937882066226
3021747,10008.138811978202
3021748,0.032233176183349595
3021749,1813.4517711290443
3021750,21.590530479793703
3021751,2520.459916662138
3021752,2850.7976406214175
3021753,673.8932746966002
3021754,810.9762567620763
3021755,428.27566457963985
3021756,10328.911373842517
3021757,83.71907640724429
3021758,5.891109725829078
3021759,149.34900720753976
3021760,138.6952045777496
3021761,0.1072843701685946
3021762,792.6354462013145
3021763,41.41835783266213
3021764,24.295351830117976
3021765,79.57481795392356
3021766,268.34200645156477
3021767,29.228466207451294
3021768,862.5592912944644
3021769,720.3966425165678
3021770,56.657930569938934
3021771,51.56017234055322
3021772,1292.6210451406262
3021773,322.5547685561689
3021774,10563.995259201034
3021775,410.64408542086693
3021776,111.70342481419652
3021777,23.774269873442094
3021778,0.0002419446867724475
3021779,23.644013770706266
3021780,10980.119455782407
3021781,0.0
3021782,1424.8709330396982
3021783,23.870618930681914
3021784,2981.0661105065365
3021785,2693.3513982858876
3021786,873.3721632829556
3021787,508.9582098960166
3021788,336.5569416935573
3021789,12197.358941498012
3021790,118.20046178264859
3021791,2.25122694304353
3021792,71.77960901893648
3021793,95.95114799559569
3021794,0.7981405177467507
3021795,903.3072588618313
3021796,35.62114759274337
3021797,40.74772265769856
3021798,9.612245844947672
3021799,180.06811006512208
3021800,28.98317902850773
3021801,1252.4167648146888
3021802,1012.3809300772784
3021803,33.84132523353536
3021804,41.5467703637908
3021805,1497.969964539956
3021806,299.8472149900272
3021807,7909.926029830355
3021808,665.7594686637233
3021809,112.84933082262211
3021810,19.796559647490493
3021811,0.0015867710536614282
3021812,36.42628319585879
3021813,7116.686537885274
3021814,0.06219533020841114
3021815,1148.9165823223161
3021816,12.339363665490007
3021817,2723.848429618822
3021818,1856.0195310222555
3021819,1022.6439405914723
3021820,213.17285357930294
3021821,315.05152231263924
3021822,10100.559194765741
3021823,65.52889700050962
3021824,4.5716744147817
3021825,60.215634782849385
3021826,38.73080193935163
3021827,0.58022247442162
3021828,804.4306244899319
3021829,47.672733935386695
3021830,35.72526177684216
3021831,16.620977363498913
3021832,104.92447279464935
3021833,16.350600380042405
3021834,1101.2867369397552
3021835,1055.817210872939
3021836,37.169556933698665
3021837,68.36212746062812
3021838,978.8868513281795
3021839,147.22713516954175
3021840,3644.221543508954
3021841,431.3311430706057
3021842,66.38063586173388
3021843,21.77980653392767
3021844,0.0002419446867724475
3021845,35.00555565632205
3021846,9981.203731277978
3021847,0.0
3021848,1376.7904128424882
3021849,17.148360538250515
3021850,2625.128994523091
3021851,2420.3197243298346
3021852,747.1638990887243
3021853,433.14330804968785
3021854,285.70766615445746
3021855,11017.151249936345
3021856,48.311015482939595
3021857,1.6214912419224379
3021858,89.09974140608355
3021859,73.66261004337814
3021860,0.8719227153791809
3021861,752.4174635569162
3021862,37.40745778013118
3021863,34.771244131289166
3021864,22.465686580872188
3021865,182.61863259710304
3021866,20.12948899498538
3021867,936.5803898834126
3021868,934.2076068720962
3021869,32.08887199976655
3021870,41.78500124489016
3021871,1229.859090748253
3021872,268.96686502826526
3021873,6664.880974466831
3021874,487.47987667675727
3021875,84.91793296578147
3021876,18.72512614989297
3021877,0.002477326953833015
3021878,35.40303621916699
3021879,5990.874293764651
3021880,0.0017405228766700558
3021881,1100.59001738708
3021882,17.951774557847912
3021883,2508.909115408075
3021884,1580.9336730969198
3021885,872.5214697855863
3021886,176.5040937083979
3021887,253.3786327593825
3021888,9883.455061177383
3021889,56.66851791740356
3021890,0.5047355608652471
3021891,56.9916784316576
3021892,33.7904527041197
3021893,0.15717633779581913
3021894,740.0509397963974
3021895,45.83735789845142
3021896,19.199869070375165
3021897,6.422384488419696
3021898,96.0987780443553
3021899,10.30490790014043
3021900,991.2383739332046
3021901,1036.800231665448
3021902,32.4746765874119
3021903,33.5544933913549
3021904,1025.7505850385467
3021905,123.77808282059158
3021906,2651.733325155826
3021907,392.2162038425765
3021908,33.82653877581348
3021909,13.611927681180958
3021910,0.0005222732663347439
3021911,21.35919830925809
3021912,7321.803147749693
3021913,0.0
3021914,1278.4393673708882
3021915,18.157947337427437
3021916,1979.2426078669384
3021917,2317.8588490781135
3021918,502.72464626281953
3021919,571.7099308431663
3021920,339.308937976208
3021921,8660.175464942453
3021922,81.339446426135
3021923,1.8780519620105798
3021924,62.09797830976729
3021925,59.31688987963644
3021926,0.5366146382577908
3021927,580.3046017563584
3021928,24.835116849671213
3021929,33.28835896009819
3021930,13.861637821865111
3021931,214.93511986413648
3021932,23.574276729437358
3021933,787.00882634032
3021934,691.2715074880385
3021935,27.552799397386842
3021936,41.30236257620548
3021937,1076.1016059336066
3021938,218.63570653911808
3021939,7976.877049350991
3021940,248.0490766645279
3021941,77.3384859929458
3021942,9.729187355310337
3021943,0.16076571423033476
3021944,6.86890617403169
3021945,1980.8504253007009
3021946,0.0
3021947,385.0947023612815
3021948,19.302453951696158
3021949,892.7688326756868
3021950,611.0971702876457
3021951,243.73074573024482
3021952,93.72316583277492
3021953,76.58068081431685
3021954,3177.241173572555
3021955,25.670020130653388
3021956,1.2331615372754072
3021957,28.279084536487034
3021958,25.089374866498833
3021959,0.026068975125869517
3021960,246.60288752403457
3021961,14.078108452081056
3021962,6.853900870268277
3021963,12.865480398179125
3021964,56.69336311600341
3021965,11.498581455145354
3021966,232.76389403342262
3021967,285.2100700001529
3021968,3.6571093940508117
3021969,8.828513330532857
3021970,241.5109393190612
3021971,57.07018230303402
3021972,1453.1641714048988
3021973,0.6639115038406957
3021974,11.2493086305058
3021975,14.145419071144165
3021976,0.001611204113146072
3021977,20.894753302039156
3021978,5225.76863212072
3021979,0.0
3021980,661.542512155
3021981,34.47672193993985
3021982,1816.9371670558191
3021983,1260.6312428850836
3021984,582.8710191421827
3021985,140.4055456804376
3021986,131.9841532603614
3021987,7313.716044621887
3021988,73.29340170446827
3021989,2.126125987070245
3021990,60.114125089885086
3021991,43.058381646260514
3021992,0.0668163120369851
3021993,439.1456701218764
3021994,18.18119367498341
3021995,9.989750029189347
3021996,4.920542257457524
3021997,115.64602159527507
3021998,13.797741826481085
3021999,574.4768886962909
3022000,670.9618517314248
3022001,17.53777496084284
3022002,35.06111752895163
3022003,464.08702341274613
3022004,87.88300068348562
3022005,2393.648205233812
3022006,347.9374445632464
3022007,25.856629380165455
3022008,9.155252229204946
3022009,0.0
3022010,7.239077510413926
3022011,5464.053419809375
3022012,0.0
3022013,1034.3525216508806
3022014,9.271538651639945
3022015,1529.647694608158
3022016,1848.9800755202796
3022017,319.9159015198284
3022018,414.90044491455177
3022019,257.66427731536936
3022020,5988.455237908144
3022021,54.43361075352601
3022022,2.4700038819178105
3022023,37.070225939122075
3022024,48.01224499334804
3022025,0.07960699596552434
3022026,369.08713968812333
3022027,5.555686726439134
3022028,45.93256882713175
3022029,5.473962793272701
3022030,120.35101831554313
3022031,15.050913325043304
3022032,635.6618060918793
3022033,374.97712342995027
3022034,28.20284619488681
3022035,16.65425161228558
3022036,807.1222472553228
3022037,141.7466159917296
3022038,5616.401587569417
3022039,1.0872008748047772
3022040,47.96381761052867
3022041,10.852614161951442
3022042,0.0
3022043,10.021767034435188
3022044,4921.509709616469
3022045,0.0
3022046,1039.5543810246224
3022047,13.036110182968324
3022048,1699.3008123777038
3022049,1373.4702856906547
3022050,416.3689800205009
3022051,263.474674436522
3022052,282.36549291505366
3022053,6906.937556891989
3022054,40.01611714075362
3022055,3.0379739603697127
3022056,56.165750975063595
3022057,56.03399957914308
3022058,0.09275855106694449
3022059,420.95768947153874
3022060,12.970789740595874
3022061,52.449168855961474
3022062,10.588310126999726
3022063,181.1526505700491
3022064,13.718025299025754
3022065,490.1047869024975
3022066,393.7223631417175
3022067,14.806153981812704
3022068,31.990354095170403
3022069,547.7703416531001
3022070,134.0762328335793
3022071,4623.268090775851
3022072,8.048394651200317
3022073,10.920540913301807
3022074,11.564378230140024
3022075,0.0
3022076,5.381414657386477
3022077,2652.805440477715
3022078,0.0
3022079,628.5536099237702
3022080,7.831279710145411
3022081,1082.2212248628862
3022082,697.1845693406665
3022083,289.5738121583575
3022084,128.00512027250758
3022085,100.22599726255068
3022086,3781.4528525041233
3022087,20.326595822335925
3022088,1.750293389843621
3022089,32.66803086327472
3022090,28.78236940100967
3022091,0.0002912643333384933
3022092,264.063087831238
3022093,13.901550284871107
3022094,14.107396984178328
3022095,8.428812268792804
3022096,71.04676366676365
3022097,6.6670030643916665
3022098,296.68544189961113
3022099,282.28774624316907
3022100,6.3948323518570085
3022101,8.684171846568532
3022102,248.42911061104823
3022103,77.07661926987012
3022104,2237.198945120732
3022105,0.3564916916042831
3022106,5.417591005194385
3022107,11.154327940235662
3022108,0.0
3022109,0.1675888853426202
3022110,4904.420303332508
3022111,0.0
3022112,397.42227249836344
3022113,4.481600833694449
3022114,1642.4559200945932
3022115,364.47191427635437
3022116,310.00465801194525
3022117,90.29923564722024
3022118,38.953475037793595
3022119,4734.518649102222
3022120,14.897699700921546
3022121,0.99416035360625
3022122,25.26337440634192
3022123,13.361858877314793
3022124,0.14092535238818352
3022125,325.8006168593438
3022126,0.00498621214320889
3022127,0.008707703555294741
3022128,4.460068032158838
3022129,29.385607620187763
3022130,1.347254378436646
3022131,65.73190332380652
3022132,271.072508249006
3022133,0.010052759018623843
3022134,2.341266504573961
3022135,71.32598541793016
3022136,102.67118937848397
3022137,889.0842276847936
3022138,0.0
3022139,2.1072419825929156
3022140,9.639116410574571
3022141,0.0013893924183655175
3022142,9.724655202782532
3022143,4332.568343934382
3022144,0.0
3022145,642.7887365611996
3022146,12.366537852362146
3022147,1319.515163514606
3022148,1274.7094960931577
3022149,435.0314663918421
3022150,234.0673794724933
3022151,176.12979720550797
3022152,5547.021412507689
3022153,46.89256706688082
3022154,1.0829748455071404
3022155,32.99788137242117
3022156,43.84102256822815
3022157,0.012867918995623756
3022158,350.4099950976167
3022159,36.08301000510646
3022160,23.01885004502136
3022161,14.777026796027025
3022162,81.89630787335584
3022163,9.2817887757677
3022164,524.46112783578
3022165,427.45347734984597
3022166,11.848536120339029
3022167,24.81534070848534
3022168,664.4185321760914
3022169,114.08236138994502
3022170,3015.7305738943155
3022171,0.012885138994052261
3022172,55.265649296954074
3022173,4.678208392079582
3022174,0.0
3022175,7.840194573109583
3022176,3727.567714487626
3022177,0.020172333162767807
3022178,608.4374609221915
3022179,11.50120082858911
3022180,811.4049008531784
3022181,1170.9515647450396
3022182,160.95147197210076
3022183,250.10920768578322
3022184,175.29372960708596
3022185,3268.136853308242
3022186,32.497559456043454
3022187,2.186763567228494
3022188,28.150965888296447
3022189,32.82310455514073
3022190,0.620346711339195
3022191,251.93751522799008
3022192,14.22995283600094
3022193,31.71316895761486
3022194,8.197198109497318
3022195,163.96782202515755
3022196,14.781729212934332
3022197,411.5561885766933
3022198,240.16160222713992
3022199,6.876262208677786
3022200,15.451566813840394
3022201,549.6603467178895
3022202,114.96570971977809
3022203,4396.956685801636
3022204,0.4085302917813101
3022205,36.05757905659972
3022206,4.77432649242031
3022207,0.8500490391105395
3022208,13.008025601552964
3022209,5147.030443201497
3022210,0.0
3022211,845.3461458497874
3022212,13.611644602674875
3022213,1223.2661937423802
3022214,1601.1358418059892
3022215,319.2547097121878
3022216,400.40835601282504
3022217,163.32568811879798
3022218,5101.948429442094
3022219,45.149284098682735
3022220,1.7484896339828344
3022221,45.440942681210466
3022222,53.88101461608936
3022223,0.05239373379931043
3022224,383.53013912217233
3022225,35.10494296438027
3022226,38.97057135367872
3022227,22.18733826831292
3022228,107.57235944880185
3022229,22.497735263419468
3022230,415.96689384827704
3022231,434.2321130467961
3022232,27.73378073455628
3022233,25.73766812002252
3022234,657.0781188408288
3022235,175.34395960594455
3022236,4951.447370386556
3022237,0.40146705229293406
3022238,36.99776125816267
3022239,17.614462843534653
3022240,0.370030227487426
3022241,12.993117424182289
3022242,4306.121465280155
3022243,0.0008547269557409044
3022244,627.1246820617964
3022245,13.456423445640912
3022246,1826.5861993321407
3022247,925.0114009668915
3022248,638.9837408972504
3022249,215.40205469385933
3022250,98.54605406427606
3022251,7501.797597508143
3022252,14.378613453564785
3022253,1.5933597418882717
3022254,55.00608551964097
3022255,64.0438847458141
3022256,0.010691351723156453
3022257,493.6172612610244
3022258,11.92616394664501
3022259,6.217936795374568
3022260,13.743677897731828
3022261,41.98217028509355
3022262,5.338206253312435
3022263,388.3364475073791
3022264,579.8763032166022
3022265,8.968685245065549
3022266,9.829240234089193
3022267,473.891889395269
3022268,135.20088930468972
3022269,1987.6549499462199
3022270,184.4961061223567
3022271,22.055828782523633
3022272,3.581394599243372
3022273,0.0226949443022844
3022274,4.4947821803175065
3022275,2368.8874408376705
3022276,0.039062685851808124
3022277,382.9341344853026
3022278,8.121118938259434
3022279,695.154712598545
3022280,727.4982827881902
3022281,162.363038754359
3022282,162.62325313224972
3022283,116.88897341405425
3022284,2745.0352327987657
3022285,17.256409705096978
3022286,1.270154534710807
3022287,28.386405911208996
3022288,31.4266319642118
3022289,0.05541970378191346
3022290,186.34387977343363
3022291,13.948027986296545
3022292,16.045023736794377
3022293,6.246236516053737
3022294,80.74612093626477
3022295,5.076451611290634
3022296,250.2486166344609
3022297,184.53612761176706
3022298,4.220757627286206
3022299,8.299913426201224
3022300,303.9769747419035
3022301,67.18072021877917
3022302,2552.906131613584
3022303,0.016866085923086967
3022304,22.003397738717048
3022305,1.1763664118980834
3022306,0.0
3022307,2.1845288599469446
3022308,1199.2112871033141
3022309,0.0
3022310,92.01281946595772
3022311,2.5540963157013885
3022312,686.6190306728948
3022313,268.59728226535816
3022314,239.61646169414598
3022315,80.91892123134788
3022316,29.491690659791782
3022317,2650.6118906320385
3022318,2.8126345277768494
3022319,0.2832315482413748
3022320,7.310399214951957
3022321,6.935019296506704
3022322,0.10660804789566948
3022323,164.40931362605173
3022324,2.8537918637673565
3022325,0.0
3022326,1.062911104726803
3022327,7.495624989479621
3022328,0.3045729477014095
3022329,193.746074415014
3022330,165.68915194627118
3022331,0.6285874538749907
3022332,2.3452672121221783
3022333,110.88025375499039
3022334,25.198812215863665
3022335,219.3120447712084
3022336,8.559070114305886
3022337,2.0611579864279013
3022338,4.902377294019834
3022339,0.19697180306533835
3022340,4.254585915304034
3022341,4228.513017635772
3022342,0.0011817993148556965
3022343,832.3585885879409
3022344,9.88590493701649
3022345,1755.744043192046
3022346,581.6121170387182
3022347,510.8686927232141
3022348,322.44900148961017
3022349,55.07379385818454
3022350,7025.901481023698
3022351,15.519344407677544
3022352,0.47682425120358546
3022353,16.445895342285596
3022354,15.244873545010911
3022355,0.02732841050414272
3022356,532.0024964348694
3022357,4.533370203673957
3022358,1.5826314062202478
3022359,6.389119818854831
3022360,21.213352218901218
3022361,1.653716975879473
3022362,599.1912306017425
3022363,378.38896072873126
3022364,1.723294175340663
3022365,13.008776962943601
3022366,322.2409681579475
3022367,100.09443500010586
3022368,1299.1120477559223
3022369,30.062908277238456
3022370,5.644789013787512
3022371,4.486804508439118
3022372,0.0012096487383887965
3022373,0.9649430295557919
3022374,1487.4117582845347
3022375,6.172555179706878e-05
3022376,213.50794862988144
3022377,9.581540275043428
3022378,744.7468963289421
3022379,368.2344659621
3022380,190.76500224137547
3022381,59.907993331058535
3022382,29.96281327098731
3022383,2714.59349488423
3022384,5.125943950633625
3022385,0.2582201498078627
3022386,12.089226980145899
3022387,18.339395624974813
3022388,0.036746173168511
3022389,170.17162758433398
3022390,5.221439022780522
3022391,0.0
3022392,6.353156185083132
3022393,18.27923111975967
3022394,1.3234787850012695
3022395,130.58704136984
3022396,174.29374109997488
3022397,1.1052972117860174
3022398,5.532251736075926
3022399,137.03124872164898
3022400,29.876563093390388
3022401,301.17856268595796
3022402,8.216506484298812
3022403,1.8848938376120326
3022404,3.3170251943148976
3022405,0.0
3022406,3.3858231810705384
3022407,1472.9069226075708
3022408,0.0
3022409,143.4936274495237
3022410,4.745258209518846
3022411,685.0069379596156
3022412,257.12832305746355
3022413,163.45546655700574
3022414,52.82969085652099
3022415,24.87818696140162
3022416,2658.155224913361
3022417,7.576220625318806
3022418,0.13177133490594298
3022419,11.122651021294997
3022420,9.71745265068735
3022421,0.016127492532171165
3022422,134.3757983104095
3022423,0.88422058046675
3022424,0.0
3022425,1.5657798511380019
3022426,19.88422730007165
3022427,0.7357949249099913
3022428,167.39612118062104
3022429,187.92395670472553
3022430,0.41393235994253713
3022431,3.9842697547214447
3022432,65.32149461160864
3022433,20.018267170547194
3022434,182.368489111427
3022435,9.710116246415765
3022436,0.9302259176355949
3022437,3.244697350799153
3022438,0.002626610389019532
3022439,1.4521240666465562
3022440,1558.8973745565986
3022441,0.0014770626044873837
3022442,172.59788223852374
3022443,7.928174853266075
3022444,1036.562684346816
3022445,359.9760139744915
3022446,256.6169172743423
3022447,33.359677222647676
3022448,28.25518231673549
3022449,3045.644423751285
3022450,2.8793844987652473
3022451,0.08458547112602181
3022452,5.024528800521463
3022453,19.962887776278336
3022454,0.028445971649589855
3022455,198.47103624221756
3022456,0.6826006679492194
3022457,0.001318263268997559
3022458,2.4632508880721136
3022459,7.271784018661487
3022460,2.131206456944718
3022461,202.81050358268706
3022462,295.7127874433692
3022463,0.7141152195764859
3022464,5.078856490095806
3022465,48.54720396058451
3022466,95.1063019225449
3022467,369.1119270255935
3022468,7.583273580355799
3022469,3.582518328067594
3022470,4.15428451926056
3022471,0.7869493778424537
3022472,3.374666093901543
3022473,1736.1361667566055
3022474,0.016162064737517474
3022475,162.73838957219738
3022476,3.5795164565757887
3022477,824.6758522286323
3022478,359.4849512726507
3022479,292.9239692868034
3022480,134.7442280337362
3022481,56.19555487908239
3022482,2921.4047119430033
3022483,5.354304559942725
3022484,0.8315606462057139
3022485,10.180659770893369
3022486,15.903161236213467
3022487,0.04839639794047545
3022488,248.7974938424942
3022489,5.93979522689126
3022490,0.021515679405667544
3022491,3.3875218071023694
3022492,14.467691466149159
3022493,1.3606068159789966
3022494,157.88483611880596
3022495,191.44065113948852
3022496,0.7232383651234942
3022497,4.721388606040744
3022498,109.1342925418202
3022499,38.01294877210169
3022500,659.1801228875157
3022501,9.439625327161302
3022502,3.22744950542911
3022503,3.661323340269936
3022504,0.16159076929070157
3022505,0.4569981570589624
3022506,1435.1316508529158
3022507,0.0
3022508,154.748897727576
3022509,3.314524215097249
3022510,708.2918144590662
3022511,252.72794659166948
3022512,145.13143627855248
3022513,262.626793283184
3022514,21.204952702185857
3022515,2158.7868953868187
3022516,4.392998284473661
3022517,0.07156120117079597
3022518,12.008267613786762
3022519,13.835027683254753
3022520,0.028043694527016
3022521,154.68422503791123
3022522,0.0
3022523,0.0
3022524,2.0988138343524003
3022525,14.601616540368969
3022526,0.7894505655653288
3022527,49.91816104815204
3022528,119.06804122349529
3022529,0.7662947607653685
3022530,2.2416258340397213
3022531,56.82725107212109
3022532,39.96090059888911
3022533,494.4703640173041
3022534,0.0
3022535,0.7803810531003863
3022536,6.700431403173824
3022537,0.2939587747563023
3022538,2.9393923525374803
3022539,2719.3047790507326
3022540,0.0
3022541,308.5847865831507
3022542,3.7434367010879877
3022543,1146.7601986889395
3022544,657.935392201305
3022545,472.912970040873
3022546,270.0045900042487
3022547,88.50975210543571
3022548,4563.246801055301
3022549,9.679976899801304
3022550,0.8287507601131787
3022551,19.267117863201804
3022552,18.85508602734408
3022553,0.016009312503570156
3022554,277.6460473596301
3022555,0.02354462547450748
3022556,0.0
3022557,5.1399516908339855
3022558,16.96102550696047
3022559,3.4644008196752063
3022560,251.12370176723036
3022561,291.9345922038225
3022562,1.8583299844693575
3022563,6.9990717969796625
3022564,341.5922494092678
3022565,55.51898285756739
3022566,1219.1075239708443
3022567,34.34291446596055
3022568,8.514444368062254
3022569,2.24476527478093
3022570,0.764543283652777
3022571,2.859755869419564
3022572,1858.5434232241748
3022573,0.0
3022574,489.5844314380572
3022575,5.640566763595699
3022576,571.2661422665865
3022577,475.2944179896992
3022578,177.1844725304365
3022579,227.58198235931792
3022580,40.11088397890387
3022581,2589.94534999682
3022582,9.470622526673694
3022583,0.6879403342432406
3022584,17.03454075619443
3022585,17.240494320300932
3022586,0.014018525241157518
3022587,171.28754166564207
3022588,4.7184123215500025
3022589,0.7228305796037053
3022590,4.2698942027436795
3022591,30.10978610485001
3022592,1.8066952974689308
3022593,71.35686756161331
3022594,156.9520929285187
3022595,2.5289275204760453
3022596,5.5352001306782705
3022597,132.01180828480202
3022598,41.23770404219018
3022599,1602.0327232506088
3022600,43.694820458939546
3022601,10.696821476373573
3022602,5.021314626257535
3022603,0.3166114482829172
3022604,2.4200829489346507
3022605,2479.9467798471082
3022606,0.005582515112592774
3022607,183.44117347374555
3022608,4.650500440862505
3022609,943.1031822543713
3022610,342.45896902552096
3022611,309.35861973203794
3022612,78.2423653187855
3022613,37.693673725340645
3022614,3253.1840471068895
3022615,8.274326332362383
3022616,0.9106934248771419
3022617,11.226968402121225
3022618,14.500523760487726
3022619,0.18406115325569491
3022620,182.2176101896198
3022621,6.83111033108305
3022622,0.004369467592045951
3022623,3.7569038838285067
3022624,18.40682989825768
3022625,2.6118406797506104
3022626,141.2920414113208
3022627,175.5359575914348
3022628,0.9762183052518432
3022629,5.328336206868788
3022630,86.05593098548064
3022631,22.187764300170812
3022632,463.9870272881671
3022633,6.37393027282662
3022634,4.301073712573195
3022635,4.69998301759243
3022636,0.002688798449377816
3022637,6.869298474280559
3022638,2294.080206282032
3022639,0.001539179363978259
3022640,566.926711809394
3022641,7.930116895108943
3022642,680.0828034457495
3022643,670.2552868488716
3022644,200.59755923423805
3022645,146.76668438480047
3022646,74.7089354533524
3022647,3089.2980182982724
3022648,26.360433316046457
3022649,1.1052151302069748
3022650,14.852593272320789
3022651,23.879565140645745
3022652,0.025991226589501218
3022653,217.0293616483736
3022654,13.678844935057054
3022655,10.197588010885726
3022656,4.195135068319998
3022657,47.54403677142733
3022658,9.96914157671828
3022659,370.92228114900934
3022660,210.39751214562114
3022661,7.313726675292706
3022662,6.206234691638322
3022663,385.9604474881275
3022664,100.01401788607092
3022665,1789.3804433528278
3022666,0.0011211519858985832
3022667,28.74657877723474
3022668,5.855077384771246
3022669,0.1455208948574151
3022670,2.8699369440724336
3022671,3604.632247400062
3022672,0.0
3022673,418.411818125653
3022674,4.375949796076341
3022675,1094.4242713413255
3022676,605.567794906825
3022677,492.51137577947964
3022678,107.06746460937622
3022679,54.39722726737734
3022680,5256.2345100454695
3022681,9.832609665326757
3022682,0.41775640705195827
3022683,12.953654352123436
3022684,11.929024118037642
3022685,0.0
3022686,301.64207052189573
3022687,0.6823685531087251
3022688,4.517588436226304
3022689,4.5566939370335735
3022690,20.913841822297815
3022691,1.1666279122592051
3022692,263.2316466098872
3022693,319.65867618537004
3022694,2.550157512052362
3022695,4.879066678132892
3022696,275.42464077171564
3022697,51.22553523163988
3022698,886.7466080026709
3022699,70.68935809137571
3022700,8.708128218698919
3022701,8.221652153934789
3022702,0.2500559866039865
3022703,2.8580174124777318
3022704,3120.232971296914
3022705,0.0
3022706,416.0828987371715
3022707,4.806632623522639
3022708,1070.9364534896908
3022709,550.0792492718608
3022710,294.5213204160999
3022711,380.7137297689306
3022712,63.47782907826709
3022713,4046.2577963263047
3022714,10.489024004776361
3022715,0.3779108411213271
3022716,34.01956186698644
3022717,29.308765385324307
3022718,0.0544907558950555
3022719,304.68885131469085
3022720,3.0521895740307876
3022721,1.629082242932526
3022722,6.071496342291967
3022723,41.582589012933866
3022724,1.7992258372510173
3022725,97.49418234231024
3022726,279.39762170955794
3022727,2.0528195401280294
3022728,4.772135370405234
3022729,134.46086722244274
3022730,138.8431494035398
3022731,1195.890384381404
3022732,0.026681610964764214
3022733,3.5962072602592405
3022734,3.774304309594376
3022735,0.018662512144606395
3022736,3.0629060991386607
3022737,1922.4710175523758
3022738,0.0
3022739,132.56729171667854
3022740,4.761918282786821
3022741,637.5654362226271
3022742,307.275141141565
3022743,138.58692361471768
3022744,64.23070300191183
3022745,38.16089871872665
3022746,2408.9325215891654
3022747,4.720326266021939
3022748,0.5659977523422073
3022749,20.866832952309412
3022750,16.827833826286238
3022751,0.0151109499197292
3022752,178.28554993731646
3022753,0.37645126813054675
3022754,0.0
3022755,4.081737524449638
3022756,30.626400062826562
3022757,2.3068957425271086
3022758,118.21662291261674
3022759,161.18007237504915
3022760,0.7460336417987599
3022761,4.654236339365564
3022762,138.13527462707094
3022763,29.173004508985855
3022764,475.95042493652204
3022765,7.948147728171952
3022766,1.4509769372660264
3022767,1.4427327923808226
3022768,0.0017080146741923611
3022769,1.576989354646968
3022770,1292.0265168022481
3022771,0.17377132518929658
3022772,273.5075865005346
3022773,5.794078202925064
3022774,472.5445634090182
3022775,426.6566627081577
3022776,129.11897609284242
3022777,40.77932488853271
3022778,51.69319723111208
3022779,1967.6573895019467
3022780,19.90371506992325
3022781,0.33679710118139544
3022782,10.286526707633943
3022783,14.834024838964616
3022784,0.19074939705540495
3022785,122.72824256639332
3022786,12.111983430262558
3022787,1.2264503105735591
3022788,3.245825305536833
3022789,33.28310367680173
3022790,3.550987981622093
3022791,459.0032191793891
3022792,139.76912563531414
3022793,3.452235588561459
3022794,4.769077639725352
3022795,319.16534234965087
3022796,24.574112569966857
3022797,1137.7029612683102
3022798,0.0
3022799,4.820538737541505
3022800,2.1664451068776374
3022801,0.005706232091238011
3022802,3.6950374285031673
3022803,2974.057391164509
3022804,0.003167136731743894
3022805,707.9262031070676
3022806,11.81693715794897
3022807,937.6617722010096
3022808,1226.497323590486
3022809,266.2023464908978
3022810,231.71034503065795
3022811,132.14242336562899
3022812,3918.464145021925
3022813,31.154517378800392
3022814,0.6976785651188089
3022815,15.260064625657197
3022816,27.903125287868495
3022817,0.011452521799620674
3022818,249.6093626451181
3022819,7.046843435231217
3022820,24.977280944976158
3022821,9.719174139834903
3022822,51.89549324671661
3022823,12.19193296481238
3022824,354.7244206082708
3022825,253.49904199137242
3022826,16.032756152439116
3022827,8.254506431990107
3022828,499.67981617107716
3022829,111.39237841843575
3022830,3281.5893887184543
3022831,0.0
3022832,23.86485796066519
3022833,2.2542779656041025
3022834,0.005318621711197236
3022835,2.5650407904363655
3022836,1804.9289377877033
3022837,0.0
3022838,381.5830673342268
3022839,5.34558870771541
3022840,352.9917788283931
3022841,511.6819078248109
3022842,134.00381025009605
3022843,107.68950934725049
3022844,67.29485720869633
3022845,1664.9556037629645
3022846,16.066999841840875
3022847,0.8663673345891469
3022848,15.18241439093752
3022849,14.370890563813038
3022850,0.002622616622175379
3022851,82.77625241916373
3022852,0.0
3022853,13.402351608849735
3022854,3.117152805275519
3022855,123.63822174010761
3022856,9.507969980232424
3022857,163.85049186709128
3022858,96.00983093682443
3022859,4.1529590709547115
3022860,4.4891076212653225
3022861,159.8230228020764
3022862,32.75357921026628
3022863,1330.9708249497912
3022864,0.5632038860884125
3022865,3.8988611561872712
3022866,2.652829905123373
3022867,0.0
3022868,0.20855112713953747
3022869,675.4565890467967
3022870,0.0
3022871,201.40138284875417
3022872,3.191941975304027
3022873,237.04162408247288
3022874,214.14401434118162
3022875,79.14916500694443
3022876,25.77871511934526
3022877,22.881322809684367
3022878,1096.2496748647688
3022879,3.102480691302488
3022880,0.34090462172026004
3022881,7.2311613535716806
3022882,5.149609891048534
3022883,0.1412478364234868
3022884,58.43710215992215
3022885,0.0
3022886,3.942889662848877
3022887,0.29233388822084866
3022888,9.744049120060918
3022889,0.14776056550410502
3022890,193.9940440572169
3022891,86.12698011975058
3022892,1.8893537364977853
3022893,0.9222368260391651
3022894,107.90159730577962
3022895,17.160339555386802
3022896,333.9868299412686
3022897,0.3426881405527004
3022898,1.2522915089530966
3022899,4.94293241242988
3022900,0.3636218276402261
3022901,2.569051309231814
3022902,2797.25862722192
3022903,0.11013189859089897
3022904,624.9008194590967
3022905,10.881752935377985
3022906,830.9779977055891
3022907,939.1046372384333
3022908,265.1573982243385
3022909,223.51267260184017
3022910,84.47155131496278
3022911,3710.6949003403424
3022912,35.25230864087624
3022913,2.205732336338841
3022914,13.662539444366894
3022915,27.064689919677928
3022916,0.06240763926566769
3022917,212.00580587870013
3022918,4.671535897416993
3022919,23.845436412830434
3022920,7.029184242089547
3022921,63.50954697955565
3022922,3.355839730534897
3022923,257.6681794789018
3022924,233.31538708548584
3022925,8.288975243430114
3022926,7.527832254361382
3022927,363.47304370567923
3022928,75.66900772122511
3022929,2249.4868157853193
3022930,0.8184270812402197
3022931,16.400948221100435
3022932,3.9437369042908887
3022933,0.0
3022934,2.1573398742801606
3022935,2920.6193781112984
3022936,0.0
3022937,548.6338019301481
3022938,8.465900641868107
3022939,858.3816998715968
3022940,707.8119604551667
3022941,271.5075280339089
3022942,304.53860870622805
3022943,42.29060813189693
3022944,4765.493583721153
3022945,15.044254662898133
3022946,0.3374760250888632
3022947,24.878650130981356
3022948,15.276114603135973
3022949,0.4460758619997073
3022950,222.4792742925488
3022951,0.0
3022952,3.6896026893545715
3022953,3.517477162251633
3022954,15.834573025072832
3022955,0.6559742932233754
3022956,154.21296976929932
3022957,274.566201286971
3022958,3.40607437840227
3022959,3.257207106440637
3022960,153.00974849287195
3022961,71.12662551020523
3022962,1379.3779982014066
3022963,1.418205697494579
3022964,3.3126352404036385
3022965,4.21851068601847
3022966,0.2594279008765845
3022967,2.3915608533202217
3022968,2724.2703972016166
3022969,0.0
3022970,684.1386524060853
3022971,7.644213480510736
3022972,815.511731757849
3022973,596.3250825305415
3022974,253.08852242199762
3022975,351.7808956744376
3022976,50.45657209739035
3022977,3794.7713040020717
3022978,14.863901217578002
3022979,0.8979607380066692
3022980,26.179646295691995
3022981,14.288858823550239
3022982,0.0
3022983,233.51918540986452
3022984,0.0
3022985,3.064662095338024
3022986,3.8691138661050974
3022987,36.43726143837021
3022988,1.0262089438665387
3022989,115.44813978233678
3022990,210.1373225108392
3022991,2.3239436892255276
3022992,3.7671097244427596
3022993,153.03565019460478
3022994,59.490074176664436
3022995,1018.9134003038458
3022996,0.9084691123872324
3022997,4.529204365213558
3022998,7.463944943589935
3022999,0.08247497490340704
3023000,14.687202925061552
3023001,7281.685401046649
3023002,0.004526474328621081
3023003,1089.7057605062844
3023004,23.567099617779974
3023005,1651.2428125362155
3023006,1806.3643223591293
3023007,321.4884740591224
3023008,422.5857304685147
3023009,275.8866007043658
3023010,6983.204679419563
3023011,69.46202391010586
3023012,2.148789860470957
3023013,45.92883547059076
3023014,51.165328216405
3023015,0.04786782060932073
3023016,460.4397612522649
3023017,34.391172506763425
3023018,31.014667631859467
3023019,21.69825707091103
3023020,138.25650317509553
3023021,22.193101448262418
3023022,621.5990156953585
3023023,474.1199445824297
3023024,14.772089283361193
3023025,24.098590392383688
3023026,1090.3974980201842
3023027,204.2162225271169
3023028,6731.457460739819
3023029,0.7505827823781859
3023030,79.60439942287344
3023031,2.4131002227993448
3023032,0.20449537844629262
3023033,0.24644992212958305
3023034,1698.687803204725
3023035,0.0
3023036,154.66056236624559
3023037,3.797610839357354
3023038,477.08060370320925
3023039,246.65847738142253
3023040,110.67363689494661
3023041,191.72978412910277
3023042,35.45989830496868
3023043,2178.978846510574
3023044,5.499156220138729
3023045,0.25259581344975734
3023046,10.621457521445464
3023047,5.462447220607028
3023048,0.0023781873304179178
3023049,125.01956340708333
3023050,0.37443977377651716
3023051,0.0
3023052,1.8782426151695728
3023053,20.6090980528678
3023054,0.6385773080441945
3023055,49.22196295058009
3023056,82.83837890928224
3023057,1.5315665922047308
3023058,3.8479127599052587
3023059,86.85504504405296
3023060,20.020339849614597
3023061,552.7789875206341
3023062,0.011493759772061378
3023063,3.1315261626475976
3023064,6.529548431531466
3023065,0.03595828631155631
3023066,1.0541921628897866
3023067,3485.7928960217964
3023068,0.0
3023069,544.6418393434454
3023070,6.9184378271258
3023071,931.2693656733737
3023072,587.7255258005446
3023073,200.7606953829615
3023074,399.9097397259066
3023075,52.672974974742694
3023076,4039.784462940819
3023077,12.322926272267793
3023078,0.3920108662100891
3023079,16.178559244925996
3023080,15.599950710902252
3023081,0.0035432934353967134
3023082,249.55893809314009
3023083,0.5895401985579471
3023084,4.494197123541473
3023085,5.625738647213328
3023086,11.441851026229799
3023087,0.9496186059951683
3023088,301.82153161999815
3023089,222.82953531963176
3023090,3.221388479130286
3023091,4.218219505503118
3023092,99.2086515616681
3023093,56.99617040443553
3023094,1107.766739020336
3023095,0.801299301227588
3023096,4.595669116764393
3023097,1.2574181379013232
3023098,0.0
3023099,1.3142570278927743
3023100,1007.3297153975857
3023101,0.0
3023102,110.72957256955326
3023103,2.4295154854565117
3023104,490.0502560656853
3023105,155.70095486469492
3023106,83.93488300391539
3023107,345.7569679916447
3023108,14.595926851772681
3023109,1906.1912127156816
3023110,1.3355794397636673
3023111,0.20332780444651466
3023112,5.769880300870666
3023113,3.674707306963109
3023114,0.11861756625936107
3023115,87.33575270272883
3023116,0.0
3023117,0.0
3023118,0.5616976138289369
3023119,9.491300354718257
3023120,0.29377627392966094
3023121,66.00035781374797
3023122,74.21787865973504
3023123,0.4843394305722574
3023124,1.0936805938268463
3023125,44.758452984803036
3023126,10.8551866971868
3023127,184.19760107068626
3023128,0.0
3023129,1.1957526791717932
3023130,5.7022521989840875
3023131,0.0
3023132,1.9038331555261752
3023133,2231.6314584521965
3023134,0.0
3023135,235.9844135662795
3023136,5.150795743097299
3023137,956.0730064955288
3023138,379.9254363347446
3023139,165.81843386669783
3023140,393.3768381560994
3023141,34.6207102048712
3023142,2875.6020424012713
3023143,2.4057363045758375
3023144,0.27183802876440444
3023145,32.36355246925117
3023146,13.079692587205907
3023147,0.032007984338692494
3023148,199.6965222366239
3023149,0.0006878560766244219
3023150,0.0
3023151,10.932056863341145
3023152,21.066552672883727
3023153,1.038381176339029
3023154,209.0346250377662
3023155,210.89589119075745
3023156,1.6043527900094428
3023157,2.918537310760663
3023158,172.4158137922941
3023159,30.43487789943795
3023160,1134.813341564392
3023161,0.0
3023162,0.5487815834563512
3023163,2.7398178320008464
3023164,0.23910970848236965
3023165,1.1269209494533206
3023166,2486.9696736504798
3023167,0.008403079669219713
3023168,709.0113149041969
3023169,9.026947444589075
3023170,1004.5386719353602
3023171,613.661308022947
3023172,213.9073291019596
3023173,172.4003504674227
3023174,53.73372997826059
3023175,4223.522981355825
3023176,6.84658769830734
3023177,2.5183392290549014
3023178,17.0992545843538
3023179,37.413863173792876
3023180,0.030821021821621764
3023181,208.6504265125531
3023182,1.4678450343024259
3023183,3.6719879854713264
3023184,3.3065483701485787
3023185,17.3839710161592
3023186,2.094690261386463
3023187,180.4296125128627
3023188,286.72432061808496
3023189,3.1836537646467162
3023190,5.218041555904059
3023191,147.08407114423483
3023192,30.32685214558897
3023193,666.0897960898819
3023194,2.7069557380182294
3023195,2.0824021477289714
3023196,2.772727084041205
3023197,0.0
3023198,1.0828472845408212
3023199,1383.8701914709923
3023200,0.0
3023201,104.30050545016981
3023202,1.3609922420092664
3023203,426.8596767297897
3023204,150.1078548617215
3023205,85.75560583596533
3023206,219.7409933136885
3023207,25.081190306319833
3023208,1947.6098124625305
3023209,3.4297650868639415
3023210,0.41009572962642615
3023211,8.319730725428023
3023212,3.900630544246261
3023213,0.17232359324635174
3023214,87.3574542931683
3023215,0.0
3023216,0.0
3023217,0.2215703701608826
3023218,17.385540765300348
3023219,0.6156614545146861
3023220,160.62177935495095
3023221,79.88066692090467
3023222,0.6202195977321738
3023223,0.6563936148849783
3023224,37.8902926442005
3023225,15.614771088360214
3023226,325.1151845362854
3023227,0.0
3023228,0.8855781144096078
3023229,3.674561588986726
3023230,0.0
3023231,0.6843988319288492
3023232,3080.099008524401
3023233,0.0
3023234,549.1919331903634
3023235,8.736806360716056
3023236,725.7571009904373
3023237,507.27666625382875
3023238,170.06519892785397
3023239,183.24441919719962
3023240,56.37577998582047
3023241,3552.725520341704
3023242,6.102312594379211
3023243,0.33297620492080865
3023244,20.10439085511674
3023245,9.15929084035974
3023246,0.006797474052054263
3023247,191.80974763559385
3023248,0.0
3023249,12.439634858062417
3023250,2.6427682740666265
3023251,31.792481941694383
3023252,1.14453369525368
3023253,202.22304526561302
3023254,196.39980602794404
3023255,3.3464537245438564
3023256,2.5847214857942102
3023257,118.04525981981722
3023258,39.01669395756787
3023259,1165.542793677639
3023260,0.6941218679631018
3023261,0.6990248929870886
3023262,2.4640591058377055
3023263,0.012052148170193799
3023264,7.318550326213318
3023265,2569.149388140651
3023266,0.010891793664633003
3023267,547.7954612438018
3023268,4.739361973540482
3023269,833.1437570197022
3023270,851.6959679461424
3023271,156.6782024139238
3023272,121.46332094082202
3023273,93.37636691248638
3023274,3291.3803864556126
3023275,41.06999448007829
3023276,1.2073655642626715
3023277,29.391282120914724
3023278,24.99015727828783
3023279,0.01998502167678417
3023280,216.17714901819895
3023281,20.664670642319717
3023282,15.521065687668276
3023283,2.1617164616235174
3023284,73.61662817486958
3023285,9.510731855513027
3023286,193.87326587408043
3023287,269.82356336570626
3023288,10.771796543910442
3023289,13.641364360575794
3023290,236.34462811273647
3023291,73.8649290965354
3023292,2166.641159649506
3023293,0.008078661064341366
3023294,11.838911199839696
3023295,4.567315045555066
3023296,0.000501699412568279
3023297,6.203205641829318
3023298,1739.0653438050197
3023299,0.0
3023300,430.34990146269786
3023301,10.755568985471044
3023302,748.5860571338146
3023303,684.2450513599113
3023304,138.69248324957545
3023305,74.3657064168014
3023306,87.9773685009779
3023307,3027.382679274695
3023308,17.41082322254061
3023309,0.6208059735044815
3023310,34.317726735313
3023311,24.27521405777835
3023312,0.003990911693765519
3023313,273.5943141621309
3023314,18.506876118569892
3023315,8.530318486257222
3023316,7.076791499146502
3023317,50.11826846118738
3023318,8.75715823032054
3023319,161.78247132459902
3023320,324.7399396075326
3023321,7.223840010164519
3023322,7.461888857284174
3023323,117.779817398163
3023324,70.33423905977334
3023325,1625.9404860805982
3023326,9.158217913612106
3023327,13.80956928988656
3023328,5.870376450862475
3023329,0.18600252441053217
3023330,3.108689667601113
3023331,3239.399001303046
3023332,0.00022211206471524613
3023333,651.6271254077263
3023334,3.9970363318534936
3023335,1413.5394449098212
3023336,586.6390427299963
3023337,192.21226671989743
3023338,852.8525545245465
3023339,53.172147142672685
3023340,5084.3186061757015
3023341,29.64290982410267
3023342,0.8898786164698862
3023343,22.835698294576495
3023344,13.68991169768291
3023345,0.013938499744479443
3023346,325.9936209596218
3023347,3.5686885905974366
3023348,9.625448765519367
3023349,6.477604714817075
3023350,36.3995542459475
3023351,4.805850255446874
3023352,162.55906748420628
3023353,310.77098691532007
3023354,5.333252305997143
3023355,6.257668300419855
3023356,184.4673491808547
3023357,44.36727008733163
3023358,1590.6903229591032
3023359,13.283145826672463
3023360,12.066347683191093
3023361,3.001838280066755
3023362,0.03516396324152781
3023363,4.428347681251511
3023364,1966.7048361159605
3023365,0.0
3023366,323.6844945097096
3023367,5.287535632023207
3023368,676.7976721886985
3023369,616.4275579360918
3023370,147.2522395759979
3023371,120.33173292148297
3023372,55.73471139822697
3023373,2591.5462516805646
3023374,18.905523236656183
3023375,0.9068432127057999
3023376,11.817817375128428
3023377,7.760852864201729
3023378,0.15182199242091404
3023379,167.9826796055765
3023380,12.913176544376215
3023381,12.968844956047095
3023382,1.1852889035391452
3023383,40.038195285057206
3023384,5.941585851085602
3023385,353.6099116877432
3023386,188.52542106991285
3023387,5.550209215258314
3023388,5.856779660859733
3023389,339.47921827648895
3023390,45.564278906193856
3023391,1760.5415331983213
3023392,0.10961990879213593
3023393,21.019444736932567
3023394,2.1656253547836926
3023395,0.009678962327571986
3023396,3.049868384091141
3023397,5422.05457158719
3023398,0.007129837060152742
3023399,487.5103966897327
3023400,6.3077357243533285
3023401,1721.2217243647997
3023402,661.5687788872522
3023403,268.73989031269474
3023404,237.95035545648625
3023405,56.30879781948723
3023406,5735.424475733526
3023407,7.2317085507228835
3023408,1.650638852927587
3023409,26.20446008985113
3023410,23.911534890982285
3023411,0.03842707247589978
3023412,358.77096063085935
3023413,0.021006504882576764
3023414,0.2037435650382383
3023415,8.353103011170449
3023416,15.366670708457644
3023417,1.9169843317660593
3023418,128.8119471704014
3023419,319.83027128877944
3023420,2.864648495962995
3023421,8.343615980866918
3023422,154.6760631790884
3023423,56.1895797775523
3023424,1212.126731380813
3023425,0.00465615596002091
3023426,5.108452539023504
3023427,5.307492079395136
3023428,0.017524919687837537
3023429,8.290335092007451
3023430,1756.431385054914
3023431,0.0
3023432,421.8401592983635
3023433,7.656385340752676
3023434,771.660298408696
3023435,605.853965043635
3023436,167.21888670986186
3023437,126.35271778263255
3023438,82.56113505969695
3023439,2862.5590140732957
3023440,26.50983239842033
3023441,1.0115225225057318
3023442,23.12659829049365
3023443,24.299052491573693
3023444,0.005878386491652173
3023445,198.2511511649965
3023446,11.264258818721194
3023447,7.821142960801518
3023448,6.168176316990005
3023449,35.73450533791974
3023450,9.622339891136694
3023451,173.03592953194143
3023452,236.38634597430752
3023453,12.001218620411779
3023454,7.723557470351514
3023455,173.3124774430161
3023456,53.036922444136806
3023457,1617.6408104063396
3023458,0.45494189171218546
3023459,5.819723603093937
3023460,2.8919725370499325
3023461,0.0
3023462,4.297948721574516
3023463,2002.6977582634859
3023464,0.0
3023465,427.92630468844146
3023466,6.517002561371469
3023467,622.1648199607818
3023468,715.2441241936402
3023469,147.46693455286075
3023470,117.66179158522115
3023471,81.08190108930577
3023472,2619.034568943352
3023473,25.036059031791122
3023474,0.7560518819891127
3023475,32.792197725410375
3023476,28.178996493124203
3023477,0.001954166310888913
3023478,187.594164496962
3023479,8.366987121280546
3023480,22.200515564026354
3023481,4.620128290031028
3023482,34.42929808669378
3023483,8.582136355421797
3023484,195.26892516698703
3023485,187.53020480700263
3023486,7.456460558051781
3023487,7.31962563993279
3023488,201.25177419606314
3023489,40.695417966935175
3023490,2061.866709958643
3023491,0.3480073330480353
3023492,10.916923042955029
3023493,4.466395935675249
3023494,0.023647196344425123
3023495,3.1573404106958405
3023496,4684.6316279535195
3023497,0.0
3023498,542.7147539946869
3023499,10.54027217213975
3023500,1192.8387990127308
3023501,717.2645396592337
3023502,320.34985155025123
3023503,333.1400352546014
3023504,68.6594442365082
3023505,4637.413901607344
3023506,11.154582227539814
3023507,0.14988035752312454
3023508,15.953957761045093
3023509,17.32131179778832
3023510,0.11042396357238408
3023511,266.4008794708789
3023512,0.001792636584438758
3023513,4.462651118035514
3023514,1.0287743046205646
3023515,48.6344294156404
3023516,2.5784767079812827
3023517,212.88112792157446
3023518,281.8434289822447
3023519,2.984018275623993
3023520,1.4259243626680966
3023521,199.7803535981205
3023522,132.30225703304848
3023523,1291.4808552324555
3023524,1.9339626311095164
3023525,0.46735045464818353
3023526,12.067984364683106
3023527,0.003058520188120011
3023528,12.062015057198952
3023529,6984.892146445178
3023530,0.0019084772033333228
3023531,1351.1931581436068
3023532,17.004745089309502
3023533,1878.4888978454042
3023534,2002.3663828354406
3023535,456.77198445133877
3023536,507.60536564339145
3023537,274.04326064991506
3023538,7793.724495278007
3023539,71.1974179701528
3023540,3.338225577768447
3023541,94.97443587601813
3023542,93.84033885251708
3023543,0.03853081181625398
3023544,542.4625313612736
3023545,24.587419680185594
3023546,17.342264945900272
3023547,59.19668390725425
3023548,176.7333287983776
3023549,20.860054361576417
3023550,659.449129354786
3023551,488.0919133157625
3023552,28.87396376646187
3023553,31.03145875150492
3023554,917.3800563960353
3023555,278.10701717401776
3023556,7619.5953367410175
3023557,314.3169489355336
3023558,80.56118576861947
3023559,12.963653924921129
3023560,0.0006488491076966994
3023561,11.98993754456
3023562,7377.879852765289
3023563,0.0008825210769884998
3023564,1042.5291800922344
3023565,16.514992899501813
3023566,2005.5517359878822
3023567,1845.4889253899846
3023568,617.0772438907993
3023569,331.5300965871629
3023570,229.06603257670054
3023571,9138.55132755275
3023572,82.77950562291161
3023573,1.347198788284949
3023574,45.76791989486615
3023575,72.3636261225428
3023576,0.5722238252862395
3023577,558.9363233448161
3023578,16.342205865869108
3023579,21.33295639327243
3023580,7.403402558192365
3023581,130.31158794067167
3023582,18.554241295853025
3023583,850.3865637543087
3023584,653.9958420538396
3023585,18.55315912105342
3023586,27.237204756507207
3023587,1128.3725190336615
3023588,208.65769134434197
3023589,5167.3246859865485
3023590,460.4498553443206
3023591,80.82944699213394
3023592,10.181820508167831
3023593,0.0
3023594,19.465640619151625
3023595,4500.811169549424
3023596,0.01322139998290463
3023597,737.0880020234749
3023598,10.304389132581255
3023599,1727.3773417636876
3023600,1215.8274110683078
3023601,612.3886304947554
3023602,121.68379565525473
3023603,186.99169952048496
3023604,7416.536537520566
3023605,35.54003815724686
3023606,2.389504945255346
3023607,32.28036456043908
3023608,23.39897931533531
3023609,0.3917431053322163
3023610,515.5194147868312
3023611,24.071336746396558
3023612,13.945787399345086
3023613,9.27447028322259
3023614,76.45835349039115
3023615,11.437727659351255
3023616,884.4836215051649
3023617,613.348544111238
3023618,16.31202051668367
3023619,32.39682880606735
3023620,643.3041882371442
3023621,108.78471153473141
3023622,2115.944736511189
3023623,257.7092610856445
3023624,37.071887075592876
3023625,12.296590290268396
3023626,0.0
3023627,19.753189558473093
3023628,6810.9754988538725
3023629,0.0
3023630,969.1948862593276
3023631,14.478415888297016
3023632,1880.663347977105
3023633,1720.9023993884655
3023634,530.1231768301031
3023635,314.5633182593537
3023636,181.13892718701644
3023637,9087.437236630027
3023638,35.548971405577575
3023639,0.9383234183543423
3023640,62.32434790651631
3023641,58.12552531777268
3023642,0.5860734169294088
3023643,531.5764091999938
3023644,16.640219572139685
3023645,22.786443033726695
3023646,16.878853761401185
3023647,123.42338388716173
3023648,13.237750545941735
3023649,714.6384515721912
3023650,630.5338935284786
3023651,16.88990681367882
3023652,19.879656915047306
3023653,984.2217229974142
3023654,223.18034198656852
3023655,4829.216616613746
3023656,304.95081938265736
3023657,62.94938901706142
3023658,9.613279591458134
3023659,0.0
3023660,16.672395562011896
3023661,3421.9697480800464
3023662,0.0
3023663,718.9202744415447
3023664,12.222415872793789
3023665,1644.0882215265895
3023666,962.3284226478812
3023667,499.0914085226172
3023668,94.71406365745575
3023669,128.7245338606775
3023670,6601.787875841439
3023671,28.892151769276676
3023672,0.26476295584007
3023673,25.650167053444193
3023674,20.72383816553567
3023675,0.038667873102377286
3023676,427.3178326126868
3023677,18.08999296145493
3023678,6.4747695284215405
3023679,8.736446719945832
3023680,68.72648915853866
3023681,4.6757281139309885
3023682,646.5798491797584
3023683,585.2236295429738
3023684,15.571806108553805
3023685,20.284785920542507
3023686,710.1232614140074
3023687,81.5666999721047
3023688,1514.3523047602482
3023689,256.9815593269422
3023690,17.523777497768467
3023691,8.420121846727891
3023692,0.00430765228062074
3023693,13.094524805080884
3023694,5744.486239006475
3023695,0.0031561771205709573
3023696,1074.4115544516449
3023697,18.290320936920615
3023698,1688.1202563105167
3023699,1840.7813881606069
3023700,372.9433253243483
3023701,435.6212009982617
3023702,253.78789420517748
3023703,7117.6323714470755
3023704,82.93314407023618
3023705,1.1902453669216944
3023706,46.859286879967065
3023707,51.18031459213607
3023708,0.38740112197474624
3023709,450.67215418037426
3023710,13.486247492393549
3023711,22.35451738218136
3023712,9.7187106477073
3023713,148.9764077281848
3023714,17.990789119944615
3023715,746.6506182218762
3023716,515.2087262225845
3023717,17.637514850370852
3023718,28.49905901007322
3023719,934.8189731249377
3023720,213.40780352811962
3023721,6712.706823273822
3023722,252.22291055090162
3023723,76.78846195289975
3023724,5.540400427212403
3023725,0.16192868776937522
3023726,5.3611879344145965
3023727,1717.7467999717471
3023728,0.008038696061509514
3023729,360.8402929453115
3023730,22.597160639690255
3023731,718.9242721228703
3023732,543.419729079612
3023733,207.73842406762253
3023734,81.19591625865291
3023735,72.60452366518456
3023736,2744.9704569729674
3023737,21.327399398700283
3023738,1.0124690223588328
3023739,24.180081704286202
3023740,19.975690790472598
3023741,0.04743209921439249
3023742,179.9107601450705
3023743,9.589430426243565
3023744,5.969961386996213
3023745,10.412732109195133
3023746,35.686809723838245
3023747,8.53204723224028
3023748,228.77304098455394
3023749,196.35947546394206
3023750,2.5358026343546785
3023751,5.735004463743892
3023752,201.71749282718704
3023753,61.803829092681326
3023754,1313.0774018928191
3023755,0.5147733242044235
3023756,8.531611530376532
3023757,8.200693218730745
3023758,0.0010587335554955784
3023759,12.540784013459817
3023760,3706.2614222172006
3023761,0.0012925012411879775
3023762,524.056278665517
3023763,24.72526689696062
3023764,1298.4714348243713
3023765,979.4815495393835
3023766,395.42742358884556
3023767,98.59649395076254
3023768,121.2244108722426
3023769,5630.5909253915215
3023770,57.85144178907474
3023771,1.2374283655313842
3023772,48.53168991466256
3023773,28.641514336231033
3023774,0.03774383920597818
3023775,318.0030199813303
3023776,10.602630211916066
3023777,7.3370993764879255
3023778,2.852710781700768
3023779,88.93753632673128
3023780,10.481064315486767
3023781,447.7512046969392
3023782,467.33801022542343
3023783,11.358543601063161
3023784,18.966901349608882
3023785,360.09087689575773
3023786,72.32611062591099
3023787,1780.9843617905703
3023788,258.2008039153542
3023789,13.319776419317964
3023790,5.68837251950761
3023791,0.004071452156517072
3023792,3.405591227816884
3023793,3942.105303370807
3023794,0.0029202478084790124
3023795,768.7746997352268
3023796,7.913474219001968
3023797,1243.9506232899448
3023798,1284.4500360468717
3023799,224.36706807575482
3023800,310.0617754373565
3023801,172.62536360270633
3023802,4394.632419684518
3023803,51.117478581573664
3023804,1.3175781535793782
3023805,26.64064710842798
3023806,38.3299094929233
3023807,0.060784057169860496
3023808,253.93352042047474
3023809,2.188417017472113
3023810,32.104329010427506
3023811,3.8515130235721013
3023812,80.11154568538785
3023813,9.96607986141265
3023814,513.9050176261768
3023815,259.6297776862656
3023816,18.401445320950398
3023817,10.575952828937446
3023818,625.8338762314424
3023819,106.814029630495
3023820,4045.1980765422504
3023821,0.7090853767443779
3023822,41.07966664740475
3023823,6.494246702742956
3023824,0.0
3023825,6.776855281849278
3023826,3777.812341947189
3023827,0.0
3023828,752.1113922640128
3023829,9.539950453703025
3023830,1249.625319860909
3023831,1036.975092456811
3023832,291.0016249635623
3023833,196.13037514444193
3023834,237.5256955186853
3023835,5052.11466636615
3023836,31.908546052968475
3023837,2.3435462056773066
3023838,46.16971820737273
3023839,37.541287313391656
3023840,0.05829945682622758
3023841,284.76305717544636
3023842,7.110291009521108
3023843,33.9982417658574
3023844,8.402724453929268
3023845,165.65997660666955
3023846,9.687225273261395
3023847,370.19535962602146
3023848,283.32568447694115
3023849,12.793689354354298
3023850,20.511958814321897
3023851,389.3172900283659
3023852,121.65543160040967
3023853,3767.377408726261
3023854,4.235215731114919
3023855,7.479482416068903
3023856,5.424187773260663
3023857,0.0
3023858,3.142994797505601
3023859,1625.8750413974153
3023860,0.0
3023861,401.0326026633591
3023862,4.19763780823493
3023863,672.7455030263328
3023864,421.4261823059399
3023865,170.57341942634596
3023866,75.74854942821955
3023867,68.60214656473055
3023868,2402.408877124644
3023869,11.98186409022581
3023870,0.8639981794271505
3023871,21.45966741860729
3023872,16.314793727010937
3023873,0.0
3023874,163.40429869859156
3023875,5.681790829475489
3023876,7.389585386319554
3023877,4.906657452915671
3023878,34.10821412440312
3023879,3.2608203968362517
3023880,187.48334255216028
3023881,183.33182011320912
3023882,3.9325429851745746
3023883,4.603676293551644
3023884,133.82057936117067
3023885,46.34657556292184
3023886,1402.2859520900095
3023887,0.20529659241072995
3023888,3.5800699490578216
3023889,5.114391240475502
3023890,0.0
3023891,0.061955515471602045
3023892,3641.931937504945
3023893,0.0
3023894,242.32545142393926
3023895,2.644761789432938
3023896,1023.927257648551
3023897,266.60138219590317
3023898,202.43198994823518
3023899,80.27141441497962
3023900,23.396950257225576
3023901,3408.86628904239
3023902,10.347162412227911
3023903,0.6414715230204546
3023904,20.106753043430462
3023905,8.341340668353618
3023906,0.14672119003987857
3023907,192.71222068727644
3023908,0.0
3023909,0.0
3023910,2.9110878246374465
3023911,21.557988947002002
3023912,0.7707489192129304
3023913,51.37669564196723
3023914,179.8985498103253
3023915,0.009764189634120096
3023916,1.4801751607687015
3023917,55.60417599280905
3023918,97.15212839818031
3023919,543.5058189421648
3023920,0.0
3023921,1.4222013627635364
3023922,5.627940321248682
3023923,0.002128832371027553
3023924,5.484324182326801
3023925,2627.1749997115485
3023926,0.0
3023927,482.49298607441114
3023928,7.458113987572041
3023929,961.872031230178
3023930,826.4720367188239
3023931,297.69094541291446
3023932,156.56480584144532
3023933,103.54228362410933
3023934,4220.40919488704
3023935,32.15965813215758
3023936,0.6253150634830154
3023937,23.45176551033114
3023938,34.303970181964466
3023939,0.004890152033921949
3023940,253.1925050838224
3023941,14.983940063371787
3023942,10.570498681587239
3023943,12.915670104810117
3023944,48.68466413579603
3023945,5.514851835103723
3023946,358.23856709545163
3023947,289.6764681434074
3023948,6.893508361088595
3023949,12.639903695291121
3023950,458.6128915849832
3023951,77.06254584738583
3023952,1963.6431273109545
3023953,0.007016554400231416
3023954,34.47063023869908
3023955,4.5251298297559055
3023956,0.032451416838867375
3023957,5.985363015077766
3023958,3937.8275436941453
3023959,0.052966190203265644
3023960,688.6771706903342
3023961,13.935288886479038
3023962,1117.0014636104747
3023963,1342.9406790960516
3023964,200.55743597558134
3023965,320.30447286863404
3023966,193.01087679141847
3023967,3967.294665821611
3023968,40.93331987149793
3023969,2.2369228315123233
3023970,34.259806945851764
3023971,63.22238312642959
3023972,0.646488900907652
3023973,256.7558020932995
3023974,14.852112515518606
3023975,30.290231785195857
3023976,8.09959821421
3023977,103.91375584864643
3023978,17.901419602451234
3023979,467.85788506366487
3023980,277.8184801384079
3023981,6.965002724058902
3023982,15.160733662456497
3023983,679.4877269853741
3023984,141.40646543246433
3023985,5063.172418835819
3023986,0.4052360981692541
3023987,46.962100048379234
3023988,3.2608661327219313
3023989,0.6377012856128665
3023990,9.236673587601357
3023991,3778.4772444918085
3023992,0.004405125533631469
3023993,738.9056222007114
3023994,14.767273455766565
3023995,1076.1263564939215
3023996,1248.3987440699223
3023997,253.56636287775308
3023998,290.3472828658498
3023999,141.20417103505665
3024000,4148.558998682497
3024001,32.34896681254429
3024002,1.8303181768607324
3024003,30.62444534107706
3024004,41.53190846573611
3024005,0.039143583365062434
3024006,311.1428408668842
3024007,21.77977184703059
3024008,24.44474359135246
3024009,20.41447297553058
3024010,90.02571746327025
3024011,14.715255168879796
3024012,372.7443413413766
3024013,336.33966267588545
3024014,14.914804647754476
3024015,19.579865114320363
3024016,519.2094541247134
3024017,137.56435427678443
3024018,3799.8436565654947
3024019,0.3871474973391004
3024020,32.16792683220824
3024021,9.956125420573482
3024022,0.22313001030765203
3024023,7.5804423337288735
3024024,3108.8739720289996
3024025,0.00012598243413417822
3024026,469.174222199414
3024027,9.603389075783076
3024028,1403.329234102005
3024029,697.6083399162341
3024030,490.6446646544096
3024031,267.6912385855946
3024032,76.49821389206429
3024033,5834.7989799042
3024034,8.288948495316378
3024035,0.8876127124664732
3024036,44.873847410617834
3024037,35.88345075360044
3024038,0.005722409772726418
3024039,347.5875365729073
3024040,5.466754521140014
3024041,3.5874936156436537
3024042,8.40157852107158
3024043,29.551792731778566
3024044,4.28470765144892
3024045,320.31487466341724
3024046,422.7977817284165
3024047,5.215000971445548
3024048,6.0681816880154615
3024049,309.07718324187186
3024050,105.20491018902382
3024051,1293.6947802804484
3024052,137.72291245919777
3024053,14.338726090253635
3024054,3.7852151020102527
3024055,0.007317742108960869
3024056,4.190099037098683
3024057,2061.952250573458
3024058,0.006785523826555571
3024059,334.0559266900018
3024060,9.813914539608033
3024061,679.8530963635562
3024062,610.8338289436256
3024063,122.07660341013514
3024064,126.28341205396654
3024065,103.07243009340542
3024066,2501.979520317162
3024067,16.44076428389693
3024068,1.3396740201009703
3024069,24.512401735442104
3024070,29.64542492842625
3024071,0.023383279863582917
3024072,168.92410303684136
3024073,10.591205343623592
3024074,15.271605505300823
3024075,6.197541672268793
3024076,89.15760014390737
3024077,3.9683290137278204
3024078,282.9883041973781
3024079,170.2552486360717
3024080,3.677248962046349
3024081,8.816986610470018
3024082,258.33030709963873
3024083,53.2081958714435
3024084,2112.7917676727407
3024085,0.0019071446831535849
3024086,21.428673747066014
3024087,1.2600299931984225
3024088,0.0
3024089,1.8710597957353974
3024090,1442.4018618143343
3024091,0.0
3024092,106.4739884328403
3024093,2.5890470230983524
3024094,714.1074425086906
3024095,309.7639217689384
3024096,186.43418829303002
3024097,39.52389938062848
3024098,32.896579456938696
3024099,2612.2390688062915
3024100,3.354531191525199
3024101,0.28169758270882167
3024102,6.5699978359070785
3024103,7.314298161440549
3024104,0.12449490157188729
3024105,166.34621331940775
3024106,4.09370564231211
3024107,0.0021871969517342988
3024108,0.9443919780041197
3024109,10.426973309977836
3024110,0.354641560087343
3024111,201.56525880823358
3024112,166.46054284208154
3024113,0.6302377937687043
3024114,2.2705414389757848
3024115,113.9473948779617
3024116,22.958505230367283
3024117,308.1079679886578
3024118,8.086958596397784
3024119,2.749254223444783
3024120,5.479469080882304
3024121,0.12560053671889507
3024122,4.1719552335881716
3024123,4400.118532989219
3024124,0.0016741478413174243
3024125,1338.1484914469092
3024126,10.216454340394135
3024127,1833.2627610452698
3024128,607.9920377606776
3024129,497.88325961515267
3024130,340.84339316154274
3024131,72.26612140665144
3024132,7163.42317895684
3024133,17.30076129178515
3024134,0.47396268127893465
3024135,24.516045675018987
3024136,12.706368340726097
3024137,0.027260280748889684
3024138,501.3339359187139
3024139,6.110371559167853
3024140,1.8181514394510132
3024141,7.703623659401384
3024142,24.476082688596033
3024143,1.7604901069512997
3024144,717.5155220666196
3024145,411.8123386183999
3024146,1.2441096712700008
3024147,13.732907439322943
3024148,473.82516432926377
3024149,105.84069443198646
3024150,2359.727464378054
3024151,28.14786739715266
3024152,5.363111386516276
3024153,3.9828102310490436
3024154,0.004748268085600839
3024155,0.9490496344740547
3024156,1521.3123352439447
3024157,0.0
3024158,168.10405851545232
3024159,9.20222683868309
3024160,796.7414402718372
3024161,354.6170423845822
3024162,166.72693852316698
3024163,31.47136827387049
3024164,29.59568267852749
3024165,2534.564262925931
3024166,5.8489516306869715
3024167,0.22950351588478807
3024168,10.757961712790442
3024169,19.803777393174805
3024170,0.04024597041789609
3024171,152.29179690037626
3024172,5.195185044359091
3024173,0.006193107830116193
3024174,6.761447893917604
3024175,21.50920841117194
3024176,1.366582633591518
3024177,164.0150336303691
3024178,197.25033423100732
3024179,1.1639709402455147
3024180,5.602758053455665
3024181,150.01359906003327
3024182,39.81909575304581
3024183,419.2954447213116
3024184,12.52676665056127
3024185,1.7113644083513417
3024186,3.8113889023667227
3024187,0.0
3024188,2.538066542354741
3024189,1289.9029293642604
3024190,0.0
3024191,124.40713332670012
3024192,4.620097507854018
3024193,665.6033989202134
3024194,255.5204800548819
3024195,154.1904112475355
3024196,46.72927018318467
3024197,28.774754740643747
3024198,2638.4687340346222
3024199,6.179228706843726
3024200,0.1331506424666634
3024201,10.836537235917305
3024202,6.642757979523849
3024203,0.0
3024204,130.32817524467254
3024205,0.9006654497614857
3024206,0.0036284352133480417
3024207,1.5080118642789362
3024208,17.588838969075784
3024209,0.7158375865056283
3024210,175.15735648827587
3024211,179.55392389508307
3024212,0.3997584028373494
3024213,4.352775335102651
3024214,81.84023048478781
3024215,20.06361568936297
3024216,307.0928659767265
3024217,8.55886455882251
3024218,0.9932996104109608
3024219,3.1007286828011598
3024220,0.0
3024221,2.248823620110143
3024222,1869.105496755211
3024223,0.0
3024224,198.68943098470308
3024225,6.532442062116896
3024226,842.6738619272895
3024227,361.4315763397068
3024228,249.0106427252987
3024229,29.88359168724938
3024230,33.65982635743153
3024231,3283.47877904346
3024232,2.9614892357245655
3024233,0.06327932120224602
3024234,4.999888482870114
3024235,17.20518522336608
3024236,0.0074498121869620675
3024237,174.79064061844772
3024238,0.5026680267014649
3024239,0.001199367102553533
3024240,2.4793944225059104
3024241,12.843586829008345
3024242,2.1878993157034734
3024243,156.9395310671748
3024244,262.22655082171974
3024245,0.7293358556314653
3024246,5.376263074125288
3024247,59.195972349166595
3024248,94.18587720195022
3024249,497.998358552321
3024250,3.147875435032563
3024251,3.441416476301474
3024252,3.5081734454534717
3024253,0.7722405888009858
3024254,3.2877247761065123
3024255,1668.3801710798039
3024256,0.0032753279847346946
3024257,167.26601449635388
3024258,3.0050836606117297
3024259,739.7948614696313
3024260,339.10005819278103
3024261,248.63913955503872
3024262,91.90317121280091
3024263,56.067737155997214
3024264,2664.891735022957
3024265,4.900842964173799
3024266,0.8186479893649714
3024267,11.358795845455857
3024268,17.048847411442768
3024269,0.050726372716420165
3024270,203.07830702872965
3024271,5.817167509821312
3024272,0.011334548729898995
3024273,3.4261719671667246
3024274,15.209829045990116
3024275,1.2326589216406707
3024276,147.88440495457155
3024277,171.87707035363331
3024278,0.7165722148601092
3024279,3.9702888311862923
3024280,126.20068939782487
3024281,50.83146280702542
3024282,1112.1849034292395
3024283,8.426956510338021
3024284,3.455949627482741
3024285,3.3888284078830404
3024286,0.17515022470685795
3024287,0.4057113061219089
3024288,1552.4115848133265
3024289,0.0
3024290,175.7900624513389
3024291,3.9572530100725603
3024292,945.1618276999519
3024293,250.26796523733154
3024294,171.98681204887913
3024295,105.1294552843326
3024296,24.366551496670706
3024297,2177.748631213302
3024298,3.8269025713235143
3024299,0.053754539649335686
3024300,10.694331240688193
3024301,12.110853073865847
3024302,0.028255772539943113
3024303,149.71610577050402
3024304,0.002195567468929685
3024305,0.0003794431338040257
3024306,2.3579556495511134
3024307,15.968371690308732
3024308,0.7380177882806709
3024309,56.229718828767304
3024310,126.56944648498306
3024311,0.563242787854429
3024312,2.065258643050159
3024313,60.89399770807974
3024314,34.82871826487342
3024315,968.5114829469137
3024316,0.0
3024317,0.8159213093300444
3024318,5.547965577369752
3024319,0.25070672660511706
3024320,2.881378689228455
3024321,2765.2753169285397
3024322,0.0
3024323,312.0073830655447
3024324,4.811310780289219
3024325,1124.0671449816869
3024326,661.2399402263165
3024327,431.3624662451683
3024328,190.85077350035388
3024329,111.01047735003101
3024330,4493.0784624407825
3024331,10.762991284270477
3024332,0.9232431769380227
3024333,19.91287580075266
3024334,20.28300332810312
3024335,0.00033079305427721837
3024336,272.3544452683838
3024337,0.04463020971946309
3024338,0.0007430272632447129
3024339,8.334438525180888
3024340,21.19131382142159
3024341,3.2245609800552453
3024342,277.38628367897525
3024343,268.545315222204
3024344,1.7991133608791205
3024345,6.517953673367816
3024346,323.0361225400871
3024347,52.90385281751707
3024348,2331.527804748297
3024349,35.41035880753722
3024350,10.852035712346893
3024351,2.234700841191886
3024352,0.8328867230272359
3024353,3.802514817970832
3024354,2032.0433991889186
3024355,0.0
3024356,552.7229237438645
3024357,7.37216353336073
3024358,608.0099267528037
3024359,541.5910869646611
3024360,194.1312567937581
3024361,143.4099384790699
3024362,43.035203792805
3024363,2897.2260955360152
3024364,10.521902326786021
3024365,0.7385868873444099
3024366,12.625610029610685
3024367,20.065600873860543
3024368,0.014242269405684444
3024369,161.50143463324935
3024370,4.457314191253965
3024371,2.9873182091337904
3024372,4.515994181613483
3024373,44.38900538028263
3024374,1.7022261071442797
3024375,87.55759386087517
3024376,154.5024839837309
3024377,2.6075489368075524
3024378,6.19536747260204
3024379,152.98450974941892
3024380,55.09876885910972
3024381,3128.43936130427
3024382,38.246997406136344
3024383,12.800114452762093
3024384,5.009470982745412
3024385,0.324682794634257
3024386,3.027070920934925
3024387,2467.4086646390365
3024388,0.0
3024389,183.96106571356785
3024390,6.146354297439861
3024391,903.64408302326
3024392,315.6074008306347
3024393,327.1248748002829
3024394,55.316413531347365
3024395,32.63218317153743
3024396,3228.0546798507203
3024397,7.4715798239509255
3024398,0.9357258374010191
3024399,10.342151643894494
3024400,9.745825913354118
3024401,0.12682082679246712
3024402,187.92538554119682
3024403,5.318678779402976
3024404,0.005879135400353009
3024405,3.5534726464245354
3024406,23.694508293491037
3024407,3.2405601359334923
3024408,138.21708804406654
3024409,171.25595302284103
3024410,0.9944593413615725
3024411,4.188004739489692
3024412,84.66469588855043
3024413,25.848790889264013
3024414,607.7116286881258
3024415,10.69152075778502
3024416,4.714538517705159
3024417,4.29924522801226
3024418,0.0
3024419,6.1578852842477305
3024420,2152.8321936017132
3024421,0.0
3024422,575.9089160255206
3024423,11.027035854258878
3024424,657.5780401812463
3024425,669.0367257280736
3024426,212.48638004211597
3024427,145.80405402501276
3024428,78.35118410291426
3024429,3177.765204026688
3024430,22.081020114863136
3024431,1.0048745972306992
3024432,15.990059935354914
3024433,26.334208387858787
3024434,0.020162552775567867
3024435,199.45728191232993
3024436,15.398393042654803
3024437,13.062383010840875
3024438,4.1779139806363235
3024439,63.117489377561526
3024440,9.959814430352203
3024441,365.5592547308828
3024442,217.40640544655682
3024443,6.735470921908781
3024444,6.077511889339135
3024445,362.7291263730127
3024446,91.23557431957107
3024447,1899.976318485371
3024448,0.0
3024449,29.302465525289012
3024450,6.302484153402398
3024451,0.09813755156408902
3024452,3.105687965265666
3024453,3915.2793233206826
3024454,0.0
3024455,421.48251753495333
3024456,4.373740996726275
3024457,1092.5711705233082
3024458,624.7002685281362
3024459,592.8287324460466
3024460,65.19494589355016
3024461,67.42199208569927
3024462,4942.080747203428
3024463,8.837748030401539
3024464,0.40716612030119353
3024465,13.905541876533158
3024466,12.289039898539842
3024467,0.0
3024468,288.6526441664459
3024469,0.5675191199591334
3024470,7.259921061314996
3024471,4.4451292248696275
3024472,27.161578167829088
3024473,1.0429768327385736
3024474,301.55337173819726
3024475,338.0296006873784
3024476,0.8691772046144828
3024477,5.3853959615067515
3024478,269.17591535405586
3024479,59.420391880905456
3024480,1558.728612037605
3024481,81.68037352696936
3024482,8.85708809472859
3024483,8.401278129864307
3024484,0.26592437377062206
3024485,2.956030634321434
3024486,3356.455901926218
3024487,0.0
3024488,435.80234924055975
3024489,5.739047930388773
3024490,1079.4856611654832
3024491,545.3697188144946
3024492,306.55103541643786
3024493,297.4348637832039
3024494,73.51276503636903
3024495,4033.92549616549
3024496,12.837999953043264
3024497,0.3642332474198115
3024498,37.945548165513735
3024499,26.04220857022052
3024500,0.05332379334940045
3024501,292.6684515908548
3024502,2.7786708423020956
3024503,3.9816127161747517
3024504,5.996923310818192
3024505,66.5396021640789
3024506,1.9307045494379733
3024507,110.80525901303008
3024508,257.0871899211472
3024509,2.2364749571851448
3024510,5.473361711789497
3024511,149.10534102265026
3024512,132.94547795292996
3024513,2331.016528930039
3024514,0.02522806291560691
3024515,3.7876049905376554
3024516,3.176354926798531
3024517,0.017604893408309542
3024518,3.01395656532927
3024519,1929.0318879376873
3024520,0.0
3024521,115.43898716873375
3024522,3.822651623178815
3024523,569.1096846198492
3024524,284.32736589961365
3024525,134.1657610716278
3024526,63.493257093654634
3024527,45.65311040447698
3024528,2166.580394384969
3024529,5.672155061978851
3024530,0.708806786508839
3024531,27.32641509775628
3024532,17.879141548553665
3024533,0.0
3024534,163.99075263329135
3024535,0.3956852230828216
3024536,0.0018507196281617472
3024537,3.7032365785576236
3024538,32.35222652450214
3024539,2.2841576338679164
3024540,107.55618863090608
3024541,132.45407888857898
3024542,0.6571931091895551
3024543,4.62269583020445
3024544,140.27948887909642
3024545,28.887567353778305
3024546,640.4523563905078
3024547,12.876568820194523
3024548,1.3831678209296787
3024549,1.2957123337650813
3024550,0.0
3024551,2.527482997156118
3024552,1303.4371583660627
3024553,0.17083570516405394
3024554,246.98554852116274
3024555,7.631309920574262
3024556,474.10215353703376
3024557,421.00696918830363
3024558,107.14909924714489
3024559,43.97136698878507
3024560,62.17910736703203
3024561,1878.146188663435
3024562,21.85778844381972
3024563,0.31163340635464465
3024564,9.231752586458981
3024565,14.131369859969631
3024566,0.1854934089666945
3024567,118.38912289882397
3024568,12.489623359229407
3024569,1.1158863556634233
3024570,4.68096056160398
3024571,40.97507400010801
3024572,3.49486350790381
3024573,693.7068543610261
3024574,137.90877740797356
3024575,3.323722425257486
3024576,4.193470570248626
3024577,359.1842779975291
3024578,25.99898367862557
3024579,1074.838234390059
3024580,0.0
3024581,5.810334076654558
3024582,2.048848109036976
3024583,0.017098127128883863
3024584,2.6368419425382115
3024585,2919.954952685356
3024586,0.0
3024587,675.2717046468002
3024588,13.637766027035696
3024589,949.9584298467721
3024590,1163.377103980085
3024591,266.1602109485067
3024592,205.6882016494083
3024593,132.91629740384656
3024594,3644.806606211753
3024595,29.630621819452347
3024596,0.6970541429945751
3024597,18.686196928697647
3024598,31.70384669394815
3024599,0.00647971015284209
3024600,238.09888745257766
3024601,6.684418059035637
3024602,25.43476638005301
3024603,7.929869286525562
3024604,64.91346433874365
3024605,10.595811459263913
3024606,361.74812259455
3024607,260.28087083284925
3024608,16.25848615029845
3024609,7.910491779441614
3024610,474.35250033872865
3024611,103.18597610266664
3024612,3215.1096839846714
3024613,0.0
3024614,24.609677877675555
3024615,2.7468868907416657
3024616,0.0007363770698655841
3024617,2.4492855282901087
3024618,1742.6419924981217
3024619,0.0
3024620,366.8940255283752
3024621,5.556166073944667
3024622,362.631281917943
3024623,508.53921421465736
3024624,123.13027279982288
3024625,96.35684824094415
3024626,70.26173816695159
3024627,1578.72145872757
3024628,14.77560873664808
3024629,0.7385873418176834
3024630,15.18605622796774
3024631,12.042443939074703
3024632,0.013233957870685452
3024633,74.62396862218135
3024634,0.0
3024635,15.350344925667272
3024636,3.428037447506637
3024637,153.01049652547056
3024638,9.01759065416409
3024639,161.4378554450241
3024640,102.1707605683374
3024641,3.983335582481633
3024642,4.266430858130326
3024643,157.27759794309142
3024644,29.26010305636879
3024645,1209.768185268532
3024646,0.6331316615482911
3024647,4.495768123116278
3024648,2.579158600564053
3024649,0.0
3024650,0.23267045865490918
3024651,724.8259095752088
3024652,0.0
3024653,207.28499260508048
3024654,3.4246812570668075
3024655,272.6581992610565
3024656,235.70873679664058
3024657,83.22612218568771
3024658,27.55101975007132
3024659,23.90979768260372
3024660,1099.8665920050435
3024661,3.1132235884429633
3024662,0.37123534535115876
3024663,8.00438876478478
3024664,5.8544380917410574
3024665,0.17416724957544
3024666,67.417260177963
3024667,0.006350423079028915
3024668,1.20663905357909
3024669,0.2991279292071997
3024670,9.430834981465246
3024671,0.14538512790810418
3024672,169.81103738048998
3024673,114.8561427938202
3024674,1.8043006016176224
3024675,0.65336749453684
3024676,116.87023585337198
3024677,19.270638307639423
3024678,368.9825218571022
3024679,0.3176150850924371
3024680,1.2612579775940675
3024681,4.990973157350365
3024682,0.358986038822946
3024683,2.4494884818709854
3024684,2680.2403405619802
3024685,0.1080798679077714
3024686,568.835741680357
3024687,13.007805795387041
3024688,832.9062453239362
3024689,834.9733673205621
3024690,270.78761278943705
3024691,210.06622818150186
3024692,87.81300897464062
3024693,3507.2406651766973
3024694,28.673462072247148
3024695,2.6224156556951415
3024696,17.047851566945123
3024697,25.111905675431192
3024698,0.03994906136420676
3024699,183.90889173442932
3024700,4.50122780753308
3024701,26.210351501538124
3024702,8.058973125814626
3024703,79.58591436683129
3024704,2.9032773669812086
3024705,242.30939612430765
3024706,230.2277882805762
3024707,9.084843197323542
3024708,7.401192986106295
3024709,345.49388421522366
3024710,69.25020605108256
3024711,2037.4016146953502
3024712,0.6593724948786595
3024713,14.479288034614585
3024714,4.457377976279856
3024715,0.024928477319835295
3024716,3.1071162355940336
3024717,3479.826050144082
3024718,0.00786207832928862
3024719,625.1662790764259
3024720,9.619688762116773
3024721,1137.8413715924705
3024722,953.5078910961319
3024723,345.9671704875185
3024724,283.6532139980699
3024725,70.04248164553572
3024726,4968.2751628911465
3024727,16.948777241019506
3024728,0.368944192878394
3024729,28.50452896246568
3024730,13.506158256424488
3024731,0.47515053758106346
3024732,295.92258786887004
3024733,0.012116279609297204
3024734,6.299247901631057
3024735,3.949256606496963
3024736,30.407682676407106
3024737,0.7492403537274706
3024738,226.09405680979467
3024739,356.4586300564603
3024740,3.354761819015158
3024741,3.1334404578680752
3024742,204.10111636371397
3024743,77.4120294399584
3024744,3172.4510856993224
3024745,1.4542827878801465
3024746,4.57149939515649
3024747,4.762762239241723
3024748,0.2173433726656319
3024749,2.5149396769352292
3024750,3360.138224914828
3024751,0.0
3024752,878.7936769172572
3024753,10.474472774475428
3024754,1043.6575561949185
3024755,665.3002858268457
3024756,321.74045261752764
3024757,252.9560554887252
3024758,62.52090867988916
3024759,4468.419034048608
3024760,19.251315338866327
3024761,0.8980935698330474
3024762,26.491142896468087
3024763,17.635589702268472
3024764,0.0009931026755945862
3024765,269.968256664146
3024766,0.004149110571423541
3024767,6.925889226004487
3024768,4.1336374552378645
3024769,52.32286953881825
3024770,1.1392826059288077
3024771,124.39261299486833
3024772,228.6960800893372
3024773,1.0626338872812684
3024774,3.6740338986881413
3024775,178.0096493781047
3024776,72.21095428971266
3024777,2380.9880813989635
3024778,0.843911121507652
3024779,4.68736247758106
3024780,8.157642976995355
3024781,0.08317671192692896
3024782,11.831357395828816
3024783,6904.376079243993
3024784,0.0
3024785,1017.337780459934
3024786,28.68971768746132
3024787,1611.787816491275
3024788,1753.0289031242366
3024789,309.3299476382013
3024790,383.91041937462086
3024791,266.02659658123724
3024792,6951.369110411512
3024793,67.4583702422039
3024794,2.036867046114962
3024795,45.95285800956025
3024796,42.31355068160088
3024797,0.03617038683819005
3024798,415.36288963980667
3024799,27.957180464984592
3024800,37.17612339497494
3024801,20.926983822232955
3024802,144.62351170359264
3024803,24.76203077630424
3024804,621.4322989887098
3024805,465.2204883504103
3024806,15.308385423370684
3024807,23.611793234531728
3024808,1040.2490894213645
3024809,219.66982070981953
3024810,6454.309567179708
3024811,0.7444060071858076
3024812,74.45418133763258
3024813,2.802435258069428
3024814,0.22029711243340122
3024815,0.25508027930530897
3024816,3005.1967001483627
3024817,0.0
3024818,171.23872738006963
3024819,4.048589467919551
3024820,787.7714961582274
3024821,287.91364799346326
3024822,132.88753418224752
3024823,93.48063671780508
3024824,46.44030534864033
3024825,2771.3930598199963
3024826,4.300582708377681
3024827,0.30226505032519957
3024828,10.640382105769659
3024829,6.8044441264217275
3024830,0.0080572092587143
3024831,144.57641007565337
3024832,0.3986832136408315
3024833,0.00594245671605022
3024834,1.8071875565190596
3024835,22.06738283895391
3024836,0.6763318303123158
3024837,74.02277259627026
3024838,119.34489210677286
3024839,1.4570688049112492
3024840,3.821818025061221
3024841,112.37038565412978
3024842,29.494059233870743
3024843,1337.663643239467
3024844,0.017891658068253952
3024845,3.3939451685711974
3024846,5.956695819990974
3024847,0.03944469066482461
3024848,1.0569620843568588
3024849,3613.6910571124017
3024850,0.0
3024851,609.2175330894435
3024852,8.35139593864112
3024853,991.3870689408528
3024854,609.7105119750635
3024855,217.15387175307626
3024856,323.4394616491369
3024857,92.14300794396473
3024858,4521.641836053873
3024859,10.93089234323989
3024860,0.43224697322078787
3024861,15.599067021968661
3024862,16.178235740970322
3024863,0.004887272687571873
3024864,270.15201012074846
3024865,0.5194039757822135
3024866,4.46528376249674
3024867,8.614634445847756
3024868,17.89070384048127
3024869,0.795977968620472
3024870,325.8218778141495
3024871,231.92043601145113
3024872,3.033200620410664
3024873,4.648664690641807
3024874,117.86368674946972
3024875,60.97541824182774
3024876,2535.023727777617
3024877,0.913159349693105
3024878,3.792905529077901
3024879,0.9840586138080236
3024880,0.0
3024881,0.521599205079861
3024882,1084.4090142704692
3024883,0.0
3024884,114.00846343901691
3024885,3.0470319670236714
3024886,671.5997658410552
3024887,152.0157130745489
3024888,85.95064751319889
3024889,167.67700814373825
3024890,16.050414510282838
3024891,2372.688131172483
3024892,1.3498619191743284
3024893,0.2101576717825751
3024894,5.4456516821918335
3024895,3.5002096654439967
3024896,0.1185314639081653
3024897,81.67264761054683
3024898,0.0023956116695026093
3024899,0.0
3024900,0.5224125874446035
3024901,13.668774229434414
3024902,0.21203010181183518
3024903,77.38103587906421
3024904,79.04826521424245
3024905,0.514433438253703
3024906,1.106778573376491
3024907,52.41129782791767
3024908,11.24450223866882
3024909,428.5424788610746
3024910,0.0
3024911,1.2417752798242487
3024912,6.159607265069759
3024913,0.0
3024914,1.9695409575398721
3024915,2371.2220073920694
3024916,0.0
3024917,246.5747503343697
3024918,7.40943576815806
3024919,1087.6195865036395
3024920,419.9950947601043
3024921,208.98245932213052
3024922,150.32254925435367
3024923,42.12605585873274
3024924,3059.505591360344
3024925,2.502525398406653
3024926,0.30971383452810647
3024927,26.3206572650925
3024928,14.718384225881483
3024929,0.049895904694962946
3024930,214.0339135334195
3024931,0.003284200224839653
3024932,0.0
3024933,10.192248154403712
3024934,23.13102112306444
3024935,1.0694520028987027
3024936,262.9639973298063
3024937,227.62231113385758
3024938,1.729281057510474
3024939,2.943084193618173
3024940,218.17900638924772
3024941,36.25104951409412
3024942,2289.0137979573256
3024943,0.0
3024944,0.5842208641538622
3024945,2.883845636344961
3024946,0.23324284334553863
3024947,0.9711744239895079
3024948,2233.6666823380815
3024949,0.002864092599007364
3024950,653.519148483539
3024951,9.099379450452865
3024952,913.6747390181159
3024953,534.3687637040376
3024954,219.85874016198207
3024955,105.06763765712202
3024956,54.77922253876472
3024957,4318.023165520944
3024958,7.76438423742143
3024959,2.407119434885172
3024960,19.68594521768898
3024961,41.6678445011043
3024962,0.02515889679772164
3024963,210.17185063744802
3024964,1.4885939491471358
3024965,4.96904834729395
3024966,2.5350589182902574
3024967,14.692197756572432
3024968,2.0310767341680416
3024969,168.33819310430906
3024970,270.3127238737104
3024971,3.189078282708988
3024972,4.385616383547367
3024973,128.11877426115024
3024974,30.517306977881077
3024975,1053.9849770314047
3024976,2.658286625841001
3024977,2.0288435863580947
3024978,2.862362848127285
3024979,0.0
3024980,0.434008631539392
3024981,1317.5622691273238
3024982,0.0
3024983,116.34768900180397
3024984,1.605225726630172
3024985,386.08596589291943
3024986,144.07292490761014
3024987,100.66039336756795
3024988,149.6522613060698
3024989,31.049064375456453
3024990,1815.1117617180548
3024991,3.9239062248081407
3024992,0.4055287940142973
3024993,7.800651524982527
3024994,3.9619905034078426
3024995,0.17617680677915226
3024996,80.63323174216973
3024997,0.0031782952826626665
3024998,0.0
3024999,0.26065201822181283
3025000,35.596782894030405
3025001,0.5764838806327388
3025002,208.65158798569354
3025003,75.91162979343049
3025004,0.6812416067534612
3025005,1.4744661463716557
3025006,40.36683131294881
3025007,18.130610493172252
3025008,578.1678943203922
3025009,0.0
3025010,0.9732961064302501
3025011,3.2186797815798416
3025012,0.0040718973387667825
3025013,0.6307575460147068
3025014,3663.0401026523436
3025015,0.002920692480311126
3025016,760.8432932700601
3025017,7.2403160051631765
3025018,852.8688568329309
3025019,644.4807205873259
3025020,211.58997366421178
3025021,171.39542457700034
3025022,56.77837457354058
3025023,4285.834308056617
3025024,8.569427784621414
3025025,0.28288923805075766
3025026,23.739157175509458
3025027,8.466316051158422
3025028,0.00884625037224744
3025029,230.35954482171232
3025030,0.00974083861744053
3025031,23.062247494168883
3025032,3.005457507947302
3025033,37.88142891931466
3025034,1.2794462692585027
3025035,241.27818480336995
3025036,226.8620689627327
3025037,3.3919125597038278
3025038,2.9306577045883837
3025039,155.81161832832487
3025040,51.185097406058
3025041,2708.9126894995993
3025042,0.7351667448957491
3025043,0.8054084537920341
3025044,2.698621230035473
3025045,0.0058265549319108925
3025046,6.0137923581217825
3025047,2257.128814878792
3025048,0.00390808412102482
3025049,469.8010593180736
3025050,5.855669484859454
3025051,821.5291732445206
3025052,736.3386073523621
3025053,145.02138816073466
3025054,111.94667792610566
3025055,114.0328828640362
3025056,3296.727882609469
3025057,45.054379495288885
3025058,1.145477563213031
3025059,24.257625570910076
3025060,23.194668419676038
3025061,0.013163629807572007
3025062,220.10008728475404
3025063,19.407489234743664
3025064,19.12604847310096
3025065,1.365661231410992
3025066,76.73701819073504
3025067,10.375955112855133
3025068,236.29548267026365
3025069,297.86374400815055
3025070,9.282976375776348
3025071,13.073113640198875
3025072,240.9762117352021
3025073,70.3951383159401
3025074,1976.6822746699825
3025075,0.00042396710740840403
3025076,10.809052841734268
3025077,4.600963334469374
3025078,0.0
3025079,5.36322877012456
3025080,1770.8534721051876
3025081,0.0
3025082,390.4405966391633
3025083,9.79826362973728
3025084,787.8084067888143
3025085,685.2034527115701
3025086,131.12856304309688
3025087,70.4844277841569
3025088,94.60999125247045
3025089,2934.0670956741797
3025090,17.57518527434583
3025091,0.5858709890264053
3025092,31.280388761060202
3025093,24.95945090967451
3025094,0.0004381849560293792
3025095,267.1369123813512
3025096,21.940350805781026
3025097,11.019804272135625
3025098,8.194777744891294
3025099,64.30985579175453
3025100,8.6995095485059
3025101,130.5078374634012
3025102,289.33619063345856
3025103,7.498665141377623
3025104,9.74336935972802
3025105,107.09205963159677
3025106,68.16302991187463
3025107,1593.2684363902317
3025108,11.007627281753736
3025109,11.690993812665704
3025110,5.593322131895952
3025111,0.23486691220838185
3025112,2.998154755917148
3025113,2946.015619133315
3025114,0.0003567817009281868
3025115,631.2035508656113
3025116,4.550307649051663
3025117,1207.9217241450299
3025118,604.9388888385258
3025119,194.99367223436076
3025120,341.16503700852087
3025121,59.24244005507525
3025122,4944.962089686332
3025123,27.846436223782582
3025124,0.9382115782118534
3025125,26.64121012955972
3025126,12.854678839258392
3025127,0.013404448016153729
3025128,336.26844843275825
3025129,3.966096426406028
3025130,13.636687685797849
3025131,5.751565785817148
3025132,49.247897421573036
3025133,4.974883476012904
3025134,164.80146317933233
3025135,307.7930881588728
3025136,5.584863130226836
3025137,7.55849915367004
3025138,185.47533407784198
3025139,48.543958299772825
3025140,2732.430517673332
3025141,7.36654820654763
3025142,12.373468151161445
3025143,3.336860171773404
3025144,0.030291330223807304
3025145,4.445760976927523
3025146,1842.8482486773676
3025147,0.0
3025148,292.97705560468034
3025149,5.162480932293972
3025150,674.0263397313001
3025151,561.381267401694
3025152,170.81392350856822
3025153,115.74587804825381
3025154,62.879787532341524
3025155,2696.2015529600058
3025156,20.919701168815028
3025157,0.8701846781597684
3025158,15.426169119440562
3025159,7.663067220991053
3025160,0.11356324143542847
3025161,180.35973043014383
3025162,13.1130162830882
3025163,14.778629559827529
3025164,1.2981790148081052
3025165,51.7367420779899
3025166,6.1768562498329285
3025167,311.34888009740155
3025168,211.9309992866061
3025169,4.6687439210610115
3025170,5.885647148250499
3025171,337.3986616513389
3025172,50.095335123587226
3025173,1836.544836480361
3025174,0.11416913951619802
3025175,21.547914116718292
3025176,2.3331886154375447
3025177,0.007764009842753525
3025178,2.972702422255271
3025179,5510.623426890023
3025180,0.0030859796188321686
3025181,463.77067232518766
3025182,6.765549211727697
3025183,2450.5355023502084
3025184,596.8121418000137
3025185,281.0821209173749
3025186,173.28211586666066
3025187,76.91054989435192
3025188,5257.662260851541
3025189,7.433447385950819
3025190,1.5851359011268848
3025191,27.584729401520953
3025192,24.690511441763846
3025193,0.033573635396409965
3025194,345.96075237821515
3025195,0.012025321665005013
3025196,0.15303997644127956
3025197,8.316110827732892
3025198,22.297891391647518
3025199,1.8592895745161369
3025200,134.59239592836968
3025201,298.3449620992637
3025202,2.712884947523057
3025203,9.471810692562116
3025204,150.80094812567964
3025205,54.88165348674936
3025206,2171.7289918847705
3025207,0.00041144793449775783
3025208,3.5502718580241748
3025209,5.757652927796344
3025210,0.0
3025211,7.02793078971381
3025212,1679.995159129319
3025213,0.0
3025214,401.752720717901
3025215,7.5230917562266715
3025216,738.1019679312259
3025217,563.1358321590353
3025218,180.09879352495045
3025219,111.43438149579605
3025220,84.71969214422177
3025221,2934.1139137786777
3025222,26.971951102388484
3025223,1.0116789322286794
3025224,24.775657509438368
3025225,24.102677833847412
3025226,0.02328980400524635
3025227,203.7464812428309
3025228,15.756936394367951
3025229,9.605322609061316
3025230,5.477489188434772
3025231,46.041575558658515
3025232,10.18951393123756
3025233,167.80898359504974
3025234,251.45087947491373
3025235,13.007163163471391
3025236,6.578443483530238
3025237,166.05357330686135
3025238,52.35145402316453
3025239,1579.0206134427854
3025240,0.3704725285842877
3025241,6.321854576219739
3025242,2.9592637311842154
3025243,0.0
3025244,4.949445453212566
3025245,1976.948819327773
3025246,0.0
3025247,382.43530908801296
3025248,6.78303952931682
3025249,640.3556448583156
3025250,691.5677863849819
3025251,154.71372783597891
3025252,96.88347577439477
3025253,80.19843169486487
3025254,2498.342098124881
3025255,22.871068596048623
3025256,0.620023353779618
3025257,25.99239102710778
3025258,31.38305349391546
3025259,0.0011751475698747545
3025260,173.81760930407415
3025261,9.91707593267656
3025262,26.750483141345498
3025263,2.857019867614788
3025264,37.40488428956737
3025265,7.4971523686592345
3025266,192.40555927262423
3025267,198.49290650542713
3025268,8.404786739903136
3025269,7.7844129698869455
3025270,209.57385650419195
3025271,49.199030873649505
3025272,1883.5206917268783
3025273,0.3647406772129626
3025274,10.230537709129099
3025275,4.242465055128201
3025276,0.006684963547029078
3025277,4.551981640004401
3025278,4585.869558575389
3025279,0.0
3025280,537.5242022095186
3025281,13.612149278389333
3025282,1084.0441372391292
3025283,661.5915823389146
3025284,289.4623554029802
3025285,169.4441813342215
3025286,72.93182632435395
3025287,4729.0529332101705
3025288,11.15936481176345
3025289,0.14745211368421368
3025290,18.04914523652041
3025291,17.562551387162454
3025292,0.11220227845357512
3025293,241.4839168893274
3025294,0.002269029914976315
3025295,11.217247861038437
3025296,0.856176190625219
3025297,46.93002712947311
3025298,2.5580012774785676
3025299,228.0093472435033
3025300,282.4821193821037
3025301,2.872958760483347
3025302,1.482644627549417
3025303,240.02382782921686
3025304,127.40130245935941
3025305,2053.9566412776708
3025306,1.7991447530981532
3025307,0.40983662409609534
3025308,11.673448627431146
3025309,0.0
3025310,10.464620587474954
3025311,7165.586999447143
3025312,0.0
3025313,1255.5808469148649
3025314,25.26457268424901
3025315,1861.9124925623355
3025316,1933.6582995765464
3025317,447.2060866227041
3025318,469.3985626714919
3025319,315.61049365575144
3025320,8037.913746906627
3025321,77.2960114740982
3025322,3.0720996958752442
3025323,111.9331013415917
3025324,102.43190686457532
3025325,0.03323091074534818
3025326,524.7142549854854
3025327,25.920533080431507
3025328,18.453765933647805
3025329,56.12586977662655
3025330,211.41795230773167
3025331,19.10428463629759
3025332,658.4168194520644
3025333,467.3375976944797
3025334,28.715254696907103
3025335,31.755618094038745
3025336,892.9476066845674
3025337,288.95332799260666
3025338,6513.039187064114
3025339,299.00518227274154
3025340,81.95707203807007
3025341,11.42232092310822
3025342,0.0
3025343,12.433354337712416
3025344,7019.064093763819
3025345,0.0
3025346,958.6361784659318
3025347,21.61473432984496
3025348,2034.0144653069403
3025349,1793.7827809255414
3025350,602.7209546500885
3025351,306.64027797520384
3025352,207.54859118879148
3025353,9325.971440776384
3025354,86.94780145936875
3025355,1.3274205215130692
3025356,56.03947288230774
3025357,80.50946276220459
3025358,0.45921574534675225
3025359,562.8093148092701
3025360,16.957825811792656
3025361,26.97757500901991
3025362,7.169292234914193
3025363,132.07104424837308
3025364,18.153183758025047
3025365,829.1769418685701
3025366,629.3904777495984
3025367,18.639743558500346
3025368,23.69408062726578
3025369,1072.5191062604129
3025370,188.54703793795244
3025371,4824.704029138159
3025372,403.27139245953884
3025373,77.54174879053367
3025374,11.771388529611276
3025375,0.0
3025376,19.480153602395518
3025377,4696.702624764377
3025378,0.008603134459630566
3025379,720.4523107602977
3025380,11.511181890221996
3025381,1715.9310525001
3025382,1161.0072965552831
3025383,618.919325160882
3025384,108.58781515386025
3025385,199.99405390215617
3025386,7061.899229457388
3025387,42.79619123205583
3025388,2.2945370990076466
3025389,44.53105694418307
3025390,22.883760792415494
3025391,0.3327349662760062
3025392,480.87574634347885
3025393,27.911061854775078
3025394,18.730434320469122
3025395,9.489593868150061
3025396,83.82513981221915
3025397,12.086688438452976
3025398,881.5012503771737
3025399,645.0884035237782
3025400,19.762087355199313
3025401,40.43443510534601
3025402,596.1407067314259
3025403,103.2842745635698
3025404,1943.1613238969353
3025405,291.75462366249843
3025406,37.792713698070116
3025407,10.559099682106288
3025408,0.0
3025409,21.066172726800545
3025410,6826.00486478035
3025411,0.0
3025412,967.2907496579427
3025413,18.399844594006304
3025414,1892.181920183203
3025415,1766.1511283015452
3025416,519.3901227744241
3025417,302.7484292378422
3025418,191.51535939894617
3025419,9293.679962006843
3025420,33.37627539321993
3025421,0.9514093230760479
3025422,83.97488657835125
3025423,59.37094872159293
3025424,0.5461102672236904
3025425,506.5344119019814
3025426,18.0304110343297
3025427,24.976866901317635
3025428,20.243660403339245
3025429,156.2004069515188
3025430,13.35388513570262
3025431,726.7904851592521
3025432,655.7142834578917
3025433,18.791637227510034
3025434,23.90093018348825
3025435,924.0096295427331
3025436,232.14414967762
3025437,4654.533788184623
3025438,359.4240340645137
3025439,61.10134449222201
3025440,9.431007192367929
3025441,0.0
3025442,17.19007010359983
3025443,3400.3488394026776
3025444,0.0
3025445,653.2731464622508
3025446,12.388296846448155
3025447,1639.208991235549
3025448,953.0668222155659
3025449,446.28336877702935
3025450,84.78239741772805
3025451,133.92012283919667
3025452,6576.924776027649
3025453,31.057384049282902
3025454,0.23889583389317715
3025455,31.182271467583888
3025456,22.998319264864996
3025457,0.03336727257099439
3025458,424.8203681863254
3025459,21.885581701555935
3025460,7.400880448950511
3025461,3.4185880398130903
3025462,76.937685920863
3025463,4.928119559039569
3025464,658.8354838955934
3025465,565.4043982132507
3025466,15.17341085416819
3025467,18.232925020438852
3025468,651.137920385562
3025469,72.69200453869216
3025470,1365.4913897388574
3025471,241.60385109894736
3025472,18.403192605742053
3025473,9.675286773220407
3025474,0.0
3025475,13.583161525770072
3025476,5491.349355344877
3025477,0.0
3025478,1020.0039795221428
3025479,20.961427532728788
3025480,1694.664888239202
3025481,1811.6035889568616
3025482,364.8675330186683
3025483,402.15041603522405
3025484,269.7788744562263
3025485,7107.364363299924
3025486,82.47714403674358
3025487,1.0912029535806211
3025488,43.282931461823615
3025489,47.02837452281718
3025490,0.3536275372636235
3025491,442.68629468756825
3025492,13.666619525706363
3025493,22.44553338293687
3025494,9.520614155601425
3025495,156.37006038211808
3025496,16.992537658362668
3025497,701.8437635834783
3025498,486.10877810952354
3025499,14.669132969478163
3025500,25.829459234333797
3025501,888.5727386535602
3025502,193.88159918030672
3025503,6098.2714339918275
3025504,217.2762469316194
3025505,67.95335338906345
3025506,6.088719530115045
3025507,0.15465654916757576
3025508,5.224657276174412
3025509,1679.5063383350935
3025510,0.0009666934841925921
3025511,334.8292165123778
3025512,21.62280243565022
3025513,707.4667374945615
3025514,533.4067142989652
3025515,200.7848806585636
3025516,73.21572102509792
3025517,63.57732214863691
3025518,2664.6823563542384
3025519,20.636582843171176
3025520,0.8341749484671761
3025521,25.983659814079093
3025522,17.825855177152004
3025523,0.01986861995719051
3025524,177.22917762653015
3025525,10.588191208125384
3025526,4.892736699447641
3025527,9.940573913190276
3025528,38.48510539358282
3025529,8.566474021383689
3025530,223.3100125638915
3025531,206.62867338176207
3025532,2.8463583046041836
3025533,6.402915017606743
3025534,229.3127127754401
3025535,49.69300493225411
3025536,1281.4866807101187
3025537,0.5403635723907192
3025538,8.65402224526503
3025539,9.284251101978091
3025540,0.0006767456894397787
3025541,12.959453792863306
3025542,3623.5562421889663
3025543,0.000910424173153894
3025544,463.5178947172496
3025545,35.08370998793039
3025546,1287.1039583468971
3025547,963.7535917876905
3025548,402.83781483472274
3025549,87.81464272978134
3025550,103.08936221483519
3025551,5533.026627834238
3025552,65.6211962427142
3025553,1.3067008993813962
3025554,41.83865930166874
3025555,27.65653391145712
3025556,0.020913010189271684
3025557,317.11175400209737
3025558,11.816485769496115
3025559,5.815389622446428
3025560,3.0690274103056048
3025561,98.28902549839498
3025562,9.512364445689153
3025563,429.4552602594978
3025564,415.6183464809713
3025565,9.565115952381378
3025566,19.297431420884553
3025567,340.39063078472174
3025568,76.21650263418798
3025569,1787.8267285819097
3025570,240.82752331022215
3025571,14.910032776300147
3025572,6.559878941999272
3025573,0.0
3025574,4.361369602644244
3025575,3733.1154524119756
3025576,0.0
3025577,702.6268436734775
3025578,10.327743804311847
3025579,1233.931728667529
3025580,1287.622392471661
3025581,214.11732418338494
3025582,323.9979335867261
3025583,197.90276737862038
3025584,4673.271065034257
3025585,57.69410670342254
3025586,1.439989165934934
3025587,29.55907649876323
3025588,35.16279629531348
3025589,0.07648052537932405
3025590,280.3620623928994
3025591,2.5419431095229457
3025592,40.9411287568699
3025593,4.083737710281347
3025594,88.937457774166
3025595,10.060552641146682
3025596,520.4911840629078
3025597,249.68563694453118
3025598,15.807897437534294
3025599,13.047796136806607
3025600,623.5995189683457
3025601,98.10663297115107
3025602,4254.453428594605
3025603,0.7056389240899104
3025604,46.41188284425774
3025605,5.972957646204072
3025606,0.0
3025607,6.947389326294289
3025608,3687.2232798346527
3025609,0.0
3025610,710.0938700624597
3025611,11.674376702669983
3025612,1277.3118702571994
3025613,1008.3948750091043
3025614,306.9448593746616
3025615,169.55029466389445
3025616,243.67414558899438
3025617,4958.794291126592
3025618,28.170863918710054
3025619,2.27850416005338
3025620,53.69365696399093
3025621,48.974586010410796
3025622,0.04169162379779628
3025623,300.7793290040358
3025624,6.256398352312684
3025625,43.427671803461536
3025626,8.622140537684357
3025627,162.86208815207866
3025628,11.696775035811427
3025629,396.02120379377493
3025630,292.5827436146193
3025631,11.300602441631707
3025632,21.09259506737822
3025633,377.2207091197132
3025634,108.152604007387
3025635,3526.5097198283206
3025636,5.068131824243356
3025637,7.497805500331593
3025638,6.053889199459775
3025639,0.0
3025640,2.733328216545737
3025641,1695.2131160274278
3025642,0.0
3025643,383.7643446324831
3025644,4.909856636760508
3025645,700.2948650579397
3025646,423.52028726440545
3025647,189.62525469428962
3025648,79.35788889423367
3025649,76.56593429096382
3025650,2478.709156515571
3025651,12.128703261953536
3025652,0.9016780887993581
3025653,19.488857269799592
3025654,18.940542514338812
3025655,0.0
3025656,157.92207472756425
3025657,7.280795714442178
3025658,9.95736051357921
3025659,5.069851540422276
3025660,35.0063246212469
3025661,3.51506238776662
3025662,199.35443830496126
3025663,169.3807869140873
3025664,3.5367477925796873
3025665,4.886753918227579
3025666,148.62807789380886
3025667,43.65672170517922
3025668,1374.909647442503
3025669,0.22759450661513048
3025670,4.261993943679035
3025671,5.868398282477047
3025672,0.0
3025673,6.54676466550822
3025674,3689.0889855027094
3025675,0.0
3025676,281.9153573459503
3025677,3.110275197936616
3025678,1189.2453694760743
3025679,245.15394212606358
3025680,221.54931106984895
3025681,65.88313008082068
3025682,25.451229511074665
3025683,3816.4440483892963
3025684,10.629968981892118
3025685,0.5885019259946198
3025686,18.27638626670914
3025687,9.328388230732884
3025688,0.1083928161752354
3025689,204.85501968493938
3025690,0.0021158501629614133
3025691,0.0016641396895339827
3025692,3.3847067619227555
3025693,60.18172600665514
3025694,0.7995333697173552
3025695,47.972865184305
3025696,169.79736636836182
3025697,0.00591792161217619
3025698,1.5555129293925125
3025699,58.735557563044566
3025700,90.50754613087548
3025701,943.9527980860777
3025702,0.0
3025703,1.6401667783968028
3025704,5.219287422403443
3025705,0.0
3025706,5.882314521934426
3025707,2630.880007511755
3025708,0.0
3025709,475.5146102584265
3025710,8.505939202101194
3025711,958.2645202429145
3025712,805.5463030116987
3025713,309.8273498620346
3025714,141.74943137511954
3025715,118.75200403470531
3025716,4193.0693953486125
3025717,32.52710469274378
3025718,0.6697843339424778
3025719,18.49962000087545
3025720,37.388503029671675
3025721,0.02147829662123604
3025722,257.79330294006127
3025723,16.923548349178034
3025724,13.67497249977425
3025725,10.628317645076867
3025726,59.3893531626946
3025727,4.866490197815525
3025728,383.14771116952954
3025729,315.499227659241
3025730,8.224810098228522
3025731,12.613183120056188
3025732,419.1681668530646
3025733,89.89328463368527
3025734,1869.531542475401
3025735,0.00338742538547011
3025736,36.666522171904916
3025737,4.15157299152941
3025738,0.02205274487718773
3025739,6.472463900042211
3025740,3782.2280464188575
3025741,0.0415669364145088
3025742,644.2763038508903
3025743,14.793947850281645
3025744,1084.4338337020276
3025745,1231.1990440405657
3025746,173.58066687070152
3025747,278.5976338028627
3025748,208.2765853800489
3025749,3593.28709812333
3025750,32.7637716548108
3025751,2.0364029176444562
3025752,32.70218798945941
3025753,38.077930395957715
3025754,0.6460475607154128
3025755,240.22317417102386
3025756,14.048627126214729
3025757,39.57906779888287
3025758,9.859483549799368
3025759,114.85301910396748
3025760,18.092841672489573
3025761,447.74621493375474
3025762,256.15586535926417
3025763,5.785634930452279
3025764,13.764116239515863
3025765,597.64059816871
3025766,120.1241316414758
3025767,4537.794620389056
3025768,0.39725189754429363
3025769,45.00760842610566
3025770,3.348452490986392
3025771,0.661603903934878
3025772,7.460836539539427
3025773,3412.7728183589224
3025774,0.0
3025775,692.5045102787345
3025776,15.438056341375422
3025777,1071.4060918274163
3025778,1181.8588475932625
3025779,252.69004353879413
3025780,271.4903492761632
3025781,141.76380646218226
3025782,3758.457619354581
3025783,30.57277836937535
3025784,1.35546909510709
3025785,34.19172892353454
3025786,33.27779395817994
3025787,0.01729771705875888
3025788,304.7261700131858
3025789,26.970844518228503
3025790,29.967572087311325
3025791,17.50636347942684
3025792,104.81638259030784
3025793,15.939346005774055
3025794,359.15204366597925
3025795,291.8323648608664
3025796,14.21605262581614
3025797,20.279599569838737
3025798,505.6688090417166
3025799,124.90536637965371
3025800,3543.4051922909052
3025801,0.34243352718587206
3025802,25.930365818362343
3025803,11.407584348075755
3025804,0.24783174885256107
3025805,7.704358856539018
3025806,3242.308395380654
3025807,0.004485990679237139
3025808,481.8484580907581
3025809,12.858617921891662
3025810,1482.3199042822423
3025811,758.0282004723412
3025812,531.1778634213728
3025813,205.54764578585926
3025814,97.87046512005321
3025815,6123.909210300458
3025816,8.796621171576318
3025817,0.8884871618963286
3025818,51.64828177880695
3025819,47.60794729699618
3025820,0.02468728902845652
3025821,369.3434395196734
3025822,6.34985947796188
3025823,5.542252383302879
3025824,8.173436644858471
3025825,33.911828668628544
3025826,4.372829763558843
3025827,371.4011731822439
3025828,463.7850551089689
3025829,5.1235908462089625
3025830,5.124017478670108
3025831,383.6988629847944
3025832,119.26714055219072
3025833,2370.6676268592364
3025834,134.66769307715896
3025835,13.14336924097812
3025836,3.6183824114341627
3025837,0.00698376472288085
3025838,2.912302201009237
3025839,2261.19315607509
3025840,0.007218916024516276
3025841,366.4648629007087
3025842,8.741775158852313
3025843,744.5551508413921
3025844,774.2413955535042
3025845,135.6487790676331
3025846,136.23738448032208
3025847,144.02516173963988
3025848,2749.2389489027564
3025849,16.96089615447152
3025850,1.238862813152502
3025851,31.279584488790682
3025852,24.31534136450261
3025853,0.023435715732959248
3025854,189.35243096225736
3025855,13.522581894636032
3025856,24.077604428862855
3025857,5.762904945059113
3025858,92.00340373461947
3025859,4.7021692746978365
3025860,285.37019696283954
3025861,185.2123408939174
3025862,3.834151605726066
3025863,9.18611643860613
3025864,303.3772908232886
3025865,55.483060274457365
3025866,4157.242732166453
3025867,0.0017484195614474738
3025868,23.332136676672036
3025869,2.443342810817827
3025870,0.0
3025871,2.708129309824249
3025872,1489.944924518311
3025873,0.0
3025874,95.45636603976779
3025875,4.433906122157023
3025876,780.9834654290221
3025877,367.4736989765192
3025878,238.283032282087
3025879,44.109752902323415
3025880,42.73317372783764
3025881,2858.4055975187225
3025882,4.85257194240598
3025883,0.28329477807908
3025884,11.2868000772874
3025885,9.894939439397005
3025886,0.10770820752352997
3025887,172.83574947904896
3025888,4.85902067349215
3025889,0.003141738866526995
3025890,1.7514417954740198
3025891,13.43298971722756
3025892,1.390744716727832
3025893,213.43825018745844
3025894,170.99578388252343
3025895,1.1015317759587053
3025896,3.67217693782297
3025897,139.12873142903322
3025898,25.189542036373787
3025899,259.6308499991502
3025900,5.449575476878382
3025901,2.8998240364886287
3025902,4.861685243172323
3025903,0.1729740971434228
3025904,3.91819672949124
3025905,4346.315639586516
3025906,0.0
3025907,815.5286155936542
3025908,11.248873553389403
3025909,1941.6425266258427
3025910,721.676465070783
3025911,494.5591847539681
3025912,204.64686274572924
3025913,76.59844952144077
3025914,7728.169303523122
3025915,19.364702142346033
3025916,0.4340403057854535
3025917,25.89054085126816
3025918,14.176605505834084
3025919,0.025762985849701176
3025920,515.7207040696674
3025921,5.7104213905230266
3025922,1.6914218893470405
3025923,8.318995700198922
3025924,25.843882710609837
3025925,1.624263009155789
3025926,664.2467084235767
3025927,408.90463757216463
3025928,1.7713121504473501
3025929,11.66173910322167
3025930,440.13023552081216
3025931,104.51708339454625
3025932,1287.7301403129752
3025933,25.6592059406426
3025934,7.394860324385473
3025935,3.961888307149545
3025936,0.000937432005155403
3025937,0.9218876283910191
3025938,1437.3733700521418
3025939,0.0
3025940,179.04827669820457
3025941,8.315414985314412
3025942,840.2542923442842
3025943,419.4605837176659
3025944,173.54921633084592
3025945,41.47633003130256
3025946,31.519919385839508
3025947,2695.916570620947
3025948,6.101017292834208
3025949,0.2282475718386152
3025950,10.68174071885176
3025951,18.824672077053656
3025952,0.0360540998137479
3025953,160.89523062045126
3025954,6.17351265314565
3025955,0.010680024023415148
3025956,4.960121033630066
3025957,24.22857966580577
3025958,1.2885885665502124
3025959,124.05837947756038
3025960,186.49707051559577
3025961,1.1576051124259363
3025962,4.681080395438177
3025963,133.06885732105118
3025964,30.441103004388182
3025965,281.34676308140166
3025966,9.967504406002655
3025967,2.060894307604478
3025968,3.638282271612831
3025969,0.0
3025970,2.4240855741281964
3025971,1419.6814527814197
3025972,0.0
3025973,105.13737875069356
3025974,4.743036853332446
3025975,689.1254413578473
3025976,303.6463276478464
3025977,143.03118762291126
3025978,39.58167109991528
3025979,26.47549072089363
3025980,2977.1783278225535
3025981,7.197280248140592
3025982,0.13456272514854534
3025983,9.788597725403928
3025984,7.865086819832692
3025985,0.0004388044510044813
3025986,126.93465234307432
3025987,0.8589641647643091
3025988,0.005901484943193909
3025989,1.4464614782159861
3025990,25.5514624058836
3025991,0.6772078257723166
3025992,104.64964199789016
3025993,197.0811739232016
3025994,0.41155927652109714
3025995,3.9869244576859835
3025996,62.50001816785131
3025997,18.61188961646684
3025998,171.75203396240175
3025999,3.9483845778841964
3026000,0.8968682941823132
3026001,2.964915462088765
3026002,0.0
3026003,2.2556709358485953
3026004,1765.7698498631007
3026005,0.0
3026006,169.2696250656321
3026007,6.382862112418798
3026008,975.5392206138958
3026009,424.9941140630815
3026010,261.63545075364624
3026011,27.961291904803414
3026012,34.73714916734041
3026013,3264.031505579214
3026014,2.957735646020441
3026015,0.0776775949396372
3026016,6.314969017313272
3026017,15.940481765290837
3026018,0.008358085687488553
3026019,191.35138592867852
3026020,0.6094363230490312
3026021,0.006135025426071526
3026022,2.440626623614802
3026023,11.496756732555417
3026024,1.9620060581683751
3026025,143.25246266780283
3026026,298.64772455051656
3026027,0.7753265307648984
3026028,4.751206689049258
3026029,58.302083191482446
3026030,92.31055203320616
3026031,350.5264342988151
3026032,8.98025589371631
3026033,4.071401148631572
3026034,2.9051839620622406
3026035,0.8722161316146253
3026036,3.1391197139121267
3026037,1615.2288337108512
3026038,0.0028206077446303593
3026039,148.69040864625532
3026040,3.3634066130315734
3026041,814.8458713797464
3026042,373.815779896388
3026043,221.23701562128122
3026044,100.37884263501861
3026045,54.561492448691546
3026046,2576.516538573697
3026047,5.265120248345281
3026048,0.8344907307555918
3026049,11.229004494620861
3026050,17.3794739323577
3026051,0.05579136336212264
3026052,212.16950997516932
3026053,6.183388004378237
3026054,0.016017757319826614
3026055,3.0061710946696953
3026056,18.235391725200863
3026057,1.2077882594487392
3026058,122.12514537655885
3026059,185.05208618234633
3026060,0.7318605479174995
3026061,3.9653201429134626
3026062,100.77187607873158
3026063,44.56841485562739
3026064,576.937130378913
3026065,7.669758076700541
3026066,3.752684653160445
3026067,5.240132108497892
3026068,0.17212429090119957
3026069,0.4679875069026267
3026070,1542.9389105957157
3026071,0.0
3026072,154.41657180792112
3026073,4.946996945914751
3026074,962.6691364615078
3026075,271.90668321625776
3026076,143.46213082249676
3026077,118.07390591527292
3026078,29.42080359371821
3026079,2457.287635813767
3026080,6.206824290557234
3026081,0.0510411916727514
3026082,15.57215412558089
3026083,13.282825063197048
3026084,0.033780345679782234
3026085,157.7703615724037
3026086,0.0
3026087,0.0013322632377453269
3026088,1.970070733315949
3026089,28.379715947408226
3026090,1.5216550802910032
3026091,57.97565242945603
3026092,140.1491755882351
3026093,0.7170363756445042
3026094,3.9312855620114275
3026095,69.15135659153253
3026096,34.23508460100452
3026097,566.1082955615103
3026098,0.0
3026099,1.5542527018264907
3026100,5.29945676272579
3026101,0.2858948292859336
3026102,1.9734044389298377
3026103,2440.984283520506
3026104,0.0
3026105,285.2093929399872
3026106,4.530241763443618
3026107,1087.7881452707772
3026108,1020.1448131248608
3026109,427.60060016578103
3026110,157.82535435646594
3026111,85.58652024294432
3026112,4080.578239546393
3026113,10.401124716340712
3026114,0.7974337267883382
3026115,23.13089685625352
3026116,21.249391314889774
3026117,0.0012326483527754326
3026118,256.79458348691236
3026119,0.04102147752730848
3026120,0.005179371814904956
3026121,5.038782216855462
3026122,22.956614386587514
3026123,3.1006470912239523
3026124,237.6865371873168
3026125,245.79551160531486
3026126,1.9233776245710357
3026127,6.629453349129866
3026128,303.91023690502243
3026129,52.12201913215019
3026130,1208.4673625681519
3026131,38.69164725392458
3026132,9.67697252962427
3026133,2.5238389205133975
3026134,0.8235490828029299
3026135,3.555219251964952
3026136,1870.9623617630834
3026137,0.0
3026138,458.42399636732836
3026139,6.438898171397322
3026140,572.3132705739672
3026141,601.696030872796
3026142,192.20069346184422
3026143,161.4528541619991
3026144,36.61265753091174
3026145,2570.762615604778
3026146,10.332705881696077
3026147,0.6567284093954533
3026148,14.22648922974031
3026149,19.47729676517875
3026150,0.0
3026151,163.64897440306223
3026152,5.528318703513959
3026153,0.8884775766782027
3026154,4.302737567035241
3026155,55.10743835816838
3026156,1.814448685375698
3026157,80.82115260995877
3026158,147.63166401386601
3026159,2.6122680693554203
3026160,4.981997863630591
3026161,142.24258876267203
3026162,50.70935385674464
3026163,1411.0549606128307
3026164,34.237995033580304
3026165,10.600559605166374
3026166,5.316866572329849
3026167,0.3051456446080792
3026168,2.982150137671644
3026169,2308.5781972245354
3026170,0.00029402415556249083
3026171,152.0370286695064
3026172,5.0167359853783475
3026173,802.1353058280661
3026174,344.82148293227436
3026175,243.23534788703031
3026176,46.13213542405663
3026177,33.24495367878793
3026178,2989.2872101940225
3026179,9.138905409796273
3026180,0.8910728454914387
3026181,10.814888840611955
3026182,11.291407439042338
3026183,0.19100179003864112
3026184,168.36427660811714
3026185,5.3418266071212965
3026186,0.011868802561954522
3026187,3.2403776270347944
3026188,21.679069325086104
3026189,2.706574322444917
3026190,129.42447263840845
3026191,170.13403180528493
3026192,0.9489330294385514
3026193,4.7478017048430035
3026194,84.60099934252281
3026195,19.3943755825103
3026196,367.03657113117936
3026197,12.248958158561651
3026198,3.8693016750372706
3026199,4.894458559718148
3026200,0.0037674106441092873
3026201,6.204739362976157
3026202,2476.6002861463708
3026203,0.0026165548906959615
3026204,603.3999119074571
3026205,9.799076738192062
3026206,763.7947630559055
3026207,726.2428715741352
3026208,209.16845917254378
3026209,150.44067895496926
3026210,100.43875235321985
3026211,3520.246455451819
3026212,27.044821314855344
3026213,1.0132204015967603
3026214,20.409171447774707
3026215,31.635142773440627
3026216,0.011559376847950121
3026217,229.00620342577153
3026218,16.051734988738737
3026219,17.76161129675479
3026220,4.737416375445433
3026221,71.08940279169676
3026222,9.817457054648981
3026223,385.65938133677696
3026224,259.51037362357624
3026225,7.1042489133494175
3026226,7.305619836502959
3026227,397.4749220910715
3026228,114.64454429652659
3026229,3266.2435715129263
3026230,0.0046479391344178885
3026231,35.27316830784208
3026232,6.484836392003595
3026233,0.14802905504641758
3026234,3.9648861590528197
3026235,3433.451745865573
3026236,0.0
3026237,400.55256310655125
3026238,5.286908257332926
3026239,1059.8657295066416
3026240,796.1298425581095
3026241,517.8145889273675
3026242,61.1642700248671
3026243,58.1420999171298
3026244,4842.617128077796
3026245,10.237790870830892
3026246,0.4237559373659268
3026247,12.767980060140022
3026248,10.242011177942619
3026249,0.0011695377950626119
3026250,299.80950170618655
3026251,0.7675182318073832
3026252,4.407075041142756
3026253,4.1320820681947845
3026254,34.839574419165615
3026255,1.0723498384601773
3026256,300.9723288673196
3026257,328.53257306224475
3026258,2.480899884623796
3026259,5.4430987503796455
3026260,240.1385666319489
3026261,54.17015524909715
3026262,794.273660125524
3026263,67.9407161973273
3026264,9.939024798584162
3026265,8.237428229731314
3026266,0.25832919533631477
3026267,2.749949846141467
3026268,2875.0837893371167
3026269,0.0
3026270,368.46689846394537
3026271,4.991341117141153
3026272,1066.0186401354258
3026273,645.2856537533307
3026274,267.6027442827129
3026275,245.05056095147313
3026276,73.46940211433797
3026277,3756.376143259499
3026278,12.350869476926146
3026279,0.34235304055907706
3026280,33.72682331284244
3026281,24.511645197104606
3026282,0.03759955642480922
3026283,281.02259235691685
3026284,2.613146531188214
3026285,1.940977107079104
3026286,5.081017497083706
3026287,87.9386962126024
3026288,1.7271800048317414
3026289,113.57025338926316
3026290,240.46998771770012
3026291,2.3217794768372353
3026292,4.319845445213692
3026293,153.17887508282843
3026294,132.24214985518176
3026295,1214.452946007336
3026296,0.02810170498105522
3026297,3.289126437336746
3026298,3.3915905577006997
3026299,0.01757029088967151
3026300,2.1456919897243414
3026301,1738.8116305381416
3026302,0.0
3026303,117.11652018980718
3026304,4.685133683449912
3026305,722.445494221533
3026306,332.02431598732534
3026307,147.10855169915524
3026308,45.56022328746378
3026309,42.444172266979734
3026310,2437.7897689753404
3026311,5.906962017914547
3026312,0.593657109853454
3026313,22.7372888211546
3026314,17.411849405904018
3026315,0.0
3026316,178.30346247959804
3026317,0.41379951388181857
3026318,0.0031034219226724743
3026319,3.161780759086332
3026320,43.43696187147336
3026321,2.0574630309267867
3026322,116.58828689552898
3026323,166.21191724360654
3026324,0.8531309759041306
3026325,5.25851856893716
3026326,141.29779720939447
3026327,23.97629888349805
3026328,388.122088096888
3026329,15.403928700609733
3026330,1.2903241239516028
3026331,1.5309799895283018
3026332,0.0
3026333,1.570148717600401
3026334,1331.477076455362
3026335,0.16071212064014048
3026336,286.32057428509285
3026337,6.524684384818617
3026338,509.2116363797086
3026339,440.5515677313568
3026340,122.89318086276833
3026341,41.9265545663957
3026342,56.83818812850974
3026343,2113.9174174069963
3026344,25.43552944495584
3026345,0.33957765175653004
3026346,11.573720291330666
3026347,11.780254467869424
3026348,0.18020659239159226
3026349,121.07865860233977
3026350,12.435808842891968
3026351,2.9491343204434264
3026352,3.2144341365175126
3026353,39.15950340282052
3026354,3.2498779091967434
3026355,825.7608380094618
3026356,151.05808023440758
3026357,3.548972014840861
3026358,5.003349789972306
3026359,321.9140579518633
3026360,28.06596091396935
3026361,1594.168300617726
3026362,0.0
3026363,6.136774074526346
3026364,2.1828937746632047
3026365,0.00905884052887777
3026366,2.90229202206972
3026367,3230.9931094254257
3026368,0.022381263730319248
3026369,744.1373711042381
3026370,12.382494133039485
3026371,1100.7834072207456
3026372,1244.9655164033015
3026373,276.5263237852958
3026374,226.25554654647175
3026375,158.6525767850177
3026376,4099.783529971035
3026377,27.648606089181047
3026378,0.7129134948968514
3026379,18.33526989984062
3026380,32.06625254957995
3026381,0.015233388346139068
3026382,277.4621891842672
3026383,7.738617581334571
3026384,42.19317504456688
3026385,8.042095989843295
3026386,74.36769982372063
3026387,10.650231050375472
3026388,398.37715549967834
3026389,292.0178790534611
3026390,15.0273964732935
3026391,9.224185124758172
3026392,516.2541608198576
3026393,111.30137896294248
3026394,5362.103530329026
3026395,0.0005674297161884814
3026396,22.67715565614139
3026397,2.3205636258204714
3026398,0.008154876252737834
3026399,3.42325704105206
3026400,1986.3084764724208
3026401,0.0
3026402,410.3304869839606
3026403,6.081522441756387
3026404,440.05611833134105
3026405,580.1148852539785
3026406,150.88627840015567
3026407,112.28584771448504
3026408,75.45868096196563
3026409,2015.2487670351077
3026410,18.132228103164906
3026411,0.8950473406691162
3026412,16.097734952964693
3026413,16.141626362104848
3026414,0.0216462301121134
3026415,90.57623809002561
3026416,0.0025730429835828456
3026417,34.85463047773152
3026418,3.2775633087501905
3026419,168.0275550278506
3026420,8.463583523430747
3026421,223.965045771028
3026422,115.60170898368601
3026423,4.075140271103829
3026424,4.811906644590307
3026425,188.30583393915555
3026426,38.69520657431993
3026427,2852.449723838925
3026428,0.580723781387718
3026429,5.062569098098778
3026430,2.8173838799220228
3026431,0.0
3026432,0.21871056248892307
3026433,786.8368692017048
3026434,0.0
3026435,198.162983097221
3026436,3.644726388206382
3026437,255.0838574805984
3026438,226.50861189671846
3026439,69.44563797057027
3026440,25.632306040212608
3026441,25.678394374389587
3026442,1167.3825346120236
3026443,3.265318013535457
3026444,0.3247227273658589
3026445,7.625971745776775
3026446,6.503618593308182
3026447,0.14218881303129166
3026448,58.606921426299294
3026449,0.006316203256093172
3026450,6.716038036492452
3026451,0.2751900917854905
3026452,18.361994649095756
3026453,0.14534618036520922
3026454,211.93757672788405
3026455,91.05388920784782
3026456,1.7928419980105437
3026457,0.9799424560774741
3026458,116.98652687677362
3026459,18.21326472835239
3026460,867.4311549582243
3026461,0.3763283975756255
3026462,1.318346626383089
3026463,5.313626129488101
3026464,0.34027543250972514
3026465,2.4656454706201325
3026466,2698.4980480921663
3026467,0.11735285435164601
3026468,609.116326415637
3026469,11.015674774888165
3026470,868.4882216394508
3026471,847.5498219266
3026472,271.9849979041826
3026473,232.76170891027184
3026474,103.41811989604925
3026475,3600.74274087444
3026476,30.18522043350771
3026477,2.430493868051353
3026478,19.500253720310727
3026479,22.305581007637386
3026480,0.07591968853583024
3026481,192.76107099279676
3026482,4.501369687648986
3026483,33.769231790192116
3026484,7.784231111284239
3026485,115.1816912173215
3026486,3.2828091652585716
3026487,259.42775894311075
3026488,224.2950057212968
3026489,9.626726025662006
3026490,8.287558721818623
3026491,365.5529783203124
3026492,77.62184774492354
3026493,4017.2702502209154
3026494,0.89171855868151
3026495,20.600591348704416
3026496,4.29577342177127
3026497,0.0
3026498,2.937836422930952
3026499,2775.0481137523525
3026500,0.0
3026501,543.7318553330754
3026502,11.624553786239812
3026503,893.8902950881643
3026504,876.6471532114339
3026505,277.7982556497041
3026506,197.57865047723328
3026507,55.96285539303862
3026508,4357.503846992121
3026509,12.646814973166109
3026510,0.34009891157895294
3026511,26.56489532820018
3026512,13.211920317072522
3026513,0.42383608910911275
3026514,229.4638374321618
3026515,0.0
3026516,5.602450858916592
3026517,3.8001610322067485
3026518,30.81855565744435
3026519,0.6841185026306738
3026520,194.38052758127267
3026521,299.88346242575716
3026522,3.7182132209849668
3026523,3.02139625226188
3026524,168.7249727053004
3026525,66.16241871222131
3026526,1351.0583874379975
3026527,1.3004441129729685
3026528,3.2948062353751375
3026529,3.5807784376862637
3026530,0.2722448654553581
3026531,2.307387570163508
3026532,2824.5030798946864
3026533,0.0
3026534,609.2800350028983
3026535,9.986861668205435
3026536,820.4469813254497
3026537,742.2566160785744
3026538,235.65975446726205
3026539,164.80612626112162
3026540,52.44877078607774
3026541,3585.2497489831717
3026542,14.625788935985355
3026543,0.8745043922338165
3026544,19.861274102436486
3026545,15.086646165552928
3026546,0.015202864384555247
3026547,200.1355236470469
3026548,0.0017111089496894196
3026549,4.419917457390044
3026550,4.420663631754096
3026551,56.98141593694361
3026552,1.0181026551252415
3026553,107.92244753839051
3026554,198.4016092299816
3026555,2.2366940616360864
3026556,3.661196904901577
3026557,148.18990947462632
3026558,60.09693309939554
3026559,1035.6129707385655
3026560,0.9264232893853035
3026561,4.371909931094725
3026562,7.603041879158134
3026563,0.09888422600267237
3026564,12.5433369135166
3026565,7451.181351967465
3026566,0.005060411417015801
3026567,1190.8598454677197
3026568,28.317851804553662
3026569,1855.2343997717066
3026570,1955.0968425822223
3026571,322.6947309344606
3026572,444.55905175590095
3026573,289.2322360918216
3026574,8061.128918745843
3026575,80.19902430005227
3026576,2.0134631698298713
3026577,51.72194658955795
3026578,46.604619821774925
3026579,0.04852177216859493
3026580,465.71056193275837
3026581,33.2560111066154
3026582,71.04934696322952
3026583,23.775732825965108
3026584,164.48197533202716
3026585,21.549151439642323
3026586,643.1849816263863
3026587,503.13966066115927
3026588,15.686616418954696
3026589,23.81294395162511
3026590,1015.0775008935342
3026591,219.94788749031903
3026592,10424.48712861889
3026593,0.743692520408106
3026594,77.59710666944972
3026595,2.5640915302289438
3026596,0.21677919614245614
3026597,0.2615594247780495
3026598,1983.6988506912837
3026599,0.0
3026600,149.24076810035632
3026601,4.46839048659114
3026602,635.2362681806279
3026603,335.89903446360626
3026604,116.57335607641467
3026605,97.79803608201131
3026606,40.45439694460182
3026607,2262.877541242889
3026608,5.199596097467055
3026609,0.267508311588853
3026610,9.908202186314893
3026611,7.262043194616927
3026612,0.0032761326047906244
3026613,130.1142092054575
3026614,0.39782651256069845
3026615,0.00555082389434824
3026616,1.9486031855322934
3026617,24.471908887491615
3026618,0.6644960227970178
3026619,53.230413533222965
3026620,82.8068860919385
3026621,1.540599401981122
3026622,3.486084130103656
3026623,95.10193636474243
3026624,21.379129664407635
3026625,553.4306067543973
3026626,0.012805255681428674
3026627,3.2412777300699016
3026628,6.688803811756072
3026629,0.02035756079462386
3026630,1.064801471346533
3026631,3166.42657245948
3026632,0.0
3026633,490.9430843846394
3026634,7.312577202625858
3026635,996.8101894008056
3026636,722.6151378986766
3026637,199.05776730039642
3026638,232.64440269802228
3026639,79.4183253008307
3026640,4532.665885920699
3026641,10.680845321706991
3026642,0.4027072133850535
3026643,16.19878232855478
3026644,17.783959529835798
3026645,0.0027935935272528443
3026646,238.5254168743773
3026647,0.5627415978862162
3026648,4.494812280852106
3026649,5.481878599852399
3026650,13.744743444072538
3026651,0.8981785988748332
3026652,310.5934576645949
3026653,219.19484058922987
3026654,3.195837243548807
3026655,4.277177057487556
3026656,102.03534656541572
3026657,60.443249408477875
3026658,1103.8232223088737
3026659,0.7738474987661181
3026660,5.180777441485395
3026661,1.1720752670873384
3026662,0.0
3026663,0.5214488768230363
3026664,941.6472525476289
3026665,0.0
3026666,118.4784322731272
3026667,2.448245613822002
3026668,615.1563382851508
3026669,184.06708098501775
3026670,82.73732319689051
3026671,146.64936144433995
3026672,15.600609260484578
3026673,1851.6106788101852
3026674,1.3128049918498519
3026675,0.2043072804936993
3026676,7.552291643043024
3026677,3.8022687348611717
3026678,0.11953988385711294
3026679,81.6840240146039
3026680,0.00011210029308296595
3026681,0.0018302371325533146
3026682,0.5571581168231197
3026683,12.670054730042104
3026684,0.26700476998391337
3026685,57.410870994891425
3026686,77.11712894930221
3026687,0.453598138917785
3026688,1.042800825987737
3026689,44.06882481984071
3026690,10.273491885480958
3026691,185.86188669440486
3026692,0.0
3026693,1.1532473146314448
3026694,5.643283858544987
3026695,0.0
3026696,1.9278808020625648
3026697,2155.58533189239
3026698,0.0
3026699,200.10458392032044
3026700,6.9581622421118805
3026701,918.2644606224184
3026702,547.8311614390284
3026703,182.8233611953027
3026704,116.68005253912527
3026705,44.209833419196165
3026706,2779.761198171546
3026707,2.601147724187913
3026708,0.26770271372687854
3026709,25.582931472062352
3026710,11.25276530001113
3026711,0.03092632744453022
3026712,195.49045486790845
3026713,0.0007008100213441106
3026714,0.0022247276939976832
3026715,11.848384625231956
3026716,48.00081690597406
3026717,1.033085639284519
3026718,275.24320173704103
3026719,192.83959876500026
3026720,1.7234190482023433
3026721,2.908001681888147
3026722,225.19384751986735
3026723,27.029124903728533
3026724,1129.9508712192364
3026725,0.0
3026726,0.5002829994889164
3026727,2.4820457408848062
3026728,0.2666495879016544
3026729,1.1351302696688665
3026730,2165.180633722277
3026731,0.003304792472973342
3026732,631.1822170461502
3026733,8.27480902532918
3026734,856.8036946633572
3026735,704.6623047532977
3026736,212.75243731749956
3026737,92.68057404774987
3026738,60.9179550419225
3026739,3739.6625110481436
3026740,6.8134106075128775
3026741,2.34016084730181
3026742,22.568778909193608
3026743,32.74666606842298
3026744,0.05397684459831632
3026745,192.13003114525537
3026746,1.483566551919718
3026747,2.9565577665392295
3026748,2.7940145678410224
3026749,21.976119486060664
3026750,2.02099169467948
3026751,169.99066250463488
3026752,245.76123926348032
3026753,2.9864905080141275
3026754,4.7099309429141645
3026755,148.4433774392929
3026756,26.56876417732283
3026757,625.1666925301286
3026758,2.5207989231089805
3026759,2.3057173038916585
3026760,2.6437243906251373
3026761,0.0
3026762,0.3855711105551529
3026763,1205.1859841071428
3026764,0.0
3026765,90.336397740524
3026766,1.4322064829747232
3026767,403.80513250814727
3026768,177.0695499452954
3026769,80.39105410309692
3026770,142.9718172236859
3026771,35.10570503604019
3026772,1638.33415992716
3026773,3.8853593588292457
3026774,0.45376196733661395
3026775,6.553352507792
3026776,3.9334672127522294
3026777,0.16425483158988566
3026778,69.60924497609966
3026779,0.0008930009106732285
3026780,0.0026124792938751772
3026781,0.21931409914287128
3026782,30.598130244172943
3026783,0.576466314791753
3026784,148.53029059819576
3026785,77.820653542816
3026786,0.6433933215938141
3026787,0.7067990332565901
3026788,33.92632230354033
3026789,15.504211275500438
3026790,328.3815455327162
3026791,0.0
3026792,0.9584000731015709
3026793,5.134630513608267
3026794,0.0
3026795,1.4265364554294826
3026796,4221.5614139214795
3026797,0.0
3026798,569.4017735597677
3026799,12.042825566358015
3026800,978.0170556534373
3026801,677.548155306387
3026802,220.71190169208543
3026803,115.14649355843471
3026804,79.23408961167131
3026805,4467.12202490628
3026806,10.912164344997214
3026807,0.3307942260593552
3026808,32.78237840996746
3026809,12.453828497821322
3026810,0.0007772449671497193
3026811,221.47950886196224
3026812,0.0007811745170610498
3026813,27.937586032242372
3026814,6.568579837143959
3026815,58.52416952832685
3026816,2.531730943021862
3026817,273.76660390576194
3026818,243.8276353149988
3026819,4.446634725083806
3026820,5.670251630338054
3026821,119.88501475288327
3026822,51.47160442479902
3026823,1667.798669948732
3026824,0.6603330210145582
3026825,0.6873221941835557
3026826,2.8392067942230077
3026827,0.005792352922526794
3026828,7.704108265542821
3026829,2652.2325430182464
3026830,0.004639175499325488
3026831,522.4171755257381
3026832,5.757193961516149
3026833,924.0579379490508
3026834,814.0716933746273
3026835,154.18057421666236
3026836,117.03711498452347
3026837,117.2582451192639
3026838,3664.939797517317
3026839,45.324729271592766
3026840,1.3301887816316031
3026841,22.982278199040127
3026842,22.31936227286221
3026843,0.01478267014483324
3026844,235.86584853426675
3026845,21.348213226443935
3026846,28.213171405311417
3026847,1.4202664065223352
3026848,99.37038432159174
3026849,8.068103009299609
3026850,230.1985380015468
3026851,260.78046001645794
3026852,11.636360314361813
3026853,15.305303597212884
3026854,251.70209512029865
3026855,78.63309558835938
3026856,3752.052978968563
3026857,0.0005632019543096027
3026858,12.29755016472759
3026859,4.807849998772766
3026860,0.0035012277189646447
3026861,6.2938897366726385
3026862,2582.294005878253
3026863,0.0023506771539322253
3026864,468.11787207633375
3026865,9.40947274644703
3026866,884.99400925542
3026867,764.6615149860203
3026868,133.1937160711471
3026869,81.16738737288217
3026870,135.0256270746614
3026871,3521.774150424525
3026872,23.979765549510127
3026873,0.644784595378511
3026874,44.39414783076464
3026875,28.081970903441086
3026876,0.008038737208650617
3026877,298.6537464253236
3026878,19.481119750409817
3026879,19.61296832426161
3026880,8.416809802714795
3026881,78.32837516381727
3026882,9.400091948527335
3026883,149.4427034015019
3026884,357.03198460675253
3026885,7.730545277224863
3026886,8.667461195074324
3026887,126.87084853231346
3026888,67.90075576040539
3026889,3028.9660269787514
3026890,10.037671343653239
3026891,15.335760515737082
3026892,5.47508990325022
3026893,0.17835553648883926
3026894,2.956160962553876
3026895,2727.047455304135
3026896,0.0
3026897,632.1647082976891
3026898,4.631327382085606
3026899,1296.8323368317206
3026900,667.87134364667
3026901,176.94081646715293
3026902,269.14898179384255
3026903,60.814477833975246
3026904,5116.597088876418
3026905,26.38283913535115
3026906,0.8901122564367705
3026907,23.516998988174002
3026908,14.19639766451818
3026909,0.030075180281396417
3026910,314.10546432254773
3026911,3.2734321966221938
3026912,11.555398394782795
3026913,5.589196974126602
3026914,46.48292148478164
3026915,4.23512039296618
3026916,156.79765965546008
3026917,303.44427387915925
3026918,4.962561761034983
3026919,7.137126759896589
3026920,184.95275631767848
3026921,49.487010959921044
3026922,1498.7697142034779
3026923,10.968729922031098
3026924,12.351815659590816
3026925,3.6199696643765
3026926,0.040789871198302234
3026927,3.692680673350236
3026928,2135.6993061032676
3026929,0.00026706400405697976
3026930,339.25438910746885
3026931,5.608302831316079
3026932,721.534190028541
3026933,598.1680415787246
3026934,175.66624465513218
3026935,118.68846707730383
3026936,81.67375845013832
3026937,2915.4213658960716
3026938,18.681164674304295
3026939,0.9180272587167553
3026940,14.879277446434731
3026941,9.390029271954534
3026942,0.12639723350865234
3026943,169.31264027630385
3026944,16.28971663774138
3026945,27.509984914724498
3026946,1.242149089756635
3026947,70.15243061823513
3026948,6.441282373946455
3026949,317.9724858457117
3026950,219.3504357870698
3026951,4.960280479773409
3026952,7.241574603148209
3026953,336.44427507221303
3026954,53.64786489679371
3026955,3061.0276113362893
3026956,0.12523309187032944
3026957,20.557328160014308
3026958,2.2733276636391393
3026959,0.005169084426924476
3026960,2.677866192140109
3026961,4947.286025643906
3026962,0.0026313451981754025
3026963,419.09180487488726
3026964,8.648637625513276
3026965,1715.1043761639503
3026966,878.8223381624276
3026967,251.8807401305842
3026968,168.8148787650311
3026969,49.53162324848269
3026970,5345.2462627509585
3026971,7.878967001818657
3026972,1.9042069290517984
3026973,27.056461774523616
3026974,22.139398976669252
3026975,0.03354935064740898
3026976,353.63066401959094
3026977,0.009419423654159341
3026978,0.20480594640719185
3026979,8.24545345539809
3026980,20.247825245166133
3026981,1.7591255433138402
3026982,131.65839513317513
3026983,310.0410433548954
3026984,2.6449775238424773
3026985,8.117185445792991
3026986,146.58239025400871
3026987,52.64233982826329
3026988,1093.9289899899034
3026989,0.0
3026990,3.874065595506523
3026991,6.259676300749244
3026992,0.00763168548034187
3026993,7.465764302421013
3026994,2311.749375727876
3026995,0.001251978433955044
3026996,465.0238302158937
3026997,7.9732796133825286
3026998,924.2353901459659
3026999,642.2349759570907
3027000,197.2494337188934
3027001,113.10113365718736
3027002,113.01767396229579
3027003,3582.0105847820005
3027004,29.087098773042772
3027005,1.0367793769331812
3027006,23.84587309974761
3027007,25.610341891878225
3027008,0.024248095539584135
3027009,240.78041646396662
3027010,13.33362968316554
3027011,17.617731444905974
3027012,5.902159069271227
3027013,56.993096960858885
3027014,9.761267509888247
3027015,190.76815284401704
3027016,285.19350233666574
3027017,13.236637335402278
3027018,6.396983112008018
3027019,181.3030759510484
3027020,65.35463801466776
3027021,2747.9661887409407
3027022,0.38982608700910576
3027023,6.45727267114629
3027024,2.7641629051277543
3027025,0.0
3027026,4.682282035958196
3027027,2076.1081066381507
3027028,0.0
3027029,397.1368305199781
3027030,7.207418731935983
3027031,657.2825807469363
3027032,703.713675033383
3027033,136.75157890738774
3027034,103.3081404662964
3027035,104.56303244700943
3027036,2853.1688144226396
3027037,26.93665909065132
3027038,0.697133877936513
3027039,23.772960534857436
3027040,21.26775030627708
3027041,0.002077764102155822
3027042,179.3712978415786
3027043,8.8429329577975
3027044,35.83709336699875
3027045,4.084356393950052
3027046,54.71584401199123
3027047,7.015143687554259
3027048,216.55558853081638
3027049,215.4497259938173
3027050,8.19026359804739
3027051,7.258806825846193
3027052,203.6104156779744
3027053,46.679274573377285
3027054,3097.0804992392013
3027055,0.33775489221075283
3027056,10.845892737315532
3027057,4.530628713003713
3027058,0.006659758168713838
3027059,4.364798931870554
3027060,4414.88319572348
3027061,0.0
3027062,513.833809044899
3027063,13.10643548076334
3027064,1116.7648690103908
3027065,750.9940505977859
3027066,284.19659312222717
3027067,168.4439601160992
3027068,47.72072139752378
3027069,4437.545441844338
3027070,10.2031665441847
3027071,0.15389437521032293
3027072,13.072350043109514
3027073,17.449867020769698
3027074,0.11250718101350513
3027075,254.08442497184348
3027076,0.0022439351028082214
3027077,7.351255463030521
3027078,0.9778386995827477
3027079,54.94656762977346
3027080,2.6988270247415955
3027081,212.954839692832
3027082,294.94134675429444
3027083,2.965713135153196
3027084,1.4133170248145004
3027085,246.72071911407912
3027086,105.51488200439616
3027087,1122.2483837575248
3027088,1.724472431293687
3027089,0.47465053702911647
3027090,12.592085000537612
3027091,0.005888398419632383
3027092,13.469774662127975
3027093,8240.836531309169
3027094,0.004735110876784079
3027095,1428.1784765821978
3027096,24.777733648937257
3027097,2223.8707591060706
3027098,2184.472008238397
3027099,474.73627063968587
3027100,523.8756365783456
3027101,358.0418918581628
3027102,9180.323070860928
3027103,98.95546566382112
3027104,3.2977750600471545
3027105,109.31605508613978
3027106,133.86263037246366
3027107,0.04578015357892105
3027108,574.9092088479265
3027109,24.431154939964017
3027110,24.74096661244016
3027111,53.31477376711366
3027112,255.62275302164892
3027113,19.56548895574122
3027114,754.7614530213498
3027115,510.9255777040477
3027116,34.04348247274962
3027117,33.09787872817405
3027118,1088.2853152499888
3027119,309.7486080417577
3027120,11413.344509443092
3027121,286.41097334641887
3027122,85.33563461201558
3027123,13.232165568697358
3027124,0.0034719290561594364
3027125,11.813992425855822
3027126,7880.127997442672
3027127,0.003706260272350499
3027128,1125.5938795774512
3027129,22.46517505580551
3027130,2322.6754766170357
3027131,1973.1674415268853
3027132,617.4346861243095
3027133,318.9842661259618
3027134,285.1514314475298
3027135,10145.274137433235
3027136,109.35322978907895
3027137,1.1850512417668368
3027138,59.80601070821329
3027139,89.14455480307478
3027140,0.5477266580876206
3027141,596.2597486094576
3027142,15.134332474679233
3027143,36.88656903214418
3027144,9.946358447293553
3027145,195.9422162647612
3027146,15.606915397343592
3027147,910.2671778759554
3027148,729.6471392194106
3027149,20.53971280926105
3027150,28.214681946274865
3027151,1101.9032530446227
3027152,233.41333057073518
3027153,8576.201605167913
3027154,480.56059845682523
3027155,88.02871463397652
3027156,11.335945764686329
3027157,0.0015832294817833487
3027158,17.896715407445758
3027159,4861.509774590127
3027160,0.016886090572217835
3027161,790.3459937639931
3027162,9.883711574398058
3027163,1887.644902018963
3027164,1252.7315909093538
3027165,637.6401818300999
3027166,109.53340780199244
3027167,226.89179518371495
3027168,8042.189380058075
3027169,31.92754921846506
3027170,2.232157702045671
3027171,38.94617295171525
3027172,24.177714169433944
3027173,0.39555273134628594
3027174,507.0063134677843
3027175,22.901817413763695
3027176,28.518846371227703
3027177,9.864354391684282
3027178,94.88416369728264
3027179,10.203017650591804
3027180,948.145074796278
3027181,661.5484392735498
3027182,17.149350321624375
3027183,40.126976412354324
3027184,646.8024105963174
3027185,126.85239650251152
3027186,3481.76423745969
3027187,275.5716204734075
3027188,38.35351229403161
3027189,11.807449284912968
3027190,0.002237579881270727
3027191,20.8088531764916
3027192,7512.875103527074
3027193,0.002471622851687314
3027194,1062.731418906522
3027195,17.901831413925315
3027196,2062.6130029813953
3027197,1906.0011316051146
3027198,525.2550855521148
3027199,305.4554931966924
3027200,236.29798060631794
3027201,9990.648496132919
3027202,39.73998052873355
3027203,0.9561673853047097
3027204,74.55077651885662
3027205,61.8025403009379
3027206,0.5747911973696869
3027207,538.3814349818042
3027208,18.141382346386905
3027209,31.382101021558107
3027210,17.278867057920163
3027211,177.9388831022375
3027212,12.435378559422208
3027213,736.399111047116
3027214,661.4280383227242
3027215,18.453328489911055
3027216,25.797360595045927
3027217,943.3942648169648
3027218,210.0972593037422
3027219,7237.49591148038
3027220,392.937754238102
3027221,60.60264465550472
3027222,9.427804495496453
3027223,0.0
3027224,18.07403342889579
3027225,3601.7089286573196
3027226,0.0
3027227,675.8049627924922
3027228,12.672559200966441
3027229,1671.6502093246304
3027230,986.5947175693752
3027231,502.01515612057835
3027232,88.56483889003603
3027233,145.02160228745828
3027234,6927.8552497597175
3027235,31.033883936003214
3027236,0.21945888531630967
3027237,28.219129973105417
3027238,27.68588920653133
3027239,0.06912867268414069
3027240,491.21207582390434
3027241,21.643329139230445
3027242,15.91271030453754
3027243,6.671325125611584
3027244,86.99624245345245
3027245,4.260572137727502
3027246,655.4592380571693
3027247,679.6401134657001
3027248,14.793862231257624
3027249,18.41999219274031
3027250,671.49699369835
3027251,72.60883755544862
3027252,2428.257575097915
3027253,295.23182406832086
3027254,20.64684991731232
3027255,9.180911758783367
3027256,0.0044628907406975915
3027257,12.496943340437504
3027258,5838.186200435591
3027259,0.003311237594121214
3027260,1110.215568791794
3027261,19.195744985729014
3027262,1875.724936550211
3027263,1976.3295322069403
3027264,385.09059204273586
3027265,415.86973234944764
3027266,305.64457830546456
3027267,7944.321574378093
3027268,78.00799365528184
3027269,1.162225531353593
3027270,49.74579973276678
3027271,47.336518915785206
3027272,0.40770659727491093
3027273,450.927136288553
3027274,14.237896556292208
3027275,37.197389630603105
3027276,10.13674946929901
3027277,188.19181143101207
3027278,16.14551619267211
3027279,697.5882514900964
3027280,489.8755740876968
3027281,13.754733780448014
3027282,27.054283725488798
3027283,890.2361456665828
3027284,222.3789047842079
3027285,10216.817081602087
3027286,256.7659556509802
3027287,73.83371118679784
3027288,5.103520798477879
3027289,0.15461728636034885
3027290,5.2037675582736425
3027291,1854.0176068627222
3027292,0.0016956428084857116
3027293,346.5768729124861
3027294,23.339512669207483
3027295,786.2225558000052
3027296,552.8922454848295
3027297,219.13246633626076
3027298,76.71004493354404
3027299,75.27670785033193
3027300,2914.334874409371
3027301,20.237039744767102
3027302,1.005031604821776
3027303,29.09378015589621
3027304,20.032225660661194
3027305,0.0214983749008527
3027306,181.2829380666813
3027307,10.011718389825255
3027308,8.54478082678293
3027309,10.175101572149607
3027310,54.577719969830405
3027311,7.776103329530027
3027312,211.5910613947036
3027313,229.72674265858922
3027314,2.675527600050147
3027315,6.733517314809013
3027316,215.21662717467365
3027317,51.31050696445286
3027318,2072.3365135374647
3027319,0.45947917427397106
3027320,9.512721379818933
3027321,9.78504908373243
3027322,0.0017542395303263346
3027323,12.817002735100077
3027324,3898.9521168792903
3027325,0.001988169630886783
3027326,548.2646802728273
3027327,29.01298037966487
3027328,1400.7931880048102
3027329,991.0862167912834
3027330,417.8391461674928
3027331,96.22004547684077
3027332,124.92185907486797
3027333,6076.377503799669
3027334,59.45675385414387
3027335,1.3073243057260808
3027336,52.11239390910931
3027337,29.504931227404146
3027338,0.024584914393705706
3027339,340.9914475961101
3027340,8.688214772238915
3027341,12.879104669234987
3027342,2.784074842319828
3027343,111.37517872574476
3027344,8.894620050749925
3027345,504.29427299878097
3027346,463.07089759584585
3027347,9.676068423439418
3027348,19.37733625475458
3027349,369.4219260147041
3027350,81.12830135766977
3027351,2737.825421119341
3027352,322.655053678709
3027353,16.56070812510655
3027354,6.296928224135585
3027355,0.004565856438304008
3027356,4.40471029521657
3027357,4156.2524165588
3027358,0.0034140852378196852
3027359,850.5313018372814
3027360,10.330633249737986
3027361,1392.3362229206937
3027362,1546.4919836186093
3027363,248.18260769483098
3027364,333.8376505624388
3027365,236.2716176660659
3027366,5262.359450712236
3027367,47.16928602614191
3027368,1.3944979542726155
3027369,34.64817047640774
3027370,36.16146326774134
3027371,0.08301982634569431
3027372,302.7322134528527
3027373,2.2609526525611323
3027374,54.56610372898071
3027375,4.213190421822883
3027376,119.0115066354352
3027377,9.273208208646952
3027378,573.7570362141736
3027379,288.356661805049
3027380,19.229603937950316
3027381,10.705359626570571
3027382,698.2576515645678
3027383,120.53344787620786
3027384,7904.89748902815
3027385,0.719574747387363
3027386,44.69562318794797
3027387,8.429150950430781
3027388,0.0
3027389,5.922967919677551
3027390,4061.833568745464
3027391,0.0
3027392,839.9737996546203
3027393,11.173437238564555
3027394,1545.3881265547814
3027395,1158.6234421845859
3027396,329.0338084366394
3027397,208.98577904372848
3027398,272.71203403002613
3027399,5585.306470458351
3027400,41.3229850652985
3027401,2.55324720487736
3027402,42.4143430426378
3027403,41.23577312089688
3027404,0.07121967310099292
3027405,326.9319283594475
3027406,5.830467134462253
3027407,55.40474116085673
3027408,10.28943309871382
3027409,222.21342864622318
3027410,10.253460790486923
3027411,429.7614021244548
3027412,346.51169365990904
3027413,12.66779312240966
3027414,24.872762749331624
3027415,435.93946896832887
3027416,133.32663194592394
3027417,7016.492044715077
3027418,4.212795889932014
3027419,8.24989429929066
3027420,6.732455653754538
3027421,0.0
3027422,3.3816922124045785
3027423,1955.3399982268875
3027424,0.0
3027425,455.3224215959275
3027426,4.927839772075522
3027427,937.6615006808751
3027428,498.3210856641833
3027429,211.28806242264864
3027430,88.32399467685677
3027431,92.99954956690674
3027432,2920.6127784646474
3027433,11.730701080955617
3027434,0.8847990119831421
3027435,26.86534513292059
3027436,20.38905100246509
3027437,0.0024286315960872517
3027438,177.7572382357308
3027439,6.250661020170098
3027440,12.589084689096744
3027441,5.171581429507507
3027442,56.286717036930966
3027443,3.255161252476073
3027444,256.92741730686816
3027445,214.699737563232
3027446,3.739188341859994
3027447,4.961760288605119
3027448,173.1359863203212
3027449,84.71026079419714
3027450,2780.894495205216
3027451,0.26115814436061824
3027452,4.316337993820702
3027453,5.110282914870052
3027454,0.0
3027455,0.07959789105462094
3027456,2788.173463516432
3027457,0.0
3027458,214.13454787454927
3027459,3.3999114720476973
3027460,958.6988292782999
3027461,236.0633262596285
3027462,184.0016719793277
3027463,47.494398318498185
3027464,24.111075211713395
3027465,3229.6544023592946
3027466,9.939308335918296
3027467,0.7036635379822826
3027468,12.788817679137724
3027469,7.012011521388764
3027470,0.1093920955546424
3027471,172.18438552302777
3027472,0.0011966087221972007
3027473,0.0029166086866954668
3027474,3.4700857703896935
3027475,31.10495613456073
3027476,0.7833348176611892
3027477,43.52512155783672
3027478,156.8700835225426
3027479,0.006824814025924996
3027480,1.4742142393085396
3027481,45.2593833735728
3027482,77.305001180078
3027483,529.1578643238661
3027484,0.0
3027485,1.533104568244101
3027486,6.112538156740624
3027487,0.0042589038087733145
3027488,5.54127346903367
3027489,2906.5217048745612
3027490,0.0017234625029266802
3027491,524.4604399577387
3027492,10.39852929207038
3027493,1070.3197749920316
3027494,846.7616181482325
3027495,321.2611919354852
3027496,157.5693957881462
3027497,121.71601809260753
3027498,4348.698927238726
3027499,28.884393959706124
3027500,0.5988170695084754
3027501,19.54010491033505
3027502,47.49553933238661
3027503,0.023316552421664537
3027504,265.2981331237382
3027505,16.004776699367063
3027506,20.513358298809827
3027507,11.234333648508235
3027508,64.2785120066269
3027509,5.2406768386123606
3027510,417.192236016868
3027511,332.84987091687026
3027512,7.636977471527484
3027513,13.808118828923428
3027514,426.6408118513924
3027515,87.69691946084814
3027516,3516.877165997434
3027517,0.0035343429255447543
3027518,36.49239608197115
3027519,4.553678500377732
3027520,0.006153647184028401
3027521,5.699350598912178
3027522,4082.019035521756
3027523,0.04394661566916383
3027524,626.0064357461534
3027525,13.269546195579709
3027526,1118.316322691789
3027527,1311.4793225579817
3027528,186.14445294555657
3027529,279.62406900058625
3027530,199.93569994959057
3027531,3919.1190449653477
3027532,43.816936800616226
3027533,2.480059397102041
3027534,29.72294769760898
3027535,31.093358192334087
3027536,0.60202115458541
3027537,266.0485266973138
3027538,14.220938820249252
3027539,38.249750507138955
3027540,7.695246873029735
3027541,126.2125428830992
3027542,15.822138435229022
3027543,452.2431996488828
3027544,266.32114113482913
3027545,5.924638165007311
3027546,14.947388019546308
3027547,604.8412514296051
3027548,130.42569299820428
3027549,6637.674193976564
3027550,0.4070952267931661
3027551,46.294997690197064
3027552,3.3338659013251704
3027553,0.6426862678265486
3027554,11.022651851240052
3027555,4127.166085949397
3027556,0.006116912750763336
3027557,776.7875112310791
3027558,18.131562031304465
3027559,1225.982260267693
3027560,1325.574202725917
3027561,275.33240582696993
3027562,298.4407053514499
3027563,158.63521392902427
3027564,4675.0245032892135
3027565,33.63201010734463
3027566,2.1593135179479126
3027567,42.7615833950249
3027568,53.98540676536341
3027569,0.05156893049665951
3027570,335.9829838956085
3027571,26.230633519746522
3027572,46.26804372870866
3027573,15.287991231843723
3027574,128.6830457454088
3027575,17.070763021091363
3027576,394.6474751694694
3027577,313.2355155722995
3027578,17.52110649331779
3027579,20.652573537271483
3027580,528.4946822007668
3027581,153.10709810193129
3027582,5919.744146715827
3027583,0.3928877245133128
3027584,36.67799023263579
3027585,10.904884333926248
3027586,0.21412920691903015
3027587,7.257539150079175
3027588,3008.6060015199705
3027589,0.0
3027590,423.9209948127099
3027591,11.55581641092032
3027592,1442.6243166705624
3027593,871.9994033040115
3027594,466.99964032310595
3027595,174.39015625641332
3027596,104.38317012851975
3027597,6218.899527603995
3027598,6.536789651130646
3027599,0.8215556363425125
3027600,43.97819104017839
3027601,36.042661373262796
3027602,0.004570452320660892
3027603,373.7677982986745
3027604,5.16246404354767
3027605,3.6951841013940525
3027606,8.629837552482087
3027607,38.66140114527629
3027608,3.67819936881007
3027609,326.6534916870507
3027610,433.7279796633783
3027611,5.535783119774708
3027612,5.840237832917736
3027613,354.77484399367637
3027614,104.29290768908075
3027615,1289.6038339706859
3027616,119.37594269114827
3027617,15.598910698710394
3027618,3.8937508906915124
3027619,0.008165809841031293
3027620,4.375403838151308
3027621,2100.818158060831
3027622,0.009545669554002567
3027623,325.6193063605576
3027624,9.51251988775371
3027625,656.143782060113
3027626,604.4971077378937
3027627,119.67048529242747
3027628,117.77638731604435
3027629,124.4030801498311
3027630,2354.340800979859
3027631,17.24522194676018
3027632,1.343517126758453
3027633,28.163744782067567
3027634,30.296200732716187
3027635,0.03438887005380068
3027636,166.30014421995725
3027637,9.606594735306873
3027638,14.230722494731118
3027639,4.695895209129715
3027640,108.67906742326683
3027641,4.959313342993335
3027642,267.93566030917117
3027643,164.59250515543968
3027644,3.8298079471430837
3027645,7.951033492306252
3027646,248.36680700986398
3027647,65.67906843332983
3027648,2102.076549966515
3027649,0.0013204988203775745
3027650,23.47110226215817
3027651,1.3273140531222518
3027652,0.003410694515920921
3027653,1.8408257332084021
3027654,1497.8029435521105
3027655,0.0033977107345243007
3027656,92.46371698706008
3027657,3.001093805691063
3027658,722.2575838146279
3027659,274.53218424114505
3027660,223.04668672287474
3027661,29.85874338815715
3027662,32.10699104950026
3027663,2595.405637709284
3027664,3.7095676800144695
3027665,0.30650220264767103
3027666,9.856518505274515
3027667,7.331072565181028
3027668,0.12180730221513732
3027669,159.19540069758688
3027670,3.5694005753332316
3027671,0.006108116926374882
3027672,1.1266665752827114
3027673,11.393827476443674
3027674,0.3385617715156029
3027675,261.80823488632194
3027676,169.05243909742603
3027677,0.6911271794931433
3027678,2.3998192018095375
3027679,121.0553343963046
3027680,25.32274573247166
3027681,218.6730388396396
3027682,8.274421035780248
3027683,2.135294107423271
3027684,6.151275936600834
3027685,0.1440359181176943
3027686,5.210882939372951
3027687,4542.969736311734
3027688,0.006538638620316401
3027689,1018.9396100651591
3027690,12.338509516063278
3027691,1831.9535745231478
3027692,623.3530743398991
3027693,488.3010298942286
3027694,239.16448443403416
3027695,81.46146476607615
3027696,7820.551188866433
3027697,20.817108394951944
3027698,0.5567993225157093
3027699,22.833880543458537
3027700,14.314744025068912
3027701,0.055936319337110074
3027702,511.8823247050374
3027703,5.678828269161853
3027704,2.0653031660308185
3027705,7.04137454749681
3027706,25.7042746338032
3027707,1.7672974097251322
3027708,862.3186650890246
3027709,422.34263808646415
3027710,1.4461290058056067
3027711,12.617966270312797
3027712,404.0232477597231
3027713,117.47366367003195
3027714,1483.1778374168582
3027715,30.287331809743655
3027716,6.072669512215009
3027717,4.433462879601477
3027718,0.005478121308233722
3027719,0.9540007093189411
3027720,1478.8732307287562
3027721,0.005465110775061712
3027722,172.03711903501235
3027723,9.82742481664519
3027724,846.0331174832222
3027725,360.0175109680363
3027726,194.6090106638375
3027727,43.418059776330665
3027728,32.4785475366804
3027729,2582.04766146312
3027730,6.798202147774916
3027731,0.25090136867197665
3027732,12.518196323990843
3027733,17.158048738447587
3027734,0.030381220605977165
3027735,155.22921458518408
3027736,5.079149143759188
3027737,0.009471925362034945
3027738,2.6366722312092716
3027739,28.721554900916782
3027740,1.318299664321518
3027741,211.92635998531722
3027742,184.1518994335479
3027743,1.2449918748487074
3027744,5.507866367411488
3027745,154.92039712794002
3027746,39.681363300628085
3027747,338.46515279283824
3027748,5.788249112018887
3027749,1.838377258500762
3027750,3.7565598076491202
3027751,0.0018188629017045882
3027752,2.396303073910386
3027753,1368.070681447107
3027754,0.001805899718049067
3027755,93.45656351387473
3027756,5.785278125318293
3027757,714.4241739689334
3027758,221.7263813734873
3027759,118.14029501608125
3027760,33.47832500320849
3027761,24.85918428087052
3027762,2525.8150210751055
3027763,8.64425892962836
3027764,0.14387389313341636
3027765,8.963312287035153
3027766,7.612810077004935
3027767,0.005163170780025305
3027768,133.56674629769358
3027769,0.9456865096012328
3027770,0.00801278474106704
3027771,1.7967901018124786
3027772,23.75701933424723
3027773,0.7781599073271552
3027774,209.2401011987887
3027775,179.98028404078963
3027776,0.39455838749766586
3027777,4.425952556010845
3027778,91.79197858097172
3027779,19.65677609571503
3027780,190.59652156479822
3027781,13.078659724278312
3027782,0.9554254224859444
3027783,3.1625009247865448
3027784,0.0046179183082296574
3027785,2.1633160532088964
3027786,1642.1066289089272
3027787,0.004604918905781855
3027788,155.59628900125838
3027789,7.277453267171534
3027790,976.8304136120948
3027791,363.53690907200263
3027792,220.3270678694847
3027793,33.10915195417772
3027794,32.889213581978964
3027795,2841.830257652559
3027796,3.2798003214713356
3027797,0.12329780423297164
3027798,7.731297863538998
3027799,18.6873293690227
3027800,0.020711437206917312
3027801,192.22848199514956
3027802,0.5856958557354235
3027803,0.006318668584650816
3027804,2.528504036883341
3027805,11.380400431103205
3027806,2.1030217992950626
3027807,302.7867241483243
3027808,239.61731147517241
3027809,0.7328807540434177
3027810,4.98497267737589
3027811,75.83337651915473
3027812,106.20147249849899
3027813,372.08496798468036
3027814,9.027720307699253
3027815,3.9636551027883815
3027816,3.5265921372573734
3027817,0.8730998628736775
3027818,3.8458889328879744
3027819,1682.7782158553305
3027820,0.008059034669964226
3027821,166.4768369068855
3027822,3.738486194296435
3027823,897.1029909635076
3027824,340.7589482154516
3027825,259.0261768772873
3027826,94.19054735946818
3027827,65.1272587183368
3027828,2839.8242489904424
3027829,5.36811428097174
3027830,0.8153644192695608
3027831,10.98928672071792
3027832,18.645843262457685
3027833,0.045225388207891626
3027834,200.53042005621805
3027835,6.028020291869903
3027836,0.013671705648232947
3027837,3.914864999776289
3027838,20.85469137314758
3027839,1.155400069893901
3027840,168.59796255096714
3027841,184.72739424294934
3027842,0.804895162460332
3027843,4.154358089756619
3027844,115.62255465394557
3027845,48.79484255538772
3027846,628.3576106365044
3027847,13.086697989357624
3027848,3.484189550998755
3027849,3.5121361265918614
3027850,0.1765087688230352
3027851,1.6627371380419174
3027852,1297.04476976533
3027853,0.0030954285704902214
3027854,120.58462536905033
3027855,4.130109068818271
3027856,829.1712907461576
3027857,224.397167066613
3027858,145.94551463908755
3027859,105.10720638046337
3027860,27.779325456518137
3027861,1980.6581397940297
3027862,4.335301400072601
3027863,0.06524689216845982
3027864,8.877697490887453
3027865,11.431401313315199
3027866,0.042800411837470055
3027867,140.21439991171962
3027868,0.0092533929574113
3027869,0.005695077113994747
3027870,2.3463671979022824
3027871,21.056327658559457
3027872,0.908019290764188
3027873,59.82360107723935
3027874,123.68489666388277
3027875,0.5905999351229307
3027876,2.145238484806602
3027877,63.39935331934251
3027878,29.935296563113088
3027879,463.37743933164455
3027880,0.0
3027881,0.8021912950970178
3027882,5.612342076010836
3027883,0.2589676707888899
3027884,3.040761242549804
3027885,2724.7790540713795
3027886,0.0038594522766428126
3027887,278.17468138102595
3027888,5.539621051183597
3027889,945.5442270071368
3027890,582.309253703655
3027891,420.61192827753564
3027892,172.00561101007386
3027893,86.72734969923887
3027894,4136.717193089858
3027895,12.222660465029765
3027896,0.8566451887567923
3027897,21.583554236445046
3027898,23.006123785562032
3027899,0.013903633467577177
3027900,252.19400151675038
3027901,0.07560438623943802
3027902,0.006571105737767985
3027903,9.93552148100134
3027904,27.159939051330458
3027905,3.357782164344652
3027906,351.0498002014977
3027907,232.30898585124905
3027908,2.011538555642357
3027909,6.5525507986105
3027910,307.1325898101539
3027911,56.78717568658142
3027912,1260.3871647382132
3027913,34.51261166899123
3027914,10.297106696229813
3027915,2.580197957278963
3027916,0.8840578562401145
3027917,4.125650480220952
3027918,1887.9766845892611
3027919,0.0013516366296441934
3027920,506.04659119298816
3027921,7.445424038509662
3027922,600.2217464865611
3027923,478.6398613235104
3027924,182.86130849268304
3027925,121.16817595815249
3027926,47.0579067435404
3027927,2601.202561863696
3027928,8.52789145456187
3027929,0.6987939915554584
3027930,14.19365980854599
3027931,17.3928569195585
3027932,0.011353427226385845
3027933,154.01762986056664
3027934,4.976067936505399
3027935,0.9265117022475515
3027936,4.423677182630133
3027937,52.66978758365135
3027938,1.8726513102790436
3027939,146.88773497908412
3027940,133.25372057029773
3027941,2.7625923857026837
3027942,5.753263216019007
3027943,137.47478245585376
3027944,50.9227174649977
3027945,1523.0240741188143
3027946,40.433433458732
3027947,10.346151583376983
3027948,4.853689929858464
3027949,0.3781585606536524
3027950,2.539360347052686
3027951,2282.147439658064
3027952,0.005162798393237646
3027953,147.90237431486142
3027954,6.1764473499643495
3027955,785.7049308325612
3027956,309.4897596508745
3027957,241.31339092834443
3027958,50.67763702182728
3027959,35.12147669948574
3027960,3053.6460354615633
3027961,9.923491601068733
3027962,1.052782135639267
3027963,11.57751711661002
3027964,8.879650832703375
3027965,0.14252219547969838
3027966,158.12779281240216
3027967,5.479103911362027
3027968,0.009284775355684229
3027969,3.3156734613934837
3027970,30.860151327130392
3027971,2.7683402860109134
3027972,151.44395284100722
3027973,160.8002610213782
3027974,1.0635620240305128
3027975,4.52762263715789
3027976,159.884060878362
3027977,24.349985679359822
3027978,446.5935232443676
3027979,9.164047701115166
3027980,4.650222021427116
3027981,4.577492118766779
3027982,0.006259875763836869
3027983,6.93183110871338
3027984,2407.4560011311123
3027985,0.006246855115037217
3027986,558.62383730205
3027987,9.759049613498235
3027988,677.2786942950509
3027989,674.0943909019211
3027990,169.81450655553377
3027991,137.85816051031975
3027992,79.2028580554829
3027993,3070.351146577754
3027994,27.069269825219283
3027995,1.0355792666904926
3027996,16.75190596084242
3027997,25.644189088354626
3027998,0.03496409973499681
3027999,196.68038443349616
3028000,16.20497876693816
3028001,13.775422868868299
3028002,6.94275248106977
3028003,76.92443202006535
3028004,9.454819849451352
3028005,412.9302730216092
3028006,216.13321881909772
3028007,6.539384672043356
3028008,5.481249227976191
3028009,364.2090281078205
3028010,91.43018547450413
3028011,1855.4780188562283
3028012,0.0
3028013,27.711307392568557
3028014,6.180876402249659
3028015,0.11323038104450577
3028016,4.633560100946213
3028017,4209.22656212243
3028018,0.0026408659376234806
3028019,408.6805016812709
3028020,4.5780621352493025
3028021,1170.5020554133675
3028022,622.0805941327006
3028023,571.1510218233512
3028024,84.73477035705439
3028025,77.87446120131844
3028026,5488.257484089408
3028027,10.095850564232574
3028028,0.46285232191809894
3028029,14.098255306775402
3028030,11.724867926794659
3028031,0.005366146413861793
3028032,308.1123057436766
3028033,0.7047916961936347
3028034,4.480378708801715
3028035,4.348806949638581
3028036,41.52091473112989
3028037,1.12526248860034
3028038,573.8762627296971
3028039,376.73022546851763
3028040,1.0931488727598708
3028041,5.372549600865278
3028042,276.07490899530205
3028043,53.56777026760912
3028044,860.2907236301872
3028045,70.03714324354578
3028046,9.225345406670801
3028047,9.07506814416286
3028048,0.23459580443349282
3028049,3.9219892737653206
3028050,2628.060202965135
3028051,0.0037784826678023925
3028052,366.27383660288206
3028053,7.268145067498292
3028054,1131.4591693910536
3028055,452.2778878519651
3028056,255.6708728739266
3028057,211.60300982187476
3028058,78.42909440121394
3028059,3570.4319670377263
3028060,11.275020239046343
3028061,0.42146943701927403
3028062,34.066844109181034
3028063,23.01338728844924
3028064,0.05047695651823293
3028065,277.38758870765986
3028066,2.8810002175964335
3028067,2.034441102521246
3028068,6.354860340701578
3028069,82.6153805551427
3028070,1.8739929921918503
3028071,110.09762486330712
3028072,239.26628595098754
3028073,2.4303978758950073
3028074,5.06489366636864
3028075,139.33120181514022
3028076,154.59386516994402
3028077,1162.9616828102307
3028078,0.03129460129776973
3028079,3.409942039157328
3028080,3.3695894051063213
3028081,0.034067566421205626
3028082,2.5444968738549267
3028083,1920.629457279027
3028084,0.0032237331557783532
3028085,121.47377248005459
3028086,5.106225346649314
3028087,706.8221971401634
3028088,302.67346879939635
3028089,134.48049731746238
3028090,51.95899043297865
3028091,46.53072447286468
3028092,2864.5290818344315
3028093,5.910250621285452
3028094,0.6542935987200631
3028095,22.716436637792633
3028096,18.866862730993162
3028097,0.005196934559737282
3028098,167.9653771674948
3028099,0.43751092161540817
3028100,0.00663058708902825
3028101,3.454791929449355
3028102,69.20283790565225
3028103,2.19306111735743
3028104,122.36920813049693
3028105,143.61081625573198
3028106,0.842330776949922
3028107,5.027830072562381
3028108,125.33480852838977
3028109,32.410927791116436
3028110,427.7492534443207
3028111,14.260468439436753
3028112,1.3885750121413185
3028113,1.3194907333840367
3028114,0.004167781152872157
3028115,1.9159335175405143
3028116,1311.2518879657816
3028117,0.1779889871994917
3028118,249.20129958199092
3028119,7.240533356671268
3028120,502.66286991290065
3028121,441.9116621134043
3028122,121.02790107303474
3028123,44.13187667624396
3028124,62.26084075277369
3028125,1963.066308979901
3028126,28.540995184807862
3028127,0.3471670689332522
3028128,10.910390646976225
3028129,10.768669796369442
3028130,0.19295039675132108
3028131,113.32663868413168
3028132,9.600385628075351
3028133,1.3788387698311633
3028134,4.774299706826708
3028135,50.10037603272167
3028136,3.3748697006806863
3028137,817.4498140291674
3028138,139.67692028702203
3028139,3.6029346966473854
3028140,4.48059465335482
3028141,288.54769492156726
3028142,27.776457122792774
3028143,981.6963802507696
3028144,0.0
3028145,4.883819925904582
3028146,2.257037336164029
3028147,0.03048550411227973
3028148,3.7163459196231603
3028149,2917.235366289046
3028150,0.007515677657722749
3028151,662.1943877617182
3028152,16.280745057146518
3028153,971.2805505432018
3028154,1109.117712804097
3028155,241.8848839194321
3028156,193.86493469449582
3028157,150.942593880067
3028158,3512.7459964144527
3028159,40.36427158312066
3028160,0.7178004617805915
3028161,19.28970522007128
3028162,29.090223492127187
3028163,0.028956229706635625
3028164,238.11171760632436
3028165,6.5142521341307305
3028166,30.599460876801786
3028167,8.476656426752994
3028168,74.77109821192565
3028169,10.830208360033488
3028170,324.7923695606253
3028171,244.2971318427826
3028172,15.529260414650832
3028173,8.85110305839578
3028174,440.53197911407096
3028175,99.78172633789262
3028176,2956.250982944552
3028177,0.00046873412382086415
3028178,21.776194499895304
3028179,3.2237172756499834
3028180,0.01946176649645759
3028181,2.654790540590354
3028182,2195.7336249827476
3028183,0.002930175447555568
3028184,425.75188343078764
3028185,6.264978221246868
3028186,446.7055667798431
3028187,552.0201063998329
3028188,139.17719760057625
3028189,127.09722160692354
3028190,80.28960523360992
3028191,1792.293559740809
3028192,16.41199174048318
3028193,0.745466062707391
3028194,18.975218668890154
3028195,13.196094820429717
3028196,0.009471074255056165
3028197,93.76192983486689
3028198,0.006943429042926383
3028199,19.28382360132208
3028200,3.6898063542049604
3028201,212.43312119066593
3028202,9.606898532717723
3028203,178.06217565296726
3028204,113.5874879596065
3028205,4.723734541470463
3028206,5.020035315371042
3028207,176.07090124453887
3028208,32.19496283714635
3028209,1456.2516311858342
3028210,0.7020622847620082
3028211,3.61869209994577
3028212,2.6862668448726144
3028213,0.006535452302145614
3028214,1.625813776572162
3028215,638.7729755983465
3028216,0.0019471616084224554
3028217,168.57529660818813
3028218,3.7291141192721735
3028219,261.9103857926288
3028220,187.69834285035333
3028221,54.760621973921495
3028222,24.458537196876545
3028223,28.108337278762253
3028224,1118.08390712122
3028225,3.3596883940986055
3028226,0.4129683438173509
3028227,9.00290636632779
3028228,7.307902624181313
3028229,0.17705085042686186
3028230,63.93860912770266
3028231,0.02591372342731359
3028232,1.7549837674108502
3028233,0.4176233564593668
3028234,19.52277049676248
3028235,0.15652710286068638
3028236,179.99716576702895
3028237,95.8948804957969
3028238,1.944706698171848
3028239,0.816924127959904
3028240,107.84196741659868
3028241,14.875842085591469
3028242,364.6475181292658
3028243,0.4174092553162023
3028244,1.5117458368647405
3028245,4.500392149216496
3028246,0.39032199929935407
3028247,1.8131394284102162
3028248,2377.985224949328
3028249,0.12290653595242865
3028250,493.7934567029892
3028251,14.155162537850662
3028252,662.2485362120348
3028253,761.5316665357116
3028254,225.95353060149523
3028255,185.5234932696344
3028256,96.6441223120808
3028257,3010.5320664172013
3028258,27.86312608293775
3028259,2.3679903859569893
3028260,19.12939441674283
3028261,24.941468493735968
3028262,0.09127677457325174
3028263,162.33696902941418
3028264,4.497965443445192
3028265,27.089751570418585
3028266,7.8916970298622555
3028267,127.16908582976617
3028268,3.1239451282921262
3028269,224.94457221766925
3028270,190.61339323924926
3028271,9.449624639255132
3028272,7.528862260619169
3028273,294.7705153985409
3028274,67.1735639056718
3028275,2004.1302513666587
3028276,0.7810673005912505
3028277,13.79174243760843
3028278,4.533299320416787
3028279,0.005504249952525464
3028280,2.4649310612581075
3028281,3224.0107738704282
3028282,0.00549123908125799
3028283,520.769122713692
3028284,10.696193767293318
3028285,1133.4284239603576
3028286,697.1302622278346
3028287,332.7791581429711
3028288,187.6411349679404
3028289,54.439999195159444
3028290,4610.9585976308745
3028291,13.871784192655149
3028292,0.36975720674794044
3028293,29.219629110583956
3028294,15.72490220897577
3028295,0.5152587118511633
3028296,239.20339111204052
3028297,0.007706264867337138
3028298,4.949575358641524
3028299,3.957176301458058
3028300,50.81006413512455
3028301,0.7695174868433714
3028302,350.1021686946575
3028303,277.336543775806
3028304,3.6657239706659936
3028305,3.569479565846134
3028306,192.8091384652229
3028307,66.88720794114253
3028308,1567.2499034315194
3028309,1.5920690797661843
3028310,3.435982824020912
3028311,4.711094400308737
3028312,0.25685092558760464
3028313,2.6529098210466304
3028314,2932.260064493575
3028315,0.004248818838761051
3028316,661.7984713766548
3028317,11.562374013144272
3028318,860.8303712928702
3028319,581.4392530893177
3028320,280.4786243006633
3028321,188.6803433388595
3028322,64.21875399097195
3028323,4006.626547596068
3028324,16.548654186175824
3028325,0.9972919751009628
3028326,29.8514208509415
3028327,17.6124508752214
3028328,0.022619358428377586
3028329,227.32054719625947
3028330,0.008340419039954496
3028331,4.441474438347153
3028332,4.548950021118675
3028333,97.59449896830473
3028334,1.1975832382466067
3028335,164.7433414530621
3028336,204.57599055814927
3028337,1.2788436882834358
3028338,3.6205887616583965
3028339,165.1326938135666
3028340,51.89162935937529
3028341,1159.9628312687573
3028342,0.9566477264069335
3028343,4.835825999181072
3028344,7.01232843699664
3028345,0.13095827595329892
3028346,12.374326474295309
3028347,6810.294326576747
3028348,0.009320508915969665
3028349,972.7319993642649
3028350,61.59262803004002
3028351,1487.0842977821212
3028352,1644.543406971196
3028353,303.35119315781594
3028354,374.9009906844977
3028355,292.3841613233319
3028356,7090.434655628473
3028357,72.10564442215465
3028358,1.8270397915060075
3028359,51.51400664688502
3028360,43.46602199489277
3028361,0.05096613070609316
3028362,380.9966727807144
3028363,26.939830011621122
3028364,31.16002115845155
3028365,23.248617682308698
3028366,189.8355338065491
3028367,21.392859220028424
3028368,596.39764272513
3028369,425.7565490343934
3028370,17.21895276395926
3028371,21.14226022834179
3028372,937.0177886780034
3028373,198.94522645712752
3028374,6036.690077509988
3028375,0.7901710225054506
3028376,69.70582135172288
3028377,3.148444262534336
3028378,0.27609164222395155
3028379,0.2598985668304392
3028380,1911.5592431876385
3028381,0.003309769790208293
3028382,167.93994701661845
3028383,5.5951201024280754
3028384,729.3194153886984
3028385,234.73032558357454
3028386,116.086416729728
3028387,96.76050607171534
3028388,44.32595973588056
3028389,2640.9139195106964
3028390,4.751918152053773
3028391,0.31005579031044106
3028392,12.094197625188793
3028393,8.539868217626983
3028394,0.018742865995925683
3028395,197.71668288466677
3028396,0.50572741142702
3028397,0.012759770738710374
3028398,2.1977523062266524
3028399,27.168880380066653
3028400,0.7573015464502912
3028401,151.77673538037595
3028402,89.75383535435162
3028403,1.6923447726241174
3028404,4.674864375555617
3028405,112.71937326819572
3028406,27.34130426055171
3028407,599.1074676824333
3028408,0.04494161414475072
3028409,3.501367808839216
3028410,7.314212562271093
3028411,0.03338621712828236
3028412,1.0709565694037289
3028413,3042.212043359602
3028414,0.0045696618076260164
3028415,550.9010739844963
3028416,9.295989884726009
3028417,1061.3606112144103
3028418,543.2852224501462
3028419,198.89896171162573
3028420,255.00091966846298
3028421,77.1067663934545
3028422,4108.898732529785
3028423,11.728675921431055
3028424,0.47398263308978833
3028425,18.53465716470403
3028426,19.1488587302502
3028427,0.016195956869330543
3028428,265.90809245011474
3028429,0.6677498534884985
3028430,4.292380002487336
3028431,8.425930735705244
3028432,17.897436575331827
3028433,0.9518795448258413
3028434,563.1692523477518
3028435,229.66792789137568
3028436,3.30003368179103
3028437,4.6413873153556375
3028438,130.2497264004071
3028439,55.09841408008339
3028440,1237.2756091105389
3028441,0.9889873518017445
3028442,3.938323350588285
3028443,1.0907006656801648
3028444,0.0023077869630009624
3028445,0.6855860471010666
3028446,930.9062402167896
3028447,0.0022948174528400847
3028448,149.130657182238
3028449,3.0994772609419465
3028450,741.6425632520179
3028451,133.68294544239367
3028452,96.39418652591604
3028453,184.9718010115369
3028454,15.73895848991658
3028455,1996.1747775565661
3028456,1.506844327410084
3028457,0.22231144173311737
3028458,7.389481805382967
3028459,4.151163011890808
3028460,0.13629609981911223
3028461,80.7806552712578
3028462,0.005681713349447853
3028463,0.0078065164458892234
3028464,0.5637316900283151
3028465,20.761566135345948
3028466,0.229378654317424
3028467,111.23370095251431
3028468,78.69466525751825
3028469,0.5479343094641451
3028470,1.16856019065458
3028471,40.685974466419765
3028472,10.620537279313982
3028473,219.52136474174605
3028474,0.0
3028475,1.3055800856782258
3028476,9.712913118555763
3028477,0.004328726646528696
3028478,2.9721092606970054
3028479,1996.3484101259412
3028480,0.002086336677859318
3028481,211.53210021392817
3028482,12.978970508519437
3028483,1078.0760312293614
3028484,398.843080864498
3028485,188.54176808042675
3028486,130.2077659967826
3028487,61.736373443559046
3028488,2993.8606640063103
3028489,3.766455157383019
3028490,0.35646956332884805
3028491,35.9634916660413
3028492,16.347195414017538
3028493,0.05499085780261468
3028494,199.2566240887171
3028495,0.005906677409381198
3028496,0.00524892065126803
3028497,19.23949579205075
3028498,40.878643549462986
3028499,2.2656242455063427
3028500,357.31520839894586
3028501,203.37028808054737
3028502,3.414880381101641
3028503,3.876094663233059
3028504,210.85019871891856
3028505,29.9373545748038
3028506,1564.8139533616154
3028507,0.0
3028508,1.3933361112869265
3028509,2.6955435105217656
3028510,0.24855745546202954
3028511,1.213523508003063
3028512,2466.851707436477
3028513,0.009467166841194719
3028514,634.9130906061885
3028515,9.734347143953405
3028516,880.7685019515378
3028517,561.186575417882
3028518,225.47619335696072
3028519,103.52501119942806
3028520,73.70296300812929
3028521,4227.44188398196
3028522,7.38931929903236
3028523,2.6332029617728607
3028524,21.515570724183966
3028525,35.997088520894664
3028526,0.0419230911491542
3028527,204.1923856510327
3028528,1.5084133201707757
3028529,4.064741446421476
3028530,2.823111575803838
3028531,28.197000362668547
3028532,2.0578111913276773
3028533,245.93428242456895
3028534,260.55968664661816
3028535,2.851841280774791
3028536,6.2683911297411505
3028537,139.90924821945256
3028538,28.59326543546388
3028539,637.705471894544
3028540,2.8444823942579793
3028541,2.1630150518547837
3028542,3.323195707258309
3028543,0.002654291417035938
3028544,1.2093446107703092
3028545,1457.088603584854
3028546,0.002641317423229322
3028547,104.09364647282337
3028548,1.780075159627756
3028549,484.52035865037277
3028550,157.21485810053193
3028551,87.64192495525938
3028552,101.66379473368836
3028553,33.25033170555353
3028554,2053.0829633940766
3028555,3.986084003345484
3028556,0.479519826554709
3028557,9.735939084931887
3028558,4.654573375129625
3028559,0.19576105598602184
3028560,104.14423123597928
3028561,0.006029384192226581
3028562,0.008154921847200213
3028563,0.2607283185149834
3028564,32.83937559251426
3028565,0.6814492916181374
3028566,340.9309811181375
3028567,78.28050488289892
3028568,0.8067415440775685
3028569,0.8275460581320928
3028570,65.05482715996897
3028571,15.957384528816196
3028572,391.6783488240404
3028573,0.015434711950975552
3028574,0.9519299982322649
3028575,3.9596939848670436
3028576,0.004481578258054987
3028577,0.6314856082092399
3028578,3403.7430474062967
3028579,0.004468580619799471
3028580,567.9509207338002
3028581,9.47534587723185
3028582,816.784528186108
3028583,529.2508029619985
3028584,194.67442477050994
3028585,182.53185986528635
3028586,68.90193471280341
3028587,3678.324502245212
3028588,7.849332356837184
3028589,0.31278596318072593
3028590,23.282549754171264
3028591,8.616671359375205
3028592,0.019391263005514695
3028593,187.85336628062115
3028594,0.010087319939277098
3028595,25.444700249118693
3028596,3.490947716750152
3028597,47.83380841230084
3028598,1.2599633185867694
3028599,419.0976228695336
3028600,186.4267704778496
3028601,3.2366208989799254
3028602,2.945077608095295
3028603,137.6808281372078
3028604,46.224813051875685
3028605,1362.0901807964947
3028606,0.7787485211762695
3028607,0.8401011277621422
3028608,2.902992084874801
3028609,0.008852173968562181
3028610,7.153538555043747
3028611,2482.8863176664922
3028612,0.008839119776335705
3028613,491.49519983322955
3028614,5.937142705137198
3028615,772.3503810943663
3028616,741.6853431989005
3028617,166.92938134038425
3028618,114.94834346822874
3028619,107.61558717099436
3028620,3324.466650714939
3028621,47.62182129844639
3028622,1.2654079769335462
3028623,26.958966704108306
3028624,25.26307354403528
3028625,0.023704388666835146
3028626,206.77533060822304
3028627,19.9980975361227
3028628,21.59538089589452
3028629,1.219933136681108
3028630,110.5700748749262
3028631,9.278094704973837
3028632,221.29544286766418
3028633,264.3917620716078
3028634,10.259894839950757
3028635,13.921158986025933
3028636,227.42870509387302
3028637,72.79637181426432
3028638,2213.6804921854578
3028639,0.0029999502003107163
3028640,11.373834830015152
3028641,5.109236989396758
3028642,0.006078873649301932
3028643,6.367778130925838
3028644,1744.194704813307
3028645,0.006065855342605968
3028646,381.30061804802006
3028647,10.594183774793152
3028648,744.7111484279958
3028649,645.5177665231356
3028650,123.57308415348997
3028651,71.31731458904498
3028652,100.20896511791169
3028653,3084.731832301093
3028654,22.99897509989173
3028655,0.6748536101300422
3028656,35.563754660841575
3028657,26.330022925369022
3028658,0.010431308994923713
3028659,260.85934598636067
3028660,18.66717430198045
3028661,12.14398646129648
3028662,9.285325682588946
3028663,77.25330467148541
3028664,9.748630464186148
3028665,141.71666165748513
3028666,300.10677124886075
3028667,7.305654259926701
3028668,10.684069034361759
3028669,109.40358245441394
3028670,76.74048439392115
3028671,1674.275707586706
3028672,11.309185073517753
3028673,14.784852157358793
3028674,5.936919334429075
3028675,0.21943209610143224
3028676,3.108264263403737
3028677,3079.600507407447
3028678,0.0050514479347433935
3028679,634.2803586522299
3028680,5.098522705248899
3028681,1298.9940089344377
3028682,549.0063581166703
3028683,156.23694795152895
3028684,293.70782160146814
3028685,56.097377259186025
3028686,4745.750809849544
3028687,24.96711920397356
3028688,0.9169409912725421
3028689,25.89296286233318
3028690,14.594029029820245
3028691,0.02462415764736893
3028692,317.81134927153175
3028693,3.7270759137351135
3028694,11.465454233529945
3028695,8.086161275382644
3028696,51.84146591667583
3028697,3.988906409652703
3028698,244.07587702812916
3028699,297.35183759479384
3028700,6.123816478133984
3028701,7.099533724799155
3028702,205.77201183372668
3028703,42.08931942656051
3028704,1438.7402353811785
3028705,9.321233898646271
3028706,12.143973139876518
3028707,3.2971273949545923
3028708,0.059161350751967774
3028709,4.272737959772369
3028710,1923.8601375555793
3028711,0.006610205608983536
3028712,295.7137926021754
3028713,5.572315658805608
3028714,599.243023058274
3028715,563.8157769111583
3028716,164.7994078758244
3028717,107.2278276012845
3028718,65.72559747494513
3028719,2648.9974163343327
3028720,19.722476478627815
3028721,0.9251712593017731
3028722,11.134189273055227
3028723,9.048961446530582
3028724,0.14951998595666632
3028725,152.96264928574146
3028726,15.11964137862767
3028727,14.104787053703971
3028728,1.2972720146307002
3028729,85.34130330003899
3028730,5.715838384978271
3028731,265.63154253790424
3028732,188.9728274024909
3028733,5.58513147712332
3028734,5.4428350787008934
3028735,284.04404745112276
3028736,43.27629227724532
3028737,1589.5029529158548
3028738,0.10831255797327212
3028739,17.91709642506293
3028740,2.287513048338899
3028741,0.01572139567542974
3028742,3.1790853921016984
3028743,4659.015072586152
3028744,0.006926554520842388
3028745,396.3413408351982
3028746,7.5557805591524705
3028747,1653.8343163235088
3028748,506.5348321115487
3028749,228.7311842310703
3028750,151.18187278451492
3028751,58.42844732926575
3028752,5020.157548972302
3028753,8.103970901582388
3028754,1.5451758746818505
3028755,27.549267265495367
3028756,19.454276167989498
3028757,0.059843200675957504
3028758,393.8898887550528
3028759,0.013548172905690044
3028760,0.15980903712267608
3028761,7.265686711451364
3028762,28.193555663836207
3028763,1.8078818588708567
3028764,170.11594149191686
3028765,288.07340430480644
3028766,3.1092927580700387
3028767,9.457636918780898
3028768,162.87905903395153
3028769,45.727371779808536
3028770,1108.9337045408126
3028771,0.0
3028772,3.91280921273339
3028773,5.17603444334317
3028774,0.008424823275080115
3028775,7.556655670986512
3028776,1594.699187567436
3028777,0.007020434062742379
3028778,397.4258838674921
3028779,9.719755781357302
3028780,768.8616256018328
3028781,578.0112210642249
3028782,181.62611285387004
3028783,102.3336506811928
3028784,119.4301769636347
3028785,2926.301918885914
3028786,24.97720354409273
3028787,1.053854404928242
3028788,29.047103265717794
3028789,23.07235815732699
3028790,0.0178313683342287
3028791,179.40495055252657
3028792,12.530891569661229
3028793,11.6067185144641
3028794,5.780682010027868
3028795,54.33582341992836
3028796,9.650369245819839
3028797,168.752971148226
3028798,231.47377078419206
3028799,11.688316928958063
3028800,6.652417476498517
3028801,152.078510388873
3028802,53.97517235325715
3028803,1529.315838248931
3028804,0.3969034965663228
3028805,4.805800913589256
3028806,2.9843359986856295
3028807,0.005183267159731137
3028808,3.8922227326174763
3028809,1940.7308596701528
3028810,0.005170260441868082
3028811,368.7846482583017
3028812,6.482238596257416
3028813,601.6354775918658
3028814,705.549759000698
3028815,147.26639975983082
3028816,105.90653450264223
3028817,91.00010168844081
3028818,2640.334935353709
3028819,24.173768812989145
3028820,0.6463966982995693
3028821,28.536571313399797
3028822,23.631582167276413
3028823,0.03117066841833653
3028824,173.53846016158843
3028825,8.944130291568008
3028826,27.781299815601024
3028827,5.096008651967197
3028828,65.55673275740266
3028829,7.76150042176956
3028830,218.0619850990741
3028831,182.11384220579285
3028832,8.823825075559304
3028833,6.939069845523316
3028834,203.19824527581915
3028835,49.87559614304387
3028836,1867.4251344955278
3028837,0.37226919827041033
3028838,11.647680768428616
3028839,5.143870965859705
3028840,0.030824412650174236
3028841,3.5714365101762464
3028842,4429.104161457697
3028843,0.0028943600451327286
3028844,493.24743650977086
3028845,13.71898711722693
3028846,1144.756378267626
3028847,579.9050200639556
3028848,255.97960825097556
3028849,149.47465362546455
3028850,74.54106390966571
3028851,4479.338827958131
3028852,9.915931817824195
3028853,0.1628316628418217
3028854,15.846017964463435
3028855,16.80500398666996
3028856,0.13948092784595412
3028857,225.0025558339482
3028858,0.00851746230223818
3028859,7.103200406054077
3028860,0.9091212949100138
3028861,70.81529842541728
3028862,2.721333229252649
3028863,296.3827378856617
3028864,313.27047612420876
3028865,3.082323031717773
3028866,1.5650217911387863
3028867,217.0292060882248
3028868,117.8239174014875
3028869,1216.9461315216017
3028870,1.9877506802861746
3028871,0.44415853935155003
3028872,11.432984042652572
3028873,0.008917961795997749
3028874,12.148290431220447
3028875,7425.52202334581
3028876,0.00890490675249993
3028877,1247.6938182391143
3028878,28.826331682118106
3028879,1899.3585770255386
3028880,1909.7257787210124
3028881,409.28313333247064
3028882,415.10722069524263
3028883,354.22627731129444
3028884,7825.740795071372
3028885,80.12222069232944
3028886,3.153864001038997
3028887,94.8451795873571
3028888,102.48226143799124
3028889,0.06132867230181464
3028890,467.16611544799906
3028891,22.534664420553757
3028892,20.712592498120216
3028893,45.04294686736459
3028894,313.7076241848458
3028895,19.571463168733484
3028896,682.6644674302023
3028897,433.41439688261164
3028898,30.51897278556403
3028899,36.03610988224268
3028900,887.62415143633
3028901,307.3811630155099
3028902,6628.3535887378375
3028903,315.05113263373073
3028904,65.07600048373757
3028905,10.587338692626984
3028906,0.006316986805573108
3028907,11.078941052439225
3028908,6954.8095793196235
3028909,0.007694316065321176
3028910,943.3145501063659
3028911,28.015855367191236
3028912,2013.4070405071698
3028913,1736.7055090901895
3028914,582.7452061795219
3028915,287.65503253518426
3028916,247.0491487694277
3028917,9318.481279361748
3028918,88.62584825239958
3028919,1.3156170980040245
3028920,55.796937399771814
3028921,68.20860698390955
3028922,0.5010854743066979
3028923,477.04225643092707
3028924,16.823152480737587
3028925,28.78244673777519
3028926,9.879739083662805
3028927,222.28651378277016
3028928,16.874547121149487
3028929,916.5161321644536
3028930,580.333282035688
3028931,17.3834941161902
3028932,20.538755967306656
3028933,958.3942475211121
3028934,203.05544078097896
3028935,4844.74055976504
3028936,378.6209671093241
3028937,62.13224827974555
3028938,10.21399346839511
3028939,0.0043896844940328195
3028940,20.071551044736157
3028941,4496.842607768339
3028942,0.041094108354074586
3028943,720.2595256223436
3028944,12.102901877277272
3028945,1712.3952153156322
3028946,1202.3018950420997
3028947,632.5070242340729
3028948,105.03948446628321
3028949,219.8145753856687
3028950,7429.861404204974
3028951,33.10022009260227
3028952,2.2538856649955155
3028953,40.74473088451605
3028954,24.761973566311497
3028955,0.39737592386994053
3028956,459.8081655370264
3028957,22.402698142418004
3028958,17.288159428290776
3028959,10.568861571724172
3028960,127.88843705712392
3028961,10.497649642905822
3028962,789.2643933624018
3028963,625.7712824875144
3028964,20.3475885359788
3028965,32.06412940998236
3028966,620.6845491266656
3028967,113.50718484511826
3028968,2088.1845683270117
3028969,276.80515051392695
3028970,43.02868271047952
3028971,13.6948853257663
3028972,0.004581365298739363
3028973,21.5683877814988
3028974,6704.642329539317
3028975,0.005956319042306592
3028976,936.2684630539802
3028977,19.992510302456026
3028978,1815.4037429631574
3028979,1664.5756028964433
3028980,492.6404909358371
3028981,268.73661657101826
3028982,195.87647316603926
3028983,9240.53659179475
3028984,44.61151591097292
3028985,1.0500999529291342
3028986,87.58458039245365
3028987,64.06868563712453
3028988,0.5281421501298762
3028989,502.1134499971678
3028990,19.924340703876137
3028991,29.112093842177778
3028992,14.611957500581473
3028993,196.85557221561592
3028994,13.733890514148898
3028995,727.3250883584465
3028996,644.9052754031482
3028997,18.313690222142384
3028998,26.206458457772
3028999,899.8292448643866
3029000,195.3196815155988
3029001,4619.425790375968
3029002,349.361990216164
3029003,56.52720223462173
3029004,8.400386362087616
3029005,0.0031582142270212303
3029006,20.36662462649146
3029007,3621.966540022224
3029008,0.003145233712630729
3029009,689.371399178006
3029010,14.088941787528025
3029011,1614.6597993255575
3029012,989.3288422920805
3029013,515.2445916650702
3029014,78.31455030124627
3029015,154.92590602017282
3029016,6846.888842370079
3029017,42.48034254923237
3029018,0.23911462811451023
3029019,36.27071081269343
3029020,24.13843739234573
3029021,0.05170243941550065
3029022,420.52029291884253
3029023,21.913108592004214
3029024,8.858097733550307
3029025,2.39018713234103
3029026,121.0130252664106
3029027,4.593828927003125
3029028,673.014199433465
3029029,560.7598205569482
3029030,14.633291923269516
3029031,18.271633170714004
3029032,648.1728365232261
3029033,83.42741297383687
3029034,1441.15019441015
3029035,335.02943997137
3029036,19.455904069292256
3029037,9.343055778144565
3029038,0.007675482419842704
3029039,10.976504845532407
3029040,5248.542717369481
3029041,0.0076624434535909215
3029042,929.0162787805749
3029043,22.3258292848542
3029044,1525.1425850010073
3029045,1699.4941629869513
3029046,348.23498090721864
3029047,366.8538287497861
3029048,281.8962475555693
3029049,6513.137916582211
3029050,66.78067340644844
3029051,1.2875561568951337
3029052,55.2276184101014
3029053,45.765949655054634
3029054,0.3915368238624797
3029055,379.5427429620538
3029056,12.288320957144458
3029057,24.914813623700795
3029058,8.684733230048495
3029059,221.66827862560393
3029060,13.704857125078913
3029061,671.9585934549091
3029062,425.4011199821526
3029063,16.14296079349659
3029064,26.60824843651956
3029065,765.1880874878416
3029066,178.37248404568098
3029067,5414.442005446583
3029068,210.5841987270297
3029069,67.96038397968923
3029070,5.632184138683446
3029071,0.167688802049465
3029072,4.992521858237275
3029073,1596.5375879516275
3029074,0.007868886855010774
3029075,311.7785834061735
3029076,22.843404588184104
3029077,763.5204735876931
3029078,504.265072764208
3029079,201.60348122194148
3029080,68.97773840987213
3029081,79.91202564686643
3029082,2739.213926269622
3029083,19.943960402076453
3029084,0.8557362357051252
3029085,27.577056292703475
3029086,19.369130943016298
3029087,0.033246298490729666
3029088,161.2841159653331
3029089,8.851108999564227
3029090,5.770137031378775
3029091,9.619941227509404
3029092,61.55373324294359
3029093,8.45461062699407
3029094,235.21435711842173
3029095,198.2346019719429
3029096,2.821004689420909
3029097,6.220897922352368
3029098,207.26374145906567
3029099,55.966675414818674
3029100,1293.610300442115
3029101,0.5076985385718764
3029102,8.991237378246854
3029103,9.12295755424463
3029104,0.005676339392168794
3029105,11.215034498153502
3029106,3685.8331933340096
3029107,0.007052791808497509
3029108,526.2888112579393
3029109,35.17669418396271
3029110,1297.3839858938777
3029111,951.3354174664119
3029112,416.00487670555844
3029113,89.07921570361279
3029114,154.32163097222994
3029115,5602.4590243311895
3029116,63.276576196260095
3029117,1.2566538573913486
3029118,51.93730758442394
3029119,31.556070779855062
3029120,0.049795772717765294
3029121,284.84020639725543
3029122,10.757726821840341
3029123,8.608187100733542
3029124,2.8724926934009813
3029125,130.10593100606528
3029126,8.82103133961851
3029127,451.1381680820353
3029128,442.13169532062193
3029129,10.382422040243581
3029130,17.736436935490826
3029131,333.89120591357187
3029132,84.71961925373928
3029133,1808.400887023192
3029134,278.7191735212968
3029135,16.13011545368854
3029136,5.842008001573734
3029137,0.009115985996774647
3029138,3.66776019401728
3029139,3524.1415868030917
3029140,0.009102928390913334
3029141,678.8480339841552
3029142,10.794574801824197
3029143,1045.2659081928505
3029144,1227.1332980103157
3029145,189.22533498106594
3029146,261.952643936715
3029147,211.71126682830922
3029148,4259.677603025856
3029149,44.0739018746188
3029150,1.4173775428887079
3029151,30.100671435644053
3029152,28.253973227233836
3029153,0.0768779622487134
3029154,228.39508219306222
3029155,2.528251134416334
3029156,48.42165336954937
3029157,4.409629194347999
3029158,133.06689611708725
3029159,9.41151059440481
3029160,476.71679989753164
3029161,201.98634202856707
3029162,15.680434930029225
3029163,10.524513784185926
3029164,554.6224948170747
3029165,108.68838202806492
3029166,4078.659509252628
3029167,0.7766334341434427
3029168,38.28493575796785
3029169,7.7200945497206686
3029170,0.004539124305292985
3029171,5.151714801629812
3029172,3675.345185342521
3029173,0.004526125922411864
3029174,725.266898714378
3029175,11.879953260144989
3029176,1316.4695111025135
3029177,1023.4038601832929
3029178,326.1523472336494
3029179,170.02009203361524
3029180,328.4560831497501
3029181,4997.306194277698
3029182,36.60356137994481
3029183,2.5437180589539166
3029184,44.88575830496074
3029185,39.121255784615194
3029186,0.058093313791772995
3029187,289.2657394492378
3029188,7.297083262876669
3029189,48.262126476164696
3029190,9.158514355754154
3029191,235.45386360906133
3029192,10.598545114018558
3029193,411.9053928970727
3029194,289.51330124456086
3029195,13.070106729354086
3029196,24.330612951281786
3029197,398.5604945658529
3029198,118.20312335121699
3029199,3782.3727085507576
3029200,4.0664417887729725
3029201,8.52173349350962
3029202,5.338076173904535
3029203,0.005095935753727307
3029204,2.7161645861391097
3029205,1733.9287605927498
3029206,0.003696182537664327
3029207,417.79417630421074
3029208,6.608437562887405
3029209,722.0722027411722
3029210,410.5365170592197
3029211,195.25766076152271
3029212,71.84800995995016
3029213,94.12954611184335
3029214,2465.315881425197
3029215,12.699018313710763
3029216,1.0191601333284281
3029217,26.874041667551264
3029218,18.52430402975907
3029219,0.01722783899203256
3029220,150.9856968377905
3029221,6.397912026978502
3029222,8.413088074578834
3029223,6.455820652473449
3029224,64.29286126604512
3029225,3.6093794523161637
3029226,205.73993452133118
3029227,190.63465913725025
3029228,3.8265923920317926
3029229,5.066810530621854
3029230,136.34303458098557
3029231,42.16257963863086
3029232,1535.3821444052712
3029233,0.2459745250565169
3029234,3.270811974134962
3029235,5.377163740520333
3029236,0.0017716352298049536
3029237,0.13339245944928355
3029238,3480.146250255787
3029239,0.0017586726572588922
3029240,193.48944489243763
3029241,3.831598732914393
3029242,1016.0326648913826
3029243,205.51005977003308
3029244,182.52763163114156
3029245,60.70116231282762
3029246,35.735999740579125
3029247,3163.512926349378
3029248,11.780825911585957
3029249,0.6139732719389006
3029250,16.781863204099412
3029251,9.603726126948441
3029252,0.14040851687523492
3029253,183.09610701243338
3029254,0.007225978009330644
3029255,0.005160551382131156
3029256,3.149037194132224
3029257,36.26091284943093
3029258,0.9059409465763302
3029259,60.847876665011796
3029260,152.00263995122828
3029261,0.020118656212144214
3029262,1.7563334444232779
3029263,56.704479795816866
3029264,75.94361355154425
3029265,544.9041999135708
3029266,0.0
3029267,1.6928234764142105
3029268,5.244296282197994
3029269,0.007775978631030441
3029270,5.394880669191967
3029271,2622.725173566941
3029272,0.006372493036292705
3029273,431.68469540544544
3029274,9.113858501009162
3029275,882.0170829305265
3029276,759.3392447471775
3029277,257.4816278705048
3029278,130.51406282892418
3029279,103.04202938347044
3029280,4066.710901123589
3029281,28.796021114578743
3029282,0.6235992436225781
3029283,16.989070653618857
3029284,36.48315981311961
3029285,0.026609989879805514
3029286,213.39296381333003
3029287,15.398508568759478
3029288,15.203659727886915
3029289,11.116222220334928
3029290,83.65967246763353
3029291,5.161597994913627
3029292,376.4720827580598
3029293,292.5164302356583
3029294,8.100399277199372
3029295,13.908648455974873
3029296,404.40637734875736
3029297,78.05853478821237
3029298,1896.4726744941397
3029299,0.0011436997622702963
3029300,28.837140517882222
3029301,4.1872632680229716
3029302,0.01597996227852809
3029303,6.191140462639572
3029304,3433.9778749609172
3029305,0.053699515159138345
3029306,582.7408855141548
3029307,14.637756967910109
3029308,942.4079039238264
3029309,1098.6086005805741
3029310,153.28120170261397
3029311,238.3816820823657
3029312,179.5788284336688
3029313,3207.6117567481497
3029314,31.606352620650874
3029315,2.2011390602741763
3029316,40.209562918163634
3029317,32.22985578138647
3029318,0.706822840717239
3029319,199.99539986014221
3029320,12.458683588280406
3029321,31.920487019186034
3029322,8.304817076676459
3029323,142.84092918556715
3029324,13.45437630502093
3029325,400.19949907841345
3029326,202.24375936529378
3029327,5.693008624787451
3029328,12.57360011374974
3029329,550.9781687790742
3029330,121.240672653728
3029331,4430.59803275517
3029332,0.40918773559995797
3029333,34.0486508085936
3029334,3.3160290490688613
3029335,0.6350796882653276
3029336,8.639050112082247
3029337,3884.2756622876896
3029338,0.010856659860439169
3029339,687.0096089513117
3029340,20.673801395982082
3029341,1038.0641684188715
3029342,1248.393856959814
3029343,235.74158019306458
3029344,242.67373017745038
3029345,131.56787995775747
3029346,4129.790183613364
3029347,31.277128404725794
3029348,1.3501966385489679
3029349,31.256078490250765
3029350,36.96692012341479
3029351,0.04780108120272892
3029352,277.8937717461671
3029353,22.982007033496075
3029354,29.626902991012727
3029355,22.405774449956876
3029356,155.0388348262068
3029357,15.510061460529613
3029358,383.015821885071
3029359,275.7046047214304
3029360,13.314039921213764
3029361,17.323883561622594
3029362,448.50853850177685
3029363,131.858164522655
3029364,3343.389956112237
3029365,0.3573216252128366
3029366,29.003281415443166
3029367,13.299271373575161
3029368,0.2741469782078355
3029369,8.451428275382947
3029370,3216.610743075461
3029371,0.005885720444856647
3029372,432.9177937899988
3029373,11.825867078685489
3029374,1468.0342244831847
3029375,708.4216008899501
3029376,526.1672700056228
3029377,167.08012715691729
3029378,112.47048421494087
3029379,6649.327321574192
3029380,9.214277313857018
3029381,1.014459690642532
3029382,51.34540681542865
3029383,40.91432686822758
3029384,0.010784198244748243
3029385,393.5886861205366
3029386,6.060079873689235
3029387,4.819967042351311
3029388,9.118555965558333
3029389,43.08792001467652
3029390,3.906506983317187
3029391,490.09993457423195
3029392,474.23225760314114
3029393,6.27779706515139
3029394,6.578127967759642
3029395,365.3572688423332
3029396,109.18346300719348
3029397,1373.6789686277061
3029398,143.95790322620917
3029399,15.79324336832659
