date_key,date,year,month,month_name,day_of_week,day_name,is_weekend,is_payday,total_sales,has_sales_observation,sales_ma_7,sales_ma_28
20130101,2013-01-01,2013,1,January,1,Tuesday,0,0,2511.618999,1,2511.618999,2511.618999
20130102,2013-01-02,2013,1,January,2,Wednesday,0,0,496092.417944,1,249302.0184715,249302.0184715
20130103,2013-01-03,2013,1,January,3,Thursday,0,0,361461.231124,1,286688.42268899997,286688.42268899997
20130104,2013-01-04,2013,1,January,4,Friday,0,0,354459.6770927,1,303631.236289925,303631.236289925
20130105,2013-01-05,2013,1,January,5,Saturday,1,0,477350.121229,1,338375.01327774,338375.01327774
20130106,2013-01-06,2013,1,January,6,Sunday,1,0,519695.401088,1,368595.0779127833,368595.0779127833
20130107,2013-01-07,2013,1,January,0,Monday,0,0,336122.801066,1,363956.1812203857,363956.1812203857
20130108,2013-01-08,2013,1,January,1,Tuesday,0,0,318347.777981,1,409075.63250352856,358255.1308154625
20130109,2013-01-09,2013,1,January,2,Wednesday,0,0,302530.80901799997,1,381423.9740855286,352063.53950463334
20130110,2013-01-10,2013,1,January,3,Thursday,0,0,258982.003049,1,366784.08436052856,342755.38585907
20130111,2013-01-11,2013,1,January,4,Friday,0,0,289737.6850845,1,357538.0855022143,337935.59487956367
20130112,2013-01-12,2013,1,January,5,Saturday,1,0,403258.2120105,1,346953.52704242856,343379.1463071417
20130113,2013-01-13,2013,1,January,6,Sunday,1,0,464638.547998,1,339088.26231528574,352706.7925910539
20130114,2013-01-14,2013,1,January,0,Monday,0,0,293348.362078,1,332977.62817414285,348466.90469726425
20130115,2013-01-15,2013,1,January,1,Tuesday,0,1,299129.549954,1,330232.1670274286,345177.74771438
20130116,2013-01-16,2013,1,January,2,Wednesday,0,0,318347.913946,1,332491.75344571425,343500.88310385623
20130117,2013-01-17,2013,1,January,3,Thursday,0,0,267498.5159755,1,333708.3981495,339030.15562571766
20130118,2013-01-18,2013,1,January,4,Friday,0,0,296130.850028,1,334621.7074271428,336646.8608702889
20130119,2013-01-19,2013,1,January,5,Saturday,1,0,432459.852021,1,338793.3702857857,341689.64987822104
20130120,2013-01-20,2013,1,January,6,Sunday,1,0,461092.386047,1,338286.77572135715,347659.78668665997
20130121,2013-01-21,2013,1,January,0,Monday,0,0,311211.26595,1,340838.61913164286,345924.1428420571
20130122,2013-01-22,2013,1,January,1,Tuesday,0,0,296214.728983,1,340422.21613578574,343664.6240302818
20130123,2013-01-23,2013,1,January,2,Wednesday,0,0,283258.4530325,1,335409.43600528577,341038.2687695087
20130124,2013-01-24,2013,1,January,3,Thursday,0,0,247245.690995,1,332516.1752937857,337130.24469557084
20130125,2013-01-25,2013,1,January,4,Friday,0,0,290022.77193,1,331643.59270835714,335245.945784948
20130126,2013-01-26,2013,1,January,5,Saturday,1,0,413799.7679753,1,328977.86641611427,338267.24663842306
20130127,2013-01-27,2013,1,January,6,Sunday,1,0,430411.991233,1,324594.9528712571,341680.0149567407
20130128,2013-01-28,2013,1,January,0,Monday,0,0,285460.169953,1,320916.2248716857,339672.16334946424
20130129,2013-01-29,2013,1,January,1,Tuesday,0,0,264488.8180765,1,316383.9518850428,349028.49188794644
20130130,2013-01-30,2013,1,January,2,Wednesday,0,0,281061.127052,1,316070.0481735429,341348.80292751786
20130131,2013-01-31,2013,1,January,3,Thursday,0,1,271254.217996,1,319499.8377451143,338127.1238872321
20130201,2013-02-01,2013,2,February,4,Friday,0,0,369402.055266,1,330839.73536454287,338660.7802505643
20130202,2013-02-02,2013,2,February,5,Saturday,1,0,518887.462705,1,345852.2631830714,340144.25673185
20130203,2013-02-03,2013,2,February,6,Sunday,1,0,486336.82018,1,353841.5244612143,338952.87884227856
20130204,2013-02-04,2013,2,February,0,Monday,0,0,344308.715017,1,362248.45947035716,339245.23291195714
20130205,2013-02-05,2013,2,February,1,Tuesday,0,0,321245.83913,1,370356.6053351429,339348.73509585
20130206,2013-02-06,2013,2,February,2,Wednesday,0,0,321538.177149,1,376139.0410632857,340027.5696719571
20130207,2013-02-07,2013,2,February,3,Thursday,0,0,290807.530973,1,378932.37148857134,341164.1956692428
20130208,2013-02-08,2013,2,February,4,Friday,0,0,347441.789912,1,375795.1907237143,343225.0565559393
20130209,2013-02-09,2013,2,February,5,Saturday,1,0,416176.2790747,1,361122.1644908143,343686.41609394643
20130210,2013-02-10,2013,2,February,6,Sunday,1,0,300951.328993,1,334638.52289267146,337840.443986625
20130211,2013-02-11,2013,2,February,0,Monday,0,0,278627.588926,1,325255.50487967144,337314.70208833925
20130212,2013-02-12,2013,2,February,1,Tuesday,0,0,308800.7909121,1,323477.64084854285,337660.10355112853
20130213,2013-02-13,2013,2,February,2,Wednesday,0,0,319597.929962,1,323200.4626789714,337704.7469802714
20130214,2013-02-14,2013,2,February,3,Thursday,0,0,308164.016957,1,325679.96067668573,339157.0863010393
20130215,2013-02-15,2013,2,February,4,Friday,0,1,320168.883912,1,321783.8312481143,340015.5875111822
20130216,2013-02-16,2013,2,February,5,Saturday,1,0,485660.494008,1,331710.1476671571,341915.6104392893
20130217,2013-02-17,2013,2,February,6,Sunday,1,0,399588.910014,1,345801.2306701572,339719.057723825
20130218,2013-02-18,2013,2,February,0,Monday,0,0,350745.573191,1,356103.7998508714,341130.9972681464
20130219,2013-02-19,2013,2,February,1,Tuesday,0,0,293637.801951,1,353937.65857071424,341038.96415986074
20130220,2013-02-20,2013,2,February,2,Wednesday,0,0,313803.162034,1,353109.834581,342129.84662419994
20130221,2013-02-21,2013,2,February,3,Thursday,0,0,267711.1090155,1,347330.84773221426,342860.7544106464
20130222,2013-02-22,2013,2,February,4,Friday,0,0,285679.869131,1,342403.8456206429,342705.65073925356
20130223,2013-02-23,2013,2,February,5,Saturday,1,0,412897.349113,1,332009.1106356429,342673.42149417143
20130224,2013-02-24,2013,2,February,6,Sunday,1,0,452726.126103,1,339600.14150549995,343470.3548823857
20130225,2013-02-25,2013,2,February,0,Monday,0,0,307110.875933,1,333366.6133257857,344243.59438167146
20130226,2013-02-26,2013,2,February,1,Tuesday,0,0,270425.0070675,1,330050.499771,344455.60113135
20130227,2013-02-27,2013,2,February,2,Wednesday,0,0,288401.998919,1,326421.7621831429,344717.7751266
20130228,2013-02-28,2013,2,February,3,Thursday,0,1,278116.291888,1,327908.2168792143,344962.84919417143
20130301,2013-03-01,2013,3,March,4,Friday,0,0,378898.165064,1,341225.11629821424,345301.99597267143
20130302,2013-03-02,2013,3,March,5,Saturday,1,0,547857.205258,1,360505.0957475,346336.6296352786
20130303,2013-03-03,2013,3,March,6,Sunday,1,0,559820.580027,1,375804.3034509286,348961.0496298143
20130304,2013-03-04,2013,3,March,0,Monday,0,0,383647.679097,1,386738.13247435715,350366.0126326714
20130305,2013-03-05,2013,3,March,1,Tuesday,0,0,332189.993189,1,395561.7019202857,350756.8752776357
20130306,2013-03-06,2013,3,March,2,Wednesday,0,0,335726.580968,1,402322.35649871425,351263.60398545716
20130307,2013-03-07,2013,3,March,3,Thursday,0,0,293099.52701,1,404462.81865900004,351345.4609867786
20130308,2013-03-08,2013,3,March,4,Friday,0,0,316600.679967,1,395563.1779308571,350243.99277445715
20130309,2013-03-09,2013,3,March,5,Saturday,1,0,453259.496866,1,382049.21958914277,351568.3934098607
20130310,2013-03-10,2013,3,March,6,Sunday,1,0,461859.756153,1,368054.8161785714,357315.12295128923
20130311,2013-03-11,2013,3,March,0,Monday,0,0,318379.133021,1,358730.7381677143,358734.8209546822
20130312,2013-03-12,2013,3,March,1,Tuesday,0,0,271823.37801,1,350106.9359992857,357414.1990653214
20130313,2013-03-13,2013,3,March,2,Wednesday,0,0,287869.663972,1,343270.23357128573,356281.04670853575
20130314,2013-03-14,2013,3,March,3,Thursday,0,0,247541.420096,1,336761.9325835714,354115.9539635
20130315,2013-03-15,2013,3,March,4,Friday,0,1,315878.090213,1,336658.70547585713,353962.7113313928
20130316,2013-03-16,2013,3,March,5,Saturday,1,0,482233.433961,1,340797.8393465714,353840.3163297143
20130317,2013-03-17,2013,3,March,6,Sunday,1,0,513439.584913,1,348166.38631228573,357906.4118618214
20130318,2013-03-18,2013,3,March,0,Monday,0,0,330283.80303,1,349867.0534564286,357175.6343560714
20130319,2013-03-19,2013,3,March,1,Tuesday,0,0,294020.245897,1,353038.0345831429,357189.2930684286
20130320,2013-03-20,2013,3,March,2,Wednesday,0,0,321207.006946,1,357800.51215085713,357453.716101
20130321,2013-03-21,2013,3,March,3,Thursday,0,0,269130.127953,1,360884.61327328574,357504.39534876787
20130322,2013-03-22,2013,3,March,4,Friday,0,0,304100.453969,1,359202.09380985715,358162.2733786964
20130323,2013-03-23,2013,3,March,5,Saturday,1,0,453192.003086,1,355053.31797057146,359601.36816344643
20130324,2013-03-24,2013,3,March,6,Sunday,1,0,449794.636951,1,345961.1825474286,359496.6721223036
20130325,2013-03-25,2013,3,March,0,Monday,0,0,317559.6099585,1,344143.4406800714,359869.8411946428
20130326,2013-03-26,2013,3,March,1,Tuesday,0,0,275818.2359,1,341543.15353764285,360062.4565100893
20130327,2013-03-27,2013,3,March,2,Wednesday,0,0,313691.148998,1,340469.4595450714,360965.64044148213
20130328,2013-03-28,2013,3,March,3,Thursday,0,0,339293.269022,1,350492.7654120714,363150.5324819822
20130329,2013-03-29,2013,3,March,4,Friday,0,0,345513.132,1,356408.8622736429,361958.2098725536
20130330,2013-03-30,2013,3,March,5,Saturday,1,0,452661.356036,1,356333.0555522143,358558.358114625
20130331,2013-03-31,2013,3,March,6,Sunday,1,1,462107.639956,1,358092.0559815,355068.61025494646
20130401,2013-04-01,2013,4,April,0,Monday,0,0,428816.447912,1,373985.88997485716,356681.78056976787
20130402,2013-04-02,2013,4,April,1,Tuesday,0,0,377732.827961,1,388545.1174121429,358308.3103830536
20130403,2013-04-03,2013,4,April,2,Wednesday,0,0,373731.0758793,1,397122.24982375716,359665.6137727429
20130404,2013-04-04,2013,4,April,3,Thursday,0,0,308738.385963,1,392757.2665296143,360224.1444496357
20130405,2013-04-05,2013,4,April,4,Friday,0,0,336394.782031,1,391454.6451054714,360931.07666620717
20130406,2013-04-06,2013,4,April,5,Saturday,1,0,509424.214023,1,399563.62481789995,362936.9594218143
20130407,2013-04-07,2013,4,April,6,Sunday,1,0,519048.376884,1,407698.0158076143,364979.4101622072
20130408,2013-04-08,2013,4,April,0,Monday,0,0,346649.815943,1,395959.92552632856,365989.07740942144
20130409,2013-04-09,2013,4,April,1,Tuesday,0,0,306335.8019617,1,385760.3503835714,367221.66397912503
20130410,2013-04-10,2013,4,April,2,Wednesday,0,0,312846.374941,1,377062.5359638143,368113.68937087496
20130411,2013-04-11,2013,4,April,3,Thursday,0,0,303223.41301,1,376274.68268481427,370102.3319749464
20130412,2013-04-12,2013,4,April,4,Friday,0,0,314394.967035,1,373131.85197109997,370049.3632900179
20130413,2013-04-13,2013,4,April,5,Saturday,1,0,453442.497048,1,365134.46383181436,369021.115543125
20130414,2013-04-14,2013,4,April,6,Sunday,1,0,478417.148813,1,359330.0026788143,367770.3142538393
20130415,2013-04-15,2013,4,April,0,Monday,0,1,338712.458055,1,358196.0944091001,368071.3376475893
20130416,2013-04-16,2013,4,April,1,Tuesday,0,0,333431.88004899997,1,362066.9627072857,369478.89601016074
20130417,2013-04-17,2013,4,April,2,Wednesday,0,0,334990.518942,1,365230.4118502857,369971.1642957321
20130418,2013-04-18,2013,4,April,3,Thursday,0,0,281924.509951,1,362187.7114132857,370428.1065099464
20130419,2013-04-19,2013,4,April,4,Friday,0,0,311588.70494,1,361786.81682828575,370695.544044625
20130420,2013-04-20,2013,4,April,5,Saturday,1,0,459884.838043,1,362707.1512561428,370934.57386451785
20130421,2013-04-21,2013,4,April,6,Sunday,1,0,485721.032087,1,363750.5631524286,372217.6594050893
20130422,2013-04-22,2013,4,April,0,Monday,0,0,328886.320986,1,362346.82928542857,372622.18479892856
20130423,2013-04-23,2013,4,April,1,Tuesday,0,0,302097.8329435,1,357870.5368417857,373560.7418361964
20130424,2013-04-24,2013,4,April,2,Wednesday,0,0,310555.184925,1,354379.7748393572,373448.7431193036
20130425,2013-04-25,2013,4,April,3,Thursday,0,0,268790.618996,1,352503.5047029286,370930.7913326607
20130426,2013-04-26,2013,4,April,4,Friday,0,0,304413.556952,1,351478.4835617858,369462.94936666073
20130427,2013-04-27,2013,4,April,5,Saturday,1,0,446665.337895,1,349589.9835406429,369248.805861625
20130428,2013-04-28,2013,4,April,6,Sunday,1,0,477623.4729303,1,348433.1893754,369802.9427535643
20130429,2013-04-29,2013,4,April,0,Monday,0,0,328795.874018,1,348420.26837997144,366230.77940020716
20130430,2013-04-30,2013,4,April,1,Tuesday,0,1,310186.466894,1,349575.78751575714,363818.4093621
20130501,2013-05-01,2013,5,May,2,Wednesday,0,0,507974.636889,1,377778.5663677571,368612.82225530356
20130502,2013-05-02,2013,5,May,3,Thursday,0,0,348709.460063,1,389195.5436630429,370040.3606160179
20130503,2013-05-03,2013,5,May,4,Friday,0,0,374291.2510323,1,399178.07138880005,371393.8059374928
20130504,2013-05-04,2013,5,May,5,Saturday,1,0,520339.51596499997,1,409702.9539702285,371783.6381497071
20130505,2013-05-05,2013,5,May,6,Sunday,1,0,580268.550981,1,424366.53654889995,373970.07293888566
20130506,2013-05-06,2013,5,May,0,Monday,0,0,369869.383046,1,430234.1806957571,374799.34319256427
20130507,2013-05-07,2013,5,May,1,Tuesday,0,0,317292.964148,1,431249.3945891857,375190.6704135036
20130508,2013-05-08,2013,5,May,2,Wednesday,0,0,332477.410968,1,406178.3623147571,375891.77884303924
20130509,2013-05-09,2013,5,May,3,Thursday,0,0,305868.0570225,1,400058.1618804,375986.2304149143
20130510,2013-05-10,2013,5,May,4,Friday,0,0,335937.441949,1,394579.04629707144,376755.6045189857
20130511,2013-05-11,2013,5,May,5,Saturday,1,0,512090.58108,1,393400.62702778575,378850.17894869996
20130512,2013-05-12,2013,5,May,6,Sunday,1,0,387860.5050145,1,365913.76331828575,375616.0130987536
20130513,2013-05-13,2013,5,May,0,Monday,0,0,350598.06187,1,363160.71743600006,376040.4989492893
20130514,2013-05-14,2013,5,May,1,Tuesday,0,0,308469.313119,1,361900.19586042856,375148.9787017893
20130515,2013-05-15,2013,5,May,2,Wednesday,0,1,329113.560081,1,361419.6457337143,374939.08731389645
20130516,2013-05-16,2013,5,May,3,Thursday,0,0,307556.946937,1,361660.91572149994,375854.53149196785
20130517,2013-05-17,2013,5,May,4,Friday,0,0,330004.241998,1,360813.31572849996,376512.2292440393
20130518,2013-05-18,2013,5,May,5,Saturday,1,0,480969.558942,1,356367.4554230714,377265.2549904321
20130519,2013-05-19,2013,5,May,6,Sunday,1,0,518153.554009,1,374980.74813657143,378423.5593447893
20130520,2013-05-20,2013,5,May,0,Monday,0,0,341787.214991,1,373722.0557252857,378884.3055592536
20130521,2013-05-21,2013,5,May,1,Tuesday,0,0,307178.399952,1,373537.63955857145,379065.75438098575
20130522,2013-05-22,2013,5,May,2,Wednesday,0,0,301785.4831075,1,369633.62856235716,378752.5507446464
20130523,2013-05-23,2013,5,May,3,Thursday,0,0,289261.058026,1,367019.9301465,379483.6378528607
20130524,2013-05-24,2013,5,May,4,Friday,0,0,398389.241982,1,376789.2158585,382839.91231821786
20130525,2013-05-25,2013,5,May,5,Saturday,1,0,417930.141993,1,367783.5848657857,381813.65532171784
20130526,2013-05-26,2013,5,May,6,Sunday,1,0,450631.400068,1,358137.5628742143,380849.6527194929
20130527,2013-05-27,2013,5,May,0,Monday,0,0,321630.8309235,1,355258.079436,380593.7583232607
20130528,2013-05-28,2013,5,May,1,Tuesday,0,0,307329.1680565,1,355279.61773664283,380491.7119362071
20130529,2013-05-29,2013,5,May,2,Wednesday,0,0,309333.380899,1,356357.88884971425,373397.3813651357
20130530,2013-05-30,2013,5,May,3,Thursday,0,0,304344.849939,1,358512.71626585716,371812.9310035643
20130531,2013-05-31,2013,5,May,4,Friday,0,1,330257.841975,1,348779.659122,370240.3092515179
20130601,2013-06-01,2013,6,June,5,Saturday,1,0,566901.814988,1,370061.3266927143,371903.2485023393
20130602,2013-06-02,2013,6,June,6,Sunday,1,0,637698.494958,1,396785.1973912857,373954.3179300893
20130603,2013-06-03,2013,6,June,0,Monday,0,0,426332.097995,1,411742.5212586429,375970.84346398216
20130604,2013-06-04,2013,6,June,1,Tuesday,0,0,369705.160085,1,420653.37726271426,377842.7076045893
20130605,2013-06-05,2013,6,June,2,Wednesday,0,0,361791.080915,1,428147.33440785715,378889.6243884107
20130606,2013-06-06,2013,6,June,3,Thursday,0,0,317496.765891,1,430026.1795438571,379304.93541942857
20130607,2013-06-07,2013,6,June,4,Friday,0,0,357673.087977,1,433942.64325842855,380081.2084918571
20130608,2013-06-08,2013,6,June,5,Saturday,1,0,466292.699096,1,419569.9124167143,378445.5698495715
20130609,2013-06-09,2013,6,June,6,Sunday,1,0,526804.730256,1,403727.94603071426,383407.8636081964
20130610,2013-06-10,2013,6,June,0,Monday,0,0,349754.291978,1,392788.2594568571,383377.7289691964
20130611,2013-06-11,2013,6,June,1,Tuesday,0,0,283858.2159925,1,380524.41030078573,382498.7612146786
20130612,2013-06-12,2013,6,June,2,Wednesday,0,0,320173.5779987,1,374579.0527413143,382179.4761403107
20130613,2013-06-13,2013,6,June,3,Thursday,0,0,282886.9200452,1,369634.7890490572,381298.4037513179
20130614,2013-06-14,2013,6,June,4,Friday,0,0,326956.7421072,1,365246.7396390857,381189.5644695036
20130615,2013-06-15,2013,6,June,5,Saturday,1,1,505950.6668701,1,370912.1636068143,382081.74689550715
20130616,2013-06-16,2013,6,June,6,Sunday,1,0,435894.082881,1,357924.9282675286,379143.9086409357
20130617,2013-06-17,2013,6,June,0,Monday,0,0,370944.271024,1,360952.0681312429,380185.2320706857
20130618,2013-06-18,2013,6,June,1,Tuesday,0,0,320885.3399215,1,366241.6572639571,380674.765641025
20130619,2013-06-19,2013,6,June,2,Wednesday,0,0,319235.25797700003,1,366107.6115465715,381297.9718863643
20130620,2013-06-20,2013,6,June,3,Thursday,0,0,293877.944015,1,367677.7578279714,381462.8606716857
20130621,2013-06-21,2013,6,June,4,Friday,0,0,319722.6870265,1,366644.32138787146,378653.34085184644
20130622,2013-06-22,2013,6,June,5,Saturday,1,0,446347.312096,1,358129.5564201429,379668.2397840964
20130623,2013-06-23,2013,6,June,6,Sunday,1,0,504964.845142,1,367996.8081717143,381608.7199653107
20130624,2013-06-24,2013,6,June,0,Monday,0,0,336631.9640383,1,363095.0500309,382144.4747194107
20130625,2013-06-25,2013,6,June,1,Tuesday,0,0,305119.530064,1,360842.79147982865,382065.55907682143
20130626,2013-06-26,2013,6,June,2,Wednesday,0,0,301847.2489636,1,358358.7901922,381798.19722198567
20130627,2013-06-27,2013,6,June,3,Thursday,0,0,266525.458966,1,354451.29232805717,380447.5046872357
20130628,2013-06-28,2013,6,June,4,Friday,0,0,324210.971803,1,355092.47586755716,380231.5450382357
20130629,2013-06-29,2013,6,June,5,Saturday,1,0,509379.108146,1,364097.0181604143,378177.16265102144
20130630,2013-06-30,2013,6,June,6,Sunday,1,1,533481.693027,1,368170.85357255716,374455.1340106285
20130701,2013-07-01,2013,7,July,0,Monday,0,0,441758.3880965,1,383188.9141523,375006.072942825
20130702,2013-07-02,2013,7,July,1,Tuesday,0,0,390958.38408,1,395451.6075831572,375765.1166569321
20130703,2013-07-03,2013,7,July,2,Wednesday,0,0,374551.917949,1,405837.9888667857,376220.8608367178
20130704,2013-07-04,2013,7,July,3,Thursday,0,0,327020.179028,1,414480.0917327857,376560.9827344679
20130705,2013-07-05,2013,7,July,4,Friday,0,0,351401.500074,1,418364.4529143571,376336.9974522179
20130706,2013-07-06,2013,7,July,5,Saturday,1,0,479514.493924,1,414098.0794540714,376809.20441036066
20130707,2013-07-07,2013,7,July,6,Sunday,1,0,500606.073078,1,409401.5623185,375873.538082575
20130708,2013-07-08,2013,7,July,0,Monday,0,0,365452.995017,1,398500.79187857144,376434.2060482536
20130709,2013-07-09,2013,7,July,1,Tuesday,0,0,317279.1449993,1,387975.1862956143,377627.81065563933
20130710,2013-07-10,2013,7,July,2,Wednesday,0,0,314134.886071,1,379344.1817416143,377412.1430867929
20130711,2013-07-11,2013,7,July,3,Thursday,0,0,281750.931023,1,372877.1463123285,377371.5720502857
20130712,2013-07-12,2013,7,July,4,Friday,0,0,308786.438133,1,366789.2803207572,376722.63262263575
20130713,2013-07-13,2013,7,July,5,Saturday,1,0,432569.1022205,1,360082.7957916857,374101.8624565786
20130714,2013-07-14,2013,7,July,6,Sunday,1,0,438722.417857,1,351242.2736172571,374202.87442000717
20130715,2013-07-15,2013,7,July,0,Monday,0,1,348803.0469486,1,348863.7096074857,373412.1164173143
20130716,2013-07-16,2013,7,July,1,Tuesday,0,0,335516.229006,1,351469.0073227285,373934.6481703321
20130717,2013-07-17,2013,7,July,2,Wednesday,0,0,324313.8180255,1,352923.1404590857,374116.02531492145
20130718,2013-07-18,2013,7,July,3,Thursday,0,0,287074.8739522,1,353683.7037346857,373873.0585269643
20130719,2013-07-19,2013,7,July,4,Friday,0,0,313332.555049,1,354333.1490084,373644.8395277679
20130720,2013-07-20,2013,7,July,5,Saturday,1,0,435497.731013,1,354751.52455018566,373257.3544890893
20130721,2013-07-21,2013,7,July,6,Sunday,1,0,437952.624049,1,354641.55400618573,370864.060878625
20130722,2013-07-22,2013,7,July,0,Monday,0,0,342802.29905,1,353784.3043063857,371084.42998618574
20130723,2013-07-23,2013,7,July,1,Tuesday,0,0,316257.463107,1,351033.05203509994,371482.2133091501
20130724,2013-07-24,2013,7,July,2,Wednesday,0,0,309243.7899995,1,348880.1908885286,371746.3754890036
20130725,2013-07-25,2013,7,July,3,Thursday,0,0,298074.2249247,1,350451.5267417429,372873.1171303857
20130726,2013-07-26,2013,7,July,4,Friday,0,0,318745.692921,1,351224.83215202857,372677.9285988858
20130727,2013-07-27,2013,7,July,5,Saturday,1,0,423890.5020012,1,349566.65657891426,369624.7640937143
20130728,2013-07-28,2013,7,July,6,Sunday,1,0,433358.6520873,1,348910.3748701,366048.94120301073
20130729,2013-07-29,2013,7,July,0,Monday,0,0,331493.2850525,1,347294.80144188565,362110.9018085822
20130730,2013-07-30,2013,7,July,1,Tuesday,0,0,318553.989932,1,347622.8767026,359525.0305890107
20130731,2013-07-31,2013,7,July,2,Wednesday,0,1,357982.979012,1,354585.61799009994,358933.2827698322
20130801,2013-08-01,2013,8,August,3,Thursday,0,0,397555.3181021,1,368797.2027297286,361452.3948796214
20130802,2013-08-02,2013,8,August,4,Friday,0,0,393831.120007,1,379523.6923134429,362967.73844865715
20130803,2013-08-03,2013,8,August,5,Saturday,1,0,516956.846013,1,392818.88431512855,364304.96530897863
20130804,2013-08-04,2013,8,August,6,Sunday,1,0,514267.27594,1,404377.2591512286,364792.8654111928
20130805,2013-08-05,2013,8,August,0,Monday,0,0,407033.810946,1,415168.7628503,366277.8945515143
20130806,2013-08-06,2013,8,August,1,Tuesday,0,0,357263.854086,1,420698.74344372854,367705.9198760392
20130807,2013-08-07,2013,8,August,2,Wednesday,0,0,351302.132003,1,419744.3367281571,369033.32151646784
20130808,2013-08-08,2013,8,August,3,Thursday,0,0,310953.0239315,1,407372.58041807136,370076.25340605713
20130809,2013-08-09,2013,8,August,4,Friday,0,0,337521.667868,1,399328.3729696428,371102.5116108786
20130810,2013-08-10,2013,8,August,5,Saturday,1,0,434184.94409,1,387503.8155520714,371160.220249075
20130811,2013-08-11,2013,8,August,6,Sunday,1,0,434720.3230013,1,376139.9651322571,371017.28828994284
20130812,2013-08-12,2013,8,August,0,Monday,0,0,349539.224033,1,367926.45271611435,371043.58032867144
20130813,2013-08-13,2013,8,August,1,Tuesday,0,0,317103.331061,1,362189.23514111433,370385.97683063574
20130814,2013-08-14,2013,8,August,2,Wednesday,0,0,324377.386893,1,358342.8429825429,370388.2471473321
20130815,2013-08-15,2013,8,August,3,Thursday,0,1,311043.17291,1,358355.7214080429,371244.2578243964
20130816,2013-08-16,2013,8,August,4,Friday,0,0,364487.3218839,1,362207.9576960286,373071.21378278575
20130817,2013-08-17,2013,8,August,5,Saturday,1,0,448835.3109167,1,364300.86724269995,373547.5559222036
20130818,2013-08-18,2013,8,August,6,Sunday,1,0,464053.7730675,1,368491.3601093,374479.7398157214
20130819,2013-08-19,2013,8,August,0,Monday,0,0,362085.52696,1,370283.6890988714,375168.4265267929
20130820,2013-08-20,2013,8,August,1,Tuesday,0,0,343046.11398,1,373989.80094444286,376125.1640579714
20130821,2013-08-21,2013,8,August,2,Wednesday,0,0,335724.643932,1,375610.8376643,377070.90884127497
20130822,2013-08-22,2013,8,August,3,Thursday,0,0,306473.26098,1,374957.9931028714,377370.8744146786
20130823,2013-08-23,2013,8,August,4,Friday,0,0,331906.369098,1,370303.57127631427,377840.89856385713
20130824,2013-08-24,2013,8,August,5,Saturday,1,0,420576.154994,1,366266.54900164285,377722.5290278857
20130825,2013-08-25,2013,8,August,6,Sunday,1,0,443694.093754,1,363358.02338542853,378091.65194455354
20130826,2013-08-26,2013,8,August,0,Monday,0,0,347159.6410143,1,361225.7539646143,378651.16465747496
20130827,2013-08-27,2013,8,August,1,Tuesday,0,0,319688.2190185,1,357888.9118272571,378691.67283913575
20130828,2013-08-28,2013,8,August,2,Wednesday,0,0,319322.060993,1,355545.68569311424,377310.9257670286
20130829,2013-08-29,2013,8,August,3,Thursday,0,0,294518.685943,1,353837.8892592572,373631.04604706075
20130830,2013-08-30,2013,8,August,4,Friday,0,0,354932.930947,1,357127.3980948286,372241.8250092036
20130831,2013-08-31,2013,8,August,5,Saturday,1,1,523631.3811059,1,371849.57325367146,372480.20126252144
20130901,2013-09-01,2013,9,September,6,Sunday,1,0,640406.221875,1,399951.3058423857,376985.1636173428
20130902,2013-09-02,2013,9,September,0,Monday,0,0,458792.960966,1,415898.92297834286,378833.70468948566
20130903,2013-09-03,2013,9,September,1,Tuesday,0,0,397680.420032,1,427040.6659802715,380277.15347327146
20130904,2013-09-04,2013,9,September,2,Wednesday,0,0,392565.48591,1,437504.01239698566,381750.84468423575
20130905,2013-09-05,2013,9,September,3,Thursday,0,0,330622.779063,1,442661.73998555716,382453.3359389321
20130906,2013-09-06,2013,9,September,4,Friday,0,0,335442.247929,1,439877.35669727146,382379.07094111067
20130907,2013-09-07,2013,9,September,5,Saturday,1,0,518584.247,1,439156.3375392857,385393.33175932505
20130908,2013-09-08,2013,9,September,6,Sunday,1,0,560852.005091,1,427791.4494272857,389898.0346911
20130909,2013-09-09,2013,9,September,0,Monday,0,0,377151.7070027,1,416128.4131468143,390884.1947971607
20130910,2013-09-10,2013,9,September,1,Tuesday,0,0,308074.4658225,1,403327.5625454571,390561.7353243571
20130911,2013-09-11,2013,9,September,2,Wednesday,0,0,323124.61885,1,393407.4386797429,390516.9936085357
20130912,2013-09-12,2013,9,September,3,Thursday,0,0,282855.730937,1,386583.57466174284,389510.29925235716
20130913,2013-09-13,2013,9,September,4,Friday,0,0,319556.942029,1,384314.2452474571,387905.64282896783
20130914,2013-09-14,2013,9,September,5,Saturday,1,0,476364.004996,1,378282.78210402856,388888.8104746571
20130915,2013-09-15,2013,9,September,6,Sunday,1,1,532852.959041,1,374282.9183826,391345.924259425
20130916,2013-09-16,2013,9,September,0,Monday,0,0,373229.840879,1,373722.6517935,391743.9354708178
20130917,2013-09-17,2013,9,September,1,Tuesday,0,0,327282.949966,1,376466.7209568572,391180.9653274607
20130918,2013-09-18,2013,9,September,2,Wednesday,0,0,315687.718926,1,375404.306682,390465.3608629607
20130919,2013-09-19,2013,9,September,3,Thursday,0,0,279580.372008,1,374936.39826357143,389504.90054253215
20130920,2013-09-20,2013,9,September,4,Friday,0,0,331846.9039701,1,376692.10711230006,389502.7767879643
20130921,2013-09-21,2013,9,September,5,Saturday,1,0,468298.380896,1,375539.87509801425,391207.14199875004
20130922,2013-09-22,2013,9,September,6,Sunday,1,0,502068.7019007,1,371142.12407797144,393291.94943256077
20130923,2013-09-23,2013,9,September,0,Monday,0,0,356043.0340047,1,368686.8659530714,393609.2134679322
20130924,2013-09-24,2013,9,September,1,Tuesday,0,0,303333.392926,1,365265.5006616428,393025.1125360572
20130925,2013-09-25,2013,9,September,2,Wednesday,0,0,312490.104996,1,364808.6986716428,392781.11410759285
20130926,2013-09-26,2013,9,September,3,Thursday,0,0,273057.8798588,1,363876.9140789,392014.6567474428
20130927,2013-09-27,2013,9,September,4,Friday,0,0,320246.574024,1,362219.72408659995,390775.85828590713
20130928,2013-09-28,2013,9,September,5,Saturday,1,0,484903.6890081,1,364591.9109597571,389392.7264252714
20130929,2013-09-29,2013,9,September,6,Sunday,1,0,522868.441946,1,367563.3023948,385194.94857066433
20130930,2013-09-30,2013,9,September,0,Monday,0,1,367068.4500143,1,369138.36182474287,381919.0731795322
20131001,2013-10-01,2013,10,October,1,Tuesday,0,0,436441.034076,1,388153.7391318857,383303.3808239607
20131002,2013-10-02,2013,10,October,2,Wednesday,0,0,414455.6550375,1,402720.24628067145,384085.17257851426
20131003,2013-10-03,2013,10,October,3,Thursday,0,0,348933.24703,1,413559.5844479857,384739.11786305
20131004,2013-10-04,2013,10,October,4,Friday,0,0,378109.978059,1,421825.7850244143,386262.96536769293
20131005,2013-10-05,2013,10,October,5,Saturday,1,0,540156.625057,1,429719.0616028286,387033.4074411571
20131006,2013-10-06,2013,10,October,6,Sunday,1,0,553031.424016,1,434028.0590414,386754.1009741929
20131007,2013-10-07,2013,10,October,0,Monday,0,0,373387.109043,1,434930.72461692855,386619.65104706073
20131008,2013-10-08,2013,10,October,1,Tuesday,0,0,326726.7240121,1,419257.25175065716,387285.80312526075
20131009,2013-10-09,2013,10,October,2,Wednesday,0,0,322529.418957,1,406124.93231058575,387264.545986225
20131010,2013-10-10,2013,10,October,3,Thursday,0,0,305047.0980576,1,399855.4824573857,388057.0948119607
20131011,2013-10-11,2013,10,October,4,Friday,0,0,402913.849028,1,403398.89259581425,391034.1272047822
20131012,2013-10-12,2013,10,October,5,Saturday,1,0,426379.6909939,1,387145.0448725143,389248.9731332786
20131013,2013-10-13,2013,10,October,6,Sunday,1,0,481781.2559686,1,376966.4494371714,387424.9837378357
20131014,2013-10-14,2013,10,October,0,Monday,0,0,342694.7209944,1,372581.8225730857,386334.4437419572
20131015,2013-10-15,2013,10,October,1,Tuesday,0,1,305242.569986,1,369512.6577122143,385547.2873141
20131016,2013-10-16,2013,10,October,2,Wednesday,0,0,355696.963943,1,374250.8784245,386976.18892185006
20131017,2013-10-17,2013,10,October,3,Thursday,0,0,312949.412961,1,375379.78055355715,388167.94038445706
20131018,2013-10-18,2013,10,October,4,Friday,0,0,323327.873107,1,364010.3554219857,387863.68928220356
20131019,2013-10-19,2013,10,October,5,Saturday,1,0,488245.570001,1,372848.3381372857,388576.0888930964
20131020,2013-10-20,2013,10,October,6,Sunday,1,0,537713.5090483,1,380838.6600058143,389849.1177197964
20131021,2013-10-21,2013,10,October,0,Monday,0,0,348721.327971,1,381699.6038596143,389587.6282185928
20131022,2013-10-22,2013,10,October,1,Tuesday,0,0,301641.7850828,1,381185.20601629996,389527.2136527643
20131023,2013-10-23,2013,10,October,2,Wednesday,0,0,323105.11598,1,376529.22773587145,389906.3211879072
20131024,2013-10-24,2013,10,October,3,Thursday,0,0,276059.0800025,1,371259.1801703714,390013.50690732506
20131025,2013-10-25,2013,10,October,4,Friday,0,0,317570.4260338,1,370436.68773134286,389917.9301933893
20131026,2013-10-26,2013,10,October,5,Saturday,1,0,452902.363914,1,365387.6582903429,388775.02572574286
20131027,2013-10-27,2013,10,October,6,Sunday,1,0,512891.4830689,1,361841.654579,388418.7057658465
20131028,2013-10-28,2013,10,October,0,Monday,0,0,346941.91396,1,361587.45257742854,387699.90090676426
20131029,2013-10-29,2013,10,October,1,Tuesday,0,0,302332.9969864,1,361686.1971350857,382910.32815356425
20131030,2013-10-30,2013,10,October,2,Wednesday,0,0,319494.7050373,1,361170.42414327146,379518.8656535571
20131031,2013-10-31,2013,10,October,3,Thursday,0,1,298195.433106,1,364332.7603009143,377706.8008705572
20131101,2013-11-01,2013,11,November,4,Friday,0,0,403637.232955,1,376628.0184325143,378618.48854541423
20131102,2013-11-02,2013,11,November,5,Saturday,1,0,540615.555037,1,389158.4743072285,378634.87890184287
20131103,2013-11-03,2013,11,November,6,Sunday,1,0,602796.556029,1,402002.05615867145,380412.2050451643
20131104,2013-11-04,2013,11,November,0,Monday,0,0,424314.167046,1,413055.2351709571,382231.02854527143
20131105,2013-11-05,2013,11,November,1,Tuesday,0,0,393322.182909,1,426053.69030275714,384609.4377915893
20131106,2013-11-06,2013,11,November,2,Wednesday,0,0,386426.9788195,1,435615.4437002143,386891.49350096425
20131107,2013-11-07,2013,11,November,3,Thursday,0,0,346293.3400477,1,442486.57326331426,388364.57357203925
20131108,2013-11-08,2013,11,November,4,Friday,0,0,358473.978049,1,436034.6797053143,386777.4353227893
20131109,2013-11-09,2013,11,November,5,Saturday,1,0,513850.32307,1,432211.0751386,389901.3864683643
20131110,2013-11-10,2013,11,November,6,Sunday,1,0,587666.490239,1,430049.63716859993,393683.0019780214
20131111,2013-11-11,2013,11,November,0,Monday,0,0,374087.890067,1,422874.4547430286,394804.1865877571
20131112,2013-11-12,2013,11,November,1,Tuesday,0,0,373277.748034,1,420010.9640466,397234.0143751857
20131113,2013-11-13,2013,11,November,2,Wednesday,0,0,332279.2568851,1,412275.5751988286,396397.6676945464
20131114,2013-11-14,2013,11,November,3,Thursday,0,0,284567.4029707,1,403457.5841878285,395384.0244806072
20131115,2013-11-15,2013,11,November,4,Friday,0,1,349383.296052,1,402158.91533111426,396314.5753000714
20131116,2013-11-16,2013,11,November,5,Saturday,1,0,524065.5881155,1,403618.2389090429,397593.8616613035
20131117,2013-11-17,2013,11,November,6,Sunday,1,0,579209.228924,1,402410.05872118566,399075.8516568643
20131118,2013-11-18,2013,11,November,0,Monday,0,0,391945.551999,1,404961.1532829,400619.5739435786
20131119,2013-11-19,2013,11,November,1,Tuesday,0,0,329455.2710234,1,398700.79942424287,401612.91272717144
20131120,2013-11-20,2013,11,November,2,Wednesday,0,0,354337.734795,1,401852.0105542286,402728.3633991357
20131121,2013-11-21,2013,11,November,3,Thursday,0,0,298047.047965,1,403777.6741248429,403513.647969225
20131122,2013-11-22,2013,11,November,4,Friday,0,0,340734.213038,1,402542.0908371286,404340.92607651785
20131123,2013-11-23,2013,11,November,5,Saturday,1,0,485544.298837,1,397039.0495116286,405506.709466625
20131124,2013-11-24,2013,11,November,6,Sunday,1,0,550925.293106,1,392998.4872519142,406865.05982509285
20131125,2013-11-25,2013,11,November,0,Monday,0,0,365965.5090102,1,389287.0525392285,407544.4739340286
20131126,2013-11-26,2013,11,November,1,Tuesday,0,0,323292.830024,1,388406.7038250286,408293.0393996571
20131127,2013-11-27,2013,11,November,2,Wednesday,0,0,337083.286026,1,385941.78257231426,408921.2030063965
20131128,2013-11-28,2013,11,November,3,Thursday,0,0,305982.981947,1,387075.4874268857,409199.3297507178
20131129,2013-11-29,2013,11,November,4,Friday,0,0,357000.404165,1,389399.22901645716,407533.7287225035
20131130,2013-11-30,2013,11,November,5,Saturday,1,1,541977.655801,1,397461.1371541714,407582.37517836073
20131201,2013-12-01,2013,12,December,6,Sunday,1,0,698217.128989,1,418502.8279946,410990.2527840749
20131202,2013-12-02,2013,12,December,0,Monday,0,0,495488.366984,1,437006.09341942857,413532.1884961464
20131203,2013-12-03,2013,12,December,1,Tuesday,0,0,424438.046973,1,451455.4101264286,414643.469355575
20131204,2013-12-04,2013,12,December,2,Wednesday,0,0,424147.0459855,1,463893.09012064285,415990.6146115036
20131205,2013-12-05,2013,12,December,3,Thursday,0,0,386406.804985,1,475382.20769749995,417423.2383592643
20131206,2013-12-06,2013,12,December,4,Friday,0,0,432661.755068,1,486190.9721122143,420072.80182422855
20131207,2013-12-07,2013,12,December,5,Saturday,1,0,537181.319801,1,485505.78125507146,420906.0517074786
20131208,2013-12-08,2013,12,December,6,Sunday,1,0,588855.895921,1,469882.74795964285,420948.53048183577
20131209,2013-12-09,2013,12,December,0,Monday,0,0,442309.3141075,1,462285.74040585716,423385.00991185365
20131210,2013-12-10,2013,12,December,1,Tuesday,0,0,414421.695986,1,460854.833122,424854.436624425
20131211,2013-12-11,2013,12,December,2,Wednesday,0,0,422957.198908,1,460684.85496807145,428092.9345538143
20131212,2013-12-12,2013,12,December,3,Thursday,0,0,384256.080979,1,460377.6086815,431653.24448268214
20131213,2013-12-13,2013,12,December,4,Friday,0,0,434657.0129787,1,460662.64552588575,434698.73437292146
20131214,2013-12-14,2013,12,December,5,Saturday,1,0,554911.917024,1,463195.5879863143,435800.3889767965
20131215,2013-12-15,2013,12,December,6,Sunday,1,1,642015.7758165,1,470789.85654281423,438043.47993724287
20131216,2013-12-16,2013,12,December,0,Monday,0,0,516060.290853,1,481325.7103636,442476.14918202854
20131217,2013-12-17,2013,12,December,1,Tuesday,0,0,480470.7168425,1,490761.28477167146,447869.55796128215
20131218,2013-12-18,2013,12,December,2,Wednesday,0,0,527481.336925,1,505693.3044883857,454053.2580373536
20131219,2013-12-19,2013,12,December,3,Thursday,0,0,507461.038187,1,523294.0126609571,461532.32911671064
20131220,2013-12-20,2013,12,December,4,Friday,0,0,544104.2676365,1,538929.3347549286,468795.5453523714
20131221,2013-12-21,2013,12,December,5,Saturday,1,0,685673.07474,1,557609.5001429286,475943.0016346214
20131222,2013-12-22,2013,12,December,6,Sunday,1,0,696295.146867,1,565363.6960072857,481134.7821260857
20131223,2013-12-23,2013,12,December,0,Monday,0,0,792865.284427,1,604907.2665178571,496381.2026766857
20131224,2013-12-24,2013,12,December,1,Tuesday,0,0,620663.290732,1,624934.7770735,507001.5762734
20131225,2013-12-25,2013,12,December,2,Wednesday,0,0,,0,641177.01709825,513294.84628256294
20131226,2013-12-26,2013,12,December,3,Thursday,0,0,470731.1624137,1,635055.3711360333,519396.63074429263
20131227,2013-12-27,2013,12,December,4,Friday,0,0,479314.968043,1,624257.1545371168,523926.79977681115
20131228,2013-12-28,2013,12,December,5,Saturday,1,0,556952.305979,1,602803.69307695,524481.4164500705
20131229,2013-12-29,2013,12,December,6,Sunday,1,0,499719.5049237,1,570041.0860864,517129.65259580006
20131230,2013-12-30,2013,12,December,0,Monday,0,0,635134.7358515,1,543752.6613238166,522301.74033163337
20131231,2013-12-31,2013,12,December,1,Tuesday,0,1,507264.6630475,1,524852.8900430667,525369.392778837
20140101,2014-01-01,2014,1,January,2,Wednesday,0,0,8602.065404,1,451102.7722374857,509978.8379424852
20140102,2014-01-02,2014,1,January,3,Thursday,0,0,801011.226041,1,498285.63846995716,525334.5572408555
20140103,2014-01-03,2014,1,January,4,Friday,0,0,680672.845603,1,527051.0495499572,534520.1531865963
20140104,2014-01-04,2014,1,January,5,Saturday,1,0,936628.8866039,1,581290.5610678,549314.5075126296
20140105,2014-01-05,2014,1,January,6,Sunday,1,0,949618.78894,1,645561.8873558429,562676.0961429629
20140106,2014-01-06,2014,1,January,0,Monday,0,0,602268.564009,1,640866.7199497714,568600.5128059814
20140107,2014-01-07,2014,1,January,1,Tuesday,0,0,563450.5988595,1,648893.2822086286,574120.1018012962
20140108,2014-01-08,2014,1,January,2,Wednesday,0,0,636176.853478,1,738546.8233620572,582017.1260446296
20140109,2014-01-09,2014,1,January,3,Thursday,0,0,496377.933414,1,695027.7815582,586169.787245926
20140110,2014-01-10,2014,1,January,4,Friday,0,0,543055.329066,1,675368.1363386286,590184.5396936038
20140111,2014-01-11,2014,1,January,5,Saturday,1,0,787321.455619,1,654038.5033407856,598792.3003823074
20140112,2014-01-12,2014,1,January,6,Sunday,1,0,844633.598917,1,639040.6190517858,606296.6642008445
20140113,2014-01-13,2014,1,January,0,Monday,0,0,555547.0150185,1,632366.1120531429,607759.1354662334
20140114,2014-01-14,2014,1,January,1,Tuesday,0,0,502643.104285,1,623679.3271139285,608580.3350011407
20140115,2014-01-15,2014,1,January,2,Wednesday,0,1,567067.469069,1,613806.557912643,610046.488043511
20140116,2014-01-16,2014,1,January,3,Thursday,0,0,502789.214207,1,614722.4551687856,609873.4575257334
20140117,2014-01-17,2014,1,January,4,Friday,0,0,542937.915657,1,614705.6818246429,609830.2593042704
20140118,2014-01-18,2014,1,January,5,Saturday,1,0,786779.8899055,1,614628.3152941428,613574.9561622519
20140119,2014-01-19,2014,1,January,6,Sunday,1,0,851735.334091,1,615642.8488904285,619332.0001335111
20140120,2014-01-20,2014,1,January,0,Monday,0,0,575850.061871,1,618543.2841550715,611294.3992981038
20140121,2014-01-21,2014,1,January,1,Tuesday,0,0,538817.207912,1,623711.0132446429,608263.062897363
20140122,2014-01-22,2014,1,January,2,Wednesday,0,0,553097.596874,1,621715.3172167857,606292.8676822429
20140123,2014-01-23,2014,1,January,3,Thursday,0,0,460789.0398597,1,615715.2923100286,605937.7918767428
20140124,2014-01-24,2014,1,January,4,Friday,0,0,526124.572256,1,613313.3861098858,607609.5634557785
20140125,2014-01-25,2014,1,January,5,Saturday,1,0,733880.979053,1,605756.3988452429,613928.4446369929
20140126,2014-01-26,2014,1,January,6,Sunday,1,0,814057.732862,1,600373.8843839571,625154.8099205036
20140127,2014-01-27,2014,1,January,0,Monday,0,0,540798.833711,1,595366.5660753858,621785.6705583428
20140128,2014-01-28,2014,1,January,1,Tuesday,0,0,481593.435798,1,587191.7414876714,620868.8410137178
20140129,2014-01-29,2014,1,January,2,Wednesday,0,0,512853.989922,1,581442.6547802428,638877.8383179322
20140130,2014-01-30,2014,1,January,3,Thursday,0,0,453642.97070330003,1,580421.7877579,626471.8291987285
20140131,2014-01-31,2014,1,January,4,Friday,0,1,560816.192394,1,585377.7334919,622191.2344412644
20140201,2014-02-01,2014,2,February,5,Saturday,1,0,648870.19898,1,573233.3363386143,611914.1384546964
20140202,2014-02-02,2014,2,February,6,Sunday,1,0,619805.537102,1,545483.0226586143,600135.0937461965
20140203,2014-02-03,2014,2,February,0,Monday,0,0,461637.5229585,1,534174.2639796857,595112.5565658214
20140204,2014-02-04,2014,2,February,1,Tuesday,0,0,403189.5869763,1,522973.71414801426,589388.9489985643
20140205,2014-02-05,2014,2,February,2,Wednesday,0,0,399138.3059075,1,506728.6164316571,580923.2865853321
20140206,2014-02-06,2014,2,February,3,Thursday,0,0,359139.101529,1,493228.0636924714,576021.8997322965
20140207,2014-02-07,2014,2,February,4,Friday,0,0,389471.568011,1,468750.2602091857,570536.7654089036
20140208,2014-02-08,2014,2,February,5,Saturday,1,0,530128.059914,1,451787.0974854714,561351.2869908678
20140209,2014-02-09,2014,2,February,6,Sunday,1,0,520753.7470746,1,437636.84176727146,549784.1494250678
20140210,2014-02-10,2014,2,February,0,Monday,0,0,396622.737011,1,428349.0152033429,544108.2823533715
20140211,2014-02-11,2014,2,February,1,Tuesday,0,0,358382.7339877,1,421948.03620497143,538956.1262713249
20140212,2014-02-12,2014,2,February,2,Wednesday,0,0,387758.393971,1,420322.33449975715,532552.2307321107
20140213,2014-02-13,2014,2,February,3,Thursday,0,0,347373.2985675,1,418641.50550525717,527001.6623164143
20140214,2014-02-14,2014,2,February,4,Friday,0,0,361206.4069057,1,414603.6253473571,520511.2512895822
20140215,2014-02-15,2014,2,February,5,Saturday,1,1,538893.357859,1,415855.81076807145,511658.16085935
20140216,2014-02-16,2014,2,February,6,Sunday,1,0,595300.23508,1,426505.3090545571,502499.76446609996
20140217,2014-02-17,2014,2,February,0,Monday,0,0,412029.2879535,1,428706.24490348576,496649.02254047495
20140218,2014-02-18,2014,2,February,1,Tuesday,0,0,365331.247942,1,429698.88975410006,490453.0953986893
20140219,2014-02-19,2014,2,February,2,Wednesday,0,0,360161.6390075,1,425756.49618788576,483562.52547488565
20140220,2014-02-20,2014,2,February,3,Thursday,0,0,322451.9201135,1,422196.29926588567,478621.9140553786
20140221,2014-02-21,2014,2,February,4,Friday,0,0,369403.653633,1,423367.3345126429,473024.73839027144
20140222,2014-02-22,2014,2,February,5,Saturday,1,0,538206.082827,1,423269.1523652143,466036.34923934285
20140223,2014-02-23,2014,2,February,6,Sunday,1,0,487896.463891,1,407925.7564810714,454387.73249037855
20140224,2014-02-24,2014,2,February,0,Monday,0,0,404224.188997,1,406810.7423444285,449510.0666077357
20140225,2014-02-25,2014,2,February,1,Tuesday,0,0,351418.110084,1,404823.1512218571,444860.94783223566
20140226,2014-02-26,2014,2,February,2,Wednesday,0,0,353604.266985,1,403886.3837900714,439173.45772734284
20140227,2014-02-27,2014,2,February,3,Thursday,0,0,330330.185244,1,405011.8502372857,434769.429675225
20140228,2014-02-28,2014,2,February,4,Friday,0,1,425624.795466,1,413043.4419277143,429941.16549922497
20140301,2014-03-01,2014,3,March,5,Saturday,1,0,911360.2578707,1,466351.1812196714,439315.81045960716
20140302,2014-03-02,2014,3,March,6,Sunday,1,0,667413.052988,1,491996.40823352855,441016.0788841071
20140303,2014-03-03,2014,3,March,0,Monday,0,0,613973.031386,1,521960.52857481426,446456.63275651785
20140304,2014-03-04,2014,3,March,1,Tuesday,0,0,748930.902096,1,578748.0702908143,458804.5368679357
20140305,2014-03-05,2014,3,March,2,Wednesday,0,0,741756.416525,1,634198.3773679571,471040.89796141785
20140306,2014-03-06,2014,3,March,3,Thursday,0,0,614082.444339,1,674734.4143815285,480146.0173474893
20140307,2014-03-07,2014,3,March,4,Friday,0,0,598242.341178,1,699394.063768957,487602.11638916784
20140308,2014-03-08,2014,3,March,5,Saturday,1,0,753345.259201,1,676820.4925304286,495574.15922084637
20140309,2014-03-09,2014,3,March,6,Sunday,1,0,916117.649984,1,712349.7206727143,509694.2986104678
20140310,2014-03-10,2014,3,March,0,Monday,0,0,587414.828974,1,708555.6917567143,516508.30189486075
20140311,2014-03-11,2014,3,March,1,Tuesday,0,0,539365.375063,1,678617.7593234285,522971.96764755005
20140312,2014-03-12,2014,3,March,2,Wednesday,0,0,575676.797032,1,654892.0993958571,529683.3391854429
20140313,2014-03-13,2014,3,March,3,Thursday,0,0,473298.042544,1,634780.0419965715,534180.6514703179
20140314,2014-03-14,2014,3,March,4,Friday,0,0,530515.2554715,1,625104.7440385,540227.3960619535
20140315,2014-03-15,2014,3,March,5,Saturday,1,1,731049.789851,1,621919.6769884999,547090.1257759535
20140316,2014-03-16,2014,3,March,6,Sunday,1,0,929808.492772,1,623875.5116724999,559036.8492649535
20140317,2014-03-17,2014,3,March,0,Monday,0,0,612719.522118,1,627490.4678359285,566204.3576279714
20140318,2014-03-18,2014,3,March,1,Tuesday,0,0,537427.86875,1,627213.6812197857,572350.6655139715
20140319,2014-03-19,2014,3,March,2,Wednesday,0,0,585974.657018,1,628684.8040749285,580415.4161572036
20140320,2014-03-20,2014,3,March,3,Thursday,0,0,500897.112641,1,632627.5283745,586788.4587474714
20140321,2014-03-21,2014,3,March,4,Friday,0,0,548811.469984,1,635241.2733048572,593195.8807600072
20140322,2014-03-22,2014,3,March,5,Saturday,1,0,771704.933772,1,641049.1510078572,601535.1254366143
20140323,2014-03-23,2014,3,March,6,Sunday,1,0,838814.636064,1,628050.028621,614067.9172999357
20140324,2014-03-24,2014,3,March,0,Monday,0,0,571762.044919,1,622198.9604497143,620051.4121542928
20140325,2014-03-25,2014,3,March,1,Tuesday,0,0,539861.6183493,1,622546.6389638999,626781.5374494821
20140326,2014-03-26,2014,3,March,2,Wednesday,0,0,569680.543547,1,620218.9084680428,634498.5473266963
20140327,2014-03-27,2014,3,March,3,Thursday,0,0,468581.398304,1,615602.3778484714,639436.0906502678
20140328,2014-03-28,2014,3,March,4,Friday,0,0,538905.781947,1,614187.2795574714,643481.8401674464
20140329,2014-03-29,2014,3,March,5,Saturday,1,0,822333.142686,1,621419.8808308999,640302.3003394214
20140330,2014-03-30,2014,3,March,6,Sunday,1,0,873958.8396415,1,626440.4813419714,647678.9355770464
20140331,2014-03-31,2014,3,March,0,Monday,0,1,651800.509461,1,637874.5477051142,649029.9169368679
20140401,2014-04-01,2014,4,April,1,Tuesday,0,0,485079.887001,1,630048.5860839285,639606.6663977607
20140402,2014-04-02,2014,4,April,2,Wednesday,0,0,463917.316107,1,614939.5535925,629683.8413828321
20140403,2014-04-03,2014,4,April,3,Thursday,0,0,388867.961418,1,603551.919751643,621640.4669927964
20140404,2014-04-04,2014,4,April,4,Friday,0,0,422578.745073,1,586933.7716267857,615366.7671319034
20140405,2014-04-05,2014,4,April,5,Saturday,1,0,617680.194045,1,557697.6361066429,610521.586233475
20140406,2014-04-06,2014,4,April,6,Sunday,1,0,631888.250898,1,523116.12342899997,600370.5362661179
20140407,2014-04-07,2014,4,April,0,Monday,0,0,426091.1040178,1,490871.92265140003,594608.9746605393
20140408,2014-04-08,2014,4,April,1,Tuesday,0,0,376663.272105,1,475383.8348091143,588798.1852691822
20140409,2014-04-09,2014,4,April,2,Wednesday,0,0,375309.08201199997,1,462725.5156526857,581642.1954470393
20140410,2014-04-10,2014,4,April,3,Thursday,0,0,334052.7571255,1,454894.77218232857,576669.1495392357
20140411,2014-04-11,2014,4,April,4,Friday,0,0,379646.845927,1,448761.6437329,571280.9920555035
20140412,2014-04-12,2014,4,April,5,Saturday,1,0,529919.922964,1,436224.4621499,564097.7825238251
20140413,2014-04-13,2014,4,April,6,Sunday,1,0,540190.281942,1,423124.7522990429,550182.8464227536
20140414,2014-04-14,2014,4,April,0,Monday,0,0,381386.309033,1,416738.3530155,541920.9459554321
20140415,2014-04-15,2014,4,April,1,Tuesday,0,1,364689.054991,1,415027.7505706428,535751.7026068964
20140416,2014-04-16,2014,4,April,2,Wednesday,0,0,411357.084985,1,420177.46528107143,529515.360748575
20140417,2014-04-17,2014,4,April,3,Thursday,0,0,397464.842904,1,429236.334678,525821.3511151107
20140418,2014-04-18,2014,4,April,4,Friday,0,0,394392.184115,1,431342.811562,520306.3766197893
20140419,2014-04-19,2014,4,April,5,Saturday,1,0,496904.749136,1,426626.358158,510492.0843113608
20140420,2014-04-20,2014,4,April,6,Sunday,1,0,520126.3980386,1,423760.08902894286,499110.3615247393
20140421,2014-04-21,2014,4,April,0,Monday,0,0,398677.396998,1,426230.2444525143,492928.7669561322
20140422,2014-04-22,2014,4,April,1,Tuesday,0,0,370552.249018,1,427067.8435992286,486882.0037657286
20140423,2014-04-23,2014,4,April,2,Wednesday,0,0,372232.595049,1,421478.63075122854,479830.2913193714
20140424,2014-04-24,2014,4,April,3,Thursday,0,0,320875.477858,1,410537.2928875143,474555.0798748714
20140425,2014-04-25,2014,4,April,4,Friday,0,0,357173.708433,1,405220.36779008573,468064.6486779428
20140426,2014-04-26,2014,4,April,5,Saturday,1,0,497334.73503599997,1,405281.79434722854,456457.5626904429
20140427,2014-04-27,2014,4,April,6,Sunday,1,0,560508.420995,1,411050.65476957144,445262.90488163935
20140428,2014-04-28,2014,4,April,0,Monday,0,0,362271.9169815,1,405849.8719100714,434922.5980073715
20140429,2014-04-29,2014,4,April,1,Tuesday,0,0,326338.348031,1,399533.6003405,429253.2573298714
20140430,2014-04-30,2014,4,April,2,Wednesday,0,1,357079.964912,1,397368.93889235717,425437.63764433574
20140501,2014-05-01,2014,5,May,3,Thursday,0,0,530380.848064,1,427298.2774932143,430491.6693102643
20140502,2014-05-02,2014,5,May,4,Friday,0,0,443284.891212,1,439599.8750330714,431231.1745295143
20140503,2014-05-03,2014,5,May,5,Saturday,1,0,610391.748971,1,455750.8770237858,430970.8729197286
20140504,2014-05-04,2014,5,May,6,Sunday,1,0,646164.863883,1,467987.51172207145,431480.75195490714
20140505,2014-05-05,2014,5,May,0,Monday,0,0,427601.704071,1,477320.3384491428,431534.70195680717
20140506,2014-05-06,2014,5,May,1,Tuesday,0,0,388945.890086,1,486264.2730284286,431973.36688469996
20140507,2014-05-07,2014,5,May,2,Wednesday,0,0,391932.183945,1,491243.16146171425,432567.0490965928
20140508,2014-05-08,2014,5,May,3,Thursday,0,0,337483.713217,1,463686.4279121429,432689.58324271784
20140509,2014-05-09,2014,5,May,4,Friday,0,0,381335.196055,1,454836.4714611429,432749.88146157505
20140510,2014-05-10,2014,5,May,5,Saturday,1,0,577012.026997,1,450067.93975057144,434431.7423198964
20140511,2014-05-11,2014,5,May,6,Sunday,1,0,454512.928937,1,422689.0919011428,431371.83685543214
20140512,2014-05-12,2014,5,May,0,Monday,0,0,398251.889006,1,418496.2611775715,431974.17899732507
20140513,2014-05-13,2014,5,May,1,Tuesday,0,0,360734.522978,1,414466.06587642856,431832.94571114646
20140514,2014-05-14,2014,5,May,2,Wednesday,0,0,356373.806985,1,409386.2977392857,429869.2572111464
20140515,2014-05-15,2014,5,May,3,Thursday,0,1,332272.8296378,1,408641.88579940004,427540.9710230679
20140516,2014-05-16,2014,5,May,4,Friday,0,0,380822.742652,1,408568.67817040003,427056.348113675
20140517,2014-05-17,2014,5,May,5,Saturday,1,0,537873.964019,1,402977.5263164,428519.53435949644
20140518,2014-05-18,2014,5,May,6,Sunday,1,0,634519.7368283,1,428692.78458658565,432605.0107448428
20140519,2014-05-19,2014,5,May,0,Monday,0,0,388814.744958,1,427344.62115115713,432252.7731719857
20140520,2014-05-20,2014,5,May,1,Tuesday,0,0,354372.33997,1,426435.73786429997,431674.9192774143
20140521,2014-05-21,2014,5,May,2,Wednesday,0,0,356898.483031,1,426510.6915851572,431127.27241962857
20140522,2014-05-22,2014,5,May,3,Thursday,0,0,310660.142642,1,423423.1648714714,430762.43901905714
20140523,2014-05-23,2014,5,May,4,Friday,0,0,349549.892726,1,418955.6148820428,430490.1598866643
20140524,2014-05-24,2014,5,May,5,Saturday,1,0,516627.261707,1,415920.37169461424,431179.17869634286
20140525,2014-05-25,2014,5,May,6,Sunday,1,0,573412.21016,1,407190.72502771433,431640.0283093786
20140526,2014-05-26,2014,5,May,0,Monday,0,0,373831.086112,1,405050.20233542856,432052.855778325
20140527,2014-05-27,2014,5,May,1,Tuesday,0,0,327642.143098,1,401231.6027822857,432099.4198878607
20140528,2014-05-28,2014,5,May,2,Wednesday,0,0,338481.784057,1,398600.645786,431435.19914303924
20140529,2014-05-29,2014,5,May,3,Thursday,0,0,326624.5773325,1,400881.27931321424,424158.1894740571
20140530,2014-05-30,2014,5,May,4,Friday,0,0,375782.6398709,1,404628.8146196286,421747.39478330355
20140531,2014-05-31,2014,5,May,5,Saturday,1,1,597192.467989,1,416138.12980277144,421275.9918910893
20140601,2014-06-01,2014,6,June,6,Sunday,1,0,742732.830236,1,440326.78981362854,424724.8478322678
20140602,2014-06-02,2014,6,June,0,Monday,0,0,512725.7729758,1,460168.88793702854,427764.99315029645
20140603,2014-06-03,2014,6,June,1,Tuesday,0,0,443636.187975,1,476739.46577659994,429718.21807490353
20140604,2014-06-04,2014,6,June,2,Wednesday,0,0,423284.494993,1,488854.13876745716,430837.943469475
20140605,2014-06-05,2014,6,June,3,Thursday,0,0,359474.513823,1,493546.98683752853,431623.32920540357
20140606,2014-06-06,2014,6,June,4,Friday,0,0,391266.125449,1,495758.91334868566,431978.0052551893
20140607,2014-06-07,2014,6,June,5,Saturday,1,0,557142.461024,1,490037.4837822571,431268.3778990107
20140608,2014-06-08,2014,6,June,6,Sunday,1,0,626026.956957,1,473365.2161709714,437393.878899725
20140609,2014-06-09,2014,6,June,0,Monday,0,0,415798.946041,1,459518.52660885715,438020.5595081179
20140610,2014-06-10,2014,6,June,1,Tuesday,0,0,351689.4229725,1,446383.2744656428,437697.5202222071
20140611,2014-06-11,2014,6,June,2,Wednesday,0,0,373828.16418,1,439318.0843495,438320.8901220286
20140612,2014-06-12,2014,6,June,3,Thursday,0,0,329408.06736,1,435022.87771192857,438218.5771835357
20140613,2014-06-13,2014,6,June,4,Friday,0,0,392308.374573,1,435171.77044392854,438628.7783235715
20140614,2014-06-14,2014,6,June,5,Saturday,1,0,622072.988944,1,444447.5601467857,441635.88635660714
20140615,2014-06-15,2014,6,June,6,Sunday,1,1,441279.9339945,1,418055.128295,434734.4648268286
20140616,2014-06-16,2014,6,June,0,Monday,0,0,447450.23987,1,422576.74169914285,436828.58964511426
20140617,2014-06-17,2014,6,June,1,Tuesday,0,0,380396.036044,1,426677.6864236429,437758.0073620429
20140618,2014-06-18,2014,6,June,2,Wednesday,0,0,373408.6641423,1,426617.7578468286,438347.65668744646
20140619,2014-06-19,2014,6,June,3,Thursday,0,0,332280.935096,1,427028.1675234,439119.82784651784
20140620,2014-06-20,2014,6,June,4,Friday,0,0,369206.789547,1,423727.94109111425,439821.85987583926
20140621,2014-06-21,2014,6,June,5,Saturday,1,0,538613.855166,1,411805.20769425714,440607.0953565178
20140622,2014-06-22,2014,6,June,6,Sunday,1,0,591184.1240535,1,433220.09198840003,441241.80656699993
20140623,2014-06-23,2014,6,June,0,Monday,0,0,414929.6359765,1,428574.2914321857,442709.61191930354
20140624,2014-06-24,2014,6,June,1,Tuesday,0,0,340464.7450455,1,422869.8212895428,443167.56198885717
20140625,2014-06-25,2014,6,June,2,Wednesday,0,0,355342.398017,1,420288.9261287857,443769.7267731429
20140626,2014-06-26,2014,6,June,3,Thursday,0,0,315798.180924,1,417934.24696135713,443383.0697585535
20140627,2014-06-27,2014,6,June,4,Friday,0,0,370793.573429,1,418160.9303730714,443204.88881420007
20140628,2014-06-28,2014,6,June,5,Saturday,1,0,510870.81398,1,414197.6387750715,440121.9725995929
20140629,2014-06-29,2014,6,June,6,Sunday,1,0,567218.8850125,1,410774.0331977857,433853.6174130393
20140630,2014-06-30,2014,6,June,0,Monday,0,1,429324.0552005,1,412830.37880121433,430874.98463534995
20140701,2014-07-01,2014,7,July,1,Tuesday,0,0,720480.616788,1,467118.3604787142,440762.2856643857
20140702,2014-07-02,2014,7,July,2,Wednesday,0,0,747430.1471275,1,523130.89606592857,452338.9160977607
20140703,2014-07-03,2014,7,July,3,Thursday,0,0,583844.7207922,1,561423.2589042429,460352.13777523214
20140704,2014-07-04,2014,7,July,4,Friday,0,0,595424.31324,1,593513.3645915285,467643.50162491074
20140705,2014-07-05,2014,7,July,5,Saturday,1,0,817307.1101677,1,637289.9783326285,476935.0962371857
20140706,2014-07-06,2014,7,July,6,Sunday,1,0,918276.596259,1,687441.0799392714,487372.5833551143
20140707,2014-07-07,2014,7,July,0,Monday,0,0,638526.428909,1,717327.1333262001,495327.13631468563
20140708,2014-07-08,2014,7,July,1,Tuesday,0,0,557291.4975265,1,694014.4020031284,502670.0675487571
20140709,2014-07-09,2014,7,July,2,Wednesday,0,0,574451.409963,1,669303.1538367715,509835.18346957857
20140710,2014-07-10,2014,7,July,3,Thursday,0,0,498047.54898,1,657046.4150064571,515858.0220988643
20140711,2014-07-11,2014,7,July,4,Friday,0,0,535644.182793,1,648506.3963711715,520977.1581067215
20140712,2014-07-12,2014,7,July,5,Saturday,1,0,756698.7523004999,1,639848.059533,525785.2210837392
20140713,2014-07-13,2014,7,July,6,Sunday,1,0,733653.779849,1,613473.3714744287,536227.1441499714
20140714,2014-07-14,2014,7,July,0,Monday,0,0,584867.15114,1,605807.7603645715,541134.8909810429
20140715,2014-07-15,2014,7,July,1,Tuesday,0,1,562860.0268329,1,606603.2645512,547651.4620806464
20140716,2014-07-16,2014,7,July,2,Wednesday,0,0,621336.4939885,1,613301.1336977,556506.0274322964
20140717,2014-07-17,2014,7,July,3,Thursday,0,0,498221.7050971,1,613326.0131430001,562432.4835037643
20140718,2014-07-18,2014,7,July,4,Friday,0,0,547619.0590519,1,615036.7097514143,568804.3502717965
20140719,2014-07-19,2014,7,July,5,Saturday,1,0,728988.226204,1,611078.0631662001,575603.4349517251
20140720,2014-07-20,2014,7,July,6,Sunday,1,0,776474.1180457,1,617195.2543371571,582220.9347371607
20140721,2014-07-21,2014,7,July,0,Monday,0,0,600228.430008,1,619389.7227468714,588838.7488097142
20140722,2014-07-22,2014,7,July,1,Tuesday,0,0,530276.040011,1,614734.8674866,595617.7236299107
20140723,2014-07-23,2014,7,July,2,Wednesday,0,0,574168.635995,1,607996.6020589572,603432.9464148392
20140724,2014-07-24,2014,7,July,3,Thursday,0,0,484618.8170115,1,606053.3323324429,609462.2548465357
20140725,2014-07-25,2014,7,July,4,Friday,0,0,579767.285128,1,610645.9360576001,616925.6016929286
20140726,2014-07-26,2014,7,July,5,Saturday,1,0,688919.5500267,1,604921.8394608429,623284.4851231679
20140727,2014-07-27,2014,7,July,6,Sunday,1,0,747307.86662,1,600755.2321143142,629716.2344662928
20140728,2014-07-28,2014,7,July,0,Monday,0,0,583936.68549,1,598427.8400403142,635238.1141194893
20140729,2014-07-29,2014,7,July,1,Tuesday,0,0,524743.3250017,1,597637.4521818429,628247.4965556929
20140730,2014-07-30,2014,7,July,2,Wednesday,0,0,578056.965281,1,598192.9277941285,622198.4543468893
20140731,2014-07-31,2014,7,July,3,Thursday,0,1,532423.558194,1,605022.1765344858,620361.9842540964
20140801,2014-08-01,2014,8,August,4,Friday,0,0,506826.7949305,1,594602.1065062714,617197.7871716142
20140802,2014-08-02,2014,8,August,5,Saturday,1,0,626533.637869,1,585689.8333408857,610384.4488752323
20140803,2014-08-03,2014,8,August,6,Sunday,1,0,625898.205888,1,568345.5960934572,599942.3635048392
20140804,2014-08-04,2014,8,August,0,Monday,0,0,471173.304022,1,552236.5415980286,593965.4661874465
20140805,2014-08-05,2014,8,August,1,Tuesday,0,0,417197.476176,1,536872.8489086429,588962.1082820714
20140806,2014-08-06,2014,8,August,2,Wednesday,0,0,402914.370941,1,511852.4782886429,582835.7854598572
20140807,2014-08-07,2014,8,August,3,Thursday,0,0,359701.53298899997,1,487177.90325935715,577894.8563173214
20140808,2014-08-08,2014,8,August,4,Friday,0,0,397759.9389829,1,471596.9238382714,572970.4190383892
20140809,2014-08-09,2014,8,August,5,Saturday,1,0,496192.787084,1,452976.8022975572,563666.6345663714
20140810,2014-08-10,2014,8,August,6,Sunday,1,0,509681.7650025,1,436374.4535996285,555667.6340361394
20140811,2014-08-11,2014,8,August,0,Monday,0,0,409544.575013,1,427570.3494554857,549406.113460175
20140812,2014-08-12,2014,8,August,1,Tuesday,0,0,353898.211991,1,418527.5974290571,541943.1915015357
20140813,2014-08-13,2014,8,August,2,Wednesday,0,0,372116.544964,1,414127.9080037714,533042.4790363751
20140814,2014-08-14,2014,8,August,3,Thursday,0,0,340740.8170565,1,411419.2342991285,527418.1616063536
20140815,2014-08-15,2014,8,August,4,Friday,0,1,402631.8400593,1,412115.2201671857,522240.04664233216
20140816,2014-08-16,2014,8,August,5,Saturday,1,0,533996.15517,1,417515.7013223286,515276.0441054036
20140817,2014-08-17,2014,8,August,6,Sunday,1,0,564443.173007,1,425338.7596086857,507703.51035402145
20140818,2014-08-18,2014,8,August,0,Monday,0,0,433042.298907,1,428695.5773078286,501732.57710041426
20140819,2014-08-19,2014,8,August,1,Tuesday,0,0,379329.9530773,1,432328.6831773,496341.64542421076
20140820,2014-08-20,2014,8,August,2,Wednesday,0,0,398126.790988,1,436044.4326093,490054.4366739607
20140821,2014-08-21,2014,8,August,3,Thursday,0,0,355108.8749955,1,438097.0123148714,485429.0816019607
20140822,2014-08-22,2014,8,August,4,Friday,0,0,388359.8983235,1,436058.1634954714,478593.1035018
20140823,2014-08-23,2014,8,August,5,Saturday,1,0,499678.208204,1,431155.59964318573,471834.48415098933
20140824,2014-08-24,2014,8,August,6,Sunday,1,0,528990.5611087,1,426090.9408005714,464037.4375255857
20140825,2014-08-25,2014,8,August,0,Monday,0,0,412250.075007,1,423120.62310057145,457905.7728654786
20140826,2014-08-26,2014,8,August,1,Tuesday,0,0,355053.9079745,1,419652.6166573143,451845.43654307857
20140827,2014-08-27,2014,8,August,2,Wednesday,0,0,366321.498077,1,415109.0033843143,444283.45557150716
20140828,2014-08-28,2014,8,August,3,Thursday,0,0,327912.427,1,411223.7965278143,436979.48660029285
20140829,2014-08-29,2014,8,August,4,Friday,0,0,403288.917062,1,413356.51349045715,433281.70524784643
20140830,2014-08-30,2014,8,August,5,Saturday,1,0,586373.694132,1,425741.5829087429,431847.42154295364
20140831,2014-08-31,2014,8,August,6,Sunday,1,1,660088.183052,1,444469.8146149286,433068.4921559536
20140901,2014-09-01,2014,9,September,0,Monday,0,0,812526.219024,1,501652.1209030714,445259.6676917393
20140902,2014-09-02,2014,9,September,1,Tuesday,0,0,717351.552768,1,553408.9273021428,455979.4561414536
20140903,2014-09-03,2014,9,September,2,Wednesday,0,0,726683.8617375,1,604889.2649679286,467542.65224132856
20140904,2014-09-04,2014,9,September,3,Thursday,0,0,551340.0774347,1,636807.5007443143,474386.88597153215
20140905,2014-09-05,2014,9,September,4,Friday,0,0,603043.241921,1,665343.8328670285,481718.4325050357
20140906,2014-09-06,2014,9,September,5,Saturday,1,0,870139.4459765,1,705881.7974162429,495073.67032262497
20140907,2014-09-07,2014,9,September,6,Sunday,1,0,997964.077948,1,754149.7824013857,512512.32435639284
20140908,2014-09-08,2014,9,September,0,Monday,0,0,648651.744928,1,730739.1432448144,521051.86613907147
20140909,2014-09-09,2014,9,September,1,Tuesday,0,0,562420.568002,1,708606.1454211,528499.0931394643
20140910,2014-09-10,2014,9,September,2,Wednesday,0,0,612987.4722337,1,692363.8040634143,537101.6262562393
20140911,2014-09-11,2014,9,September,3,Thursday,0,0,483462.953022,1,682667.0720044571,542198.8453978642
20140912,2014-09-12,2014,9,September,4,Friday,0,0,564382.847851,1,677144.1585658857,547975.6671047107
20140913,2014-09-13,2014,9,September,5,Saturday,1,0,795802.238124,1,666524.5574441,557325.8843530678
20140914,2014-09-14,2014,9,September,6,Sunday,1,0,896501.5622945,1,652029.9123507428,569185.1125419071
20140915,2014-09-15,2014,9,September,0,Monday,0,1,630710.5728885,1,649466.8877736714,576244.6937555321
20140916,2014-09-16,2014,9,September,1,Tuesday,0,0,608239.973016,1,656012.5170613857,584420.0516104858
20140917,2014-09-17,2014,9,September,2,Wednesday,0,0,617472.3442115,1,656653.2130582144,592253.8213684679
20140918,2014-09-18,2014,9,September,3,Thursday,0,0,479500.843061,1,656087.1973495,596696.3916565215
20140919,2014-09-19,2014,9,September,4,Friday,0,0,550213.093909,1,654062.9467863571,602476.8629274322
20140920,2014-09-20,2014,9,September,5,Saturday,1,0,808490.763077,1,655875.5932082143,613505.8827443251
20140921,2014-09-21,2014,9,September,6,Sunday,1,0,901420.451004,1,656578.2915952858,626806.9502405857
20140922,2014-09-22,2014,9,September,0,Monday,0,0,589120.293928,1,650636.8231723572,633123.7437734787
20140923,2014-09-23,2014,9,September,1,Tuesday,0,0,559954.304399,1,643738.8705127856,640441.6150743536
20140924,2014-09-24,2014,9,September,2,Wednesday,0,0,598183.114508,1,640983.2662694287,648722.3870897464
20140925,2014-09-25,2014,9,September,3,Thursday,0,0,466867.377076,1,639178.4854144286,653685.063878175
20140926,2014-09-26,2014,9,September,4,Friday,0,0,515474.223943,1,634215.789705,657691.6819810679
20140927,2014-09-27,2014,9,September,5,Saturday,1,0,781202.367982,1,630317.4475485714,664649.8489042821
20140928,2014-09-28,2014,9,September,6,Sunday,1,0,886531.789814,1,628190.49595,672737.1205743535
20140929,2014-09-29,2014,9,September,0,Monday,0,0,586682.822002,1,627842.2856748571,664671.284966425
20140930,2014-09-30,2014,9,September,1,Tuesday,0,1,599093.9157257,1,633433.6587215286,660447.7979292001
20141001,2014-10-01,2014,10,October,2,Wednesday,0,0,784500.253914,1,660050.3929223857,662512.6690783607
20141002,2014-10-02,2014,10,October,3,Thursday,0,0,634306.519052,1,683970.2703475285,665475.7562789785
20141003,2014-10-03,2014,10,October,4,Friday,0,0,675639.295098,1,706850.9947982429,668068.4724638715
20141004,2014-10-04,2014,10,October,5,Saturday,1,0,931317.51302,1,728296.0155179572,670253.4034297107
20141005,2014-10-05,2014,10,October,6,Sunday,1,0,985466.962071,1,742429.6115546714,669807.0778626751
20141006,2014-10-06,2014,10,October,0,Monday,0,0,641480.757266,1,750257.8880209571,669550.9711604608
20141007,2014-10-07,2014,10,October,1,Tuesday,0,0,586410.2709706,1,748445.9387702286,670407.7462664822
20141008,2014-10-08,2014,10,October,2,Wednesday,0,0,620201.323059,1,724974.6629338,670665.3837959571
20141009,2014-10-09,2014,10,October,3,Thursday,0,0,510519.923104,1,707290.8635126572,671631.7041560287
20141010,2014-10-10,2014,10,October,4,Friday,0,0,702470.317955,1,711123.8667779427,676563.3995168858
20141011,2014-10-11,2014,10,October,5,Saturday,1,0,748309.153739,1,684979.8154520857,674867.2179317073
20141012,2014-10-12,2014,10,October,6,Sunday,1,0,843971.132714,1,664766.1255439428,672991.1311609751
20141013,2014-10-13,2014,10,October,0,Monday,0,0,611726.926015,1,660515.5782223714,672313.1437726356
20141014,2014-10-14,2014,10,October,1,Tuesday,0,0,550589.573294,1,655398.3356971428,670254.2009254216
20141015,2014-10-15,2014,10,October,2,Wednesday,0,1,624797.469491,1,656054.9280445714,670515.8125425464
20141016,2014-10-16,2014,10,October,3,Thursday,0,0,538252.607117,1,660016.7400464285,672614.0898302607
20141017,2014-10-17,2014,10,October,4,Friday,0,0,558538.135999,1,639454.999767,672911.4127620464
20141018,2014-10-18,2014,10,October,5,Saturday,1,0,820840.970792,1,649816.6879174287,673352.4916090107
20141019,2014-10-19,2014,10,October,6,Sunday,1,0,935410.595877,1,662879.4683692857,674566.425354475
20141020,2014-10-20,2014,10,October,0,Monday,0,0,624629.990941,1,664722.7633587143,675834.628819225
20141021,2014-10-21,2014,10,October,1,Tuesday,0,0,542207.165266,1,663525.2764975715,675200.8024216177
20141022,2014-10-22,2014,10,October,2,Wednesday,0,0,584926.355993,1,657829.4031407143,674727.3467603679
20141023,2014-10-23,2014,10,October,3,Thursday,0,0,492233.2322,1,651255.206724,675633.2701576536
20141024,2014-10-24,2014,10,October,4,Friday,0,0,528403.680064,1,646950.2844475714,676095.0364476893
20141025,2014-10-25,2014,10,October,5,Saturday,1,0,758926.230707,1,638105.3215782858,675299.4601164393
20141026,2014-10-26,2014,10,October,6,Sunday,1,0,892128.498949,1,631922.1648742857,675499.3425855465
20141027,2014-10-27,2014,10,October,0,Monday,0,0,572806.6319285,1,624518.8278724999,675003.7643686357
20141028,2014-10-28,2014,10,October,1,Tuesday,0,0,512678.811505,1,620300.4916209286,671917.5106464678
20141029,2014-10-29,2014,10,October,2,Wednesday,0,0,560819.6780005,1,616856.6804791428,663928.9186495572
20141030,2014-10-30,2014,10,October,3,Thursday,0,0,459715.26616,1,612211.2567591427,657693.5167605572
20141031,2014-10-31,2014,10,October,4,Friday,0,1,561876.0719155,1,616993.0270236429,653630.5445040392
20141101,2014-11-01,2014,11,November,5,Saturday,1,0,873539.2478855,1,633366.315192,651567.03503495
20141102,2014-11-02,2014,11,November,6,Sunday,1,0,709851.4922288,1,607326.7428034,641723.6253977285
20141103,2014-11-03,2014,11,November,0,Monday,0,0,973192.041735,1,664524.6584900429,653570.456985907
20141104,2014-11-04,2014,11,November,1,Tuesday,0,0,702751.953595,1,691677.9645029,657725.5170796358
20141105,2014-11-05,2014,11,November,2,Wednesday,0,0,718799.9390395,1,714246.5732227571,661246.8962217964
20141106,2014-11-06,2014,11,November,3,Thursday,0,0,566118.381055,1,729447.0182077572,663232.5554343321
20141107,2014-11-07,2014,11,November,4,Friday,0,0,585330.25773,1,732797.6161812571,659048.9818548679
20141108,2014-11-08,2014,11,November,5,Saturday,1,0,816064.644983,1,724586.9586237572,661468.8208278678
20141109,2014-11-09,2014,11,November,6,Sunday,1,0,941478.422301,1,757676.5200626429,664951.2240274035
20141110,2014-11-10,2014,11,November,0,Monday,0,0,593376.793073,1,703417.1988252143,664295.862136618
20141111,2014-11-11,2014,11,November,1,Tuesday,0,0,552505.750307,1,681953.4554983572,664364.2970299392
20141112,2014-11-12,2014,11,November,2,Wednesday,0,0,588093.484021,1,663281.1047814286,663053.4404060107
20141113,2014-11-13,2014,11,November,3,Thursday,0,0,468057.386823,1,649272.3913197143,660546.4682526535
20141114,2014-11-14,2014,11,November,4,Friday,0,0,553007.970965,1,644654.9217818571,660348.9623585821
20141115,2014-11-15,2014,11,November,5,Saturday,1,1,786124.201177,1,640377.715523857,659109.077729475
20141116,2014-11-16,2014,11,November,6,Sunday,1,0,956619.401927,1,642540.7126132856,659866.5350884035
20141117,2014-11-17,2014,11,November,0,Monday,0,0,620876.340058,1,646469.2193254286,659732.4761282966
20141118,2014-11-18,2014,11,November,1,Tuesday,0,0,553367.204141,1,646592.2841588572,660131.0489452608
20141119,2014-11-19,2014,11,November,2,Wednesday,0,0,580234.0113007,1,645469.5023416715,659963.46520625
20141120,2014-11-20,2014,11,November,3,Thursday,0,0,511855.7610447,1,651726.4129447715,660664.2698078464
20141121,2014-11-21,2014,11,November,4,Friday,0,0,567978.732759,1,653865.0932010572,662077.6645469535
20141122,2014-11-22,2014,11,November,5,Saturday,1,0,763720.148593,1,650664.5142604858,662248.8759000251
20141123,2014-11-23,2014,11,November,6,Sunday,1,0,907432.656994,1,643637.8364129143,662795.4529730607
20141124,2014-11-24,2014,11,November,0,Monday,0,0,610847.95702,1,642205.2102646286,664154.0717263286
20141125,2014-11-25,2014,11,November,1,Tuesday,0,0,541225.608011,1,640470.6965317714,665173.6001729715
20141126,2014-11-26,2014,11,November,2,Wednesday,0,0,579125.306002,1,640312.3100605285,665827.3726015964
20141127,2014-11-27,2014,11,November,3,Thursday,0,0,475823.897052,1,635164.9009187144,666402.6808477392
20141128,2014-11-28,2014,11,November,4,Friday,0,0,559619.825094,1,633970.7712522857,666322.1006041142
20141129,2014-11-29,2014,11,November,5,Saturday,1,0,850925.105136,1,646428.6221869999,665514.452648775
20141130,2014-11-30,2014,11,November,6,Sunday,1,1,1023691.281592,1,663036.9971295714,676723.0165546036
20141201,2014-12-01,2014,12,December,0,Monday,0,0,817413.561974,1,692546.3692658572,671159.4994202822
20141202,2014-12-02,2014,12,December,1,Tuesday,0,0,735319.1840285,1,720274.0229826429,672322.614792907
20141203,2014-12-03,2014,12,December,2,Wednesday,0,0,715127.614539,1,739702.9242022142,672191.4603464607
20141204,2014-12-04,2014,12,December,3,Thursday,0,0,578961.517004,1,754436.8699096428,672650.1437732106
20141205,2014-12-05,2014,12,December,4,Friday,0,0,635445.153317,1,765269.0596557857,674439.9614727463
20141206,2014-12-06,2014,12,December,5,Saturday,1,0,829386.70612,1,762192.1455106429,674915.7493704964
20141207,2014-12-07,2014,12,December,6,Sunday,1,0,1013889.8074,1,760791.9349117858,677501.8702668893
20141208,2014-12-08,2014,12,December,0,Monday,0,0,790283.289992,1,756916.1817715,684534.2451568535
20141209,2014-12-09,2014,12,December,1,Tuesday,0,0,665123.962957,1,746888.293047,688556.3241800679
20141210,2014-12-10,2014,12,December,2,Wednesday,0,0,732121.033873,1,749315.9243804285,693700.1652462108
20141211,2014-12-11,2014,12,December,3,Thursday,0,0,580542.178879,1,749541.7332197143,697717.4792482108
20141212,2014-12-12,2014,12,December,4,Friday,0,0,642760.387245,1,750586.7666379999,700922.9226867821
20141213,2014-12-13,2014,12,December,5,Saturday,1,0,854830.905829,1,754221.6523107142,703376.7335672107
20141214,2014-12-14,2014,12,December,6,Sunday,1,0,999106.1325775,1,752109.6987646428,704894.1168047285
20141215,2014-12-15,2014,12,December,0,Monday,0,1,790182.945791,1,752095.3638787856,710940.7812951928
20141216,2014-12-16,2014,12,December,1,Tuesday,0,0,799067.056179,1,771230.0914819286,719715.7760108357
20141217,2014-12-17,2014,12,December,2,Wednesday,0,0,779966.499188,1,778065.1579555001,726849.0791496679
20141218,2014-12-18,2014,12,December,3,Thursday,0,0,731938.479893,1,799693.2009575,734709.1762513928
20141219,2014-12-19,2014,12,December,4,Friday,0,0,757349.3758178999,1,816063.0564679143,741472.4135034963
20141220,2014-12-20,2014,12,December,5,Saturday,1,0,935555.52434,1,827595.1448266285,747609.3912087464
20141221,2014-12-21,2014,12,December,6,Sunday,1,0,1056605.2012285,1,835809.2974910571,752936.9820742642
20141222,2014-12-22,2014,12,December,0,Monday,0,0,1008143.3460193,1,866946.4975236714,767126.1031099536
20141223,2014-12-23,2014,12,December,1,Tuesday,0,0,1064977.9730725,1,904933.7713655999,785831.5447192928
20141224,2014-12-24,2014,12,December,2,Wednesday,0,0,965982.871715,1,931507.5388694572,799647.8863519001
20141225,2014-12-25,2014,12,December,3,Thursday,0,0,,0,964769.0486988667,811641.3674370815
20141226,2014-12-26,2014,12,December,4,Friday,0,0,872098.456795,1,983893.8955283834,823214.6500926741
20141227,2014-12-27,2014,12,December,5,Saturday,1,0,740596.158932,1,951400.6679603835,819128.3928258592
20141228,2014-12-28,2014,12,December,6,Sunday,1,0,716329.635071,1,894688.0736008001,807744.6281398962
20141229,2014-12-29,2014,12,December,0,Monday,0,0,773998.401175,1,855663.9161267501,806136.6592214147
20141230,2014-12-30,2014,12,December,1,Tuesday,0,0,912970.533204,1,830329.3428153334,812716.3388205074
20141231,2014-12-31,2014,12,December,2,Wednesday,0,1,844380.469674,1,810062.2758085,817503.4816032852
20150101,2015-01-01,2015,1,January,3,Thursday,0,0,12773.61698,1,696163.8959758572,796533.5593801741
20150102,2015-01-02,2015,1,January,4,Friday,0,0,657763.391981,1,665544.6010024286,797360.1608121741
20150103,2015-01-03,2015,1,January,5,Saturday,1,0,648880.686926,1,652442.3907158572,790674.7526938779
20150104,2015-01-04,2015,1,January,6,Sunday,1,0,730923.776022,1,654527.2679945715,780194.5293095073
20150105,2015-01-05,2015,1,January,0,Monday,0,0,569267.29796,1,625279.9675352856,772008.7518268408
20150106,2015-01-06,2015,1,January,1,Tuesday,0,0,477886.741053,1,563125.1400851428,765074.0399044704
20150107,2015-01-07,2015,1,January,2,Wednesday,0,0,494160.850117,1,513093.7658627143,756260.6997653592
20150108,2015-01-08,2015,1,January,3,Thursday,0,0,417482.689131,1,570909.3475985714,750221.4594043222
20150109,2015-01-09,2015,1,January,4,Friday,0,0,439381.226073,1,539711.8953259999,742688.8978794334
20150110,2015-01-10,2015,1,January,5,Saturday,1,0,569956.90801,1,528437.0697665715,732138.0090713223
20150111,2015-01-11,2015,1,January,6,Sunday,1,0,694860.9511,1,523285.2376348571,720869.6690166001
20150112,2015-01-12,2015,1,January,0,Monday,0,0,442845.544014,1,505224.9870711429,708005.320802637
20150113,2015-01-13,2015,1,January,1,Tuesday,0,0,393799.993059,1,493212.59450057143,692995.4295759705
20150114,2015-01-14,2015,1,January,2,Wednesday,0,0,400923.97107,1,479893.040351,678956.8174234518
20150115,2015-01-15,2015,1,January,3,Thursday,0,1,371146.144942,1,473273.53403828567,665594.1383511926
20150116,2015-01-16,2015,1,January,4,Friday,0,0,423599.9357975,1,471019.0639989286,653233.0479800666
20150117,2015-01-17,2015,1,January,5,Saturday,1,0,621865.434007,1,478434.5677127857,641614.8964862518
20150118,2015-01-18,2015,1,January,6,Sunday,1,0,678277.030991,1,476065.4362686429,627602.7420330112
20150119,2015-01-19,2015,1,January,0,Monday,0,0,448217.896919,1,476832.9152550715,606864.7624367037
20150120,2015-01-20,2015,1,January,1,Tuesday,0,0,405308.77722,1,478477.02727807144,582432.5699977223
20150121,2015-01-21,2015,1,January,2,Wednesday,0,0,413202.592067,1,480231.1159919286,561959.2263070556
20150122,2015-01-22,2015,1,January,3,Thursday,0,0,364862.5390355,1,479333.45800528576,554920.0589045
20150123,2015-01-23,2015,1,January,4,Friday,0,0,416937.181925,1,478381.6360235,538664.2990877143
20150124,2015-01-24,2015,1,January,5,Saturday,1,0,588849.871003,1,473665.12702292856,533244.7888045356
20150125,2015-01-25,2015,1,January,6,Sunday,1,0,631623.951015,1,467000.4013120714,530219.5858025356
20150126,2015-01-26,2015,1,January,0,Monday,0,0,410009.617966,1,461542.07574735716,517219.9864022142
20150127,2015-01-27,2015,1,January,1,Tuesday,0,0,360009.850046,1,455070.80043678574,497471.3905751429
20150128,2015-01-28,2015,1,January,2,Wednesday,0,0,376935.916035,1,449889.84671792854,480776.9422308929
20150129,2015-01-29,2015,1,January,3,Thursday,0,0,343062.160973,1,446775.5069947142,492572.96165921434
20150130,2015-01-30,2015,1,January,4,Friday,0,0,435899.6719165,1,449484.43413635716,484649.25737119647
20150131,2015-01-31,2015,1,January,5,Saturday,1,1,656205.841844,1,459106.7156850714,484910.87004683923
20150201,2015-02-01,2015,2,February,6,Sunday,1,0,815294.475951,1,485345.3621045,487924.1093300179
20150202,2015-02-02,2015,2,February,0,Monday,0,0,538301.886974,1,503672.8291056428,486818.2017948036
20150203,2015-02-03,2015,2,February,1,Tuesday,0,0,475249.842928,1,520135.6852316428,486724.02686176787
20150204,2015-02-04,2015,2,February,2,Wednesday,0,0,451923.147059,1,530848.1468065,485215.5374668393
20150205,2015-02-05,2015,2,February,3,Thursday,0,0,407491.967944,1,540052.4049452143,484858.72599587496
20150206,2015-02-06,2015,2,February,4,Friday,0,0,437147.54517,1,540230.6725528572,484778.95167791063
20150207,2015-02-07,2015,2,February,5,Saturday,1,0,599911.594879,1,532188.6372721429,485848.7619232322
20150208,2015-02-08,2015,2,February,6,Sunday,1,0,622994.231951,1,504717.1738435714,483282.09338219644
20150209,2015-02-09,2015,2,February,0,Monday,0,0,458002.152043,1,493245.78313914285,483823.4008118036
20150210,2015-02-10,2015,2,February,1,Tuesday,0,0,400825.9849177,1,482613.8034233857,484074.32909247145
20150211,2015-02-11,2015,2,February,2,Wednesday,0,0,400115.3330245,1,475212.68713274284,484045.449162275
20150212,2015-02-12,2015,2,February,3,Thursday,0,0,384963.142969,1,471994.2835648857,484538.913377525
20150213,2015-02-13,2015,2,February,4,Friday,0,0,493265.468013,1,480011.12968531426,487026.9680995071
20150214,2015-02-14,2015,2,February,5,Saturday,1,0,562855.068099,1,474717.3401453142,484919.4550313642
20150215,2015-02-15,2015,2,February,6,Sunday,1,1,434886.671834,1,447844.8315571714,476226.9422043286
20150216,2015-02-16,2015,2,February,0,Monday,0,0,420740.903983,1,442521.79612002854,475245.62102804286
20150217,2015-02-17,2015,2,February,1,Tuesday,0,0,483088.13409300003,1,454273.5317165,478023.45520207856
20150218,2015-02-18,2015,2,February,2,Wednesday,0,0,497499.057967,1,468185.49242257146,481034.0432699357
20150219,2015-02-19,2015,2,February,3,Thursday,0,0,436360.905914,1,475528.0299861428,483587.5563727393
20150220,2015-02-20,2015,2,February,4,Friday,0,0,483681.015026,1,474158.8224165715,485971.26469777495
20150221,2015-02-21,2015,2,February,5,Saturday,1,0,572753.075038,1,475572.82340785715,485396.37912759645
20150222,2015-02-22,2015,2,February,6,Sunday,1,0,691339.067796,1,512208.87997385714,487529.061869775
20150223,2015-02-23,2015,2,February,0,Monday,0,0,443349.890841,1,515438.7352392857,488719.785901025
20150224,2015-02-24,2015,2,February,1,Tuesday,0,0,407890.277971,1,504696.1843647143,490429.8011840607
20150225,2015-02-25,2015,2,February,2,Wednesday,0,0,395774.954032,1,490164.16951685713,491102.6239696679
20150226,2015-02-26,2015,2,February,3,Thursday,0,0,354938.226975,1,478532.35823985713,491526.769184025
20150227,2015-02-27,2015,2,February,4,Friday,0,0,436488.424914,1,471790.5596524286,491547.7960767928
20150228,2015-02-28,2015,2,February,5,Saturday,1,1,635263.400075,1,480720.60608628567,490799.85172790004
20150301,2015-03-01,2015,3,March,6,Sunday,1,0,820434.978924,1,499162.8791045714,490983.4411197929
20150302,2015-03-02,2015,3,March,0,Monday,0,0,546037.787999,1,513832.5786985715,491259.7232992571
20150303,2015-03-03,2015,3,March,1,Tuesday,0,0,492365.24083,1,525900.4305355714,491870.98751004285
20150304,2015-03-04,2015,3,March,2,Wednesday,0,0,483330.548167,1,538408.3725548572,492992.68040675716
20150305,2015-03-05,2015,3,March,3,Thursday,0,0,428599.809059,1,548931.4557097143,493746.53187515
20150306,2015-03-06,2015,3,March,4,Friday,0,0,463723.974873,1,552822.2485610001,494695.6900788286
20150307,2015-03-07,2015,3,March,5,Saturday,1,0,657377.210913,1,555981.364395,496748.0335086143
20150308,2015-03-08,2015,3,March,6,Sunday,1,0,659563.411966,1,532999.7119724286,498054.07565200713
20150309,2015-03-09,2015,3,March,0,Monday,0,0,480371.950086,1,523618.8779848571,498852.9970106857
20150310,2015-03-10,2015,3,March,1,Tuesday,0,0,457881.7640763,1,518692.66702004283,500890.7034092071
20150311,2015-03-11,2015,3,March,2,Wednesday,0,0,425617.727075,1,510447.97829261434,501801.503196725
20150312,2015-03-12,2015,3,March,3,Thursday,0,0,382588.6690535,1,503874.9582918286,501716.70055688574
20150313,2015-03-13,2015,3,March,4,Friday,0,0,434805.995204,1,499743.81833911425,499628.8622422786
20150314,2015-03-14,2015,3,March,5,Saturday,1,0,616609.760896,1,493919.89690811426,501548.67269931437
20150315,2015-03-15,2015,3,March,6,Sunday,1,1,662700.871933,1,494368.10547482857,509684.89413142146
20150316,2015-03-16,2015,3,March,0,Monday,0,0,466598.425914,1,492400.4591645429,511322.6627718143
20150317,2015-03-17,2015,3,March,1,Tuesday,0,0,415359.51603,1,486325.8523007858,508903.78355527855
20150318,2015-03-18,2015,3,March,2,Wednesday,0,0,398629.999994,1,482470.4627177857,505372.74577052856
20150319,2015-03-19,2015,3,March,3,Thursday,0,0,373324.3829895,1,481146.9932800714,503121.4413803679
20150320,2015-03-20,2015,3,March,4,Friday,0,0,467687.945081,1,485844.41469107143,502550.2603109036
20150321,2015-03-21,2015,3,March,5,Saturday,1,0,624099.228222,1,486914.3385947857,504384.0514960465
20150322,2015-03-22,2015,3,March,6,Sunday,1,0,646466.401887,1,484595.12858821434,502781.45628501073
20150323,2015-03-23,2015,3,March,0,Monday,0,0,462664.2370045,1,484033.10160114284,503471.2543622786
20150324,2015-03-24,2015,3,March,1,Tuesday,0,0,407369.722015,1,482891.7024561428,503452.6630781357
20150325,2015-03-25,2015,3,March,2,Wednesday,0,0,408258.189916,1,484267.1581592857,503898.49293113564
20150326,2015-03-26,2015,3,March,3,Thursday,0,0,367006.957001,1,483364.66873235715,504329.51900349284
20150327,2015-03-27,2015,3,March,4,Friday,0,0,436906.608975,1,478967.33500292856,504344.4541485286
20150328,2015-03-28,2015,3,March,5,Saturday,1,0,589854.7040575,1,474075.2601222857,502722.7150050464
20150329,2015-03-29,2015,3,March,6,Sunday,1,0,641213.770163,1,473324.8841617143,496321.95754929644
20150330,2015-03-30,2015,3,March,0,Monday,0,0,437878.834978,1,469784.1124436428,492459.1377985464
20150331,2015-03-31,2015,3,March,1,Tuesday,0,1,443278.893073,1,474913.9940233571,490706.0539500821
20150401,2015-04-01,2015,4,April,2,Wednesday,0,0,557223.161038,1,496194.7041836428,493345.0758383321
20150402,2015-04-02,2015,4,April,3,Thursday,0,0,524588.902022,1,518706.41061521426,496773.2577298679
20150403,2015-04-03,2015,4,April,4,Friday,0,0,510296.785948,1,529190.7216113572,498436.5724111179
20150404,2015-04-04,2015,4,April,5,Saturday,1,0,653894.195903,1,538339.2204464285,498312.1790179036
20150405,2015-04-05,2015,4,April,6,Sunday,1,0,659669.577136,1,540975.7642997142,498315.9706311179
20150406,2015-04-06,2015,4,April,0,Monday,0,0,519734.816963,1,552669.4760118572,499721.7873052964
20150407,2015-04-07,2015,4,April,1,Tuesday,0,0,464788.21798,1,555742.236712857,499968.4463732857
20150408,2015-04-08,2015,4,April,2,Wednesday,0,0,461140.213006,1,542016.1012797143,501237.10658510716
20150409,2015-04-09,2015,4,April,3,Thursday,0,0,398718.315935,1,524034.58898157143,501813.16540230357
20150410,2015-04-10,2015,4,April,4,Friday,0,0,445869.298012,1,514830.6621335714,502208.28335973213
20150411,2015-04-11,2015,4,April,5,Saturday,1,0,610603.017074,1,508646.2080151429,501993.7567946607
20150412,2015-04-12,2015,4,April,6,Sunday,1,0,659939.024086,1,508684.7004365715,501895.11937155353
20150413,2015-04-13,2015,4,April,0,Monday,0,0,453724.756048,1,499254.6917344286,501435.3454477679
20150414,2015-04-14,2015,4,April,1,Tuesday,0,0,403623.396979,1,490516.86016285716,501016.19833880354
20150415,2015-04-15,2015,4,April,2,Wednesday,0,1,438106.287965,1,487226.2994427144,502426.06576633925
20150416,2015-04-16,2015,4,April,3,Thursday,0,0,418643.193957,1,490072.7105887142,504044.5947294643
20150417,2015-04-17,2015,4,April,4,Friday,0,0,456303.236748,1,491563.27326528577,503637.9980032857
20150418,2015-04-18,2015,4,April,5,Saturday,1,0,629155.66071,1,494213.65092757146,503818.5848778571
20150419,2015-04-19,2015,4,April,6,Sunday,1,0,684544.950159,1,497728.7832237143,505178.5330304285
20150420,2015-04-20,2015,4,April,0,Monday,0,0,481694.770966,1,501724.4996405714,505858.194957625
20150421,2015-04-21,2015,4,April,1,Tuesday,0,0,426018.313035,1,504923.7733628571,506524.2160654822
20150422,2015-04-22,2015,4,April,2,Wednesday,0,0,421108.210059,1,502495.4765191428,506983.1453563036
20150423,2015-04-23,2015,4,April,3,Thursday,0,0,392147.04200200003,1,498710.3119541429,507881.0055349107
20150424,2015-04-24,2015,4,April,4,Friday,0,0,437625.507963,1,496042.0649848571,507906.6804987678
20150425,2015-04-25,2015,4,April,5,Saturday,1,0,588781.512939,1,490274.329589,507868.35224453575
20150426,2015-04-26,2015,4,April,6,Sunday,1,0,625901.000988,1,481896.6225645714,507321.4676311429
20150427,2015-04-27,2015,4,April,0,Monday,0,0,425049.148087,1,473804.39072471426,506863.26452789287
20150428,2015-04-28,2015,4,April,1,Tuesday,0,0,374839.1850745,1,466493.0867303572,504418.9892422321
20150429,2015-04-29,2015,4,April,2,Wednesday,0,0,398724.330055,1,463295.3895869286,498758.316707125
20150430,2015-04-30,2015,4,April,3,Thursday,0,1,432612.141938,1,469076.1181492143,495473.4324184107
20150501,2015-05-01,2015,5,May,4,Friday,0,0,674509.400095,1,502916.6741680714,501338.16863794636
20150502,2015-05-02,2015,5,May,5,Saturday,1,0,711052.273896,1,520383.92573335714,503379.52856626787
20150503,2015-05-03,2015,5,May,6,Sunday,1,0,742887.785029,1,537096.3234535,506351.60741958924
20150504,2015-05-04,2015,5,May,0,Monday,0,0,556245.147953,1,555838.6091486429,507655.5478120893
20150505,2015-05-05,2015,5,May,1,Tuesday,0,0,509493.227021,1,575074.9008552857,509252.1552778393
20150506,2015-05-06,2015,5,May,2,Wednesday,0,0,504999.550962,1,590257.0752705715,510818.56020483933
20150507,2015-05-07,2015,5,May,3,Thursday,0,0,444082.309939,1,591895.6706992857,512438.7028478393
20150508,2015-05-08,2015,5,May,4,Friday,0,0,481304.22297,1,564294.93111,513704.23588205356
20150509,2015-05-09,2015,5,May,5,Saturday,1,0,706705.440076,1,563673.95485,517136.46527498215
20150510,2015-05-10,2015,5,May,6,Sunday,1,0,558062.273048,1,537270.3102812857,513498.00988076784
20150511,2015-05-11,2015,5,May,0,Monday,0,0,524864.051063,1,532787.2964398571,516038.69898844644
20150512,2015-05-12,2015,5,May,1,Tuesday,0,0,452162.874045,1,524597.2460147144,517772.25174080353
20150513,2015-05-13,2015,5,May,2,Wednesday,0,0,446915.639008,1,516299.544307,518086.8714209107
20150514,2015-05-14,2015,5,May,3,Thursday,0,0,395609.666087,1,509374.8808995714,517264.2454255535
20150515,2015-05-15,2015,5,May,4,Friday,0,1,483535.538107,1,509693.64020485716,518236.8276169464
20150516,2015-05-16,2015,5,May,5,Saturday,1,0,709798.552994,1,510135.5134788571,521116.9309128035
20150517,2015-05-17,2015,5,May,6,Sunday,1,0,798186.132143,1,544438.921921,525175.5445550893
20150518,2015-05-18,2015,5,May,0,Monday,0,0,496595.01098,1,540400.4876234286,525707.6959841608
20150519,2015-05-19,2015,5,May,1,Tuesday,0,0,446375.4880335,1,539573.7181932143,526434.7379483929
20150520,2015-05-20,2015,5,May,2,Wednesday,0,0,466238.630977,1,542334.1456173571,528046.5386954643
20150521,2015-05-21,2015,5,May,3,Thursday,0,0,417006.136035,1,545390.7841813571,528934.3634823571
20150522,2015-05-22,2015,5,May,4,Friday,0,0,458727.917031,1,541846.8383133571,529688.0209490714
20150523,2015-05-23,2015,5,May,5,Saturday,1,0,658882.9229615,1,534573.1768801429,532191.6427355893
20150524,2015-05-24,2015,5,May,6,Sunday,1,0,738068.426823,1,525984.933263,536197.6222296965
20150525,2015-05-25,2015,5,May,0,Monday,0,0,534802.790004,1,531443.1874092857,540117.3951553035
20150526,2015-05-26,2015,5,May,1,Tuesday,0,0,463132.406006,1,533837.0328339286,543270.7244742857
20150527,2015-05-27,2015,5,May,2,Wednesday,0,0,481804.96096,1,536060.7942600714,546237.8898637501
20150528,2015-05-28,2015,5,May,3,Thursday,0,0,428506.881011,1,537703.7578280714,546091.2734020714
20150529,2015-05-29,2015,5,May,4,Friday,0,0,560519.530038,1,552245.4168290714,542020.2066143214
20150530,2015-05-30,2015,5,May,5,Saturday,1,0,855728.291973,1,580366.1838307142,547187.2072599286
20150531,2015-05-31,2015,5,May,6,Sunday,1,1,1023564.76704,1,621151.3752902857,557211.3851888928
20150601,2015-06-01,2015,6,June,0,Monday,0,0,812081.2027655,1,660762.5771133571,566348.3871464821
20150602,2015-06-02,2015,6,June,1,Tuesday,0,0,753430.6418917,1,702233.7536684572,575060.4376775787
20150603,2015-06-03,2015,6,June,2,Wednesday,0,0,747929.452075,1,740251.5381134572,583736.5055744714
20150604,2015-06-04,2015,6,June,3,Thursday,0,0,608994.6461083,1,766035.5045559286,589626.2318662321
20150605,2015-06-05,2015,6,June,4,Friday,0,0,657675.126037,1,779914.8754129286,595925.1926900536
20150606,2015-06-06,2015,6,June,5,Saturday,1,0,904437.271141,1,786873.3010083571,602987.0437995178
20150607,2015-06-07,2015,6,June,6,Sunday,1,0,1070695.9178497,1,793606.3225526001,621295.3882567214
20150608,2015-06-08,2015,6,June,0,Monday,0,0,696952.81204,1,777159.4095918143,627441.4154344713
20150609,2015-06-09,2015,6,June,1,Tuesday,0,0,623725.1071692,1,758630.0474886,633568.6380460499
20150610,2015-06-10,2015,6,June,2,Wednesday,0,0,641435.3719983,1,743416.6074776428,640515.7713671321
20150611,2015-06-11,2015,6,June,3,Thursday,0,0,510019.1489275,1,729277.2507375285,644601.8243257215
20150612,2015-06-12,2015,6,June,4,Friday,0,0,606616.000975,1,721983.0900143856,648997.5551424356
20150613,2015-06-13,2015,6,June,5,Saturday,1,0,840727.775905,1,712881.7335521,653673.5988178285
20150614,2015-06-14,2015,6,June,6,Sunday,1,0,967745.7218685,1,698174.5626976428,659729.2984508822
20150615,2015-06-15,2015,6,June,0,Monday,0,1,666557.1317587,1,693832.3226574572,665799.3741929786
20150616,2015-06-16,2015,6,June,1,Tuesday,0,0,672637.824072,1,700819.8536435714,673880.1719086393
20150617,2015-06-17,2015,6,June,2,Wednesday,0,0,677171.157112,1,705924.9658026714,681413.4764134607
20150618,2015-06-18,2015,6,June,3,Thursday,0,0,556155.0391433,1,712515.8072620714,686383.0800959001
20150619,2015-06-19,2015,6,June,4,Friday,0,0,659233.5706609,1,720032.6029314856,693543.996296968
20150620,2015-06-20,2015,6,June,5,Saturday,1,0,936951.654373,1,733778.8712840572,703475.0224188071
20150621,2015-06-21,2015,6,June,6,Sunday,1,0,790568.421132,1,708467.8283217,705350.0222155572
20150622,2015-06-22,2015,6,June,0,Monday,0,0,701208.22895,1,713417.9850633143,711293.0736064856
20150623,2015-06-23,2015,6,June,1,Tuesday,0,0,640322.326029,1,708801.4853428857,717621.2850358785
20150624,2015-06-24,2015,6,June,2,Wednesday,0,0,643411.714061,1,703978.7077641713,723392.9547894858
20150625,2015-06-25,2015,6,June,3,Thursday,0,0,518700.9558973,1,698628.1244433143,726614.1717497107
20150626,2015-06-26,2015,6,June,4,Friday,0,0,593299.460788,1,689208.9658900431,727784.8835622107
20150627,2015-06-27,2015,6,June,5,Saturday,1,0,831492.4641955,1,674143.3672932571,726919.3182844428
20150628,2015-06-28,2015,6,June,6,Sunday,1,0,976563.5890657,1,700714.1055694999,725240.7047853607
20150629,2015-06-29,2015,6,June,0,Monday,0,0,639072.192193,1,691837.5288899286,719061.8115506285
20150630,2015-06-30,2015,6,June,1,Tuesday,0,1,669548.425059,1,696012.6858942143,716066.0180923179
20150701,2015-07-01,2015,7,July,2,Wednesday,0,0,885953.200992,1,730661.4697415001,720995.4376964964
20150702,2015-07-02,2015,7,July,3,Thursday,0,0,705642.2820965,1,757367.3734842428,724447.1389817894
20150703,2015-07-03,2015,7,July,4,Friday,0,0,772773.3939200001,1,783006.5067888144,728557.7914061822
20150704,2015-07-04,2015,7,July,5,Saturday,1,0,1018541.84294,1,809727.8466094573,732632.9546847178
20150705,2015-07-05,2015,7,July,6,Sunday,1,0,982427.6819,1,810565.5741572141,729480.5176865143
20150706,2015-07-06,2015,7,July,0,Monday,0,0,754949.70914,1,827119.5051496428,731551.8354400859
20150707,2015-07-07,2015,7,July,1,Tuesday,0,0,654821.0515315,1,825015.5946457143,732662.4048815964
20150708,2015-07-08,2015,7,July,2,Wednesday,0,0,732992.130029,1,803164.0130795714,735932.2890969785
20150709,2015-07-09,2015,7,July,3,Thursday,0,0,605032.4963965,1,788791.186551,739325.6229351572
20150710,2015-07-10,2015,7,July,4,Friday,0,0,643986.381178,1,770393.0418735715,740660.2793709786
20150711,2015-07-11,2015,7,July,5,Saturday,1,0,794984.703157,1,738456.3076188571,739026.5982014071
20150712,2015-07-12,2015,7,July,6,Sunday,1,0,898731.936734,1,726499.7725951428,736561.8201608893
20150713,2015-07-13,2015,7,July,0,Monday,0,0,647967.077874,1,711216.5395571429,735897.889665007
20150714,2015-07-14,2015,7,July,1,Tuesday,0,0,601452.258023,1,703592.4261987858,733355.5480204
20150715,2015-07-15,2015,7,July,2,Wednesday,0,1,664505.100179,1,693808.5647916428,732903.1888442215
20150716,2015-07-16,2015,7,July,3,Thursday,0,0,584042.727022,1,690810.0263095715,733899.1776970321
20150717,2015-07-17,2015,7,July,4,Friday,0,0,653452.17114,1,692162.2820184286,733692.6991427143
20150718,2015-07-18,2015,7,July,5,Saturday,1,0,826353.336031,1,696643.5152861428,729742.7592019286
20150719,2015-07-19,2015,7,July,6,Sunday,1,0,894707.299378,1,696068.5670924286,733462.0048535714
20150720,2015-07-20,2015,7,July,0,Monday,0,0,685961.243972,1,701496.3051064286,732917.4696757857
20150721,2015-07-21,2015,7,July,1,Tuesday,0,0,607836.498977,1,702408.3395284285,731757.2615667857
20150722,2015-07-22,2015,7,July,2,Wednesday,0,0,631385.408886,1,697676.955058,731327.7506676785
20150723,2015-07-23,2015,7,July,3,Thursday,0,0,541511.421067,1,691601.0542072856,732142.4101380251
20150724,2015-07-24,2015,7,July,4,Friday,0,0,635244.2449785,1,688999.9218985,733640.4381448285
20150725,2015-07-25,2015,7,July,5,Saturday,1,0,797427.520942,1,684867.6626000714,732423.8330286322
20150726,2015-07-26,2015,7,July,6,Sunday,1,0,875032.0362592,1,682056.9107259571,728797.7061426856
20150727,2015-07-27,2015,7,July,0,Monday,0,0,652999.1942961001,1,677348.0464865429,729295.0990749394
20150728,2015-07-28,2015,7,July,1,Tuesday,0,0,594977.6665523,1,675511.0704258714,726631.8576996999
20150729,2015-07-29,2015,7,July,2,Wednesday,0,0,625449.98155,1,674663.1522350142,717328.1712910571
20150730,2015-07-30,2015,7,July,3,Thursday,0,0,543393.592625,1,674932.0338861571,711533.5752385035
20150731,2015-07-31,2015,7,July,4,Friday,0,1,695083.4489723,1,683480.4915995571,708758.9343475142
20150801,2015-08-01,2015,8,August,5,Saturday,1,0,1044894.790061,1,718832.9586165572,709700.1110304071
20150802,2015-08-02,2015,8,August,6,Sunday,1,0,1043495.475018,1,742899.1641535286,711881.1036417644
20150803,2015-08-03,2015,8,August,0,Monday,0,0,811119.83411,1,765487.8269840857,713887.1795335499
20150804,2015-08-04,2015,8,August,1,Tuesday,0,0,726613.35811,1,784292.9257780429,716451.1904827822
20150805,2015-08-05,2015,8,August,2,Wednesday,0,0,724346.594,1,798421.0132709,716142.4213388894
20150806,2015-08-06,2015,8,August,3,Thursday,0,0,583375.211759,1,804132.6731471858,715368.9468875501
20150807,2015-08-07,2015,8,August,4,Friday,0,0,663326.5180703,1,799595.9687326142,716059.6660622751
20150808,2015-08-08,2015,8,August,5,Saturday,1,0,784099.215997,1,762339.4581520428,715670.8986637036
20150809,2015-08-09,2015,8,August,6,Sunday,1,0,679410.125135,1,710327.2653116143,707837.9768208822
20150810,2015-08-10,2015,8,August,0,Monday,0,0,785477.934216,1,706664.1367553286,712749.0788330965
20150811,2015-08-11,2015,8,August,1,Tuesday,0,0,668280.357956,1,698330.8510190428,715135.7966878464
20150812,2015-08-12,2015,8,August,2,Wednesday,0,0,678064.7316857,1,691719.1564027143,715620.069241657
20150813,2015-08-13,2015,8,August,3,Thursday,0,0,557859.477954,1,688074.0515734286,714684.9532035142
20150814,2015-08-14,2015,8,August,4,Friday,0,0,734484.205049,1,698239.4354275286,717578.95441455
20150815,2015-08-15,2015,8,August,5,Saturday,1,1,936339.026059,1,719987.9797221001,721507.0147726929
20150816,2015-08-16,2015,8,August,6,Sunday,1,0,913846.62503,1,753478.9082785286,722190.5621174072
20150817,2015-08-17,2015,8,August,0,Monday,0,0,694747.161863,1,740517.3693709571,722504.3448992287
20150818,2015-08-18,2015,8,August,1,Tuesday,0,0,629475.6430527,1,734973.8386704857,723277.1714733607
20150819,2015-08-19,2015,8,August,2,Wednesday,0,0,653733.3600063,1,731497.9284305713,724075.3125848
20150820,2015-08-20,2015,8,August,3,Thursday,0,0,569443.704073,1,733152.8178761428,725072.8941207286
20150821,2015-08-21,2015,8,August,4,Friday,0,0,653281.208151,1,721552.3897478571,725717.0713768892
20150822,2015-08-22,2015,8,August,5,Saturday,1,0,803270.157597,1,702542.5513961428,725925.7369717107
20150823,2015-08-23,2015,8,August,6,Sunday,1,0,865755.397429,1,695672.3760245714,725594.4284420608
20150824,2015-08-24,2015,8,August,0,Monday,0,0,681575.9899773,1,693790.7800409,726615.0282878178
20150825,2015-08-25,2015,8,August,1,Tuesday,0,0,624698.33755,1,693108.3078262286,727676.48082345
20150826,2015-08-26,2015,8,August,2,Wednesday,0,0,640075.9908365,1,691157.2550876858,728198.8382979679
20150827,2015-08-27,2015,8,August,3,Thursday,0,0,548043.327354,1,688100.0584135429,728364.900252575
20150828,2015-08-28,2015,8,August,4,Friday,0,0,635737.2322,1,685593.7761348285,726245.3925107073
20150829,2015-08-29,2015,8,August,5,Saturday,1,0,876953.096934,1,696119.9103258286,720247.4748990285
20150830,2015-08-30,2015,8,August,6,Sunday,1,0,975697.601858,1,711825.9395299715,717826.1222861714
20150831,2015-08-31,2015,8,August,0,Monday,0,1,776152.5521897,1,725336.8769888857,716577.2907890178
20150901,2015-09-01,2015,9,September,1,Tuesday,0,0,906549.992952,1,765601.3991891714,723003.5991762321
20150902,2015-09-02,2015,9,September,2,Wednesday,0,0,879033.0925,1,799738.127998243,728528.1169798035
20150903,2015-09-03,2015,9,September,3,Thursday,0,0,707093.042,1,822459.5158048143,732946.6109169823
20150904,2015-09-04,2015,9,September,4,Friday,0,0,736395.302632,1,836839.2401522428,735556.2103656142
20150905,2015-09-05,2015,9,September,5,Saturday,1,0,1052868.394291,1,861969.9969175284,745155.1095904
20150906,2015-09-06,2015,9,September,6,Sunday,1,0,1147642.583011,1,886533.5656536714,761877.6973716856
20150907,2015-09-07,2015,9,September,0,Monday,0,0,767382.7769737,1,885280.7406228144,761231.4417558892
20150908,2015-09-08,2015,9,September,1,Tuesday,0,0,677312.236066,1,852532.4896390999,761554.0088312464
20150909,2015-09-09,2015,9,September,2,Wednesday,0,0,705633.4998935,1,827761.1192667428,762538.6076958107
20150910,2015-09-10,2015,9,September,3,Thursday,0,0,577743.795026,1,809282.6554133144,763248.7618769536
20150911,2015-09-11,2015,9,September,4,Friday,0,0,651330.167952,1,797130.4933161715,760278.974837775
20150912,2015-09-12,2015,9,September,5,Saturday,1,0,921524.436013,1,778367.0707050285,759749.8823361321
20150913,2015-09-13,2015,9,September,6,Sunday,1,0,1023345.318906,1,760610.3186900286,763660.5499745607
20150914,2015-09-14,2015,9,September,0,Monday,0,0,688405.190061,1,749327.8062739286,763434.0509816322
20150915,2015-09-15,2015,9,September,1,Tuesday,0,1,682134.3540295,1,750016.6802687143,765314.7192308035
20150916,2015-09-16,2015,9,September,2,Wednesday,0,0,742089.667998,1,755224.7042836428,768470.3016590786
20150917,2015-09-17,2015,9,September,3,Thursday,0,0,593577.802125,1,757486.7052977857,769332.2337323643
20150918,2015-09-18,2015,9,September,4,Friday,0,0,653805.874946,1,757840.3777255,769350.9718321858
20150919,2015-09-19,2015,9,September,5,Saturday,1,0,935893.481059,1,759893.0984463572,774087.5190986857
20150920,2015-09-20,2015,9,September,6,Sunday,1,0,1037532.860693,1,761919.8901302143,780222.4285009714
20150921,2015-09-21,2015,9,September,0,Monday,0,0,717725.376959,1,766108.4882585,781513.4780360321
20150922,2015-09-22,2015,9,September,1,Tuesday,0,0,641914.7389995,1,760362.8289685,782128.3495163714
20150923,2015-09-23,2015,9,September,2,Wednesday,0,0,690419.721922,1,752981.4081005,783926.3399122821
20150924,2015-09-24,2015,9,September,3,Thursday,0,0,557321.610921,1,747801.9522142143,784257.7071825322
20150925,2015-09-25,2015,9,September,4,Friday,0,0,646083.8750635,1,746698.8093738572,784627.2301419427
20150926,2015-09-26,2015,9,September,5,Saturday,1,0,890486.060145,1,740212.0349575713,785110.5502566214
20150927,2015-09-27,2015,9,September,6,Sunday,1,0,1018062.963565,1,737430.6210821428,786623.5988890143
20150928,2015-09-28,2015,9,September,0,Monday,0,0,671261.0640092,1,730792.8620893144,782877.4743111393
20150929,2015-09-29,2015,9,September,1,Tuesday,0,0,609130.6581453,1,726109.4219672858,772255.3552109001
20150930,2015-09-30,2015,9,September,2,Wednesday,0,1,711182.539054,1,729075.5387004287,766260.6925878286
20151001,2015-10-01,2015,10,October,3,Thursday,0,0,796340.858947,1,763221.1455612857,769448.1146216498
20151002,2015-10-02,2015,10,October,4,Friday,0,0,830719.387744,1,789597.6473727857,772816.8319470787
20151003,2015-10-03,2015,10,October,5,Saturday,1,0,1179376.177625,1,830867.6641556429,777334.96706615
20151004,2015-10-04,2015,10,October,6,Sunday,1,0,1234130.938595,1,861734.5177313572,780423.8369084358
20151005,2015-10-05,2015,10,October,0,Monday,0,0,809524.837996,1,881486.485443757,781928.910516375
20151006,2015-10-06,2015,10,October,1,Tuesday,0,0,696169.275967,1,893920.573704,782602.376227125
20151007,2015-10-07,2015,10,October,2,Wednesday,0,0,720562.330573,1,895260.543921,783135.5487513928
20151008,2015-10-08,2015,10,October,3,Thursday,0,0,603066.030064,1,867649.8540805714,784039.9142884642
20151009,2015-10-09,2015,10,October,4,Friday,0,0,873934.7190479999,1,873823.4728382857,791990.0768276072
20151010,2015-10-10,2015,10,October,5,Saturday,1,0,867556.973019,1,829277.8721802856,790062.6674349643
20151011,2015-10-11,2015,10,October,6,Sunday,1,0,973329.203973,1,792020.48152,788276.3776159285
20151012,2015-10-12,2015,10,October,0,Monday,0,0,721634.5721813,1,779464.7292607572,789463.141263082
20151013,2015-10-13,2015,10,October,1,Tuesday,0,0,585141.5538577,1,763603.6261022857,785999.1126855178
20151014,2015-10-14,2015,10,October,2,Wednesday,0,0,688198.106351,1,758980.165499143,784074.4140552679
20151015,2015-10-15,2015,10,October,3,Thursday,0,1,577952.197162,1,755392.4750845714,783516.3567351607
20151016,2015-10-16,2015,10,October,4,Friday,0,0,693829.351874,1,729663.1369168572,784945.7666254465
20151017,2015-10-17,2015,10,October,5,Saturday,1,0,958052.958031,1,742591.1347757144,785737.1765173037
20151018,2015-10-18,2015,10,October,6,Sunday,1,0,1071477.102879,1,756612.263190857,786949.4708810893
20151019,2015-10-19,2015,10,October,0,Monday,0,0,699259.488037,1,753415.8225988143,786289.9748481608
20151020,2015-10-20,2015,10,October,1,Tuesday,0,0,660308.361186,1,764153.9379314285,786946.88992625
20151021,2015-10-21,2015,10,October,2,Wednesday,0,0,672847.3460333,1,761960.9721717571,786319.3050730822
20151022,2015-10-22,2015,10,October,3,Thursday,0,0,547020.0469813,1,757542.0935745143,785951.3920752357
20151023,2015-10-23,2015,10,October,4,Friday,0,0,639040.6062,1,749715.1299068,785699.8467586822
20151024,2015-10-24,2015,10,October,5,Saturday,1,0,859950.710621,1,735700.5231339429,784609.2985613963
20151025,2015-10-25,2015,10,October,6,Sunday,1,0,1018783.141953,1,728172.8144302286,784635.0192181107
20151026,2015-10-26,2015,10,October,0,Monday,0,0,649914.352338,1,721123.5093303715,783872.6366584249
20151027,2015-10-27,2015,10,October,1,Tuesday,0,0,587066.101075,1,710660.3293145143,783084.6167630572
20151028,2015-10-28,2015,10,October,2,Wednesday,0,0,599388.1222552,1,700166.1544890713,779091.9590202429
20151029,2015-10-29,2015,10,October,3,Thursday,0,0,511860.0689186,1,695143.3004801143,768931.9308049429
20151030,2015-10-30,2015,10,October,4,Friday,0,0,635875.8911987,1,694691.1983370715,761973.2344997536
20151031,2015-10-31,2015,10,October,5,Saturday,1,1,915956.851878,1,702692.0756595001,752565.4014373607
20151101,2015-11-01,2015,11,November,6,Sunday,1,0,819250.388037,1,674187.3965286429,737748.238917432
20151102,2015-11-02,2015,11,November,0,Monday,0,0,762549.794932,1,690278.1740420713,736070.5588080036
20151103,2015-11-03,2015,11,November,1,Tuesday,0,0,1033439.132986,1,754045.7500293572,748115.9108443966
20151104,2015-11-04,2015,11,November,2,Wednesday,0,0,855494.43996,1,790632.3668443287,752934.9147510751
20151105,2015-11-05,2015,11,November,3,Thursday,0,0,649662.670907,1,810318.4528426713,754599.0804954678
20151106,2015-11-06,2015,11,November,4,Friday,0,0,671145.788057,1,815357.0095367143,747356.6186743608
20151107,2015-11-07,2015,11,November,5,Saturday,1,0,929723.344157,1,817323.6512908571,749576.8462150035
20151108,2015-11-08,2015,11,November,6,Sunday,1,0,1077361.9559685,1,854196.7324239286,753292.3016434143
20151109,2015-11-09,2015,11,November,0,Monday,0,0,683644.901987,1,842924.6048603572,751935.5277079036
20151110,2015-11-10,2015,11,November,1,Tuesday,0,0,623529.1790699,1,784366.0400152,753306.5143226251
20151111,2015-11-11,2015,11,November,2,Wednesday,0,0,689746.212316,1,760687.7217803429,753361.8038213749
20151112,2015-11-12,2015,11,November,3,Thursday,0,0,506937.6640027,1,740298.4350797286,750825.5704942571
20151113,2015-11-13,2015,11,November,4,Friday,0,0,626674.025055,1,733945.3260794429,748427.165965007
20151114,2015-11-14,2015,11,November,5,Saturday,1,0,867597.332909,1,725070.1816154429,745196.6079249356
20151115,2015-11-15,2015,11,November,6,Sunday,1,1,1056159.462651,1,722041.2539986571,744649.5493453642
20151116,2015-11-16,2015,11,November,0,Monday,0,0,716508.7092175,1,726736.0836030142,745265.5929589535
20151117,2015-11-17,2015,11,November,1,Tuesday,0,0,618919.988059,1,726077.6277443143,743787.4367758465
20151118,2015-11-18,2015,11,November,2,Wednesday,0,0,683954.18795,1,725250.1956920286,744184.1097014429
20151119,2015-11-19,2015,11,November,3,Thursday,0,0,560452.567301,1,732895.1818775,744663.8425700035
20151120,2015-11-20,2015,11,November,4,Friday,0,0,665619.668251,1,738458.8451912144,745613.0947861107
20151121,2015-11-21,2015,11,November,5,Saturday,1,0,863726.8816559,1,737905.9235836286,745747.9580373572
20151122,2015-11-22,2015,11,November,6,Sunday,1,0,1015844.2849005,1,732146.6124764143,745642.9988569106
20151123,2015-11-23,2015,11,November,0,Monday,0,0,696685.460932,1,729314.7198642,747313.3955924108
20151124,2015-11-24,2015,11,November,1,Tuesday,0,0,612710.200935,1,728427.6074179142,748229.2563016964
20151125,2015-11-25,2015,11,November,2,Wednesday,0,0,658917.83013,1,724850.9848722,750355.3172972249
20151126,2015-11-26,2015,11,November,3,Thursday,0,0,530358.330027,1,720551.8081187715,751015.969479668
20151127,2015-11-27,2015,11,November,4,Friday,0,0,645087.0350447,1,717618.5748035858,751344.9389027393
20151128,2015-11-28,2015,11,November,5,Saturday,1,0,850596.003884,1,715742.7351218857,749010.6229029536
20151129,2015-11-29,2015,11,November,6,Sunday,1,0,1070619.802932,1,723567.8091263857,757988.1020063466
20151130,2015-11-30,2015,11,November,0,Monday,0,1,762036.1239965,1,732903.6181356001,757969.756615793
20151201,2015-12-01,2015,12,December,1,Tuesday,0,0,857620.9426407,1,767890.8669507001,751690.5355320321
20151202,2015-12-02,2015,12,December,2,Wednesday,0,0,867269.57584,1,797655.4020521286,752111.076099175
20151203,2015-12-03,2015,12,December,3,Thursday,0,0,676883.031992,1,818587.5023328429,753083.2318522108
20151204,2015-12-04,2015,12,December,4,Friday,0,0,749354.1319635,1,833482.8018926715,755876.3869917287
20151205,2015-12-05,2015,12,December,5,Saturday,1,0,966202.367876,1,849997.9967486713,757179.2092674071
20151206,2015-12-06,2015,12,December,6,Sunday,1,0,1143119.31945,1,860355.0705369571,759527.6865346035
20151207,2015-12-07,2015,12,December,0,Monday,0,0,822334.708983,1,868969.1541064571,764480.8939273178
20151208,2015-12-08,2015,12,December,1,Tuesday,0,0,712569.16983,1,848247.4722763571,767660.8935973215
20151209,2015-12-09,2015,12,December,2,Wednesday,0,0,747893.782087,1,831193.7874545,769737.5925177142
20151210,2015-12-10,2015,12,December,3,Thursday,0,0,657427.1785246,1,828414.3798163,775112.2180363536
20151211,2015-12-11,2015,12,December,4,Friday,0,0,708392.807819,1,822562.7620813715,778030.7459922107
20151212,2015-12-12,2015,12,December,5,Saturday,1,0,915667.884291,1,815343.5501406572,779747.5513987107
20151213,2015-12-13,2015,12,December,6,Sunday,1,0,1059425.4213405,1,803387.2789821571,779864.1927804786
20151214,2015-12-14,2015,12,December,0,Monday,0,0,811613.7221567,1,801855.7094355428,783260.80038545
20151215,2015-12-15,2015,12,December,1,Tuesday,0,1,779809.953397,1,811461.5356593999,789006.8705760929
20151216,2015-12-16,2015,12,December,2,Wednesday,0,0,859930.249129,1,827466.7452368286,795291.7299039143
20151217,2015-12-17,2015,12,December,3,Thursday,0,0,809809.748717,1,849235.6838357429,804197.3435259144
20151218,2015-12-18,2015,12,December,4,Friday,0,0,893569.902701,1,875689.5545331714,812338.4233277
20151219,2015-12-19,2015,12,December,5,Saturday,1,0,1095523.5178683,1,901383.2164727857,820616.874621
20151220,2015-12-20,2015,12,December,6,Sunday,1,0,1175416.9636673,1,917953.4368051857,826315.8988626715
20151221,2015-12-21,2015,12,December,0,Monday,0,0,1072887.476889,1,955278.2589098001,839751.68514685
20151222,2015-12-22,2015,12,December,1,Tuesday,0,0,1141861.90926,1,1006999.9668902287,858649.9604441716
20151223,2015-12-23,2015,12,December,2,Wednesday,0,0,1196146.056374,1,1055030.7964966572,877836.6828100287
20151224,2015-12-24,2015,12,December,3,Thursday,0,0,1083680.315238,1,1094155.1631425142,897598.1822818499
20151225,2015-12-25,2015,12,December,4,Friday,0,0,,0,1127586.0398827668,906950.4469943369
20151226,2015-12-26,2015,12,December,5,Saturday,1,0,946725.190766,1,1102786.31869905,910510.787249226
20151227,2015-12-27,2015,12,December,6,Sunday,1,0,837714.129168,1,1046502.5129491667,901884.6511838926
20151228,2015-12-28,2015,12,December,0,Monday,0,0,789684.9127821,1,999302.0855980166,902908.6803981741
20151229,2015-12-29,2015,12,December,1,Tuesday,0,0,870762.025758,1,954118.7716810167,903395.3871802962
20151230,2015-12-30,2015,12,December,2,Wednesday,0,0,1030043.735764,1,926435.05157935,909424.059770074
20151231,2015-12-31,2015,12,December,3,Thursday,0,1,964641.5415009999,1,906595.2559565166,920081.7823444814
20160101,2016-01-01,2016,1,January,4,Friday,0,0,16433.394,1,779429.2756770143,892936.5698273149
20160102,2016-01-02,2016,1,January,5,Saturday,1,0,1066677.424862,1,796565.3091193,896657.8682342037
20160103,2016-01-03,2016,1,January,6,Sunday,1,0,1226735.719895,1,852139.8220803001,899754.7719543889
20160104,2016-01-04,2016,1,January,0,Monday,0,0,955956.875097,1,875892.9595538572,904703.7410697222
20160105,2016-01-05,2016,1,January,1,Tuesday,0,0,835320.439089,1,870829.875744,909250.084375611
20160106,2016-01-06,2016,1,January,2,Wednesday,0,0,821685.655923,1,841064.4357667144,911983.1167399074
20160107,2016-01-07,2016,1,January,3,Thursday,0,0,653504.3669428,1,796616.2679726857,911837.827422063
20160108,2016-01-08,2016,1,January,4,Friday,0,0,713608.3341557,1,896212.6879949287,912030.995064163
20160109,2016-01-09,2016,1,January,5,Saturday,1,0,989209.458148,1,885145.8356072142,914754.7570588668
20160110,2016-01-10,2016,1,January,6,Sunday,1,0,1094693.83696,1,866282.7094736428,916060.9946744038
20160111,2016-01-11,2016,1,January,0,Monday,0,0,705495.240963,1,830502.4760259285,912130.6805561186
20160112,2016-01-12,2016,1,January,1,Tuesday,0,0,647058.461085,1,803607.9077396429,907213.958618637
20160113,2016-01-13,2016,1,January,2,Wednesday,0,0,660045.317135,1,780516.4307699285,899810.8129892296
20160114,2016-01-14,2016,1,January,3,Thursday,0,0,561972.62307,1,767440.4673595286,890631.6601874889
20160115,2016-01-15,2016,1,January,4,Friday,0,1,671027.100027,1,761357.4339125714,882389.334162526
20160116,2016-01-16,2016,1,January,5,Saturday,1,0,959827.146436,1,757159.9608108571,877363.5426279963
20160117,2016-01-17,2016,1,January,6,Sunday,1,0,1057997.343303,1,751917.6045741428,873014.6677996889
20160118,2016-01-18,2016,1,January,0,Monday,0,0,709784.229951,1,752530.3172867142,859566.3993945777
20160119,2016-01-19,2016,1,January,1,Tuesday,0,0,630929.75099,1,750226.2158445715,840642.9861253186
20160120,2016-01-20,2016,1,January,2,Wednesday,0,0,738744.013045,1,761468.8866888572,823702.169705726
20160121,2016-01-21,2016,1,January,3,Thursday,0,0,552820.7690359,1,760161.4789696999,804040.7050315742
20160122,2016-01-22,2016,1,January,4,Friday,0,0,648431.428037,1,756933.5258282714,798483.2308531965
20160123,2016-01-23,2016,1,January,5,Saturday,1,0,906754.833923,1,749351.7668978429,797055.7181088036
20160124,2016-01-24,2016,1,January,6,Sunday,1,0,980927.7570135,1,738341.8259993428,802170.4905318571
20160125,2016-01-25,2016,1,January,0,Monday,0,0,658090.687097,1,730957.0341630571,797470.6967573892
20160126,2016-01-26,2016,1,January,1,Tuesday,0,0,609465.787904,1,727890.7537221999,788138.6882626036
20160127,2016-01-27,2016,1,January,2,Wednesday,0,0,647254.67807,1,714820.8487257714,774467.6504878178
20160128,2016-01-28,2016,1,January,3,Thursday,0,0,533709.8489592,1,712090.7172862429,759077.2328970393
20160129,2016-01-29,2016,1,January,4,Friday,0,0,660492.758086,1,713813.7644360999,782079.3530429677
20160130,2016-01-30,2016,1,January,5,Saturday,1,0,969938.376831,1,722839.9848515287,778624.3870418608
20160131,2016-01-31,2016,1,January,6,Sunday,1,1,1093211.2294,1,738880.4809067427,773855.6552384679
20160201,2016-02-01,2016,2,February,0,Monday,0,0,872063.3148838,1,769447.9991619999,770859.456659425
20160202,2016-02-02,2016,2,February,1,Tuesday,0,0,765233.207779,1,791700.4877155714,768356.3412554964
20160203,2016-02-03,2016,2,February,2,Wednesday,0,0,772360.939004,1,809572.8107061429,766594.7442226749
20160204,2016-02-04,2016,2,February,3,Thursday,0,0,650328.166941,1,826232.5704178285,766481.308508325
20160205,2016-02-05,2016,2,February,4,Friday,0,0,768586.5079877,1,841674.5346895,768444.8147166108
20160206,2016-02-06,2016,2,February,5,Saturday,1,0,941954.07605,1,837676.7774350715,766757.122498825
20160207,2016-02-07,2016,2,February,6,Sunday,1,0,697791.630994,1,781188.2633770715,752582.043714325
20160208,2016-02-08,2016,2,February,0,Monday,0,0,636542.677274,1,747542.4580042429,750119.4521540034
20160209,2016-02-09,2016,2,February,1,Tuesday,0,0,746939.64016,1,744929.0912015286,753686.6371209678
20160210,2016-02-10,2016,2,February,2,Wednesday,0,0,790988.713851,1,747590.2018939572,758363.1870036823
20160211,2016-02-11,2016,2,February,3,Thursday,0,0,646376.371075,1,747025.6596273857,761377.6065752892
20160212,2016-02-12,2016,2,February,4,Friday,0,0,698152.0698755,1,736963.5970399285,762346.35549845
20160213,2016-02-13,2016,2,February,5,Saturday,1,0,859023.0269945,1,725116.3043177143,758746.2083755393
20160214,2016-02-14,2016,2,February,6,Sunday,1,0,940214.498527,1,759748.1425367143,754539.6782049679
20160215,2016-02-15,2016,2,February,0,Monday,0,1,746671.290005,1,775480.8014982857,755857.0732068965
20160216,2016-02-16,2016,2,February,1,Tuesday,0,0,719111.88609,1,771505.4080597144,759006.4351747535
20160217,2016-02-17,2016,2,February,2,Wednesday,0,0,723794.722013,1,761906.2663685714,758472.5319236107
20160218,2016-02-18,2016,2,February,3,Thursday,0,0,570072.678149,1,751005.7388077143,759088.6715347928
20160219,2016-02-19,2016,2,February,4,Friday,0,0,672510.133621,1,747342.6050570715,759948.6253056499
20160220,2016-02-20,2016,2,February,5,Saturday,1,0,883790.2212395,1,750880.7756635,759128.4605669535
20160221,2016-02-21,2016,2,February,6,Sunday,1,0,991384.2700283,1,758190.7430208286,759501.9074603393
20160222,2016-02-22,2016,2,February,0,Monday,0,0,698907.63622,1,751367.3639086857,760959.6556433036
20160223,2016-02-23,2016,2,February,1,Tuesday,0,0,641329.0610941,1,740255.5317664143,762097.6296858072
20160224,2016-02-24,2016,2,February,2,Wednesday,0,0,675573.377814,1,733366.7683094144,763109.0118195215
20160225,2016-02-25,2016,2,February,3,Thursday,0,0,557959.327812,1,731636.2896898427,763975.064635693
20160226,2016-02-26,2016,2,February,4,Friday,0,0,641922.8016649,1,727266.6708389714,763311.8519063679
20160227,2016-02-27,2016,2,February,5,Saturday,1,0,916704.0687289999,1,731968.6490517572,761410.6266170107
20160228,2016-02-28,2016,2,February,6,Sunday,1,0,994502.727301,1,732414.1429478572,757885.3229706179
20160229,2016-02-29,2016,2,February,0,Monday,0,1,726619.7578255,1,736373.0174629287,752690.9102185357
20160301,2016-03-01,2016,3,March,1,Tuesday,0,0,897927.643296,1,773029.9577774856,757429.9972012857
20160302,2016-03-02,2016,3,March,2,Wednesday,0,0,878452.364907,1,802012.6702193429,761218.9766978214
20160303,2016-03-03,2016,3,March,3,Thursday,0,0,671564.7523075,1,818242.0165758429,761977.4261751964
20160304,2016-03-04,2016,3,March,4,Friday,0,0,747546.7958183,1,833331.1585977571,761226.0078834321
20160305,2016-03-05,2016,3,March,5,Saturday,1,0,1028620.677053,1,849319.2455011857,764321.2436335393
20160306,2016-03-06,2016,3,March,6,Sunday,1,0,1078958.5091855,1,861384.3571989714,777934.3464260929
20160307,2016-03-07,2016,3,March,0,Monday,0,0,738126.524119,1,863028.1809551857,781562.3409562715
20160308,2016-03-08,2016,3,March,1,Tuesday,0,0,642291.3448895,1,826508.7097542571,777824.9018394678
20160309,2016-03-09,2016,3,March,2,Wednesday,0,0,694645.8489091,1,800250.6360402714,774384.0852343999
20160310,2016-03-10,2016,3,March,3,Thursday,0,0,572491.856825,1,786097.3652570571,771745.3525826143
20160311,2016-03-11,2016,3,March,4,Friday,0,0,664893.5129268001,1,774289.7534154142,770557.5469773036
20160312,2016-03-12,2016,3,March,5,Saturday,1,0,898101.109871,1,755644.1009608429,771953.1927943213
20160313,2016-03-13,2016,3,March,6,Sunday,1,0,954980.3301475,1,737932.9325268429,772480.5439236249
20160314,2016-03-14,2016,3,March,0,Monday,0,0,668066.393105,1,727924.3423819859,769673.2261771964
20160315,2016-03-15,2016,3,March,1,Tuesday,0,1,668186.702459,1,731623.6791776287,767854.4696189464
20160316,2016-03-16,2016,3,March,2,Wednesday,0,0,739805.377693,1,738075.0404324714,768426.278750375
20160317,2016-03-17,2016,3,March,3,Thursday,0,0,580452.5319757,1,739212.2797397143,768796.9878156142
20160318,2016-03-18,2016,3,March,4,Friday,0,0,666756.8191527,1,739478.4663434143,768591.5122988893
20160319,2016-03-19,2016,3,March,5,Saturday,1,0,895038.512068,1,739040.9523715571,768993.2369713357
20160320,2016-03-20,2016,3,March,6,Sunday,1,0,929605.582019,1,735415.9883532,766786.8552567179
20160321,2016-03-21,2016,3,March,0,Monday,0,0,690469.800941,1,738616.4751869142,766485.5039967535
20160322,2016-03-22,2016,3,March,1,Tuesday,0,0,622695.8369947,1,732117.7801205857,765820.0317074892
20160323,2016-03-23,2016,3,March,2,Wednesday,0,0,714881.17408,1,728557.1796044429,767223.8815741321
20160324,2016-03-24,2016,3,March,3,Thursday,0,0,660489.8450025,1,739991.0814654144,770885.6857595071
20160325,2016-03-25,2016,3,March,4,Friday,0,0,633524.200062,1,735243.5644524571,770585.7357022606
20160326,2016-03-26,2016,3,March,5,Saturday,1,0,800133.5174955,1,721685.7080849571,766422.5017296358
20160327,2016-03-27,2016,3,March,6,Sunday,1,0,833336.064862,1,707932.9199196715,760666.5494996713
20160328,2016-03-28,2016,3,March,0,Monday,0,0,661057.8656583,1,703731.2148792858,758325.0533508429
20160329,2016-03-29,2016,3,March,1,Tuesday,0,0,621166.0630926,1,703512.6757504143,748440.7112007214
20160330,2016-03-30,2016,3,March,2,Wednesday,0,0,660138.988943,1,695692.3635879857,740643.804916293
20160331,2016-03-31,2016,3,March,3,Thursday,0,1,617374.3379607,1,689533.005439157,738708.4329753357
20160401,2016-04-01,2016,4,April,4,Friday,0,0,872467.3200749999,1,723667.7368695857,743169.8802702179
20160402,2016-04-02,2016,4,April,5,Saturday,1,0,1150824.580929,1,773766.4602172285,747534.3054086465
20160403,2016-04-03,2016,4,April,6,Sunday,1,0,1266908.291001,1,835705.3496656573,754246.7976163429
20160404,2016-04-04,2016,4,April,0,Monday,0,0,795237.1920634999,1,854873.8248664,756286.4643286464
20160405,2016-04-05,2016,4,April,1,Tuesday,0,0,725750.101045,1,869814.4017167428,759267.1341913429
20160406,2016-04-06,2016,4,April,2,Wednesday,0,0,744784.8430795,1,881906.6665933857,761057.8125545715
20160407,2016-04-07,2016,4,April,3,Thursday,0,0,587939.720177,1,877701.7211957143,761609.5219599999
20160408,2016-04-08,2016,4,April,4,Friday,0,0,689727.1961377,1,851595.9892046714,762496.4392175322
20160409,2016-04-09,2016,4,April,5,Saturday,1,0,927981.389244,1,819761.2475353858,763563.5920522822
20160410,2016-04-10,2016,4,April,6,Sunday,1,0,1008876.737901,1,782899.5970925287,765488.4637577643
20160411,2016-04-11,2016,4,April,0,Monday,0,0,665348.963943,1,764344.1359324573,765391.4127162643
20160412,2016-04-12,2016,4,April,1,Tuesday,0,0,651657.0342615,1,753759.4121062428,764801.0674234964
20160413,2016-04-13,2016,4,April,2,Wednesday,0,0,672611.4810500001,1,743448.9318163142,762401.2854005321
20160414,2016-04-14,2016,4,April,3,Thursday,0,0,546785.2089455,1,737569.7159260999,761198.8810065965
20160415,2016-04-15,2016,4,April,4,Friday,0,1,667606.299867,1,734409.5878874286,761229.2196035357
20160416,2016-04-16,2016,4,April,5,Saturday,1,0,862121.492036,1,725001.0311434285,760053.6117452501
20160417,2016-04-17,2016,4,April,6,Sunday,1,0,1271833.739255,1,762566.3170511428,772276.04593225
20160418,2016-04-18,2016,4,April,0,Monday,0,0,1345920.6048929,1,859790.8371868429,795685.0032162464
20160419,2016-04-19,2016,4,April,1,Tuesday,0,0,1152089.208085,1,931281.147733057,814591.9093266142
20160420,2016-04-20,2016,4,April,2,Wednesday,0,0,1062426.2900389,1,986968.9775886143,827004.2348965751
20160421,2016-04-21,2016,4,April,3,Thursday,0,0,1001079.779168,1,1051868.2019061144,839168.1611167714
20160422,2016-04-22,2016,4,April,4,Friday,0,0,857059.24399,1,1078932.9082094,847151.5555427715
20160423,2016-04-23,2016,4,April,5,Saturday,1,0,1022143.1346499,1,1101793.1428685286,855080.4704411428
20160424,2016-04-24,2016,4,April,6,Sunday,1,0,1039369.932014,1,1068584.0275483858,862438.8228394286
20160425,2016-04-25,2016,4,April,0,Monday,0,0,680000.753839,1,973452.6202549713,863115.3545601678
20160426,2016-04-26,2016,4,April,1,Tuesday,0,0,704799.4182328,1,909554.0788475143,866102.2601008893
20160427,2016-04-27,2016,4,April,2,Wednesday,0,0,670288.098041,1,853534.3371335285,866464.7282829607
20160428,2016-04-28,2016,4,April,3,Thursday,0,0,543339.849013,1,788142.9185399571,863820.6393919715
20160429,2016-04-29,2016,4,April,4,Friday,0,0,708711.428894,1,766950.3735262428,857972.2147069357
20160430,2016-04-30,2016,4,April,5,Saturday,1,1,1067335.770093,1,773406.4643038285,854990.4714627928
20160501,2016-05-01,2016,5,May,6,Sunday,1,0,1270121.20756,1,806370.9322389716,855105.2184827571
20160502,2016-05-02,2016,5,May,0,Monday,0,0,973985.670432,1,848368.7774665429,861489.0927102036
20160503,2016-05-03,2016,5,May,1,Tuesday,0,0,792205.5501393,1,860855.3677388999,863862.5016064284
20160504,2016-05-04,2016,5,May,2,Wednesday,0,0,798654.4540987,1,879193.4186042857,865786.4162856856
20160505,2016-05-05,2016,5,May,3,Thursday,0,0,648701.6029645,1,894245.0977402143,867956.4835280965
20160506,2016-05-06,2016,5,May,4,Friday,0,0,761422.5161262,1,901775.2530591,870517.0306705429
20160507,2016-05-07,2016,5,May,5,Saturday,1,0,1071192.776983,1,902326.2540433856,875631.7230897928
20160508,2016-05-08,2016,5,May,6,Sunday,1,0,820824.6380683,1,838141.0298302857,868915.5766671964
20160509,2016-05-09,2016,5,May,0,Monday,0,0,771767.6541339,1,809252.7417877,872716.2441740142
20160510,2016-05-10,2016,5,May,1,Tuesday,0,0,693010.486981,1,795082.0184793714,874193.1531997108
20160511,2016-05-11,2016,5,May,2,Wednesday,0,0,727543.4630335,1,784923.3054700571,876155.0096991215
20160512,2016-05-12,2016,5,May,3,Thursday,0,0,603394.2070997,1,778450.8203465143,878176.7596332
20160513,2016-05-13,2016,5,May,4,Friday,0,0,666833.8999414,1,764938.1608915429,878149.1739215713
20160514,2016-05-14,2016,5,May,5,Saturday,1,0,932869.5212631,1,745177.6957887,880675.8892511107
20160515,2016-05-15,2016,5,May,6,Sunday,1,1,1070331.66738,1,780821.557118943,873479.3866841465
20160516,2016-05-16,2016,5,May,0,Monday,0,0,748112.686851,1,777442.2760785286,852129.1038969357
20160517,2016-05-17,2016,5,May,1,Tuesday,0,0,661930.83884,1,773002.3263441001,834623.4478524715
20160518,2016-05-18,2016,5,May,2,Wednesday,0,0,671232.9593407,1,764957.9686737001,820652.2574703927
20160519,2016-05-19,2016,5,May,3,Thursday,0,0,581470.5602065,1,761826.0191175286,805666.2139360536
20160520,2016-05-20,2016,5,May,4,Friday,0,0,706024.0579254,1,767424.6131152428,800272.1001480322
20160521,2016-05-21,2016,5,May,5,Saturday,1,0,910757.16309,1,764265.7048047999,796294.0297351786
20160522,2016-05-22,2016,5,May,6,Sunday,1,0,1030671.62292,1,758599.9841676572,795983.3758389644
20160523,2016-05-23,2016,5,May,0,Monday,0,0,695004.681298,1,751013.1262315143,796519.2303910714
20160524,2016-05-24,2016,5,May,1,Tuesday,0,0,606377.2052165,1,743076.8928567285,793004.1513547751
20160525,2016-05-25,2016,5,May,2,Wednesday,0,0,637512.038734,1,738259.6184843427,791833.5778080964
20160526,2016-05-26,2016,5,May,3,Thursday,0,0,571968.623123,1,736902.1989009856,792856.0340263107
20160527,2016-05-27,2016,5,May,4,Friday,0,0,852689.219312,1,757854.3648133572,797998.0979698107
20160528,2016-05-28,2016,5,May,5,Saturday,1,0,816187.2200643,1,744344.3729525428,789028.5068973572
20160529,2016-05-29,2016,5,May,6,Sunday,1,0,959853.658039,1,734227.5208266856,777947.522985893
20160530,2016-05-30,2016,5,May,0,Monday,0,0,752452.419172,1,742434.3405229714,770035.6211551785
20160531,2016-05-31,2016,5,May,1,Tuesday,0,1,974327.9898907,1,794998.7383335715,776539.9940034429
20160601,2016-06-01,2016,6,June,2,Wednesday,0,0,811525.320315,1,819857.7785594285,776999.6677968821
20160602,2016-06-02,2016,6,June,3,Thursday,0,0,694535.9356793,1,837367.3946389,778636.6082509821
20160603,2016-06-03,2016,6,June,4,Friday,0,0,742363.085208,1,821606.5183383286,777955.9142896179
20160604,2016-06-04,2016,6,June,5,Saturday,1,0,1011996.61607,1,849579.2891962858,775841.7656855822
20160605,2016-06-05,2016,6,June,6,Sunday,1,0,1123734.4361,1,872990.8289192858,786659.972758143
20160606,2016-06-06,2016,6,June,0,Monday,0,0,729894.222866,1,869768.229447,785164.4930700036
20160607,2016-06-07,2016,6,June,1,Tuesday,0,0,658714.653306,1,824680.6099349,783939.641867325
20160608,2016-06-08,2016,6,June,2,Wednesday,0,0,696747.5498651,1,808283.7855849144,782839.7878255964
20160609,2016-06-09,2016,6,June,3,Thursday,0,0,547139.6129411,1,787227.1680508858,780830.6951770751
20160610,2016-06-10,2016,6,June,4,Friday,0,0,637354.31962,1,772225.9158240285,779777.8530227393
20160611,2016-06-11,2016,6,June,5,Saturday,1,0,845838.2061645,1,748489.0001232428,776669.5917692179
20160612,2016-06-12,2016,6,June,6,Sunday,1,0,947479.764963,1,723309.7613893857,772282.0238257535
20160613,2016-06-13,2016,6,June,0,Monday,0,0,685382.193062,1,716950.8999888144,770041.649047575
20160614,2016-06-14,2016,6,June,1,Tuesday,0,0,622267.7731045,1,711744.2028171716,768625.1109855928
20160615,2016-06-15,2016,6,June,2,Wednesday,0,1,708327.6370845,1,713398.5009913715,769949.9209050144
20160616,2016-06-16,2016,6,June,3,Thursday,0,0,620526.243001,1,723882.3052856429,771344.7667191036
20160617,2016-06-17,2016,6,June,4,Friday,0,0,737897.438279,1,738245.6079512143,772483.1017317321
20160618,2016-06-18,2016,6,June,5,Saturday,1,0,972971.109711,1,756407.451315,774705.0283967678
20160619,2016-06-19,2016,6,June,6,Sunday,1,0,837363.023871,1,740676.4883018571,767801.1498593035
20160620,2016-06-20,2016,6,June,0,Monday,0,0,735754.3648971,1,747872.5128497287,769256.4957021286
20160621,2016-06-21,2016,6,June,1,Tuesday,0,0,679248.0220203,1,756012.5484091287,771859.0248736928
20160622,2016-06-22,2016,6,June,2,Wednesday,0,0,677730.6512057,1,751641.5504264429,773295.4038905393
20160623,2016-06-23,2016,6,June,3,Thursday,0,0,559653.337429,1,742945.4210590143,772855.5722586106
20160624,2016-06-24,2016,6,June,4,Friday,0,0,641812.675912,1,729219.0264351573,765324.2671371821
20160625,2016-06-25,2016,6,June,5,Saturday,1,0,860296.8349625,1,713122.7014710857,766899.6105264035
20160626,2016-06-26,2016,6,June,6,Sunday,1,0,954344.666933,1,729834.3647656571,766702.8608440465
20160627,2016-06-27,2016,6,June,0,Monday,0,0,684735.608995,1,722545.9710653571,764284.4033377249
20160628,2016-06-28,2016,6,June,1,Tuesday,0,0,596948.934953,1,710788.9586271715,750806.5799470928
20160629,2016-06-29,2016,6,June,2,Wednesday,0,0,632489.476942,1,704325.9337323571,744412.4426837714
20160630,2016-06-30,2016,6,June,3,Thursday,0,1,554144.864923,1,703539.0090886429,739398.4758710463
20160701,2016-07-01,2016,7,July,4,Friday,0,0,857027.5539605,1,734283.9916669999,743493.63546935
20160702,2016-07-02,2016,7,July,5,Saturday,1,0,1078485.141848,1,765453.7497934999,745868.2256757071
20160703,2016-07-03,2016,7,July,6,Sunday,1,0,1126713.707945,1,790077.8985095,745974.6282415999
20160704,2016-07-04,2016,7,July,0,Monday,0,0,850891.598845,1,813814.4684880715,750295.9630979929
20160705,2016-07-05,2016,7,July,1,Tuesday,0,0,728011.558041,1,832537.7003577857,752770.8525528143
20160706,2016-07-06,2016,7,July,2,Wednesday,0,0,752110.940641,1,849626.4808862143,754748.1165090965
20160707,2016-07-07,2016,7,July,3,Thursday,0,0,591702.7820185,1,854991.8976141429,756339.6582618607
20160708,2016-07-08,2016,7,July,4,Friday,0,0,688563.400224,1,830925.5899375,758168.5539977179
20160709,2016-07-09,2016,7,July,5,Saturday,1,0,868259.9708787,1,800893.4226561714,758969.3313089393
20160710,2016-07-10,2016,7,July,6,Sunday,1,0,932486.3001359,1,773146.6501120143,758433.8504222572
20160711,2016-07-11,2016,7,July,0,Monday,0,0,688436.1450485,1,749938.7281410856,758542.9201360608
20160712,2016-07-12,2016,7,July,1,Tuesday,0,0,627039.780111,1,735514.1884367999,758713.3489577215
20160713,2016-07-13,2016,7,July,2,Wednesday,0,0,642494.4024465,1,719854.6829804428,756362.1620063642
20160714,2016-07-14,2016,7,July,3,Thursday,0,0,535124.328126,1,711772.0467100857,753312.0936179714
20160715,2016-07-15,2016,7,July,4,Friday,0,1,675032.4290353,1,709839.0508259858,751066.9147164107
20160716,2016-07-16,2016,7,July,5,Saturday,1,0,887192.885063,1,712543.7528523143,748003.4066932679
20160717,2016-07-17,2016,7,July,6,Sunday,1,0,932586.6967328,1,712558.0952233,751404.2521526179
20160718,2016-07-18,2016,7,July,0,Monday,0,0,702619.751022,1,714584.3246480857,750220.8730856499
20160719,2016-07-19,2016,7,July,1,Tuesday,0,0,633176.2922806,1,715460.9692437428,748575.454166375
20160720,2016-07-20,2016,7,July,2,Wednesday,0,0,686848.847004,1,721797.3184662428,748901.1040163143
20160721,2016-07-21,2016,7,July,3,Thursday,0,0,578823.6890245,1,728040.0843088857,749585.7594304393
20160722,2016-07-22,2016,7,July,4,Friday,0,0,646633.655341,1,723983.1166382714,749757.9372671893
20160723,2016-07-23,2016,7,July,5,Saturday,1,0,822292.472006,1,714711.6290587,748400.6385901714
20160724,2016-07-24,2016,7,July,6,Sunday,1,0,847867.677942,1,702608.9120885857,744597.88898335
20160725,2016-07-25,2016,7,July,0,Monday,0,0,697383.602092,1,701860.8908128714,745049.6030225287
20160726,2016-07-26,2016,7,July,1,Tuesday,0,0,622771.923903,1,700374.5524732143,745971.8526278858
20160727,2016-07-27,2016,7,July,2,Wednesday,0,0,651121.9849837,1,695270.7150417429,746637.2993436607
20160728,2016-07-28,2016,7,July,3,Thursday,0,0,533256.2493581,1,688761.0808036857,745891.2773592001
20160729,2016-07-29,2016,7,July,4,Friday,0,0,669585.8378729,1,692039.9640225285,739196.9303560714
20160730,2016-07-30,2016,7,July,5,Saturday,1,0,910213.871959,1,704600.1640158143,733187.24214575
20160731,2016-07-31,2016,7,July,6,Sunday,1,1,997916.9572141,1,726035.7753403999,728587.358191075
20160801,2016-08-01,2016,8,August,0,Monday,0,0,895580.405053,1,754349.6043348286,730183.3869842179
20160802,2016-08-02,2016,8,August,1,Tuesday,0,0,777592.8388893,1,776466.8779043,731954.1470145143
20160803,2016-08-03,2016,8,August,2,Wednesday,0,0,779844.8100532,1,794855.8529142287,732944.6423506642
20160804,2016-08-04,2016,8,August,3,Thursday,0,0,622883.098161,1,807659.6884575001,734058.2250700392
20160805,2016-08-05,2016,8,August,4,Friday,0,0,704092.7391311,1,812589.2457801,734612.8443167213
20160806,2016-08-06,2016,8,August,5,Saturday,1,0,858903.2119025,1,805259.1514863143,734278.6743532857
20160807,2016-08-07,2016,8,August,6,Sunday,1,0,904321.436838,1,791888.3628611572,733272.7863783607
20160808,2016-08-08,2016,8,August,0,Monday,0,0,715195.5388238,1,766119.0962569857,734228.4790131927
20160809,2016-08-09,2016,8,August,1,Tuesday,0,0,635538.981035,1,745825.6879920857,734532.0219033357
20160810,2016-08-10,2016,8,August,2,Wednesday,0,0,658457.436112,1,728484.6345719142,735102.1302485323
20160811,2016-08-11,2016,8,August,3,Thursday,0,0,596729.279945,1,724748.3748267713,737302.3070992107
20160812,2016-08-12,2016,8,August,4,Friday,0,0,745662.5051491,1,730686.9128293429,739824.8098175607
20160813,2016-08-13,2016,8,August,5,Saturday,1,0,714905.9190669,1,710115.8709956857,733671.7038891286
20160814,2016-08-14,2016,8,August,6,Sunday,1,0,761826.1289779,1,689759.3984442429,727573.1121835964
20160815,2016-08-15,2016,8,August,0,Monday,0,1,720032.299881,1,690450.364309557,728194.9889285607
20160816,2016-08-16,2016,8,August,1,Tuesday,0,0,718671.651353,1,702326.4600692715,731248.3946097179
20160817,2016-08-17,2016,8,August,2,Wednesday,0,0,725945.703034,1,711967.6410581284,732644.7108965035
20160818,2016-08-18,2016,8,August,3,Thursday,0,0,577350.5209386,1,709199.2469143572,732592.0977505787
20160819,2016-08-19,2016,8,August,4,Friday,0,0,678767.115815,1,699642.7627237715,733739.7213389358
20160820,2016-08-20,2016,8,August,5,Saturday,1,0,828986.33584,1,715939.9651199285,733978.7879044358
20160821,2016-08-21,2016,8,August,6,Sunday,1,0,901870.149939,1,735946.2538286571,735907.4476186142
20160822,2016-08-22,2016,8,August,0,Monday,0,0,714866.233843,1,735208.2443946572,736531.827324007
20160823,2016-08-23,2016,8,August,1,Tuesday,0,0,660819.9779755,1,726943.7196264428,737890.6863980249
20160824,2016-08-24,2016,8,August,2,Wednesday,0,0,674613.0479498,1,719610.4831858429,738729.6529325286
20160825,2016-08-25,2016,8,August,3,Thursday,0,0,554421.529139,1,716334.9129287571,739485.5557818463
20160826,2016-08-26,2016,8,August,4,Friday,0,0,646698.272887,1,711753.6496533286,738668.1427466357
20160827,2016-08-27,2016,8,August,5,Saturday,1,0,791047.534486,1,706333.8208884716,734412.2021226
20160828,2016-08-28,2016,8,August,6,Sunday,1,0,858802.419759,1,700181.2880056143,729443.8257849178
20160829,2016-08-29,2016,8,August,0,Monday,0,0,671845.736816,1,694035.5027160429,721453.3019193106
20160830,2016-08-30,2016,8,August,1,Tuesday,0,0,624711.335056,1,688877.1251561142,715993.2482109786
20160831,2016-08-31,2016,8,August,2,Wednesday,0,1,731430.1240452,1,696993.8503125999,714264.1522821215
20160901,2016-09-01,2016,9,September,3,Thursday,0,0,718105.570925,1,720377.2848534571,717664.9548808357
20160902,2016-09-02,2016,9,September,4,Friday,0,0,837129.587642,1,747581.7583898857,722416.2708990822
20160903,2016-09-03,2016,9,September,5,Saturday,1,0,1057581.210918,1,785657.9978801714,729511.9137210643
20160904,2016-09-04,2016,9,September,6,Sunday,1,0,1109985.857533,1,821541.3461336,736857.0716030287
20160905,2016-09-05,2016,9,September,0,Monday,0,0,813763.2950235,1,841815.2830203857,740377.3486101608
20160906,2016-09-06,2016,9,September,1,Tuesday,0,0,751583.025072,1,859939.8101655286,744521.7787543393
20160907,2016-09-07,2016,9,September,2,Wednesday,0,0,738543.916999,1,860956.0663017858,747382.0102145893
20160908,2016-09-08,2016,9,September,3,Thursday,0,0,595849.2986095,1,843490.8845424287,747350.58230975
20160909,2016-09-09,2016,9,September,4,Friday,0,0,658969.026968,1,818039.3758747143,744254.386660425
20160910,2016-09-10,2016,9,September,5,Saturday,1,0,915938.559049,1,797804.7113220001,751434.1238026429
20160911,2016-09-11,2016,9,September,6,Sunday,1,0,1017369.2242663,1,784573.7637124715,760560.6629200857
20160912,2016-09-12,2016,9,September,0,Monday,0,0,678776.4591265,1,765289.9300129,759087.2400359965
20160913,2016-09-13,2016,9,September,1,Tuesday,0,0,603427.946974,1,744124.9188560428,754971.3934510321
20160914,2016-09-14,2016,9,September,2,Wednesday,0,0,624262.071976,1,727798.9409956143,751339.8351989606
20160915,2016-09-15,2016,9,September,3,Thursday,0,1,568324.812986,1,723866.8716208285,751017.4884863679
20160916,2016-09-16,2016,9,September,4,Friday,0,0,691912.601466,1,728573.0965491142,751486.9701167607
20160917,2016-09-17,2016,9,September,5,Saturday,1,0,899219.297508,1,726184.6306146857,753995.2901763321
20160918,2016-09-18,2016,9,September,6,Sunday,1,0,1018662.657394,1,726369.4067757857,758166.4511568679
20160919,2016-09-19,2016,9,September,0,Monday,0,0,681159.341976,1,726709.8186114285,756962.6335901892
20160920,2016-09-20,2016,9,September,1,Tuesday,0,0,650980.3219717001,1,733503.0150396713,756611.2173043393
20160921,2016-09-21,2016,9,September,2,Wednesday,0,0,666928.400013,1,739598.2047592428,756336.7655923106
20160922,2016-09-22,2016,9,September,3,Thursday,0,0,533276.332017,1,734591.2789065286,755581.5799808108
20160923,2016-09-23,2016,9,September,4,Friday,0,0,663685.9846653,1,730558.9050778572,756188.2839728928
20160924,2016-09-24,2016,9,September,5,Saturday,1,0,861830.389997,1,725217.6325762857,758716.2430982857
20160925,2016-09-25,2016,9,September,6,Sunday,1,0,952352.5509251,1,715744.7602235858,762057.3192113608
20160926,2016-09-26,2016,9,September,0,Monday,0,0,664217.4402937,1,713324.4885546856,761784.88004985
20160927,2016-09-27,2016,9,September,1,Tuesday,0,0,587908.3278165,1,704314.2036753715,760470.4869341536
20160928,2016-09-28,2016,9,September,2,Wednesday,0,0,631761.1750463,1,699290.3143944143,756910.8816127643
20160929,2016-09-29,2016,9,September,3,Thursday,0,0,520744.9210333,1,697500.1128253143,749862.286973775
20160930,2016-09-30,2016,9,September,4,Friday,0,1,703198.490806,1,703144.7565597,745079.0335153464
20161001,2016-10-01,2016,10,October,5,Saturday,1,0,1175033.65823,1,747888.0805929856,749273.7637764893
20161002,2016-10-02,2016,10,October,6,Sunday,1,0,1256480.1709663,1,791334.8834560142,754505.7035419643
20161003,2016-10-03,2016,10,October,0,Monday,0,0,833060.55889,1,815455.3289697714,755194.8915371964
20161004,2016-10-04,2016,10,October,1,Tuesday,0,0,724113.096039,1,834913.1530015571,754213.8226431607
20161005,2016-10-05,2016,10,October,2,Wednesday,0,0,749712.3000211,1,851763.3137122429,754612.6934653785
20161006,2016-10-06,2016,10,October,3,Thursday,0,0,581429.340158,1,860432.5164443428,754097.6949492536
20161007,2016-10-07,2016,10,October,4,Friday,0,0,797612.239327,1,873920.1948044857,759049.2382477893
20161008,2016-10-08,2016,10,October,5,Saturday,1,0,932551.706831,1,839279.9160332,759642.5649542892
20161009,2016-10-09,2016,10,October,6,Sunday,1,0,1088251.479908,1,815247.2458820144,762174.07408435
20161010,2016-10-10,2016,10,October,0,Monday,0,0,725312.8469015,1,799854.7155979428,763836.0879334571
20161011,2016-10-11,2016,10,October,1,Tuesday,0,0,625271.993952,1,785734.5581569428,764616.2324683856
20161012,2016-10-12,2016,10,October,2,Wednesday,0,0,665126.077693,1,773650.8121100714,766075.6612439929
20161013,2016-10-13,2016,10,October,3,Thursday,0,0,558859.8909975,1,770426.6050871428,765737.6283158322
20161014,2016-10-14,2016,10,October,4,Friday,0,0,667954.207226,1,751904.0290727143,764881.9713786893
20161015,2016-10-15,2016,10,October,5,Saturday,1,1,890613.591114,1,745912.8696845714,764574.6247217607
20161016,2016-10-16,2016,10,October,6,Sunday,1,0,1104504.6882152,1,748234.7565856,767640.4115368036
20161017,2016-10-17,2016,10,October,0,Monday,0,0,710456.4240015,1,746112.4104570287,768686.7358948572
20161018,2016-10-18,2016,10,October,1,Tuesday,0,0,630638.592023,1,746879.0673243143,767960.2455395466
20161019,2016-10-19,2016,10,October,2,Wednesday,0,0,647823.468973,1,744407.2660786001,767277.9265738323
20161020,2016-10-20,2016,10,October,3,Thursday,0,0,583001.280078,1,747856.0359472429,769053.8175760107
20161021,2016-10-21,2016,10,October,4,Friday,0,0,669453.5420583,1,748070.2266375715,769259.8017686178
20161022,2016-10-22,2016,10,October,5,Saturday,1,0,843626.415914,1,741357.7730375715,768609.659837082
20161023,2016-10-23,2016,10,October,6,Sunday,1,0,1022953.689959,1,729707.6304295429,771131.1290882928
20161024,2016-10-24,2016,10,October,0,Monday,0,0,668507.6451983,1,723714.9477433714,771284.3506920285
20161025,2016-10-25,2016,10,October,1,Tuesday,0,0,610590.8979547,1,720850.9914479001,772094.4424826785
20161026,2016-10-26,2016,10,October,2,Wednesday,0,0,633413.8905697,1,718792.4802474286,772153.4680370857
20161027,2016-10-27,2016,10,October,3,Thursday,0,0,544361.4798829,1,713272.5087909858,772996.9165674286
20161028,2016-10-28,2016,10,October,4,Friday,0,0,638838.252231,1,708898.8959585143,770698.3366183216
20161029,2016-10-29,2016,10,October,5,Saturday,1,0,841074.6969995,1,708534.3646850142,758771.2308600892
20161030,2016-10-30,2016,10,October,6,Sunday,1,0,954838.191008,1,698803.5791205857,747998.3030044358
20161031,2016-10-31,2016,10,October,0,Monday,0,1,654923.5029715,1,696862.9873738999,741636.2652930608
20161101,2016-11-01,2016,11,November,1,Tuesday,0,0,811832.445984,1,725611.7799495143,744769.0992196678
20161102,2016-11-02,2016,11,November,2,Wednesday,0,0,969033.618953,1,773557.4554328428,752602.0034672357
20161103,2016-11-03,2016,11,November,3,Thursday,0,0,793811.6841115,1,809193.1988940715,760187.0871798607
20161104,2016-11-04,2016,11,November,4,Friday,0,0,858468.216477,1,840568.9080720715,762360.5149352179
20161105,2016-11-05,2016,11,November,5,Saturday,1,0,887751.298669,1,847236.9940248572,760760.5003580035
20161106,2016-11-06,2016,11,November,6,Sunday,1,0,1140367.104134,1,873741.1244714287,762621.7726517894
20161107,2016-11-07,2016,11,November,0,Monday,0,0,849451.0429045,1,901530.7730332857,767055.2796518964
20161108,2016-11-08,2016,11,November,1,Tuesday,0,0,767439.628434,1,895188.9419547142,772132.6951691108
20161109,2016-11-09,2016,11,November,2,Wednesday,0,0,790276.839009,1,869652.2591055714,776602.3652161108
20161110,2016-11-10,2016,11,November,3,Thursday,0,0,588241.7590247,1,840285.1269503143,777651.7176456535
20161111,2016-11-11,2016,11,November,4,Friday,0,0,713396.4541223,1,819560.5894710714,779274.6550348073
20161112,2016-11-12,2016,11,November,5,Saturday,1,0,929802.771943,1,825567.9427959286,780674.2686358428
20161113,2016-11-13,2016,11,November,6,Sunday,1,0,1188982.232398,1,832512.9611193571,783691.3237852285
20161114,2016-11-14,2016,11,November,0,Monday,0,0,735723.172977,1,816266.1225582857,784593.7076772107
20161115,2016-11-15,2016,11,November,1,Tuesday,0,1,691801.6290437999,1,805460.6940739715,786778.1018565249
20161116,2016-11-16,2016,11,November,2,Wednesday,0,0,830431.7415873,1,811197.1087280143,793299.8258784643
20161117,2016-11-17,2016,11,November,3,Thursday,0,0,615228.2560159,1,815052.3225839,794450.7893048179
20161118,2016-11-18,2016,11,November,4,Friday,0,0,738265.552222,1,818605.0508838572,796908.3610963786
20161119,2016-11-19,2016,11,November,5,Saturday,1,0,935656.0010137,1,819441.2264653856,800195.1319927966
20161120,2016-11-20,2016,11,November,6,Sunday,1,0,1125178.987911,1,810326.4772529572,803846.0354910821
20161121,2016-11-21,2016,11,November,0,Monday,0,0,773762.280859,1,815760.6355218142,807605.1296218215
20161122,2016-11-22,2016,11,November,1,Tuesday,0,0,690281.251004,1,815543.4386589857,810451.2136592965
20161123,2016-11-23,2016,11,November,2,Wednesday,0,0,753685.041456,1,804579.6243545143,814746.6119052357
20161124,2016-11-24,2016,11,November,3,Thursday,0,0,595457.3062203,1,801755.2029551428,816571.4628458571
20161125,2016-11-25,2016,11,November,4,Friday,0,0,737819.484836,1,801691.4790428571,820106.5068674643
20161126,2016-11-26,2016,11,November,5,Saturday,1,0,908066.823384,1,797750.1679528999,822499.0828097679
20161127,2016-11-27,2016,11,November,6,Sunday,1,0,1056721.5920875,1,787970.5399781143,826137.7757054643
20161128,2016-11-28,2016,11,November,0,Monday,0,0,752583.7680527,1,784945.0381486429,829625.642315507
20161129,2016-11-29,2016,11,November,1,Tuesday,0,0,645760.5082353,1,778584.9320388285,823694.501681625
20161130,2016-11-30,2016,11,November,2,Wednesday,0,1,767361.704324,1,780538.7410199714,816491.9333020179
20161201,2016-12-01,2016,12,December,3,Thursday,0,0,843603.315088,1,815988.1708582144,818270.2058368928
20161202,2016-12-02,2016,12,December,4,Friday,0,0,853454.930795,1,832507.5202809286,818091.1599196785
20161203,2016-12-03,2016,12,December,5,Saturday,1,0,1113440.567059,1,861846.6265202144,826151.4909336072
20161204,2016-12-04,2016,12,December,6,Sunday,1,0,1276195.0362097,1,893199.9756805286,831002.4885077393
20161205,2016-12-05,2016,12,December,0,Monday,0,0,896824.938971,1,913805.8572402857,832694.4133672571
20161206,2016-12-06,2016,12,December,1,Tuesday,0,0,932546.385931,1,954775.2683396714,838591.0832778643
20161207,2016-12-07,2016,12,December,2,Wednesday,0,0,867653.7351403,1,969102.7013134286,841354.5438539821
20161208,2016-12-08,2016,12,December,3,Thursday,0,0,674077.382905,1,944884.7110015714,844420.1018497071
20161209,2016-12-09,2016,12,December,4,Friday,0,0,774941.923982,1,933668.5671711428,846618.1543446964
20161210,2016-12-10,2016,12,December,5,Saturday,1,0,920050.745917,1,906041.4498651428,846269.8677009108
20161211,2016-12-11,2016,12,December,6,Sunday,1,0,1119324.243986,1,883631.3366903287,843782.0824004821
20161212,2016-12-12,2016,12,December,0,Monday,0,0,844251.703802,1,876120.8745233285,847658.1013585179
20161213,2016-12-13,2016,12,December,1,Tuesday,0,0,747161.615593,1,849637.3359036144,849635.243735275
20161214,2016-12-14,2016,12,December,2,Wednesday,0,0,829763.2190675,1,844224.4050360714,849611.3679309965
20161215,2016-12-15,2016,12,December,3,Thursday,0,1,747641.1828753001,1,854733.5193175429,854340.4010331178
20161216,2016-12-16,2016,12,December,4,Friday,0,0,918899.786306,1,875298.9282209715,860791.623678975
20161217,2016-12-17,2016,12,December,5,Saturday,1,0,1071655.6282493,1,896956.7685541572,865648.7532231035
20161218,2016-12-18,2016,12,December,6,Sunday,1,0,1260471.9085900001,1,917120.7206404429,870480.6432473536
20161219,2016-12-19,2016,12,December,0,Monday,0,0,1028242.8227987,1,943405.1662114001,879569.2340309143
20161220,2016-12-20,2016,12,December,1,Tuesday,0,0,1080402.388032,1,991010.990845543,893502.1317819143
20161221,2016-12-21,2016,12,December,2,Wednesday,0,0,1181307.3270735,1,1041231.5777035429,908774.3562682538
20161222,2016-12-22,2016,12,December,3,Thursday,0,0,1135849.391084,1,1096689.8931619285,928074.0735848143
20161223,2016-12-23,2016,12,December,4,Friday,0,0,1282145.5171351,1,1148582.1404232285,947514.2890240679
20161224,2016-12-24,2016,12,December,5,Saturday,1,0,1246837.8430543,1,1173608.1711096573,959613.2540122928
20161225,2016-12-25,2016,12,December,6,Sunday,1,0,,0,1159130.8815296001,956016.6488983962
20161226,2016-12-26,2016,12,December,0,Monday,0,0,1032770.748898,1,1159885.5358794832,966393.9444852592
20161227,2016-12-27,2016,12,December,1,Tuesday,0,0,842475.490118,1,1120231.0528938167,973679.6845549889
20161228,2016-12-28,2016,12,December,2,Wednesday,0,0,951533.7138481,1,1081935.4506895833,980500.8700929185
20161229,2016-12-29,2016,12,December,3,Thursday,0,0,894108.236835,1,1041645.2583147498,982371.4227502149
20161230,2016-12-30,2016,12,December,4,Friday,0,0,1163643.0379923,1,1021894.8451242833,993859.8711649297
20161231,2016-12-31,2016,12,December,5,Saturday,1,1,1109012.812049,1,998924.0066234,993695.8802386335
20170101,2017-01-01,2017,1,January,6,Sunday,1,0,12082.500997,1,857946.6486767714,946876.8974529778
20170102,2017-01-02,2017,1,January,0,Monday,0,0,1402306.370834,1,910737.4518104858,965598.4319664224
20170103,2017-01-03,2017,1,January,1,Tuesday,0,0,1104377.0798245,1,948151.9646257,971962.5317402557
20170104,2017-01-04,2017,1,January,2,Wednesday,0,0,990093.463742,1,953660.5003248287,976497.3365032815
20170105,2017-01-05,2017,1,January,3,Thursday,0,0,777620.9540695,1,937019.4599297572,980332.2835834482
20170106,2017-01-06,2017,1,January,4,Friday,0,0,839600.237989,1,890727.6313578571,982727.0359540777
20170107,2017-01-07,2017,1,January,5,Saturday,1,0,1103806.298949,1,889983.8437721429,989532.7971774852
20170108,2017-01-08,2017,1,January,6,Sunday,1,0,1192543.750978,1,1058621.165198,992244.6307697815
20170109,2017-01-09,2017,1,January,0,Monday,0,0,793724.8969065,1,971680.9546369286,990373.2675514296
20170110,2017-01-10,2017,1,January,1,Tuesday,0,0,742635.5692609,1,920003.5959849857,990205.6362057964
20170111,2017-01-11,2017,1,January,2,Wednesday,0,0,770742.690065,1,888667.7711739857,988019.6906871853
20170112,2017-01-12,2017,1,January,3,Thursday,0,0,629635.794004,1,867527.0340217714,983649.1207289889
20170113,2017-01-13,2017,1,January,4,Friday,0,0,768898.9443882,1,857426.8492216571,978093.5339912926
20170114,2017-01-14,2017,1,January,5,Saturday,1,0,1021050.536226,1,845604.5974040858,976219.271323763
20170115,2017-01-15,2017,1,January,6,Sunday,1,1,1175725.165838,1,843201.9423840857,973080.5030736888
20170116,2017-01-16,2017,1,January,0,Monday,0,0,824488.666175,1,847596.7665653,965534.0528283668
20170117,2017-01-17,2017,1,January,1,Tuesday,0,0,750836.542952,1,848768.3342354571,953327.9104179963
20170118,2017-01-18,2017,1,January,2,Wednesday,0,0,782656.0246723,1,850470.2391793571,938563.0473661
20170119,2017-01-19,2017,1,January,3,Thursday,0,0,606949.7448793,1,847229.3750186858,918974.1715807408
20170120,2017-01-20,2017,1,January,4,Friday,0,0,725703.6910875,1,841058.6245471571,898365.2150604592
20170121,2017-01-21,2017,1,January,5,Saturday,1,0,1072721.724905,1,848440.2229298715,891916.4699438185
20170122,2017-01-22,2017,1,January,6,Sunday,1,0,1148214.358454,1,844510.1075893,901069.9659620393
20170123,2017-01-23,2017,1,January,0,Monday,0,0,798133.612125,1,840745.0998678714,892690.0682201466
20170124,2017-01-24,2017,1,January,1,Tuesday,0,0,721275.774781,1,836522.1329862999,888361.5069581108
20170125,2017-01-25,2017,1,January,2,Wednesday,0,0,744342.5929227,1,831048.7855935001,880961.8240679179
20170126,2017-01-26,2017,1,January,3,Thursday,0,0,576515.5369877,1,826701.0416089856,869619.2276448
20170127,2017-01-27,2017,1,January,4,Friday,0,0,722113.958837,1,826188.2227160571,853850.3319606821
20170128,2017-01-28,2017,1,January,5,Saturday,1,0,977850.40585,1,812635.1771367714,849165.9603107178
20170129,2017-01-29,2017,1,January,6,Sunday,1,0,1075166.993043,1,802199.8392209143,887133.263598075
20170130,2017-01-30,2017,1,January,0,Monday,0,0,698123.768037,1,787912.7186369143,861983.8849267535
20170131,2017-01-31,2017,1,January,1,Tuesday,0,1,778222.285925,1,796047.9345146286,850335.4994303428
20170201,2017-02-01,2017,2,February,2,Wednesday,0,0,961777.382874,1,827110.0473648142,849324.2108279143
20170202,2017-02-02,2017,2,February,3,Thursday,0,0,748882.732615,1,851733.9324544286,848297.8457759678
20170203,2017-02-03,2017,2,February,4,Friday,0,0,834667.1519293,1,867812.960039043,848121.6641309785
20170204,2017-02-04,2017,2,February,5,Saturday,1,0,1132788.541413,1,889946.9794051858,849156.7442189787
20170205,2017-02-05,2017,2,February,6,Sunday,1,0,1151987.631095,1,900921.3562697571,847708.3113660143
20170206,2017-02-06,2017,2,February,0,Monday,0,0,786672.394181,1,913571.1600046143,847456.436268675
20170207,2017-02-07,2017,2,February,1,Tuesday,0,0,739431.213302,1,908029.5782013286,847341.9949844285
20170208,2017-02-08,2017,2,February,2,Wednesday,0,0,783605.377185,1,882576.4345314716,847801.3766672856
20170209,2017-02-09,2017,2,February,3,Thursday,0,0,624387.487899,1,864791.3995720429,847613.9371635357
20170210,2017-02-10,2017,2,February,4,Friday,0,0,752207.2398545,1,853011.4121327858,847017.8048587608
20170211,2017-02-11,2017,2,February,5,Saturday,1,0,944924.65301,1,826173.7137895001,844299.0233153321
20170212,2017-02-12,2017,2,February,6,Sunday,1,0,1074820.900014,1,815149.895063643,840695.2995359037
20170213,2017-02-13,2017,2,February,0,Monday,0,0,794314.4320675,1,816241.6147617142,839617.6483177786
20170214,2017-02-14,2017,2,February,1,Tuesday,0,0,642613.187069,1,802410.4681569999,835752.5284648143
20170215,2017-02-15,2017,2,February,2,Wednesday,0,1,745780.355084,1,797006.8935711429,834435.5402652322
20170216,2017-02-16,2017,2,February,3,Thursday,0,0,645968.2570671,1,800089.8605951571,835829.0585576536
20170217,2017-02-17,2017,2,February,4,Friday,0,0,758855.71279,1,801039.6424430858,837013.0593327429
20170218,2017-02-18,2017,2,February,5,Saturday,1,0,1063394.844003,1,817963.9554420856,836679.9564433858
20170219,2017-02-19,2017,2,February,6,Sunday,1,0,858897.1230135,1,787117.7015848713,826347.1980347965
20170220,2017-02-20,2017,2,February,0,Monday,0,0,759120.0599607,1,782089.9341410429,824953.8568860714
20170221,2017-02-21,2017,2,February,1,Tuesday,0,0,717807.6770255,1,792832.0041348286,824829.9962519463
20170222,2017-02-22,2017,2,February,2,Wednesday,0,0,739388.0344027,1,791918.8154660715,824653.047733375
20170223,2017-02-23,2017,2,February,3,Thursday,0,0,675578.500156,1,796148.8501930572,828191.0107036715
20170224,2017-02-24,2017,2,February,4,Friday,0,0,816197.498952,1,804340.5339304857,831551.1371363502
20170225,2017-02-25,2017,2,February,5,Saturday,1,0,1026011.2228075,1,799000.0166168428,833271.1663134035
20170226,2017-02-26,2017,2,February,6,Sunday,1,0,775708.987978,1,787115.9973260572,822576.2375610821
20170227,2017-02-27,2017,2,February,0,Monday,0,0,744956.948138,1,785092.6956371,824248.8511361179
20170228,2017-02-28,2017,2,February,1,Tuesday,0,1,949366.8290505,1,818172.5744978143,830361.1562477428
20170301,2017-03-01,2017,3,March,2,Wednesday,0,0,1008521.709962,1,856620.2424348572,832030.5965008857
20170302,2017-03-02,2017,3,March,3,Thursday,0,0,836225.179072,1,879569.7679942857,835149.9695886357
20170303,2017-03-03,2017,3,March,4,Friday,0,0,882639.776274,1,889061.5218974286,836863.2776009465
20170304,2017-03-04,2017,3,March,5,Saturday,1,0,1125736.3470592,1,903307.9682190999,836611.4135168821
20170305,2017-03-05,2017,3,March,6,Sunday,1,0,1196983.690104,1,963490.0685228144,838218.4156243465
20170306,2017-03-06,2017,3,March,0,Monday,0,0,790143.2410905,1,969945.2532303144,838342.3744425429
20170307,2017-03-07,2017,3,March,1,Tuesday,0,0,761866.729975,1,943159.5247909572,839143.64289515
20170308,2017-03-08,2017,3,March,2,Wednesday,0,0,781046.6619577,1,910663.0893617714,839052.2602084607
20170309,2017-03-09,2017,3,March,3,Thursday,0,0,653901.1919827,1,884616.8054918714,840106.321068593
20170310,2017-03-10,2017,3,March,4,Friday,0,0,773855.30685,1,869076.1670027288,840879.4663184321
20170311,2017-03-11,2017,3,March,5,Saturday,1,0,1001174.4340065,1,851281.6079952001,842888.3870683071
20170312,2017-03-12,2017,3,March,6,Sunday,1,0,1146006.826973,1,843999.1989764858,845430.741602557
20170313,2017-03-13,2017,3,March,0,Monday,0,0,754390.380036,1,838891.6473972715,844004.8826014322
20170314,2017-03-14,2017,3,March,1,Tuesday,0,0,700998.0346447,1,830196.1194929428,846090.0557291358
20170315,2017-03-15,2017,3,March,2,Wednesday,0,1,815621.887369,1,835135.437408843,848584.3961678856
20170316,2017-03-16,2017,3,March,3,Thursday,0,0,699108.166824,1,841593.5766718857,850482.250087775
20170317,2017-03-17,2017,3,March,4,Friday,0,0,812306.77427,1,847086.6434461714,852391.2165692037
20170318,2017-03-18,2017,3,March,5,Saturday,1,0,1038906.566154,1,852476.9480386715,851516.6352174536
20170319,2017-03-19,2017,3,March,6,Sunday,1,0,1157140.638587,1,854067.4925549572,862168.1893450785
20170320,2017-03-20,2017,3,March,0,Monday,0,0,826428.90991,1,864358.7111083857,864572.0768432679
20170321,2017-03-21,2017,3,March,1,Tuesday,0,0,746620.926177,1,870876.2670415714,865601.1214558214
20170322,2017-03-22,2017,3,March,2,Wednesday,0,0,767880.804934,1,864056.112408,866618.7204033679
20170323,2017-03-23,2017,3,March,3,Thursday,0,0,670848.010029,1,860018.9471515715,866449.7743274036
20170324,2017-03-24,2017,3,March,4,Friday,0,0,787914.125515,1,856534.2830437144,865439.6538475107
20170325,2017-03-25,2017,3,March,5,Saturday,1,0,1038139.316887,1,856424.6760055714,865872.8000646358
20170326,2017-03-26,2017,3,March,6,Sunday,1,0,1101557.476706,1,848484.2243082857,877510.2460906358
20170327,2017-03-27,2017,3,March,0,Monday,0,0,784103.265042,1,842437.7036128571,878908.3288372072
20170328,2017-03-28,2017,3,March,1,Tuesday,0,0,702943.948577,1,836198.1353842857,870107.5116774393
20170329,2017-03-29,2017,3,March,2,Wednesday,0,0,824632.985033,1,844305.5896841428,863540.0572156893
20170330,2017-03-30,2017,3,March,3,Thursday,0,0,637624.340998,1,839559.3512511428,856447.1701416179
20170331,2017-03-31,2017,3,March,4,Friday,0,1,878750.03788,1,852535.9101604285,856308.2509132607
20170401,2017-04-01,2017,4,April,5,Saturday,1,0,1463083.962459,1,913242.2880992858,868356.3800346821
20170402,2017-04-02,2017,4,April,6,Sunday,1,0,1138650.058898,1,918541.2284124286,866273.0360630393
20170403,2017-04-03,2017,4,April,0,Monday,0,0,835191.622029,1,925839.5651248572,867881.9068108428
20170404,2017-04-04,2017,4,April,1,Tuesday,0,0,835602.6360017,1,944790.8061855285,870515.3320260822
20170405,2017-04-05,2017,4,April,2,Wednesday,0,0,846631.307907,1,947933.4237389571,872857.6408099857
20170406,2017-04-06,2017,4,April,3,Thursday,0,0,683059.570103,1,954424.1707539571,873899.0114571393
20170407,2017-04-07,2017,4,April,4,Friday,0,0,765502.211925,1,938245.909903243,873600.6866383894
20170408,2017-04-08,2017,4,April,5,Saturday,1,0,988591.469958,1,870461.2681173857,873151.2950652286
20170409,2017-04-09,2017,4,April,6,Sunday,1,0,1101713.657101,1,865184.6392892429,871569.3961412285
20170410,2017-04-10,2017,4,April,0,Monday,0,0,739392.130988,1,851498.9977119571,871033.7443895143
20170411,2017-04-11,2017,4,April,1,Tuesday,0,0,741331.430196,1,838031.6825968571,872474.2228020608
20170412,2017-04-12,2017,4,April,2,Wednesday,0,0,791762.312883,1,830193.2547362857,871622.0951418466
20170413,2017-04-13,2017,4,April,3,Thursday,0,0,737029.565183,1,837903.2540334286,872976.430797525
20170414,2017-04-14,2017,4,April,4,Friday,0,0,740889.486829,1,834387.1504482857,870425.813388918
20170415,2017-04-15,2017,4,April,5,Saturday,1,1,898610.217928,1,821532.6858725714,865415.2295237036
20170416,2017-04-16,2017,4,April,6,Sunday,1,0,985493.795113,1,804929.8484457142,859284.9851139178
20170417,2017-04-17,2017,4,April,0,Monday,0,0,775916.9059055,1,810147.6734339286,857480.9849709
20170418,2017-04-18,2017,4,April,1,Tuesday,0,0,717196.315762,1,806699.7999433571,856430.1060275072
20170419,2017-04-19,2017,4,April,2,Wednesday,0,0,735733.2142477,1,798695.6429954572,855281.9777887107
20170420,2017-04-20,2017,4,April,3,Thursday,0,0,675804.0219027,1,789949.1368125571,855458.9782127714
20170421,2017-04-21,2017,4,April,4,Friday,0,0,795795.893872,1,797792.9092472715,855740.4699398072
20170422,2017-04-22,2017,4,April,5,Saturday,1,0,974952.817869,1,808698.9949531286,853483.8092605929
20170423,2017-04-23,2017,4,April,6,Sunday,1,0,1140070.2748035,1,830781.3491946285,854859.2663355035
20170424,2017-04-24,2017,4,April,0,Monday,0,0,755072.530945,1,827803.5813431286,853822.4544034678
20170425,2017-04-25,2017,4,April,1,Tuesday,0,0,718996.080637,1,828060.6906109856,854395.7448341821
20170426,2017-04-26,2017,4,April,2,Wednesday,0,0,781159.2829995,1,834550.1290041001,852843.1126187
20170427,2017-04-27,2017,4,April,3,Thursday,0,0,624910.0260955,1,827279.5581745,852389.0299436107
20170428,2017-04-28,2017,4,April,4,Friday,0,0,797636.6251025,1,827542.5197788571,849492.1223444144
20170429,2017-04-29,2017,4,April,5,Saturday,1,0,1068279.815941,1,840874.948074857,835391.9742544858
20170430,2017-04-30,2017,4,April,6,Sunday,1,1,1041249.2479705,1,826757.6585272857,831913.3738642178
20170501,2017-05-01,2017,5,May,0,Monday,0,0,1306699.366897,1,905561.4922347143,848752.9361809322
20170502,2017-05-02,2017,5,May,1,Tuesday,0,0,907324.094113,1,932465.4941598572,851314.4168277642
20170503,2017-05-03,2017,5,May,2,Wednesday,0,0,924247.257204,1,952906.6333319285,854086.4150169429
20170504,2017-05-04,2017,5,May,3,Thursday,0,0,716654.608983,1,966013.0023158572,855286.2378340857
20170505,2017-05-05,2017,5,May,4,Friday,0,0,780798.407016,1,963607.5425892143,855832.5305159072
20170506,2017-05-06,2017,5,May,5,Saturday,1,0,1039417.861868,1,959484.4062930715,857647.7587984072
20170507,2017-05-07,2017,5,May,6,Sunday,1,0,1227380.607924,1,986074.6005721428,862135.8641849429
20170508,2017-05-08,2017,5,May,0,Monday,0,0,776307.495015,1,910304.3331604284,863454.27004305
20170509,2017-05-09,2017,5,May,1,Tuesday,0,0,715811.198881,1,882945.3481272857,862542.8332103714
20170510,2017-05-10,2017,5,May,2,Wednesday,0,0,766101.907094,1,860353.1552544285,861626.3901464784
20170511,2017-05-11,2017,5,May,3,Thursday,0,0,648650.413039,1,850638.2701195714,858469.9918556215
20170512,2017-05-12,2017,5,May,4,Friday,0,0,764812.415784,1,848354.5570864286,859324.3821754428
20170513,2017-05-13,2017,5,May,5,Saturday,1,0,1116976.891153,1,859434.418412857,867123.1919334785
20170514,2017-05-14,2017,5,May,6,Sunday,1,0,884199.9138385,1,810408.6049720714,863505.5533165323
20170515,2017-05-15,2017,5,May,0,Monday,0,1,823035.572122,1,817084.0445587857,865188.3628242643
20170516,2017-05-16,2017,5,May,1,Tuesday,0,0,807803.8950783,1,830225.8583012571,868424.3477998463
20170517,2017-05-17,2017,5,May,2,Wednesday,0,0,841407.607944,1,840983.8155655429,872198.433289
20170518,2017-05-18,2017,5,May,3,Thursday,0,0,628487.989962,1,838103.4694116858,870508.5750054036
20170519,2017-05-19,2017,5,May,4,Friday,0,0,773775.4378677,1,839383.9011379286,869722.1301481072
20170520,2017-05-20,2017,5,May,5,Saturday,1,0,1035667.381833,1,827768.2569493571,871890.5074325356
20170521,2017-05-21,2017,5,May,6,Sunday,1,0,1201938.886229,1,873159.5387194287,874100.1006977322
20170522,2017-05-22,2017,5,May,0,Monday,0,0,778935.156126,1,866859.4792914287,874952.3373113393
20170523,2017-05-23,2017,5,May,1,Tuesday,0,0,723151.767982,1,854766.3182776714,875100.7547165178
20170524,2017-05-24,2017,5,May,2,Wednesday,0,0,746303.6271255,1,841180.0353036,873855.909863875
20170525,2017-05-25,2017,5,May,3,Thursday,0,0,620108.24391,1,839982.9287247428,873684.4176429643
20170526,2017-05-26,2017,5,May,4,Friday,0,0,984511.1521135,1,870088.0307598572,880358.5078933572
20170527,2017-05-27,2017,5,May,5,Saturday,1,0,932219.893144,1,855309.81809,875499.2249363215
20170528,2017-05-28,2017,5,May,6,Sunday,1,0,1061771.636907,1,835285.9253297142,876232.1673983394
20170529,2017-05-29,2017,5,May,0,Monday,0,0,776813.137038,1,834982.7797457142,857307.6591890893
20170530,2017-05-30,2017,5,May,1,Tuesday,0,0,742471.2769905,1,837742.7096040715,851420.0585775714
20170531,2017-05-31,2017,5,May,2,Wednesday,0,1,858062.149411,1,853708.2127877144,849056.3047278215
20170601,2017-06-01,2017,6,June,3,Thursday,0,0,766859.172845,1,874672.6312070001,850849.32486575
20170602,2017-06-02,2017,6,June,4,Friday,0,0,918421.319125,1,865231.2264943572,855764.4288696429
20170603,2017-06-03,2017,6,June,5,Saturday,1,0,1176138.109152,1,900076.6859240715,860647.2948440715
20170604,2017-06-04,2017,6,June,6,Sunday,1,0,1376511.520495,1,945039.5264366429,865973.3988644643
20170605,2017-06-05,2017,6,June,0,Monday,0,0,912693.8511,1,964451.0570169286,870844.3401532143
20170606,2017-06-06,2017,6,June,1,Tuesday,0,0,805546.6479560001,1,973461.8242977143,874049.1776201784
20170607,2017-06-07,2017,6,June,2,Wednesday,0,0,842979.8370823,1,971307.2082507572,876794.8179769035
20170608,2017-06-08,2017,6,June,3,Thursday,0,0,667099.801025,1,957055.8694193286,877453.7246906894
20170609,2017-06-09,2017,6,June,4,Friday,0,0,795116.1360699,1,939440.8432686001,878536.0004151857
20170610,2017-06-10,2017,6,June,5,Saturday,1,0,993732.684049,1,913382.925396743,874134.4215900429
20170611,2017-06-11,2017,6,June,6,Sunday,1,0,1213673.946877,1,890120.4148798856,885901.3513414179
20170612,2017-06-12,2017,6,June,0,Monday,0,0,768349.7589517,1,869499.8302872714,883948.2865853356
20170613,2017-06-13,2017,6,June,1,Tuesday,0,0,729412.959849,1,858623.5891291285,881148.6103271464
20170614,2017-06-14,2017,6,June,2,Wednesday,0,0,785885.9088963,1,850467.3136739858,879165.6925040142
20170615,2017-06-15,2017,6,June,3,Thursday,0,1,660338.346974,1,849501.3916667,880303.2052544429
20170616,2017-06-16,2017,6,June,4,Friday,0,0,834786.4275550001,1,855168.5761645713,882482.1691718464
20170617,2017-06-17,2017,6,June,5,Saturday,1,0,1096133.5508865,1,869797.2714270713,884641.6752094714
20170618,2017-06-18,2017,6,June,6,Sunday,1,0,965144.121179,1,834293.0106130715,876184.7193148285
20170619,2017-06-19,2017,6,June,0,Monday,0,0,791146.393731,1,837549.6727244,876620.8349435786
20170620,2017-06-20,2017,6,June,1,Tuesday,0,0,787326.7170395,1,845823.0666087571,878912.7974099179
20170621,2017-06-21,2017,6,June,2,Wednesday,0,0,766159.0112892,1,843004.9383791714,879621.9182729071
20170622,2017-06-22,2017,6,June,3,Thursday,0,0,609868.8309586,1,835795.0075198285,879256.2249532143
20170623,2017-06-23,2017,6,June,4,Friday,0,0,761049.7450639,1,825261.1957353858,871275.4604157285
20170624,2017-06-24,2017,6,June,5,Saturday,1,0,963268.227135,1,806280.4351994572,872384.3294868356
20170625,2017-06-25,2017,6,June,6,Sunday,1,0,1092610.858614,1,824489.9691187429,873485.7302620857
20170626,2017-06-26,2017,6,June,0,Monday,0,0,755367.8450665,1,819378.7478809572,872719.8269773892
20170627,2017-06-27,2017,6,June,1,Tuesday,0,0,682218.468913,1,804363.2838628857,870567.9409746213
20170628,2017-06-28,2017,6,June,2,Wednesday,0,0,731896.9850105,1,799468.7086802142,866062.0422460322
20170629,2017-06-29,2017,6,June,3,Thursday,0,0,630811.802872,1,802460.5618107,861203.2076041392
20170630,2017-06-30,2017,6,June,4,Friday,0,1,802273.1392327,1,808349.6181205285,857055.0583222714
20170701,2017-07-01,2017,7,July,5,Saturday,1,0,1207529.921868,1,843244.1459395286,858176.1944906999
20170702,2017-07-02,2017,7,July,6,Sunday,1,0,1296379.2175535,1,872353.9115023141,855314.3265285037
20170703,2017-07-03,2017,7,July,0,Monday,0,0,925143.408816,1,896607.5634665284,855758.9535897893
20170704,2017-07-04,2017,7,July,1,Tuesday,0,0,832359.2860137,1,918056.2516237713,856716.5478061357
20170705,2017-07-05,2017,7,July,2,Wednesday,0,0,844301.613116,1,934114.0556388429,856763.7540930536
20170706,2017-07-06,2017,7,July,3,Thursday,0,0,700272.0099567,1,944036.9423652285,857948.4758406142
20170707,2017-07-07,2017,7,July,4,Friday,0,0,805792.302193,1,944539.6799309858,858329.7674878679
20170708,2017-07-08,2017,7,July,5,Saturday,1,0,998347.1930085,1,914656.4329510572,858494.5713792787
20170709,2017-07-09,2017,7,July,6,Sunday,1,0,1100833.322376,1,886721.3050685572,854464.5490756714
20170710,2017-07-10,2017,7,July,0,Monday,0,0,804158.8610365,1,869437.7982429144,855743.4455787
20170711,2017-07-11,2017,7,July,1,Tuesday,0,0,730534.767701,1,854891.4384839572,855783.5101448429
20170712,2017-07-12,2017,7,July,2,Wednesday,0,0,748799.9959087,1,841248.3503114858,854459.0132524286
20170713,2017-07-13,2017,7,July,3,Thursday,0,0,629651.3629294999,1,831159.6864504571,853363.0495365536
20170714,2017-07-14,2017,7,July,4,Friday,0,0,765489.6173932999,1,825402.1600505,850888.1634593501
20170715,2017-07-15,2017,7,July,5,Saturday,1,1,969077.125075,1,821220.7217742857,846350.4339660822
20170716,2017-07-16,2017,7,July,6,Sunday,1,0,1100803.699023,1,821216.4898667142,851195.4188890822
20170717,2017-07-17,2017,7,July,0,Monday,0,0,818325.522149,1,823240.2985970714,852166.1020468678
20170718,2017-07-18,2017,7,July,1,Tuesday,0,0,730133.70894,1,823183.0044883571,850123.4946147428
20170719,2017-07-19,2017,7,July,2,Wednesday,0,0,767978.778078,1,825922.8305125429,850188.4862857715
20170720,2017-07-20,2017,7,July,3,Thursday,0,0,688288.067857,1,834299.5026450428,852989.1733178572
20170721,2017-07-21,2017,7,July,4,Friday,0,0,782418.2992188,1,836717.8857629715,853752.3359662464
20170722,2017-07-22,2017,7,July,5,Saturday,1,0,932902.046681,1,831550.0174209715,852667.8295214607
20170723,2017-07-23,2017,7,July,6,Sunday,1,0,1024288.741245,1,820619.3091669715,850227.7539011393
20170724,2017-07-24,2017,7,July,0,Monday,0,0,816564.327096,1,820367.7098736856,852413.3425450501
20170725,2017-07-25,2017,7,July,1,Tuesday,0,0,713581.632609,1,818003.1275406858,853533.4555341928
20170726,2017-07-26,2017,7,July,2,Wednesday,0,0,740653.044167,1,814099.4512676857,853846.1719326393
20170727,2017-07-27,2017,7,July,3,Thursday,0,0,659849.8270588,1,810036.8454393715,854883.2442250251
20170728,2017-07-28,2017,7,July,4,Friday,0,0,835099.6822035,1,817562.7572943287,856055.6207596964
20170729,2017-07-29,2017,7,July,5,Saturday,1,0,1032310.865737,1,831764.0171594715,849797.7973264465
20170730,2017-07-30,2017,7,July,6,Sunday,1,0,1123752.4779517,1,845973.1224032857,843632.5566263822
20170731,2017-07-31,2017,7,July,0,Monday,0,1,885856.8408705,1,855872.0529425001,842229.4649140429
20170801,2017-08-01,2017,8,August,1,Tuesday,0,0,988527.763204,1,895150.0715989285,847806.910527982
20170802,2017-08-02,2017,8,August,2,Wednesday,0,0,964712.016051,1,927158.4961537857,852107.282061375
20170803,2017-08-03,2017,8,August,3,Thursday,0,0,728068.485132,1,936904.0187356714,853100.0133176356
20170804,2017-08-04,2017,8,August,4,Friday,0,0,827775.686128,1,935857.7335820285,853885.1341724572
20170805,2017-08-05,2017,8,August,5,Saturday,1,0,965693.650492,1,926340.9885470284,852718.9362254393
20170806,2017-08-06,2017,8,August,6,Sunday,1,0,1049559.164277,1,915741.943736357,850887.7162933322
20170807,2017-08-07,2017,8,August,0,Monday,0,0,797464.963817,1,903114.5327287143,850648.6485354928
20170808,2017-08-08,2017,8,August,1,Tuesday,0,0,717766.3491055,1,864434.3307146429,850192.6335856535
20170809,2017-08-09,2017,8,August,2,Wednesday,0,0,734139.67401,1,831495.4247087857,849669.0506607
20170810,2017-08-10,2017,8,August,3,Thursday,0,0,651386.9119697,1,820540.9142570285,850445.3202692785
20170811,2017-08-11,2017,8,August,4,Friday,0,0,826373.722022,1,820340.633670457,852619.7525774464
20170812,2017-08-12,2017,8,August,5,Saturday,1,0,792630.5350785,1,795617.3314685285,846318.088649
20170813,2017-08-13,2017,8,August,6,Sunday,1,0,865639.677471,1,769343.1190676715,837919.3735935715
20170814,2017-08-14,2017,8,August,0,Monday,0,0,760922.4060808,1,764122.7536767857,835869.2623054214
20170815,2017-08-15,2017,8,August,1,Tuesday,0,1,762661.935939,1,770536.4089387143,837030.9846982429
20170816,2017-08-16,2017,8,August,2,Wednesday,0,0,,0,776602.5314268334,839588.4738323259
20170817,2017-08-17,2017,8,August,3,Thursday,0,0,,0,801645.65531826,845407.7202159923
20170818,2017-08-18,2017,8,August,4,Friday,0,0,,0,795463.6386423251,847927.29705588
20170819,2017-08-19,2017,8,August,5,Saturday,1,0,,0,796408.0064969333,844386.6824881667
20170820,2017-08-20,2017,8,August,6,Sunday,1,0,,0,761792.1710099,836564.8538465652
20170821,2017-08-21,2017,8,August,0,Monday,0,0,,0,762661.935939,837473.9686988636
20170822,2017-08-22,2017,8,August,1,Tuesday,0,0,,0,,843373.603750762
20170823,2017-08-23,2017,8,August,2,Wednesday,0,0,,0,,848509.63172995
20170824,2017-08-24,2017,8,August,3,Thursday,0,0,,0,,858439.0951336948
20170825,2017-08-25,2017,8,August,4,Friday,0,0,,0,,859735.7291853722
20170826,2017-08-26,2017,8,August,5,Saturday,1,0,,0,,849584.2505646882
20170827,2017-08-27,2017,8,August,6,Sunday,1,0,,0,,832448.736353
20170828,2017-08-28,2017,8,August,0,Monday,0,0,,0,,828888.1960518335
20170829,2017-08-29,2017,8,August,1,Tuesday,0,0,,0,,817485.3698266785
20170830,2017-08-30,2017,8,August,2,Wednesday,0,0,,0,,806160.2431940385
20170831,2017-08-31,2017,8,August,3,Thursday,0,1,,0,,812667.8896992084
