store_nbr,family,city,state,store_type,cluster,history_start,history_end,history_length,active_days,zero_sales_rate,average_sales,sales_std,coefficient_of_variation,promotion_rate,observed_period_count,missing_period_count,has_positive_sales,is_insufficient_history,is_intermittent,is_promotion_dependent,is_high_volatility,is_ready,risk_flag_count,readiness_class,classification_rule,zero_sales_rate_median,zero_sales_rate_q75,cv_median,cv_q75,promotion_rate_q75,missing_period_count_q75
1,AUTOMOTIVE,Quito,Pichincha,D,13,2013-01-02,2017-08-15,1687,1463,0.13071895424836602,3.2531194295900177,2.7592856012252183,0.8481968341300534,0.008318478906714201,1683,4,1,0,0,0,0,0,0,Ready with caution,Sufficient history without an extreme Q75 risk flag,0.0528756900926609,0.2304776345716452,0.7558004540874597,1.109609648399397,0.4324570685673125,4.0
1,BABY CARE,Quito,Pichincha,D,13,,,0,0,1.0,0.0,0.0,,0.0,0,0,0,1,1,0,0,0,2,Insufficient history,history_length < 365 or active_days < 90,0.0528756900926609,0.2304776345716452,0.7558004540874597,1.109609648399397,0.4324570685673125,4.0
1,BEAUTY,Quito,Pichincha,D,13,2013-01-02,2017-08-15,1687,1430,0.1503267973856209,2.409982174688057,1.8986058311143164,0.7878090763721386,0.13012477718360071,1683,4,1,0,0,0,0,0,0,Ready with caution,Sufficient history without an extreme Q75 risk flag,0.0528756900926609,0.2304776345716452,0.7558004540874597,1.109609648399397,0.4324570685673125,4.0
1,BEVERAGES,Quito,Pichincha,D,13,2013-01-02,2017-08-15,1687,1678,0.0029708853238265003,1588.6922162804515,726.0540775482191,0.4570136808803052,0.6054664289958408,1683,4,1,0,0,1,0,0,1,Promotion dependent,promotion_rate >= eligible-series Q75,0.0528756900926609,0.2304776345716452,0.7558004540874597,1.109609648399397,0.4324570685673125,4.0
1,BOOKS,Quito,Pichincha,D,13,2016-10-13,2017-07-31,292,127,0.563573883161512,0.7250859106529209,1.1110834613615448,1.5323473329678177,0.0,291,1,1,1,1,0,1,0,3,Insufficient history,history_length < 365 or active_days < 90,0.0528756900926609,0.2304776345716452,0.7558004540874597,1.109609648399397,0.4324570685673125,4.0
1,BREAD/BAKERY,Quito,Pichincha,D,13,2013-01-02,2017-08-15,1687,1678,0.0029708853238265003,338.67629700713013,111.01282983409762,0.32778446798643385,0.4503862150920974,1683,4,1,0,0,1,0,0,1,Promotion dependent,promotion_rate >= eligible-series Q75,0.0528756900926609,0.2304776345716452,0.7558004540874597,1.109609648399397,0.4324570685673125,4.0
1,CELEBRATION,Quito,Pichincha,D,13,2014-01-02,2017-08-15,1322,999,0.24260803639120546,12.72630780894617,37.085904838942405,2.914113456604613,0.043214556482183475,1319,3,1,0,1,0,1,0,2,Intermittent demand,zero_sales_rate >= eligible-series Q75,0.0528756900926609,0.2304776345716452,0.7558004540874597,1.109609648399397,0.4324570685673125,4.0
1,CLEANING,Quito,Pichincha,D,13,2013-01-02,2017-08-15,1687,1678,0.0029708853238265003,640.8348187759952,217.59556250669254,0.3395501557207886,0.5745692216280451,1683,4,1,0,0,1,0,0,1,Promotion dependent,promotion_rate >= eligible-series Q75,0.0528756900926609,0.2304776345716452,0.7558004540874597,1.109609648399397,0.4324570685673125,4.0
1,DAIRY,Quito,Pichincha,D,13,2013-01-02,2017-08-15,1687,1678,0.0029708853238265003,626.4729649435532,210.6666976598727,0.3362742040733622,0.5656565656565656,1683,4,1,0,0,1,0,0,1,Promotion dependent,promotion_rate >= eligible-series Q75,0.0528756900926609,0.2304776345716452,0.7558004540874597,1.109609648399397,0.4324570685673125,4.0
1,DELI,Quito,Pichincha,D,13,2013-01-02,2017-08-15,1687,1678,0.0029708853238265003,123.01668335472371,41.072359333408045,0.33387633460230914,0.42543077837195487,1683,4,1,0,0,0,0,1,0,Ready,"history_length >= 730, zero-sales <= median, CV <= median, and missing periods <= Q75",0.0528756900926609,0.2304776345716452,0.7558004540874597,1.109609648399397,0.4324570685673125,4.0
1,EGGS,Quito,Pichincha,D,13,2013-01-02,2017-08-15,1687,1678,0.0029708853238265003,140.52644087938205,37.3933487235884,0.26609475405190264,0.29411764705882354,1683,4,1,0,0,0,0,1,0,Ready,"history_length >= 730, zero-sales <= median, CV <= median, and missing periods <= Q75",0.0528756900926609,0.2304776345716452,0.7558004540874597,1.109609648399397,0.4324570685673125,4.0
1,FROZEN FOODS,Quito,Pichincha,D,13,2013-01-02,2017-08-15,1687,1678,0.0029708853238265003,129.4868591681521,172.52263572225925,1.3323563242677832,0.43969102792632203,1683,4,1,0,0,1,1,0,2,Promotion dependent,promotion_rate >= eligible-series Q75,0.0528756900926609,0.2304776345716452,0.7558004540874597,1.109609648399397,0.4324570685673125,4.0
1,GROCERY I,Quito,Pichincha,D,13,2013-01-02,2017-08-15,1687,1678,0.0029708853238265003,2224.49376114082,777.6287673513756,0.34957561173494717,0.6595365418894831,1683,4,1,0,0,1,0,0,1,Promotion dependent,promotion_rate >= eligible-series Q75,0.0528756900926609,0.2304776345716452,0.7558004540874597,1.109609648399397,0.4324570685673125,4.0
1,GROCERY II,Quito,Pichincha,D,13,2013-01-02,2017-08-15,1687,1671,0.0071301247771836,21.855614973262032,13.623088275017944,0.6233221207311855,0.0285204991087344,1683,4,1,0,0,0,0,1,0,Ready,"history_length >= 730, zero-sales <= median, CV <= median, and missing periods <= Q75",0.0528756900926609,0.2304776345716452,0.7558004540874597,1.109609648399397,0.4324570685673125,4.0
1,HARDWARE,Quito,Pichincha,D,13,2013-01-02,2017-08-15,1687,1160,0.3107546048722519,1.6007130124777185,1.676174077735778,1.047142157694623,0.0,1683,4,1,0,1,0,0,0,1,Intermittent demand,zero_sales_rate >= eligible-series Q75,0.0528756900926609,0.2304776345716452,0.7558004540874597,1.109609648399397,0.4324570685673125,4.0
1,HOME AND KITCHEN I,Quito,Pichincha,D,13,2014-01-02,2017-08-15,1322,1158,0.12206216830932524,18.958301743745263,25.782572642105603,1.3599621416834875,0.15845337376800606,1319,3,1,0,0,0,1,0,1,High volatility,coefficient_of_variation >= eligible-series Q75,0.0528756900926609,0.2304776345716452,0.7558004540874597,1.109609648399397,0.4324570685673125,4.0
1,HOME AND KITCHEN II,Quito,Pichincha,D,13,2014-01-02,2017-08-15,1322,1153,0.12585291887793784,16.524639878695982,17.9976172171808,1.0891382413957365,0.4071266110689917,1319,3,1,0,0,0,0,0,0,Ready with caution,Sufficient history without an extreme Q75 risk flag,0.0528756900926609,0.2304776345716452,0.7558004540874597,1.109609648399397,0.4324570685673125,4.0
1,HOME APPLIANCES,Quito,Pichincha,D,13,2013-01-03,2017-07-31,1671,416,0.7504499100179964,0.34133173365326935,0.687210484080785,2.0133214006373787,0.0,1667,4,1,0,1,0,1,0,2,Intermittent demand,zero_sales_rate >= eligible-series Q75,0.0528756900926609,0.2304776345716452,0.7558004540874597,1.109609648399397,0.4324570685673125,4.0
1,HOME CARE,Quito,Pichincha,D,13,2014-01-02,2017-08-15,1322,1043,0.2092494313874147,128.9325246398787,81.04427027296009,0.6285789446792015,0.4488248673237301,1319,3,1,0,0,1,0,0,1,Promotion dependent,promotion_rate >= eligible-series Q75,0.0528756900926609,0.2304776345716452,0.7558004540874597,1.109609648399397,0.4324570685673125,4.0
1,LADIESWEAR,Quito,Pichincha,D,13,2014-01-02,2017-08-15,1322,1010,0.23426838514025777,12.005307050796057,9.38935902289839,0.7821006978972515,0.0,1319,3,1,0,1,0,0,0,1,Intermittent demand,zero_sales_rate >= eligible-series Q75,0.0528756900926609,0.2304776345716452,0.7558004540874597,1.109609648399397,0.4324570685673125,4.0
1,LAWN AND GARDEN,Quito,Pichincha,D,13,2013-01-02,2017-08-15,1687,1617,0.0392156862745098,9.013071895424837,7.559581505849343,0.8387352939774834,0.0974450386215092,1683,4,1,0,0,0,0,0,0,Ready with caution,Sufficient history without an extreme Q75 risk flag,0.0528756900926609,0.2304776345716452,0.7558004540874597,1.109609648399397,0.4324570685673125,4.0
1,LINGERIE,Quito,Pichincha,D,13,2013-01-02,2017-08-15,1687,1561,0.07248960190136661,6.722519310754605,5.7381121758399045,0.8535657408466112,0.019013666072489603,1683,4,1,0,0,0,0,0,0,Ready with caution,Sufficient history without an extreme Q75 risk flag,0.0528756900926609,0.2304776345716452,0.7558004540874597,1.109609648399397,0.4324570685673125,4.0
1,"LIQUOR,WINE,BEER",Quito,Pichincha,D,13,2013-01-02,2017-08-15,1687,1498,0.10992275698158051,101.07605466428996,66.41378533767895,0.6570674484502099,0.22162804515745693,1683,4,1,0,0,0,0,0,0,Ready with caution,Sufficient history without an extreme Q75 risk flag,0.0528756900926609,0.2304776345716452,0.7558004540874597,1.109609648399397,0.4324570685673125,4.0
1,MAGAZINES,Quito,Pichincha,D,13,2014-01-02,2017-08-15,1322,936,0.29037149355572406,4.09325246398787,4.367552620514857,1.067012762818873,0.0,1319,3,1,0,1,0,0,0,1,Intermittent demand,zero_sales_rate >= eligible-series Q75,0.0528756900926609,0.2304776345716452,0.7558004540874597,1.109609648399397,0.4324570685673125,4.0
1,MEATS,Quito,Pichincha,D,13,2013-01-02,2017-08-15,1687,1678,0.0029708853238265003,313.49274460190134,166.04155616752885,0.5296503955087764,0.26856803327391565,1683,4,1,0,0,0,0,1,0,Ready,"history_length >= 730, zero-sales <= median, CV <= median, and missing periods <= Q75",0.0528756900926609,0.2304776345716452,0.7558004540874597,1.109609648399397,0.4324570685673125,4.0
1,PERSONAL CARE,Quito,Pichincha,D,13,2013-01-02,2017-08-15,1687,1678,0.0029708853238265003,129.25371360665477,52.222510899450775,0.4040310289139889,0.45098039215686275,1683,4,1,0,0,1,0,0,1,Promotion dependent,promotion_rate >= eligible-series Q75,0.0528756900926609,0.2304776345716452,0.7558004540874597,1.109609648399397,0.4324570685673125,4.0
1,PET SUPPLIES,Quito,Pichincha,D,13,2014-01-02,2017-08-15,1322,997,0.2441243366186505,4.435178165276724,3.7211416384521985,0.8390061232681112,0.05534495830174375,1319,3,1,0,1,0,0,0,1,Intermittent demand,zero_sales_rate >= eligible-series Q75,0.0528756900926609,0.2304776345716452,0.7558004540874597,1.109609648399397,0.4324570685673125,4.0
1,PLAYERS AND ELECTRONICS,Quito,Pichincha,D,13,2014-01-02,2017-08-15,1322,1002,0.2403335860500379,6.757391963608795,5.9638748993536215,0.8825705141083167,0.0037907505686125853,1319,3,1,0,1,0,0,0,1,Intermittent demand,zero_sales_rate >= eligible-series Q75,0.0528756900926609,0.2304776345716452,0.7558004540874597,1.109609648399397,0.4324570685673125,4.0
1,POULTRY,Quito,Pichincha,D,13,2013-01-02,2017-08-15,1687,1678,0.0029708853238265003,284.3858422846108,129.94942725889138,0.45694759702151116,0.1717171717171717,1683,4,1,0,0,0,0,1,0,Ready,"history_length >= 730, zero-sales <= median, CV <= median, and missing periods <= Q75",0.0528756900926609,0.2304776345716452,0.7558004540874597,1.109609648399397,0.4324570685673125,4.0
1,PREPARED FOODS,Quito,Pichincha,D,13,2013-01-02,2017-08-15,1687,1678,0.0029708853238265003,80.795936362448,29.093108604870224,0.3600813347141552,0.19786096256684493,1683,4,1,0,0,0,0,1,0,Ready,"history_length >= 730, zero-sales <= median, CV <= median, and missing periods <= Q75",0.0528756900926609,0.2304776345716452,0.7558004540874597,1.109609648399397,0.4324570685673125,4.0
1,PRODUCE,Quito,Pichincha,D,13,2013-03-16,2017-08-15,1614,1509,0.06273291925465839,1517.59625310559,1333.507034942338,0.8786968419389978,0.35403726708074534,1610,4,1,0,0,0,0,0,0,Ready with caution,Sufficient history without an extreme Q75 risk flag,0.0528756900926609,0.2304776345716452,0.7558004540874597,1.109609648399397,0.4324570685673125,4.0
1,SCHOOL AND OFFICE SUPPLIES,Quito,Pichincha,D,13,2014-07-03,2017-05-24,1057,209,0.801707779886148,0.27419354838709675,0.6462383406242704,2.356869242276751,0.009487666034155597,1054,3,1,0,1,0,1,0,2,Intermittent demand,zero_sales_rate >= eligible-series Q75,0.0528756900926609,0.2304776345716452,0.7558004540874597,1.109609648399397,0.4324570685673125,4.0
1,SEAFOOD,Quito,Pichincha,D,13,2013-01-02,2017-08-15,1687,1678,0.0029708853238265003,25.9590074849079,11.022357929072259,0.4246062926512294,0.24717765894236482,1683,4,1,0,0,0,0,1,0,Ready,"history_length >= 730, zero-sales <= median, CV <= median, and missing periods <= Q75",0.0528756900926609,0.2304776345716452,0.7558004540874597,1.109609648399397,0.4324570685673125,4.0
2,AUTOMOTIVE,Quito,Pichincha,D,13,2013-01-02,2017-08-15,1687,1621,0.0368389780154486,5.40701128936423,3.4730315913441046,0.6423200184870471,0.007724301841948901,1683,4,1,0,0,0,0,1,0,Ready,"history_length >= 730, zero-sales <= median, CV <= median, and missing periods <= Q75",0.0528756900926609,0.2304776345716452,0.7558004540874597,1.109609648399397,0.4324570685673125,4.0
2,BABY CARE,Quito,Pichincha,D,13,2016-07-16,2017-06-03,323,57,0.8229813664596274,0.2608695652173913,0.6746106677389743,2.586007559666068,0.0,322,1,1,1,1,0,1,0,3,Insufficient history,history_length < 365 or active_days < 90,0.0528756900926609,0.2304776345716452,0.7558004540874597,1.109609648399397,0.4324570685673125,4.0
2,BEAUTY,Quito,Pichincha,D,13,2013-01-02,2017-08-15,1687,1608,0.044563279857397504,4.715389185977421,3.946933322423207,0.8370323565572401,0.1532976827094474,1683,4,1,0,0,0,0,0,0,Ready with caution,Sufficient history without an extreme Q75 risk flag,0.0528756900926609,0.2304776345716452,0.7558004540874597,1.109609648399397,0.4324570685673125,4.0
2,BEVERAGES,Quito,Pichincha,D,13,2013-01-02,2017-08-15,1687,1679,0.0023767082590612004,2468.1592394533573,1158.6053291581902,0.4694208180079968,0.6458704693998811,1683,4,1,0,0,1,0,0,1,Promotion dependent,promotion_rate >= eligible-series Q75,0.0528756900926609,0.2304776345716452,0.7558004540874597,1.109609648399397,0.4324570685673125,4.0
2,BOOKS,Quito,Pichincha,D,13,2016-10-13,2017-04-06,176,111,0.3657142857142857,1.3657142857142857,1.6056550310753976,1.175688830285333,0.0,175,1,1,1,1,0,1,0,3,Insufficient history,history_length < 365 or active_days < 90,0.0528756900926609,0.2304776345716452,0.7558004540874597,1.109609648399397,0.4324570685673125,4.0
2,BREAD/BAKERY,Quito,Pichincha,D,13,2013-01-02,2017-08-15,1687,1679,0.0023767082590612004,549.1816916755794,188.60186774071207,0.34342344364262917,0.46880570409982175,1683,4,1,0,0,1,0,0,1,Promotion dependent,promotion_rate >= eligible-series Q75,0.0528756900926609,0.2304776345716452,0.7558004540874597,1.109609648399397,0.4324570685673125,4.0
2,CELEBRATION,Quito,Pichincha,D,13,2014-01-02,2017-08-15,1322,1012,0.23275208491281274,10.147081122062168,8.702356363010631,0.8576216409751213,0.08642911296436695,1319,3,1,0,1,0,0,0,1,Intermittent demand,zero_sales_rate >= eligible-series Q75,0.0528756900926609,0.2304776345716452,0.7558004540874597,1.109609648399397,0.4324570685673125,4.0
2,CLEANING,Quito,Pichincha,D,13,2013-01-02,2017-08-15,1687,1679,0.0023767082590612004,966.0540701128937,211.74920956747226,0.21918981154204664,0.6221033868092691,1683,4,1,0,0,1,0,0,1,Promotion dependent,promotion_rate >= eligible-series Q75,0.0528756900926609,0.2304776345716452,0.7558004540874597,1.109609648399397,0.4324570685673125,4.0
2,DAIRY,Quito,Pichincha,D,13,2013-01-02,2017-08-15,1687,1679,0.0023767082590612004,853.749257278669,279.2888031141421,0.3271321183978267,0.5894236482471776,1683,4,1,0,0,1,0,0,1,Promotion dependent,promotion_rate >= eligible-series Q75,0.0528756900926609,0.2304776345716452,0.7558004540874597,1.109609648399397,0.4324570685673125,4.0
2,DELI,Quito,Pichincha,D,13,2013-01-02,2017-08-15,1687,1679,0.0023767082590612004,244.49500326797386,69.60798439941946,0.2847010510195459,0.48722519310754603,1683,4,1,0,0,1,0,0,1,Promotion dependent,promotion_rate >= eligible-series Q75,0.0528756900926609,0.2304776345716452,0.7558004540874597,1.109609648399397,0.4324570685673125,4.0
2,EGGS,Quito,Pichincha,D,13,2013-01-02,2017-08-15,1687,1679,0.0023767082590612004,187.00891265597147,52.062176231898775,0.2783940909151976,0.32323232323232326,1683,4,1,0,0,0,0,1,0,Ready,"history_length >= 730, zero-sales <= median, CV <= median, and missing periods <= Q75",0.0528756900926609,0.2304776345716452,0.7558004540874597,1.109609648399397,0.4324570685673125,4.0
2,FROZEN FOODS,Quito,Pichincha,D,13,2013-01-02,2017-08-15,1687,1679,0.0023767082590612004,160.81350981758763,180.00099519547715,1.1193151334092146,0.49554367201426025,1683,4,1,0,0,1,1,0,2,Promotion dependent,promotion_rate >= eligible-series Q75,0.0528756900926609,0.2304776345716452,0.7558004540874597,1.109609648399397,0.4324570685673125,4.0
2,GROCERY I,Quito,Pichincha,D,13,2013-01-02,2017-08-15,1687,1678,0.0029708853238265003,3916.6392139037434,3588.9779313639665,0.916341213820102,0.6999405822935235,1683,4,1,0,0,1,0,0,1,Promotion dependent,promotion_rate >= eligible-series Q75,0.0528756900926609,0.2304776345716452,0.7558004540874597,1.109609648399397,0.4324570685673125,4.0
2,GROCERY II,Quito,Pichincha,D,13,2013-01-02,2017-08-15,1687,1679,0.0023767082590612004,31.304218657159833,15.721457727709176,0.5022153052241538,0.0457516339869281,1683,4,1,0,0,0,0,1,0,Ready,"history_length >= 730, zero-sales <= median, CV <= median, and missing periods <= Q75",0.0528756900926609,0.2304776345716452,0.7558004540874597,1.109609648399397,0.4324570685673125,4.0
2,HARDWARE,Quito,Pichincha,D,13,2013-01-03,2017-08-15,1686,1019,0.39417360285374553,1.1724137931034482,1.369767910448682,1.1683314530297582,0.0005945303210463733,1682,4,1,0,1,0,1,0,2,Intermittent demand,zero_sales_rate >= eligible-series Q75,0.0528756900926609,0.2304776345716452,0.7558004540874597,1.109609648399397,0.4324570685673125,4.0
2,HOME AND KITCHEN I,Quito,Pichincha,D,13,2014-01-02,2017-08-15,1322,1166,0.11599696739954511,22.478392721758908,24.078953563194144,1.0712044166701433,0.18271417740712662,1319,3,1,0,0,0,0,0,0,Ready with caution,Sufficient history without an extreme Q75 risk flag,0.0528756900926609,0.2304776345716452,0.7558004540874597,1.109609648399397,0.4324570685673125,4.0
2,HOME AND KITCHEN II,Quito,Pichincha,D,13,2014-01-02,2017-08-15,1322,1162,0.11902956785443518,18.395754359363153,25.682717632598003,1.3961220143998008,0.40561031084154664,1319,3,1,0,0,0,1,0,1,High volatility,coefficient_of_variation >= eligible-series Q75,0.0528756900926609,0.2304776345716452,0.7558004540874597,1.109609648399397,0.4324570685673125,4.0
2,HOME APPLIANCES,Quito,Pichincha,D,13,2013-03-06,2017-07-31,1609,579,0.6392523364485981,0.5021806853582554,0.7725182965177214,1.538327377060723,0.0,1605,4,1,0,1,0,1,0,2,Intermittent demand,zero_sales_rate >= eligible-series Q75,0.0528756900926609,0.2304776345716452,0.7558004540874597,1.109609648399397,0.4324570685673125,4.0
2,HOME CARE,Quito,Pichincha,D,13,2014-01-02,2017-08-15,1322,1043,0.2092494313874147,226.39954510993178,153.976764598467,0.6801107507689612,0.4609552691432904,1319,3,1,0,0,1,0,0,1,Promotion dependent,promotion_rate >= eligible-series Q75,0.0528756900926609,0.2304776345716452,0.7558004540874597,1.109609648399397,0.4324570685673125,4.0
2,LADIESWEAR,Quito,Pichincha,D,13,2014-01-02,2017-08-15,1322,1016,0.22971948445792267,22.39499620924943,17.538624338402286,0.7831492434528121,0.002274450341167551,1319,3,1,0,0,0,0,0,0,Ready with caution,Sufficient history without an extreme Q75 risk flag,0.0528756900926609,0.2304776345716452,0.7558004540874597,1.109609648399397,0.4324570685673125,4.0
2,LAWN AND GARDEN,Quito,Pichincha,D,13,2013-01-02,2017-08-15,1687,1611,0.0427807486631016,8.237076648841354,8.072590050113362,0.9800309496025961,0.09863339275103981,1683,4,1,0,0,0,0,0,0,Ready with caution,Sufficient history without an extreme Q75 risk flag,0.0528756900926609,0.2304776345716452,0.7558004540874597,1.109609648399397,0.4324570685673125,4.0
2,LINGERIE,Quito,Pichincha,D,13,2013-01-02,2017-08-15,1687,1638,0.026737967914438502,9.327985739750446,6.535413084154185,0.7006242576362502,0.027926322043969103,1683,4,1,0,0,0,0,1,0,Ready,"history_length >= 730, zero-sales <= median, CV <= median, and missing periods <= Q75",0.0528756900926609,0.2304776345716452,0.7558004540874597,1.109609648399397,0.4324570685673125,4.0
2,"LIQUOR,WINE,BEER",Quito,Pichincha,D,13,2013-01-02,2017-08-15,1687,1497,0.11051693404634581,86.55496137849079,81.51977090010453,0.9418266683019106,0.22875816993464052,1683,4,1,0,0,0,0,0,0,Ready with caution,Sufficient history without an extreme Q75 risk flag,0.0528756900926609,0.2304776345716452,0.7558004540874597,1.109609648399397,0.4324570685673125,4.0
2,MAGAZINES,Quito,Pichincha,D,13,2014-01-04,2017-08-15,1320,937,0.2885345482156416,4.904328018223235,5.208563889305649,1.0620341604297165,0.0015186028853454822,1317,3,1,0,1,0,0,0,1,Intermittent demand,zero_sales_rate >= eligible-series Q75,0.0528756900926609,0.2304776345716452,0.7558004540874597,1.109609648399397,0.4324570685673125,4.0
2,MEATS,Quito,Pichincha,D,13,2013-01-02,2017-08-15,1687,1679,0.0023767082590612004,505.0004612774807,194.80413434248223,0.38575040872179306,0.28104575163398693,1683,4,1,0,0,0,0,1,0,Ready,"history_length >= 730, zero-sales <= median, CV <= median, and missing periods <= Q75",0.0528756900926609,0.2304776345716452,0.7558004540874597,1.109609648399397,0.4324570685673125,4.0
2,PERSONAL CARE,Quito,Pichincha,D,13,2013-01-02,2017-08-15,1687,1678,0.0029708853238265003,263.1229946524064,152.9266833344916,0.5811984753993563,0.47593582887700536,1683,4,1,0,0,1,0,0,1,Promotion dependent,promotion_rate >= eligible-series Q75,0.0528756900926609,0.2304776345716452,0.7558004540874597,1.109609648399397,0.4324570685673125,4.0
2,PET SUPPLIES,Quito,Pichincha,D,13,2014-01-02,2017-08-15,1322,1021,0.2259287338893101,6.929492039423806,5.247475204708082,0.7572669359967134,0.07050796057619409,1319,3,1,0,0,0,0,0,0,Ready with caution,Sufficient history without an extreme Q75 risk flag,0.0528756900926609,0.2304776345716452,0.7558004540874597,1.109609648399397,0.4324570685673125,4.0
2,PLAYERS AND ELECTRONICS,Quito,Pichincha,D,13,2014-01-02,2017-08-15,1322,1010,0.23426838514025777,7.280515542077331,6.178073792748267,0.8485764170191571,0.008339651250947688,1319,3,1,0,1,0,0,0,1,Intermittent demand,zero_sales_rate >= eligible-series Q75,0.0528756900926609,0.2304776345716452,0.7558004540874597,1.109609648399397,0.4324570685673125,4.0
2,POULTRY,Quito,Pichincha,D,13,2013-01-02,2017-08-15,1687,1679,0.0023767082590612004,486.8927202976827,154.4728713498287,0.3172626431041834,0.21984551396316102,1683,4,1,0,0,0,0,1,0,Ready,"history_length >= 730, zero-sales <= median, CV <= median, and missing periods <= Q75",0.0528756900926609,0.2304776345716452,0.7558004540874597,1.109609648399397,0.4324570685673125,4.0
2,PREPARED FOODS,Quito,Pichincha,D,13,2013-01-02,2017-08-15,1687,1679,0.0023767082590612004,125.00444508615567,40.9430709148346,0.3275329200222903,0.20677361853832443,1683,4,1,0,0,0,0,1,0,Ready,"history_length >= 730, zero-sales <= median, CV <= median, and missing periods <= Q75",0.0528756900926609,0.2304776345716452,0.7558004540874597,1.109609648399397,0.4324570685673125,4.0
2,PRODUCE,Quito,Pichincha,D,13,2013-03-16,2017-08-15,1614,1537,0.0453416149068323,1727.6982430434782,1418.7155680270444,0.8211593510264059,0.3826086956521739,1610,4,1,0,0,0,0,0,0,Ready with caution,Sufficient history without an extreme Q75 risk flag,0.0528756900926609,0.2304776345716452,0.7558004540874597,1.109609648399397,0.4324570685673125,4.0
2,SCHOOL AND OFFICE SUPPLIES,Quito,Pichincha,D,13,2014-07-05,2017-05-26,1057,421,0.6005692599620494,0.7305502846299811,1.205982350241074,1.6507862300702494,0.012333965844402278,1054,3,1,0,1,0,1,0,2,Intermittent demand,zero_sales_rate >= eligible-series Q75,0.0528756900926609,0.2304776345716452,0.7558004540874597,1.109609648399397,0.4324570685673125,4.0
2,SEAFOOD,Quito,Pichincha,D,13,2013-01-02,2017-08-15,1687,1679,0.0023767082590612004,32.23229707676768,11.330075519856006,0.35151312650386535,0.25668449197860965,1683,4,1,0,0,0,0,1,0,Ready,"history_length >= 730, zero-sales <= median, CV <= median, and missing periods <= Q75",0.0528756900926609,0.2304776345716452,0.7558004540874597,1.109609648399397,0.4324570685673125,4.0
3,AUTOMOTIVE,Quito,Pichincha,D,8,2013-01-02,2017-08-15,1687,1672,0.006535947712418301,9.29708853238265,5.278985763001665,0.56781063712736,0.007724301841948901,1683,4,1,0,0,0,0,1,0,Ready,"history_length >= 730, zero-sales <= median, CV <= median, and missing periods <= Q75",0.0528756900926609,0.2304776345716452,0.7558004540874597,1.109609648399397,0.4324570685673125,4.0
3,BABY CARE,Quito,Pichincha,D,8,2016-07-16,2017-08-07,388,287,0.25839793281653745,1.7364341085271318,1.6966259408255842,0.9770747605647337,0.002583979328165375,387,1,1,0,1,0,0,0,1,Intermittent demand,zero_sales_rate >= eligible-series Q75,0.0528756900926609,0.2304776345716452,0.7558004540874597,1.109609648399397,0.4324570685673125,4.0
3,BEAUTY,Quito,Pichincha,D,8,2013-01-02,2017-08-15,1687,1670,0.007724301841948901,9.619132501485442,6.433824112234144,0.668857000487372,0.20796197266785502,1683,4,1,0,0,0,0,1,0,Ready,"history_length >= 730, zero-sales <= median, CV <= median, and missing periods <= Q75",0.0528756900926609,0.2304776345716452,0.7558004540874597,1.109609648399397,0.4324570685673125,4.0
3,BEVERAGES,Quito,Pichincha,D,8,2013-01-02,2017-08-15,1687,1679,0.0023767082590612004,6744.853832442068,3121.4928572040644,0.4627962198661738,0.6678550207961973,1683,4,1,0,0,1,0,0,1,Promotion dependent,promotion_rate >= eligible-series Q75,0.0528756900926609,0.2304776345716452,0.7558004540874597,1.109609648399397,0.4324570685673125,4.0
3,BOOKS,Quito,Pichincha,D,8,2016-10-12,2017-06-14,246,181,0.2612244897959184,2.204081632653061,2.274048096986331,1.0317440440030576,0.0,245,1,1,1,1,0,0,0,2,Insufficient history,history_length < 365 or active_days < 90,0.0528756900926609,0.2304776345716452,0.7558004540874597,1.109609648399397,0.4324570685673125,4.0
3,BREAD/BAKERY,Quito,Pichincha,D,8,2013-01-02,2017-08-15,1687,1679,0.0023767082590612004,1151.146364503862,323.0644972423644,0.28064589109101123,0.471182412358883,1683,4,1,0,0,1,0,0,1,Promotion dependent,promotion_rate >= eligible-series Q75,0.0528756900926609,0.2304776345716452,0.7558004540874597,1.109609648399397,0.4324570685673125,4.0
3,CELEBRATION,Quito,Pichincha,D,8,2014-01-02,2017-08-15,1322,1016,0.22971948445792267,36.73237300985595,42.08976360179506,1.1458492918631102,0.08263836239575435,1319,3,1,0,0,0,1,0,1,High volatility,coefficient_of_variation >= eligible-series Q75,0.0528756900926609,0.2304776345716452,0.7558004540874597,1.109609648399397,0.4324570685673125,4.0
3,CLEANING,Quito,Pichincha,D,8,2013-01-02,2017-08-15,1687,1679,0.0023767082590612004,2064.427807486631,482.78002414290216,0.2338565787537371,0.6458704693998811,1683,4,1,0,0,1,0,0,1,Promotion dependent,promotion_rate >= eligible-series Q75,0.0528756900926609,0.2304776345716452,0.7558004540874597,1.109609648399397,0.4324570685673125,4.0
3,DAIRY,Quito,Pichincha,D,8,2013-01-02,2017-08-15,1687,1679,0.0023767082590612004,2042.098633392751,641.3440070126708,0.31406122923021557,0.6131907308377896,1683,4,1,0,0,1,0,0,1,Promotion dependent,promotion_rate >= eligible-series Q75,0.0528756900926609,0.2304776345716452,0.7558004540874597,1.109609648399397,0.4324570685673125,4.0
3,DELI,Quito,Pichincha,D,8,2013-01-02,2017-08-15,1687,1679,0.0023767082590612004,394.9316849376114,117.14613880574332,0.2966238042517385,0.5008912655971479,1683,4,1,0,0,1,0,0,1,Promotion dependent,promotion_rate >= eligible-series Q75,0.0528756900926609,0.2304776345716452,0.7558004540874597,1.109609648399397,0.4324570685673125,4.0
3,EGGS,Quito,Pichincha,D,8,2013-01-02,2017-08-15,1687,1679,0.0023767082590612004,522.8645276292335,124.77811248655426,0.23864329265617193,0.3374925727866904,1683,4,1,0,0,0,0,1,0,Ready,"history_length >= 730, zero-sales <= median, CV <= median, and missing periods <= Q75",0.0528756900926609,0.2304776345716452,0.7558004540874597,1.109609648399397,0.4324570685673125,4.0
3,FROZEN FOODS,Quito,Pichincha,D,8,2013-01-02,2017-08-15,1687,1679,0.0023767082590612004,449.5420940998217,448.43634022094267,0.9975402662100126,0.5579322638146168,1683,4,1,0,0,1,0,0,1,Promotion dependent,promotion_rate >= eligible-series Q75,0.0528756900926609,0.2304776345716452,0.7558004540874597,1.109609648399397,0.4324570685673125,4.0
3,GROCERY I,Quito,Pichincha,D,8,2013-01-02,2017-08-15,1687,1679,0.0023767082590612004,7706.754587641118,2235.833193936733,0.29011345417981926,0.6987522281639929,1683,4,1,0,0,1,0,0,1,Promotion dependent,promotion_rate >= eligible-series Q75,0.0528756900926609,0.2304776345716452,0.7558004540874597,1.109609648399397,0.4324570685673125,4.0
3,GROCERY II,Quito,Pichincha,D,8,2013-01-02,2017-08-15,1687,1679,0.0023767082590612004,77.32144979203802,31.81963788807913,0.41152407221618953,0.052881758764111705,1683,4,1,0,0,0,0,1,0,Ready,"history_length >= 730, zero-sales <= median, CV <= median, and missing periods <= Q75",0.0528756900926609,0.2304776345716452,0.7558004540874597,1.109609648399397,0.4324570685673125,4.0
3,HARDWARE,Quito,Pichincha,D,8,2013-01-02,2017-08-15,1687,1509,0.10338680926916222,3.0011883541295306,2.23952146123275,0.7462115658789781,0.0005941770647653001,1683,4,1,0,0,0,0,0,0,Ready with caution,Sufficient history without an extreme Q75 risk flag,0.0528756900926609,0.2304776345716452,0.7558004540874597,1.109609648399397,0.4324570685673125,4.0
3,HOME AND KITCHEN I,Quito,Pichincha,D,8,2014-01-02,2017-08-15,1322,1166,0.11599696739954511,55.81273692191054,36.386672613324805,0.6519420945837974,0.21986353297952996,1319,3,1,0,0,0,0,0,0,Ready with caution,Sufficient history without an extreme Q75 risk flag,0.0528756900926609,0.2304776345716452,0.7558004540874597,1.109609648399397,0.4324570685673125,4.0
3,HOME AND KITCHEN II,Quito,Pichincha,D,8,2014-01-02,2017-08-15,1322,1166,0.11599696739954511,44.58529188779379,36.55529989518451,0.819895942078431,0.47081122062168307,1319,3,1,0,0,1,0,0,1,Promotion dependent,promotion_rate >= eligible-series Q75,0.0528756900926609,0.2304776345716452,0.7558004540874597,1.109609648399397,0.4324570685673125,4.0
3,HOME APPLIANCES,Quito,Pichincha,D,8,2013-02-27,2017-07-31,1616,1218,0.24441687344913152,1.9615384615384615,1.714511652834891,0.8740647641903366,0.0,1612,4,1,0,1,0,0,0,1,Intermittent demand,zero_sales_rate >= eligible-series Q75,0.0528756900926609,0.2304776345716452,0.7558004540874597,1.109609648399397,0.4324570685673125,4.0
3,HOME CARE,Quito,Pichincha,D,8,2014-01-02,2017-08-15,1322,1044,0.20849128127369218,414.1652767247915,255.52886329530492,0.6169731690595134,0.5034116755117514,1319,3,1,0,0,1,0,0,1,Promotion dependent,promotion_rate >= eligible-series Q75,0.0528756900926609,0.2304776345716452,0.7558004540874597,1.109609648399397,0.4324570685673125,4.0
3,LADIESWEAR,Quito,Pichincha,D,8,2014-01-02,2017-08-15,1322,1013,0.23199393479909022,39.422289613343445,31.932660851361554,0.8100153787250641,0.004548900682335102,1319,3,1,0,1,0,0,0,1,Intermittent demand,zero_sales_rate >= eligible-series Q75,0.0528756900926609,0.2304776345716452,0.7558004540874597,1.109609648399397,0.4324570685673125,4.0
3,LAWN AND GARDEN,Quito,Pichincha,D,8,2013-01-02,2017-08-15,1687,1668,0.008912655971479501,24.548425430778373,21.41219388952332,0.8722430670717111,0.10398098633392751,1683,4,1,0,0,0,0,0,0,Ready with caution,Sufficient history without an extreme Q75 risk flag,0.0528756900926609,0.2304776345716452,0.7558004540874597,1.109609648399397,0.4324570685673125,4.0
3,LINGERIE,Quito,Pichincha,D,8,2013-01-02,2017-08-15,1687,1678,0.0029708853238265003,27.546642899584075,13.698275070688167,0.4972756615251652,0.056446821152703504,1683,4,1,0,0,0,0,1,0,Ready,"history_length >= 730, zero-sales <= median, CV <= median, and missing periods <= Q75",0.0528756900926609,0.2304776345716452,0.7558004540874597,1.109609648399397,0.4324570685673125,4.0
3,"LIQUOR,WINE,BEER",Quito,Pichincha,D,8,2013-01-02,2017-08-15,1687,1499,0.10932857991681522,219.67439096850862,160.89026911454135,0.732403392153279,0.24123588829471182,1683,4,1,0,0,0,0,0,0,Ready with caution,Sufficient history without an extreme Q75 risk flag,0.0528756900926609,0.2304776345716452,0.7558004540874597,1.109609648399397,0.4324570685673125,4.0
3,MAGAZINES,Quito,Pichincha,D,8,2014-01-04,2017-08-15,1320,1020,0.2255125284738041,15.547456340167047,15.175124721668386,0.9760519270578855,0.0,1317,3,1,0,0,0,0,0,0,Ready with caution,Sufficient history without an extreme Q75 risk flag,0.0528756900926609,0.2304776345716452,0.7558004540874597,1.109609648399397,0.4324570685673125,4.0
3,MEATS,Quito,Pichincha,D,8,2013-01-02,2017-08-15,1687,1679,0.0023767082590612004,811.9362086631015,253.16042115387546,0.31179841279737763,0.2875816993464052,1683,4,1,0,0,0,0,1,0,Ready,"history_length >= 730, zero-sales <= median, CV <= median, and missing periods <= Q75",0.0528756900926609,0.2304776345716452,0.7558004540874597,1.109609648399397,0.4324570685673125,4.0
3,PERSONAL CARE,Quito,Pichincha,D,8,2013-01-02,2017-08-15,1687,1679,0.0023767082590612004,503.8425430778372,201.12809861741724,0.39918839998857647,0.5008912655971479,1683,4,1,0,0,1,0,0,1,Promotion dependent,promotion_rate >= eligible-series Q75,0.0528756900926609,0.2304776345716452,0.7558004540874597,1.109609648399397,0.4324570685673125,4.0
3,PET SUPPLIES,Quito,Pichincha,D,8,2014-01-02,2017-08-15,1322,1022,0.22517058377558757,14.91887793783169,10.693066405373765,0.7167473619619878,0.08718726307808947,1319,3,1,0,0,0,0,0,0,Ready with caution,Sufficient history without an extreme Q75 risk flag,0.0528756900926609,0.2304776345716452,0.7558004540874597,1.109609648399397,0.4324570685673125,4.0
3,PLAYERS AND ELECTRONICS,Quito,Pichincha,D,8,2014-01-02,2017-08-15,1322,1016,0.22971948445792267,22.56633813495072,16.67505987124346,0.7389351241448051,0.011372251705837756,1319,3,1,0,0,0,0,0,0,Ready with caution,Sufficient history without an extreme Q75 risk flag,0.0528756900926609,0.2304776345716452,0.7558004540874597,1.109609648399397,0.4324570685673125,4.0
3,POULTRY,Quito,Pichincha,D,8,2013-01-02,2017-08-15,1687,1679,0.0023767082590612004,1132.0490288829471,404.92031029587974,0.35768796223908794,0.23588829471182413,1683,4,1,0,0,0,0,1,0,Ready,"history_length >= 730, zero-sales <= median, CV <= median, and missing periods <= Q75",0.0528756900926609,0.2304776345716452,0.7558004540874597,1.109609648399397,0.4324570685673125,4.0
3,PREPARED FOODS,Quito,Pichincha,D,8,2013-01-02,2017-08-15,1687,1679,0.0023767082590612004,367.7230915092097,86.43550030315899,0.23505594916112085,0.2222222222222222,1683,4,1,0,0,0,0,1,0,Ready,"history_length >= 730, zero-sales <= median, CV <= median, and missing periods <= Q75",0.0528756900926609,0.2304776345716452,0.7558004540874597,1.109609648399397,0.4324570685673125,4.0
3,PRODUCE,Quito,Pichincha,D,8,2013-03-16,2017-08-15,1614,1577,0.020496894409937887,5349.885784720496,4347.571547917886,0.8126475448008138,0.37577639751552794,1610,4,1,0,0,0,0,0,0,Ready with caution,Sufficient history without an extreme Q75 risk flag,0.0528756900926609,0.2304776345716452,0.7558004540874597,1.109609648399397,0.4324570685673125,4.0
3,SCHOOL AND OFFICE SUPPLIES,Quito,Pichincha,D,8,2014-07-03,2017-08-15,1140,563,0.5048372911169745,1.11169744942832,1.530446411424368,1.3766752925549894,0.03781882145998241,1137,3,1,0,1,0,1,0,2,Intermittent demand,zero_sales_rate >= eligible-series Q75,0.0528756900926609,0.2304776345716452,0.7558004540874597,1.109609648399397,0.4324570685673125,4.0
3,SEAFOOD,Quito,Pichincha,D,8,2013-01-02,2017-08-15,1687,1679,0.0023767082590612004,106.32815288294711,30.572387098357737,0.2875286203082432,0.2739156268568033,1683,4,1,0,0,0,0,1,0,Ready,"history_length >= 730, zero-sales <= median, CV <= median, and missing periods <= Q75",0.0528756900926609,0.2304776345716452,0.7558004540874597,1.109609648399397,0.4324570685673125,4.0
4,AUTOMOTIVE,Quito,Pichincha,D,9,2013-01-02,2017-08-15,1687,1573,0.06535947712418301,4.020796197266786,2.8914437857117026,0.7191221946730892,0.0059417706476530005,1683,4,1,0,0,0,0,0,0,Ready with caution,Sufficient history without an extreme Q75 risk flag,0.0528756900926609,0.2304776345716452,0.7558004540874597,1.109609648399397,0.4324570685673125,4.0
4,BABY CARE,Quito,Pichincha,D,9,2016-12-05,2017-08-06,245,16,0.9344262295081968,0.09836065573770492,0.4139508741170676,4.20850055352352,0.0,244,1,1,1,1,0,1,0,3,Insufficient history,history_length < 365 or active_days < 90,0.0528756900926609,0.2304776345716452,0.7558004540874597,1.109609648399397,0.4324570685673125,4.0
4,BEAUTY,Quito,Pichincha,D,9,2013-01-02,2017-08-15,1687,1597,0.0510992275698158,4.093879976232917,2.8950290500797577,0.7071602164418335,0.14616755793226383,1683,4,1,0,0,0,0,1,0,Ready,"history_length >= 730, zero-sales <= median, CV <= median, and missing periods <= Q75",0.0528756900926609,0.2304776345716452,0.7558004540874597,1.109609648399397,0.4324570685673125,4.0
4,BEVERAGES,Quito,Pichincha,D,9,2013-01-02,2017-08-15,1687,1679,0.0023767082590612004,2179.5222816399287,1131.5597024613878,0.5191778547040011,0.6327985739750446,1683,4,1,0,0,1,0,0,1,Promotion dependent,promotion_rate >= eligible-series Q75,0.0528756900926609,0.2304776345716452,0.7558004540874597,1.109609648399397,0.4324570685673125,4.0
4,BOOKS,Quito,Pichincha,D,9,2016-10-11,2017-07-22,285,132,0.5352112676056338,0.9366197183098591,1.3773266918220872,1.4705292499153113,0.0,284,1,1,1,1,0,1,0,3,Insufficient history,history_length < 365 or active_days < 90,0.0528756900926609,0.2304776345716452,0.7558004540874597,1.109609648399397,0.4324570685673125,4.0
4,BREAD/BAKERY,Quito,Pichincha,D,9,2013-01-02,2017-08-15,1687,1679,0.0023767082590612004,405.7528057456922,122.60838637089452,0.3021750795920312,0.4682115270350565,1683,4,1,0,0,1,0,0,1,Promotion dependent,promotion_rate >= eligible-series Q75,0.0528756900926609,0.2304776345716452,0.7558004540874597,1.109609648399397,0.4324570685673125,4.0
4,CELEBRATION,Quito,Pichincha,D,9,2014-01-02,2017-08-15,1322,1009,0.2350265352539803,8.149355572403335,8.959086610388393,1.0993613581823696,0.05458680818802123,1319,3,1,0,1,0,0,0,1,Intermittent demand,zero_sales_rate >= eligible-series Q75,0.0528756900926609,0.2304776345716452,0.7558004540874597,1.109609648399397,0.4324570685673125,4.0
4,CLEANING,Quito,Pichincha,D,9,2013-01-02,2017-08-15,1687,1679,0.0023767082590612004,885.2335115864528,228.59124378680116,0.25822705624546016,0.6084373143196673,1683,4,1,0,0,1,0,0,1,Promotion dependent,promotion_rate >= eligible-series Q75,0.0528756900926609,0.2304776345716452,0.7558004540874597,1.109609648399397,0.4324570685673125,4.0
4,DAIRY,Quito,Pichincha,D,9,2013-01-02,2017-08-15,1687,1679,0.0023767082590612004,789.7718360071301,279.16933688954794,0.35348099813352624,0.6048722519310754,1683,4,1,0,0,1,0,0,1,Promotion dependent,promotion_rate >= eligible-series Q75,0.0528756900926609,0.2304776345716452,0.7558004540874597,1.109609648399397,0.4324570685673125,4.0
4,DELI,Quito,Pichincha,D,9,2013-01-02,2017-08-15,1687,1679,0.0023767082590612004,216.1478066452763,68.98889527178174,0.31917462565327137,0.48841354723707664,1683,4,1,0,0,1,0,0,1,Promotion dependent,promotion_rate >= eligible-series Q75,0.0528756900926609,0.2304776345716452,0.7558004540874597,1.109609648399397,0.4324570685673125,4.0
4,EGGS,Quito,Pichincha,D,9,2013-01-02,2017-08-15,1687,1679,0.0023767082590612004,172.1663695781343,57.59348197137822,0.33452225375084393,0.34878193701723115,1683,4,1,0,0,0,0,1,0,Ready,"history_length >= 730, zero-sales <= median, CV <= median, and missing periods <= Q75",0.0528756900926609,0.2304776345716452,0.7558004540874597,1.109609648399397,0.4324570685673125,4.0
4,FROZEN FOODS,Quito,Pichincha,D,9,2013-01-02,2017-08-15,1687,1679,0.0023767082590612004,150.73355609269163,217.5600131441572,1.4433416074279541,0.49970291146761736,1683,4,1,0,0,1,1,0,2,Promotion dependent,promotion_rate >= eligible-series Q75,0.0528756900926609,0.2304776345716452,0.7558004540874597,1.109609648399397,0.4324570685673125,4.0
4,GROCERY I,Quito,Pichincha,D,9,2013-01-02,2017-08-15,1687,1679,0.0023767082590612004,3348.986090314914,992.2190771120739,0.29627446945256586,0.6743909685086156,1683,4,1,0,0,1,0,0,1,Promotion dependent,promotion_rate >= eligible-series Q75,0.0528756900926609,0.2304776345716452,0.7558004540874597,1.109609648399397,0.4324570685673125,4.0
4,GROCERY II,Quito,Pichincha,D,9,2013-01-02,2017-08-15,1687,1678,0.0029708853238265003,20.819964349376114,12.203692575768413,0.5861533848464109,0.038621509209744505,1683,4,1,0,0,0,0,1,0,Ready,"history_length >= 730, zero-sales <= median, CV <= median, and missing periods <= Q75",0.0528756900926609,0.2304776345716452,0.7558004540874597,1.109609648399397,0.4324570685673125,4.0
4,HARDWARE,Quito,Pichincha,D,9,2013-01-04,2017-08-15,1685,986,0.4134443783462225,1.1386079714455681,1.3901662162209718,1.2209349056778753,0.0,1681,4,1,0,1,0,1,0,2,Intermittent demand,zero_sales_rate >= eligible-series Q75,0.0528756900926609,0.2304776345716452,0.7558004540874597,1.109609648399397,0.4324570685673125,4.0
4,HOME AND KITCHEN I,Quito,Pichincha,D,9,2014-01-02,2017-08-15,1322,1164,0.11751326762699014,17.649734647460196,17.438601970926438,0.9880376288510297,0.19484457922668688,1319,3,1,0,0,0,0,0,0,Ready with caution,Sufficient history without an extreme Q75 risk flag,0.0528756900926609,0.2304776345716452,0.7558004540874597,1.109609648399397,0.4324570685673125,4.0
4,HOME AND KITCHEN II,Quito,Pichincha,D,9,2014-01-02,2017-08-15,1322,1159,0.12130401819560273,11.308567096285065,11.447227109283332,1.0122615015516703,0.3017437452615618,1319,3,1,0,0,0,0,0,0,Ready with caution,Sufficient history without an extreme Q75 risk flag,0.0528756900926609,0.2304776345716452,0.7558004540874597,1.109609648399397,0.4324570685673125,4.0
4,HOME APPLIANCES,Quito,Pichincha,D,9,2013-03-04,2017-08-11,1622,489,0.6977750309023486,0.40667490729295425,0.7053150591867923,1.734346148577857,0.0,1618,4,1,0,1,0,1,0,2,Intermittent demand,zero_sales_rate >= eligible-series Q75,0.0528756900926609,0.2304776345716452,0.7558004540874597,1.109609648399397,0.4324570685673125,4.0
4,HOME CARE,Quito,Pichincha,D,9,2014-01-02,2017-08-15,1322,1044,0.20849128127369218,196.303260045489,121.55735982179397,0.6192325068550859,0.4655041698256255,1319,3,1,0,0,1,0,0,1,Promotion dependent,promotion_rate >= eligible-series Q75,0.0528756900926609,0.2304776345716452,0.7558004540874597,1.109609648399397,0.4324570685673125,4.0
4,LADIESWEAR,Quito,Pichincha,D,9,2014-01-02,2017-08-15,1322,1016,0.22971948445792267,19.40030326004549,16.3419602884358,0.842355919357803,0.003032600454890068,1319,3,1,0,0,0,0,0,0,Ready with caution,Sufficient history without an extreme Q75 risk flag,0.0528756900926609,0.2304776345716452,0.7558004540874597,1.109609648399397,0.4324570685673125,4.0
4,LAWN AND GARDEN,Quito,Pichincha,D,9,2013-01-02,2017-08-15,1687,1592,0.0540701128936423,9.368983957219251,8.79032616595,0.9382368681693208,0.0932857991681521,1683,4,1,0,0,0,0,0,0,Ready with caution,Sufficient history without an extreme Q75 risk flag,0.0528756900926609,0.2304776345716452,0.7558004540874597,1.109609648399397,0.4324570685673125,4.0
4,LINGERIE,Quito,Pichincha,D,9,2013-01-02,2017-08-15,1687,1414,0.1598336304218657,4.6066547831253715,6.074331751115458,1.3185992953859558,0.023172905525846704,1683,4,1,0,0,0,1,0,1,High volatility,coefficient_of_variation >= eligible-series Q75,0.0528756900926609,0.2304776345716452,0.7558004540874597,1.109609648399397,0.4324570685673125,4.0
4,"LIQUOR,WINE,BEER",Quito,Pichincha,D,9,2013-01-02,2017-08-15,1687,1498,0.10992275698158051,83.19429590017825,80.58965017521201,0.9686920155188109,0.21509209744503863,1683,4,1,0,0,0,0,0,0,Ready with caution,Sufficient history without an extreme Q75 risk flag,0.0528756900926609,0.2304776345716452,0.7558004540874597,1.109609648399397,0.4324570685673125,4.0
4,MAGAZINES,Quito,Pichincha,D,9,2014-01-03,2017-08-15,1321,934,0.291350531107739,4.460546282245827,4.779849535750752,1.071583889797498,0.0,1318,3,1,0,1,0,0,0,1,Intermittent demand,zero_sales_rate >= eligible-series Q75,0.0528756900926609,0.2304776345716452,0.7558004540874597,1.109609648399397,0.4324570685673125,4.0
4,MEATS,Quito,Pichincha,D,9,2013-01-02,2017-08-15,1687,1679,0.0023767082590612004,369.85761785502075,103.12252195932437,0.2788168121489038,0.3065953654188948,1683,4,1,0,0,0,0,1,0,Ready,"history_length >= 730, zero-sales <= median, CV <= median, and missing periods <= Q75",0.0528756900926609,0.2304776345716452,0.7558004540874597,1.109609648399397,0.4324570685673125,4.0
4,PERSONAL CARE,Quito,Pichincha,D,9,2013-01-02,2017-08-15,1687,1679,0.0023767082590612004,228.1538918597742,87.57442610836489,0.38383928231296205,0.45573380867498514,1683,4,1,0,0,1,0,0,1,Promotion dependent,promotion_rate >= eligible-series Q75,0.0528756900926609,0.2304776345716452,0.7558004540874597,1.109609648399397,0.4324570685673125,4.0
4,PET SUPPLIES,Quito,Pichincha,D,9,2014-01-02,2017-08-15,1322,1007,0.23654283548142532,5.41849886277483,4.5325486695001045,0.8364952700532583,0.05686125852918878,1319,3,1,0,1,0,0,0,1,Intermittent demand,zero_sales_rate >= eligible-series Q75,0.0528756900926609,0.2304776345716452,0.7558004540874597,1.109609648399397,0.4324570685673125,4.0
4,PLAYERS AND ELECTRONICS,Quito,Pichincha,D,9,2014-01-02,2017-08-15,1322,1008,0.2357846853677028,6.897649734647461,5.839220559992392,0.8465522003330364,0.009097801364670205,1319,3,1,0,1,0,0,0,1,Intermittent demand,zero_sales_rate >= eligible-series Q75,0.0528756900926609,0.2304776345716452,0.7558004540874597,1.109609648399397,0.4324570685673125,4.0
4,POULTRY,Quito,Pichincha,D,9,2013-01-02,2017-08-15,1687,1679,0.0023767082590612004,449.2106790017825,157.55170926060802,0.35073010644073055,0.24123588829471182,1683,4,1,0,0,0,0,1,0,Ready,"history_length >= 730, zero-sales <= median, CV <= median, and missing periods <= Q75",0.0528756900926609,0.2304776345716452,0.7558004540874597,1.109609648399397,0.4324570685673125,4.0
4,PREPARED FOODS,Quito,Pichincha,D,9,2013-01-02,2017-08-15,1687,1679,0.0023767082590612004,99.77733751039808,37.361381780725324,0.37444757209353063,0.2014260249554367,1683,4,1,0,0,0,0,1,0,Ready,"history_length >= 730, zero-sales <= median, CV <= median, and missing periods <= Q75",0.0528756900926609,0.2304776345716452,0.7558004540874597,1.109609648399397,0.4324570685673125,4.0
4,PRODUCE,Quito,Pichincha,D,9,2013-03-16,2017-08-15,1614,1559,0.031677018633540374,1639.4957801863354,1386.8092688232427,0.845875473168724,0.3832298136645963,1610,4,1,0,0,0,0,0,0,Ready with caution,Sufficient history without an extreme Q75 risk flag,0.0528756900926609,0.2304776345716452,0.7558004540874597,1.109609648399397,0.4324570685673125,4.0
4,SCHOOL AND OFFICE SUPPLIES,Quito,Pichincha,D,9,2014-07-01,2017-08-13,1140,240,0.7889182058047494,0.30782761653474056,0.8180728891412569,2.6575682141531685,0.008795074758135445,1137,3,1,0,1,0,1,0,2,Intermittent demand,zero_sales_rate >= eligible-series Q75,0.0528756900926609,0.2304776345716452,0.7558004540874597,1.109609648399397,0.4324570685673125,4.0
4,SEAFOOD,Quito,Pichincha,D,9,2013-01-02,2017-08-15,1687,1679,0.0023767082590612004,32.721970114676175,11.889128875127264,0.3633378073954922,0.24183006535947713,1683,4,1,0,0,0,0,1,0,Ready,"history_length >= 730, zero-sales <= median, CV <= median, and missing periods <= Q75",0.0528756900926609,0.2304776345716452,0.7558004540874597,1.109609648399397,0.4324570685673125,4.0
5,AUTOMOTIVE,Santo Domingo,Santo Domingo de los Tsachilas,D,4,2013-01-02,2017-08-15,1687,1640,0.0255496137849079,5.4628639334521685,3.2555111048816285,0.5959348694274289,0.0106951871657754,1683,4,1,0,0,0,0,1,0,Ready,"history_length >= 730, zero-sales <= median, CV <= median, and missing periods <= Q75",0.0528756900926609,0.2304776345716452,0.7558004540874597,1.109609648399397,0.4324570685673125,4.0
5,BABY CARE,Santo Domingo,Santo Domingo de los Tsachilas,D,4,2016-09-03,2017-08-11,343,122,0.6432748538011696,0.6286549707602339,1.0470446907453548,1.665531554580983,0.005847953216374269,342,1,1,1,1,0,1,0,3,Insufficient history,history_length < 365 or active_days < 90,0.0528756900926609,0.2304776345716452,0.7558004540874597,1.109609648399397,0.4324570685673125,4.0
5,BEAUTY,Santo Domingo,Santo Domingo de los Tsachilas,D,4,2013-01-02,2017-08-15,1687,1647,0.0213903743315508,5.159833630421866,3.1290139266295913,0.6064176000135424,0.1437908496732026,1683,4,1,0,0,0,0,1,0,Ready,"history_length >= 730, zero-sales <= median, CV <= median, and missing periods <= Q75",0.0528756900926609,0.2304776345716452,0.7558004540874597,1.109609648399397,0.4324570685673125,4.0
5,BEVERAGES,Santo Domingo,Santo Domingo de los Tsachilas,D,4,2013-01-02,2017-08-15,1687,1679,0.0023767082590612004,1505.544266191325,668.2336867283623,0.4438485813630955,0.64349376114082,1683,4,1,0,0,1,0,0,1,Promotion dependent,promotion_rate >= eligible-series Q75,0.0528756900926609,0.2304776345716452,0.7558004540874597,1.109609648399397,0.4324570685673125,4.0
5,BOOKS,Santo Domingo,Santo Domingo de los Tsachilas,D,4,2016-10-12,2017-05-08,209,128,0.38461538461538464,1.1057692307692308,1.2231129148721067,1.1061195056234703,0.0,208,1,1,1,1,0,0,0,2,Insufficient history,history_length < 365 or active_days < 90,0.0528756900926609,0.2304776345716452,0.7558004540874597,1.109609648399397,0.4324570685673125,4.0
5,BREAD/BAKERY,Santo Domingo,Santo Domingo de los Tsachilas,D,4,2013-01-02,2017-08-15,1687,1679,0.0023767082590612004,381.9694330897207,86.81341310059246,0.22727843010464366,0.49970291146761736,1683,4,1,0,0,1,0,0,1,Promotion dependent,promotion_rate >= eligible-series Q75,0.0528756900926609,0.2304776345716452,0.7558004540874597,1.109609648399397,0.4324570685673125,4.0
5,CELEBRATION,Santo Domingo,Santo Domingo de los Tsachilas,D,4,2014-01-02,2017-08-15,1322,1016,0.22971948445792267,19.845337376800607,14.650051630129262,0.7382112660505996,0.06444275966641395,1319,3,1,0,0,0,0,0,0,Ready with caution,Sufficient history without an extreme Q75 risk flag,0.0528756900926609,0.2304776345716452,0.7558004540874597,1.109609648399397,0.4324570685673125,4.0
5,CLEANING,Santo Domingo,Santo Domingo de los Tsachilas,D,4,2013-01-02,2017-08-15,1687,1679,0.0023767082590612004,990.9376114081997,228.0315163372004,0.23011692533614686,0.6250742721330956,1683,4,1,0,0,1,0,0,1,Promotion dependent,promotion_rate >= eligible-series Q75,0.0528756900926609,0.2304776345716452,0.7558004540874597,1.109609648399397,0.4324570685673125,4.0
5,DAIRY,Santo Domingo,Santo Domingo de los Tsachilas,D,4,2013-01-02,2017-08-15,1687,1679,0.0023767082590612004,517.6963755199049,146.0915612262676,0.28219544917530626,0.6060606060606061,1683,4,1,0,0,1,0,0,1,Promotion dependent,promotion_rate >= eligible-series Q75,0.0528756900926609,0.2304776345716452,0.7558004540874597,1.109609648399397,0.4324570685673125,4.0
5,DELI,Santo Domingo,Santo Domingo de los Tsachilas,D,4,2013-01-02,2017-08-15,1687,1679,0.0023767082590612004,246.744504818776,62.76026900512912,0.25435325925991353,0.5276292335115864,1683,4,1,0,0,1,0,0,1,Promotion dependent,promotion_rate >= eligible-series Q75,0.0528756900926609,0.2304776345716452,0.7558004540874597,1.109609648399397,0.4324570685673125,4.0
5,EGGS,Santo Domingo,Santo Domingo de los Tsachilas,D,4,2013-01-02,2017-08-15,1687,1679,0.0023767082590612004,113.39928698752229,35.46510803197438,0.3127454234864522,0.41711229946524064,1683,4,1,0,0,0,0,1,0,Ready,"history_length >= 730, zero-sales <= median, CV <= median, and missing periods <= Q75",0.0528756900926609,0.2304776345716452,0.7558004540874597,1.109609648399397,0.4324570685673125,4.0
5,FROZEN FOODS,Santo Domingo,Santo Domingo de los Tsachilas,D,4,2013-01-02,2017-08-15,1687,1679,0.0023767082590612004,160.23125145038622,309.05333597902535,1.9287956199650615,0.489007724301842,1683,4,1,0,0,1,1,0,2,Promotion dependent,promotion_rate >= eligible-series Q75,0.0528756900926609,0.2304776345716452,0.7558004540874597,1.109609648399397,0.4324570685673125,4.0
5,GROCERY I,Santo Domingo,Santo Domingo de los Tsachilas,D,4,2013-01-02,2017-08-15,1687,1679,0.0023767082590612004,3126.9647403446224,728.2784260101605,0.23290266647838728,0.6761734997029115,1683,4,1,0,0,1,0,0,1,Promotion dependent,promotion_rate >= eligible-series Q75,0.0528756900926609,0.2304776345716452,0.7558004540874597,1.109609648399397,0.4324570685673125,4.0
5,GROCERY II,Santo Domingo,Santo Domingo de los Tsachilas,D,4,2013-01-02,2017-08-15,1687,1675,0.004753416518122401,19.75103980986334,16.2125207717454,0.8208439114000032,0.035650623885918005,1683,4,1,0,0,0,0,0,0,Ready with caution,Sufficient history without an extreme Q75 risk flag,0.0528756900926609,0.2304776345716452,0.7558004540874597,1.109609648399397,0.4324570685673125,4.0
5,HARDWARE,Santo Domingo,Santo Domingo de los Tsachilas,D,4,2013-01-02,2017-08-14,1686,966,0.42568370986920334,1.025564803804994,1.2101840100388495,1.1800171042813594,0.0005945303210463733,1682,4,1,0,1,0,1,0,2,Intermittent demand,zero_sales_rate >= eligible-series Q75,0.0528756900926609,0.2304776345716452,0.7558004540874597,1.109609648399397,0.4324570685673125,4.0
5,HOME AND KITCHEN I,Santo Domingo,Santo Domingo de los Tsachilas,D,4,2014-01-02,2017-08-15,1322,1166,0.11599696739954511,22.82562547384382,17.3922412597883,0.7619612123978067,0.1910538286580743,1319,3,1,0,0,0,0,0,0,Ready with caution,Sufficient history without an extreme Q75 risk flag,0.0528756900926609,0.2304776345716452,0.7558004540874597,1.109609648399397,0.4324570685673125,4.0
5,HOME AND KITCHEN II,Santo Domingo,Santo Domingo de los Tsachilas,D,4,2014-01-02,2017-08-15,1322,1166,0.11599696739954511,28.23199393479909,34.971644809904674,1.238723870891677,0.3601213040181956,1319,3,1,0,0,0,1,0,1,High volatility,coefficient_of_variation >= eligible-series Q75,0.0528756900926609,0.2304776345716452,0.7558004540874597,1.109609648399397,0.4324570685673125,4.0
5,HOME APPLIANCES,Santo Domingo,Santo Domingo de los Tsachilas,D,4,2013-01-02,2017-07-28,1669,623,0.6258258258258258,0.5561561561561561,0.8677582882084431,1.5602781316058942,0.0,1665,4,1,0,1,0,1,0,2,Intermittent demand,zero_sales_rate >= eligible-series Q75,0.0528756900926609,0.2304776345716452,0.7558004540874597,1.109609648399397,0.4324570685673125,4.0
5,HOME CARE,Santo Domingo,Santo Domingo de los Tsachilas,D,4,2014-01-02,2017-08-15,1322,1044,0.20849128127369218,181.41243366186504,108.15022723532796,0.596156641814912,0.5041698256254739,1319,3,1,0,0,1,0,0,1,Promotion dependent,promotion_rate >= eligible-series Q75,0.0528756900926609,0.2304776345716452,0.7558004540874597,1.109609648399397,0.4324570685673125,4.0
5,LADIESWEAR,Santo Domingo,Santo Domingo de los Tsachilas,D,4,2014-01-02,2017-08-15,1322,1014,0.2312357846853677,11.230477634571645,10.00545885902205,0.8909201535846948,0.002274450341167551,1319,3,1,0,1,0,0,0,1,Intermittent demand,zero_sales_rate >= eligible-series Q75,0.0528756900926609,0.2304776345716452,0.7558004540874597,1.109609648399397,0.4324570685673125,4.0
5,LAWN AND GARDEN,Santo Domingo,Santo Domingo de los Tsachilas,D,4,2013-01-04,2017-08-15,1685,1162,0.3087447947650208,2.956573468173706,7.41619165934116,2.50837387914537,0.032123735871505056,1681,4,1,0,1,0,1,0,2,Intermittent demand,zero_sales_rate >= eligible-series Q75,0.0528756900926609,0.2304776345716452,0.7558004540874597,1.109609648399397,0.4324570685673125,4.0
5,LINGERIE,Santo Domingo,Santo Domingo de los Tsachilas,D,4,2013-01-02,2017-08-15,1687,1677,0.0035650623885918,18.752822341057634,10.661341091659123,0.5685192819385414,0.029708853238265002,1683,4,1,0,0,0,0,1,0,Ready,"history_length >= 730, zero-sales <= median, CV <= median, and missing periods <= Q75",0.0528756900926609,0.2304776345716452,0.7558004540874597,1.109609648399397,0.4324570685673125,4.0
5,"LIQUOR,WINE,BEER",Santo Domingo,Santo Domingo de los Tsachilas,D,4,2013-01-02,2017-08-15,1687,1498,0.10992275698158051,65.60546642899584,54.63198697664183,0.8327352879316771,0.23529411764705882,1683,4,1,0,0,0,0,0,0,Ready with caution,Sufficient history without an extreme Q75 risk flag,0.0528756900926609,0.2304776345716452,0.7558004540874597,1.109609648399397,0.4324570685673125,4.0
5,MAGAZINES,Santo Domingo,Santo Domingo de los Tsachilas,D,4,2014-01-02,2017-08-15,1322,1014,0.2312357846853677,4.980288097043214,4.690536067098838,0.9418202272040445,0.000758150113722517,1319,3,1,0,1,0,0,0,1,Intermittent demand,zero_sales_rate >= eligible-series Q75,0.0528756900926609,0.2304776345716452,0.7558004540874597,1.109609648399397,0.4324570685673125,4.0
5,MEATS,Santo Domingo,Santo Domingo de los Tsachilas,D,4,2013-01-02,2017-08-15,1687,1679,0.0023767082590612004,283.4844967950089,69.60793946272807,0.24554407824658722,0.34462269756387404,1683,4,1,0,0,0,0,1,0,Ready,"history_length >= 730, zero-sales <= median, CV <= median, and missing periods <= Q75",0.0528756900926609,0.2304776345716452,0.7558004540874597,1.109609648399397,0.4324570685673125,4.0
5,PERSONAL CARE,Santo Domingo,Santo Domingo de los Tsachilas,D,4,2013-01-02,2017-08-15,1687,1679,0.0023767082590612004,267.47831253713605,81.7492757730726,0.3056295480469009,0.5002970885323826,1683,4,1,0,0,1,0,0,1,Promotion dependent,promotion_rate >= eligible-series Q75,0.0528756900926609,0.2304776345716452,0.7558004540874597,1.109609648399397,0.4324570685673125,4.0
5,PET SUPPLIES,Santo Domingo,Santo Domingo de los Tsachilas,D,4,2014-01-02,2017-08-15,1322,918,0.30401819560272936,2.425322213798332,2.380113971534883,0.9813599026116008,0.03184230477634572,1319,3,1,0,1,0,0,0,1,Intermittent demand,zero_sales_rate >= eligible-series Q75,0.0528756900926609,0.2304776345716452,0.7558004540874597,1.109609648399397,0.4324570685673125,4.0
5,PLAYERS AND ELECTRONICS,Santo Domingo,Santo Domingo de los Tsachilas,D,4,2014-01-02,2017-08-15,1322,1013,0.23199393479909022,6.083396512509477,5.048386991575638,0.8298632155892656,0.004548900682335102,1319,3,1,0,1,0,0,0,1,Intermittent demand,zero_sales_rate >= eligible-series Q75,0.0528756900926609,0.2304776345716452,0.7558004540874597,1.109609648399397,0.4324570685673125,4.0
5,POULTRY,Santo Domingo,Santo Domingo de los Tsachilas,D,4,2013-01-02,2017-08-15,1687,1679,0.0023767082590612004,249.33474207130126,77.33843215889034,0.3101791251247858,0.2786690433749257,1683,4,1,0,0,0,0,1,0,Ready,"history_length >= 730, zero-sales <= median, CV <= median, and missing periods <= Q75",0.0528756900926609,0.2304776345716452,0.7558004540874597,1.109609648399397,0.4324570685673125,4.0
5,PREPARED FOODS,Santo Domingo,Santo Domingo de los Tsachilas,D,4,2013-01-02,2017-08-15,1687,1679,0.0023767082590612004,87.932934637552,24.2299050570903,0.27554982847965653,0.20083184789067143,1683,4,1,0,0,0,0,1,0,Ready,"history_length >= 730, zero-sales <= median, CV <= median, and missing periods <= Q75",0.0528756900926609,0.2304776345716452,0.7558004540874597,1.109609648399397,0.4324570685673125,4.0
5,PRODUCE,Santo Domingo,Santo Domingo de los Tsachilas,D,4,2013-03-16,2017-08-15,1614,1572,0.02360248447204969,1027.0697258757764,835.852102561256,0.8138221597842636,0.4,1610,4,1,0,0,0,0,0,0,Ready with caution,Sufficient history without an extreme Q75 risk flag,0.0528756900926609,0.2304776345716452,0.7558004540874597,1.109609648399397,0.4324570685673125,4.0
5,SCHOOL AND OFFICE SUPPLIES,Santo Domingo,Santo Domingo de los Tsachilas,D,4,2014-07-01,2017-08-13,1140,270,0.762532981530343,0.7150395778364116,3.6310564781065886,5.078119576392609,0.03605980650835532,1137,3,1,0,1,0,1,0,2,Intermittent demand,zero_sales_rate >= eligible-series Q75,0.0528756900926609,0.2304776345716452,0.7558004540874597,1.109609648399397,0.4324570685673125,4.0
5,SEAFOOD,Santo Domingo,Santo Domingo de los Tsachilas,D,4,2013-01-02,2017-08-15,1687,1679,0.0023767082590612004,13.285201423172905,6.397028694141718,0.4815153711545245,0.23885918003565063,1683,4,1,0,0,0,0,1,0,Ready,"history_length >= 730, zero-sales <= median, CV <= median, and missing periods <= Q75",0.0528756900926609,0.2304776345716452,0.7558004540874597,1.109609648399397,0.4324570685673125,4.0
6,AUTOMOTIVE,Quito,Pichincha,D,13,2013-01-02,2017-08-15,1687,1631,0.030897207367795602,5.364230540701129,3.7546425228991267,0.6999405589321256,0.008318478906714201,1683,4,1,0,0,0,0,1,0,Ready,"history_length >= 730, zero-sales <= median, CV <= median, and missing periods <= Q75",0.0528756900926609,0.2304776345716452,0.7558004540874597,1.109609648399397,0.4324570685673125,4.0
6,BABY CARE,Quito,Pichincha,D,13,2017-07-10,2017-07-24,15,7,0.5333333333333333,0.8,1.1464230084422218,1.4330287605527772,0.0,15,0,1,1,1,0,1,0,3,Insufficient history,history_length < 365 or active_days < 90,0.0528756900926609,0.2304776345716452,0.7558004540874597,1.109609648399397,0.4324570685673125,4.0
6,BEAUTY,Quito,Pichincha,D,13,2013-01-02,2017-08-15,1687,1635,0.0285204991087344,5.667855020796197,3.990277345209409,0.7040189508321035,0.18181818181818182,1683,4,1,0,0,0,0,1,0,Ready,"history_length >= 730, zero-sales <= median, CV <= median, and missing periods <= Q75",0.0528756900926609,0.2304776345716452,0.7558004540874597,1.109609648399397,0.4324570685673125,4.0
6,BEVERAGES,Quito,Pichincha,D,13,2013-01-02,2017-08-15,1687,1679,0.0023767082590612004,3008.3814616755794,1612.8151212706596,0.5361072529586621,0.6743909685086156,1683,4,1,0,0,1,0,0,1,Promotion dependent,promotion_rate >= eligible-series Q75,0.0528756900926609,0.2304776345716452,0.7558004540874597,1.109609648399397,0.4324570685673125,4.0
6,BOOKS,Quito,Pichincha,D,13,2016-10-11,2017-04-04,176,27,0.8457142857142858,0.4342857142857143,1.2105719312196255,2.7875011574136113,0.0,175,1,1,1,1,0,1,0,3,Insufficient history,history_length < 365 or active_days < 90,0.0528756900926609,0.2304776345716452,0.7558004540874597,1.109609648399397,0.4324570685673125,4.0
6,BREAD/BAKERY,Quito,Pichincha,D,13,2013-01-02,2017-08-15,1687,1679,0.0023767082590612004,546.1097796434938,166.06360830322237,0.30408466299876635,0.5145573380867499,1683,4,1,0,0,1,0,0,1,Promotion dependent,promotion_rate >= eligible-series Q75,0.0528756900926609,0.2304776345716452,0.7558004540874597,1.109609648399397,0.4324570685673125,4.0
6,CELEBRATION,Quito,Pichincha,D,13,2014-01-02,2017-08-15,1322,1014,0.2312357846853677,11.943138741470811,10.149965629519771,0.8498574662182808,0.07733131159969674,1319,3,1,0,1,0,0,0,1,Intermittent demand,zero_sales_rate >= eligible-series Q75,0.0528756900926609,0.2304776345716452,0.7558004540874597,1.109609648399397,0.4324570685673125,4.0
6,CLEANING,Quito,Pichincha,D,13,2013-01-02,2017-08-15,1687,1679,0.0023767082590612004,1236.5579322638146,343.05841595101316,0.27743012033650766,0.6684491978609626,1683,4,1,0,0,1,0,0,1,Promotion dependent,promotion_rate >= eligible-series Q75,0.0528756900926609,0.2304776345716452,0.7558004540874597,1.109609648399397,0.4324570685673125,4.0
6,DAIRY,Quito,Pichincha,D,13,2013-01-02,2017-08-15,1687,1679,0.0023767082590612004,957.8336304218657,354.69765006085225,0.3703123786796149,0.6244800950683304,1683,4,1,0,0,1,0,0,1,Promotion dependent,promotion_rate >= eligible-series Q75,0.0528756900926609,0.2304776345716452,0.7558004540874597,1.109609648399397,0.4324570685673125,4.0
6,DELI,Quito,Pichincha,D,13,2013-01-02,2017-08-15,1687,1679,0.0023767082590612004,341.8659208318479,110.6345589129949,0.32361973560801993,0.5240641711229946,1683,4,1,0,0,1,0,0,1,Promotion dependent,promotion_rate >= eligible-series Q75,0.0528756900926609,0.2304776345716452,0.7558004540874597,1.109609648399397,0.4324570685673125,4.0
6,EGGS,Quito,Pichincha,D,13,2013-01-02,2017-08-15,1687,1679,0.0023767082590612004,205.00772430184196,68.94401776774848,0.3362996101856101,0.3868092691622103,1683,4,1,0,0,0,0,1,0,Ready,"history_length >= 730, zero-sales <= median, CV <= median, and missing periods <= Q75",0.0528756900926609,0.2304776345716452,0.7558004540874597,1.109609648399397,0.4324570685673125,4.0
6,FROZEN FOODS,Quito,Pichincha,D,13,2013-01-02,2017-08-15,1687,1679,0.0023767082590612004,224.97769444979204,249.89539713919268,1.11075632520077,0.5389185977421271,1683,4,1,0,0,1,1,0,2,Promotion dependent,promotion_rate >= eligible-series Q75,0.0528756900926609,0.2304776345716452,0.7558004540874597,1.109609648399397,0.4324570685673125,4.0
6,GROCERY I,Quito,Pichincha,D,13,2013-01-02,2017-08-15,1687,1679,0.0023767082590612004,4638.530106357694,1441.379643378141,0.31074060323604397,0.7082590612002376,1683,4,1,0,0,1,0,0,1,Promotion dependent,promotion_rate >= eligible-series Q75,0.0528756900926609,0.2304776345716452,0.7558004540874597,1.109609648399397,0.4324570685673125,4.0
6,GROCERY II,Quito,Pichincha,D,13,2013-01-02,2017-08-15,1687,1679,0.0023767082590612004,35.21806298276886,16.779520295845604,0.47644642762026174,0.036244800950683304,1683,4,1,0,0,0,0,1,0,Ready,"history_length >= 730, zero-sales <= median, CV <= median, and missing periods <= Q75",0.0528756900926609,0.2304776345716452,0.7558004540874597,1.109609648399397,0.4324570685673125,4.0
6,HARDWARE,Quito,Pichincha,D,13,2013-01-03,2017-08-15,1686,863,0.4869203329369798,0.9328180737217598,1.2130091104034668,1.3003705058627348,0.0005945303210463733,1682,4,1,0,1,0,1,0,2,Intermittent demand,zero_sales_rate >= eligible-series Q75,0.0528756900926609,0.2304776345716452,0.7558004540874597,1.109609648399397,0.4324570685673125,4.0
6,HOME AND KITCHEN I,Quito,Pichincha,D,13,2014-01-02,2017-08-15,1322,1166,0.11599696739954511,22.237300985595148,19.855294504795477,0.8928823924116203,0.2168309325246399,1319,3,1,0,0,0,0,0,0,Ready with caution,Sufficient history without an extreme Q75 risk flag,0.0528756900926609,0.2304776345716452,0.7558004540874597,1.109609648399397,0.4324570685673125,4.0
6,HOME AND KITCHEN II,Quito,Pichincha,D,13,2014-01-02,2017-08-15,1322,1166,0.11599696739954511,37.495830174374525,46.602960294859834,1.2428838107632918,0.4351781652767248,1319,3,1,0,0,1,1,0,2,Promotion dependent,promotion_rate >= eligible-series Q75,0.0528756900926609,0.2304776345716452,0.7558004540874597,1.109609648399397,0.4324570685673125,4.0
6,HOME APPLIANCES,Quito,Pichincha,D,13,2013-03-04,2017-07-17,1597,425,0.7332077840552417,0.41494036409290647,0.808530376008696,1.9485459742539377,0.0,1593,4,1,0,1,0,1,0,2,Intermittent demand,zero_sales_rate >= eligible-series Q75,0.0528756900926609,0.2304776345716452,0.7558004540874597,1.109609648399397,0.4324570685673125,4.0
6,HOME CARE,Quito,Pichincha,D,13,2014-01-02,2017-08-15,1322,1044,0.20849128127369218,258.02198635329796,165.40794826523282,0.6410614483013363,0.5087187263078089,1319,3,1,0,0,1,0,0,1,Promotion dependent,promotion_rate >= eligible-series Q75,0.0528756900926609,0.2304776345716452,0.7558004540874597,1.109609648399397,0.4324570685673125,4.0
6,LADIESWEAR,Quito,Pichincha,D,13,2014-01-02,2017-08-15,1322,1016,0.22971948445792267,24.60576194086429,21.00803726912147,0.8537852767823515,0.0037907505686125853,1319,3,1,0,0,0,0,0,0,Ready with caution,Sufficient history without an extreme Q75 risk flag,0.0528756900926609,0.2304776345716452,0.7558004540874597,1.109609648399397,0.4324570685673125,4.0
6,LAWN AND GARDEN,Quito,Pichincha,D,13,2013-01-02,2017-08-15,1687,1548,0.08021390374331551,7.790255496137849,8.555163386217998,1.098187779651048,0.0766488413547237,1683,4,1,0,0,0,0,0,0,Ready with caution,Sufficient history without an extreme Q75 risk flag,0.0528756900926609,0.2304776345716452,0.7558004540874597,1.109609648399397,0.4324570685673125,4.0
6,LINGERIE,Quito,Pichincha,D,13,2013-01-02,2017-08-15,1687,1644,0.023172905525846704,8.15032679738562,5.865159799781136,0.719622653862481,0.04337492572786691,1683,4,1,0,0,0,0,1,0,Ready,"history_length >= 730, zero-sales <= median, CV <= median, and missing periods <= Q75",0.0528756900926609,0.2304776345716452,0.7558004540874597,1.109609648399397,0.4324570685673125,4.0
6,"LIQUOR,WINE,BEER",Quito,Pichincha,D,13,2013-01-02,2017-08-15,1687,1499,0.10932857991681522,93.43018419489007,84.46227952576818,0.9040149096739941,0.22756981580510993,1683,4,1,0,0,0,0,0,0,Ready with caution,Sufficient history without an extreme Q75 risk flag,0.0528756900926609,0.2304776345716452,0.7558004540874597,1.109609648399397,0.4324570685673125,4.0
6,MAGAZINES,Quito,Pichincha,D,13,2014-01-02,2017-08-15,1322,930,0.29492039423805916,4.670962850644427,5.049466826612988,1.0810333946279065,0.0,1319,3,1,0,1,0,0,0,1,Intermittent demand,zero_sales_rate >= eligible-series Q75,0.0528756900926609,0.2304776345716452,0.7558004540874597,1.109609648399397,0.4324570685673125,4.0
6,MEATS,Quito,Pichincha,D,13,2013-01-02,2017-08-15,1687,1679,0.0023767082590612004,495.6187191622103,127.10626252805768,0.2564597696045804,0.33986928104575165,1683,4,1,0,0,0,0,1,0,Ready,"history_length >= 730, zero-sales <= median, CV <= median, and missing periods <= Q75",0.0528756900926609,0.2304776345716452,0.7558004540874597,1.109609648399397,0.4324570685673125,4.0
6,PERSONAL CARE,Quito,Pichincha,D,13,2013-01-02,2017-08-15,1687,1679,0.0023767082590612004,321.564468211527,131.9901758207709,0.4104625630899835,0.5294117647058824,1683,4,1,0,0,1,0,0,1,Promotion dependent,promotion_rate >= eligible-series Q75,0.0528756900926609,0.2304776345716452,0.7558004540874597,1.109609648399397,0.4324570685673125,4.0
6,PET SUPPLIES,Quito,Pichincha,D,13,2014-01-02,2017-08-15,1322,1020,0.2266868840030326,7.543593631539045,5.798150205139176,0.7686191075958364,0.07278241091736164,1319,3,1,0,0,0,0,0,0,Ready with caution,Sufficient history without an extreme Q75 risk flag,0.0528756900926609,0.2304776345716452,0.7558004540874597,1.109609648399397,0.4324570685673125,4.0
6,PLAYERS AND ELECTRONICS,Quito,Pichincha,D,13,2014-01-02,2017-08-15,1322,1015,0.2304776345716452,9.920394238059135,7.930877470172287,0.799451844337581,0.009097801364670205,1319,3,1,0,1,0,0,0,1,Intermittent demand,zero_sales_rate >= eligible-series Q75,0.0528756900926609,0.2304776345716452,0.7558004540874597,1.109609648399397,0.4324570685673125,4.0
6,POULTRY,Quito,Pichincha,D,13,2013-01-02,2017-08-15,1687,1679,0.0023767082590612004,631.4674514379085,218.59780800855938,0.34617430797231497,0.2905525846702317,1683,4,1,0,0,0,0,1,0,Ready,"history_length >= 730, zero-sales <= median, CV <= median, and missing periods <= Q75",0.0528756900926609,0.2304776345716452,0.7558004540874597,1.109609648399397,0.4324570685673125,4.0
6,PREPARED FOODS,Quito,Pichincha,D,13,2013-01-02,2017-08-15,1687,1679,0.0023767082590612004,140.7000498294712,45.87672922931943,0.3260605044910939,0.22043969102792632,1683,4,1,0,0,0,0,1,0,Ready,"history_length >= 730, zero-sales <= median, CV <= median, and missing periods <= Q75",0.0528756900926609,0.2304776345716452,0.7558004540874597,1.109609648399397,0.4324570685673125,4.0
6,PRODUCE,Quito,Pichincha,D,13,2013-03-16,2017-08-15,1614,1599,0.0068322981366459624,1797.1327332919254,1504.8402109625072,0.8373561858205059,0.3770186335403727,1610,4,1,0,0,0,0,0,0,Ready with caution,Sufficient history without an extreme Q75 risk flag,0.0528756900926609,0.2304776345716452,0.7558004540874597,1.109609648399397,0.4324570685673125,4.0
6,SCHOOL AND OFFICE SUPPLIES,Quito,Pichincha,D,13,2014-12-21,2017-01-12,754,197,0.7376830892143809,0.5938748335552596,1.7516208966685132,2.9494782363185057,0.02663115845539281,751,3,1,0,1,0,1,0,2,Intermittent demand,zero_sales_rate >= eligible-series Q75,0.0528756900926609,0.2304776345716452,0.7558004540874597,1.109609648399397,0.4324570685673125,4.0
6,SEAFOOD,Quito,Pichincha,D,13,2013-01-02,2017-08-15,1687,1679,0.0023767082590612004,43.482088420677364,16.24029493109013,0.3734939033739525,0.27748068924539515,1683,4,1,0,0,0,0,1,0,Ready,"history_length >= 730, zero-sales <= median, CV <= median, and missing periods <= Q75",0.0528756900926609,0.2304776345716452,0.7558004540874597,1.109609648399397,0.4324570685673125,4.0
7,AUTOMOTIVE,Quito,Pichincha,D,8,2013-01-02,2017-08-15,1687,1572,0.0659536541889483,4.248366013071895,3.4737150428455954,0.8176590793159633,0.004753416518122401,1683,4,1,0,0,0,0,0,0,Ready with caution,Sufficient history without an extreme Q75 risk flag,0.0528756900926609,0.2304776345716452,0.7558004540874597,1.109609648399397,0.4324570685673125,4.0
7,BABY CARE,Quito,Pichincha,D,8,2016-10-25,2017-07-25,274,42,0.8461538461538461,0.17582417582417584,0.4353853919924732,2.4762544169571914,0.0,273,1,1,1,1,0,1,0,3,Insufficient history,history_length < 365 or active_days < 90,0.0528756900926609,0.2304776345716452,0.7558004540874597,1.109609648399397,0.4324570685673125,4.0
7,BEAUTY,Quito,Pichincha,D,8,2013-01-02,2017-08-15,1687,1600,0.04931669637551991,3.649435531788473,2.330989461378535,0.638726027922513,0.1295306001188354,1683,4,1,0,0,0,0,1,0,Ready,"history_length >= 730, zero-sales <= median, CV <= median, and missing periods <= Q75",0.0528756900926609,0.2304776345716452,0.7558004540874597,1.109609648399397,0.4324570685673125,4.0
7,BEVERAGES,Quito,Pichincha,D,8,2013-01-02,2017-08-15,1687,1679,0.0023767082590612004,3323.0,1310.9721497453115,0.39451464030854994,0.6268568033273916,1683,4,1,0,0,1,0,0,1,Promotion dependent,promotion_rate >= eligible-series Q75,0.0528756900926609,0.2304776345716452,0.7558004540874597,1.109609648399397,0.4324570685673125,4.0
7,BOOKS,Quito,Pichincha,D,8,2016-10-11,2017-08-08,302,71,0.7641196013289037,0.7009966777408638,1.6402130969243784,2.3398300576978097,0.0,301,1,1,1,1,0,1,0,3,Insufficient history,history_length < 365 or active_days < 90,0.0528756900926609,0.2304776345716452,0.7558004540874597,1.109609648399397,0.4324570685673125,4.0
7,BREAD/BAKERY,Quito,Pichincha,D,8,2013-01-02,2017-08-15,1687,1679,0.0023767082590612004,643.0171674034463,163.25845885261873,0.25389440146966713,0.41830065359477125,1683,4,1,0,0,0,0,1,0,Ready,"history_length >= 730, zero-sales <= median, CV <= median, and missing periods <= Q75",0.0528756900926609,0.2304776345716452,0.7558004540874597,1.109609648399397,0.4324570685673125,4.0
7,CELEBRATION,Quito,Pichincha,D,8,2014-01-02,2017-08-15,1322,1016,0.22971948445792267,14.378316906747536,11.252658423501702,0.7826130482783414,0.07050796057619409,1319,3,1,0,0,0,0,0,0,Ready with caution,Sufficient history without an extreme Q75 risk flag,0.0528756900926609,0.2304776345716452,0.7558004540874597,1.109609648399397,0.4324570685673125,4.0
7,CLEANING,Quito,Pichincha,D,8,2013-01-02,2017-08-15,1687,1679,0.0023767082590612004,1052.1384432560903,230.31140675202332,0.2188983856908321,0.5781342840166369,1683,4,1,0,0,1,0,0,1,Promotion dependent,promotion_rate >= eligible-series Q75,0.0528756900926609,0.2304776345716452,0.7558004540874597,1.109609648399397,0.4324570685673125,4.0
7,DAIRY,Quito,Pichincha,D,8,2013-01-02,2017-08-15,1687,1679,0.0023767082590612004,1225.9702911467618,335.5593733643123,0.27370922100439565,0.5264408793820559,1683,4,1,0,0,1,0,0,1,Promotion dependent,promotion_rate >= eligible-series Q75,0.0528756900926609,0.2304776345716452,0.7558004540874597,1.109609648399397,0.4324570685673125,4.0
7,DELI,Quito,Pichincha,D,8,2013-01-02,2017-08-15,1687,1679,0.0023767082590612004,169.10686100891266,34.42159631377146,0.2035493776444546,0.43018419489007725,1683,4,1,0,0,0,0,1,0,Ready,"history_length >= 730, zero-sales <= median, CV <= median, and missing periods <= Q75",0.0528756900926609,0.2304776345716452,0.7558004540874597,1.109609648399397,0.4324570685673125,4.0
7,EGGS,Quito,Pichincha,D,8,2013-01-02,2017-08-15,1687,1679,0.0023767082590612004,285.0742721330957,45.914655591516855,0.16106208128834645,0.2638146167557932,1683,4,1,0,0,0,0,1,0,Ready,"history_length >= 730, zero-sales <= median, CV <= median, and missing periods <= Q75",0.0528756900926609,0.2304776345716452,0.7558004540874597,1.109609648399397,0.4324570685673125,4.0
7,FROZEN FOODS,Quito,Pichincha,D,8,2013-01-02,2017-08-15,1687,1679,0.0023767082590612004,257.80526670825907,165.8012953365941,0.6431260984447627,0.45216874628639336,1683,4,1,0,0,1,0,0,1,Promotion dependent,promotion_rate >= eligible-series Q75,0.0528756900926609,0.2304776345716452,0.7558004540874597,1.109609648399397,0.4324570685673125,4.0
7,GROCERY I,Quito,Pichincha,D,8,2013-01-02,2017-08-15,1687,1679,0.0023767082590612004,3712.4028496732026,943.6038876986638,0.2541760487501317,0.6779560308972074,1683,4,1,0,0,1,0,0,1,Promotion dependent,promotion_rate >= eligible-series Q75,0.0528756900926609,0.2304776345716452,0.7558004540874597,1.109609648399397,0.4324570685673125,4.0
7,GROCERY II,Quito,Pichincha,D,8,2013-01-02,2017-08-15,1687,1679,0.0023767082590612004,40.05704099821747,17.665011470143224,0.4409964148607311,0.038621509209744505,1683,4,1,0,0,0,0,1,0,Ready,"history_length >= 730, zero-sales <= median, CV <= median, and missing periods <= Q75",0.0528756900926609,0.2304776345716452,0.7558004540874597,1.109609648399397,0.4324570685673125,4.0
7,HARDWARE,Quito,Pichincha,D,8,2013-01-05,2017-08-15,1684,1290,0.23214285714285715,2.052380952380952,1.9762422268046096,0.9629022450788122,0.0,1680,4,1,0,1,0,0,0,1,Intermittent demand,zero_sales_rate >= eligible-series Q75,0.0528756900926609,0.2304776345716452,0.7558004540874597,1.109609648399397,0.4324570685673125,4.0
7,HOME AND KITCHEN I,Quito,Pichincha,D,8,2014-01-02,2017-08-15,1322,1162,0.11902956785443518,18.497346474601972,19.442724349509312,1.0511088374867932,0.18119787717968158,1319,3,1,0,0,0,0,0,0,Ready with caution,Sufficient history without an extreme Q75 risk flag,0.0528756900926609,0.2304776345716452,0.7558004540874597,1.109609648399397,0.4324570685673125,4.0
7,HOME AND KITCHEN II,Quito,Pichincha,D,8,2014-01-02,2017-08-15,1322,1165,0.11675511751326763,17.713419257012887,18.858704564327212,1.0646563653632766,0.3570887035633055,1319,3,1,0,0,0,0,0,0,Ready with caution,Sufficient history without an extreme Q75 risk flag,0.0528756900926609,0.2304776345716452,0.7558004540874597,1.109609648399397,0.4324570685673125,4.0
7,HOME APPLIANCES,Quito,Pichincha,D,8,2013-01-02,2017-08-15,1687,780,0.5365418894830659,0.7748068924539513,1.041257075561975,1.3438923758978558,0.0,1683,4,1,0,1,0,1,0,2,Intermittent demand,zero_sales_rate >= eligible-series Q75,0.0528756900926609,0.2304776345716452,0.7558004540874597,1.109609648399397,0.4324570685673125,4.0
7,HOME CARE,Quito,Pichincha,D,8,2014-01-02,2017-08-15,1322,1044,0.20849128127369218,192.04094010614102,111.77261151010687,0.5820249132728165,0.45716451857467777,1319,3,1,0,0,1,0,0,1,Promotion dependent,promotion_rate >= eligible-series Q75,0.0528756900926609,0.2304776345716452,0.7558004540874597,1.109609648399397,0.4324570685673125,4.0
7,LADIESWEAR,Quito,Pichincha,D,8,2014-01-02,2017-08-15,1322,1011,0.23351023502653526,9.289613343442001,7.706458660473577,0.8295779787125315,0.0,1319,3,1,0,1,0,0,0,1,Intermittent demand,zero_sales_rate >= eligible-series Q75,0.0528756900926609,0.2304776345716452,0.7558004540874597,1.109609648399397,0.4324570685673125,4.0
7,LAWN AND GARDEN,Quito,Pichincha,D,8,2013-01-02,2017-08-15,1687,1664,0.0112893642305407,19.0427807486631,15.300185348292043,0.8034638191886021,0.09803921568627451,1683,4,1,0,0,0,0,0,0,Ready with caution,Sufficient history without an extreme Q75 risk flag,0.0528756900926609,0.2304776345716452,0.7558004540874597,1.109609648399397,0.4324570685673125,4.0
7,LINGERIE,Quito,Pichincha,D,8,2013-01-02,2017-08-15,1687,1639,0.026143790849673203,8.909685086155674,6.1129028725952566,0.6860964011055564,0.0255496137849079,1683,4,1,0,0,0,0,1,0,Ready,"history_length >= 730, zero-sales <= median, CV <= median, and missing periods <= Q75",0.0528756900926609,0.2304776345716452,0.7558004540874597,1.109609648399397,0.4324570685673125,4.0
7,"LIQUOR,WINE,BEER",Quito,Pichincha,D,8,2013-01-02,2017-08-15,1687,1499,0.10932857991681522,159.4313725490196,112.64968592111946,0.7065716371881801,0.21984551396316102,1683,4,1,0,0,0,0,0,0,Ready with caution,Sufficient history without an extreme Q75 risk flag,0.0528756900926609,0.2304776345716452,0.7558004540874597,1.109609648399397,0.4324570685673125,4.0
7,MAGAZINES,Quito,Pichincha,D,8,2014-01-02,2017-08-15,1322,1028,0.22062168309325247,8.47005307050796,7.559504318133328,0.8924978692819423,0.0,1319,3,1,0,0,0,0,0,0,Ready with caution,Sufficient history without an extreme Q75 risk flag,0.0528756900926609,0.2304776345716452,0.7558004540874597,1.109609648399397,0.4324570685673125,4.0
7,MEATS,Quito,Pichincha,D,8,2013-01-02,2017-08-15,1687,1679,0.0023767082590612004,522.8839328877006,148.95869417911896,0.2848790808248276,0.24598930481283424,1683,4,1,0,0,0,0,1,0,Ready,"history_length >= 730, zero-sales <= median, CV <= median, and missing periods <= Q75",0.0528756900926609,0.2304776345716452,0.7558004540874597,1.109609648399397,0.4324570685673125,4.0
7,PERSONAL CARE,Quito,Pichincha,D,8,2013-01-02,2017-08-15,1687,1679,0.0023767082590612004,213.42424242424244,64.90665157816899,0.3041203325400506,0.46167557932263814,1683,4,1,0,0,1,0,0,1,Promotion dependent,promotion_rate >= eligible-series Q75,0.0528756900926609,0.2304776345716452,0.7558004540874597,1.109609648399397,0.4324570685673125,4.0
7,PET SUPPLIES,Quito,Pichincha,D,8,2014-01-02,2017-08-15,1322,1006,0.23730098559514784,4.913570887035633,4.131758920395605,0.8408872112331125,0.05155420773313116,1319,3,1,0,1,0,0,0,1,Intermittent demand,zero_sales_rate >= eligible-series Q75,0.0528756900926609,0.2304776345716452,0.7558004540874597,1.109609648399397,0.4324570685673125,4.0
7,PLAYERS AND ELECTRONICS,Quito,Pichincha,D,8,2014-01-02,2017-08-15,1322,1013,0.23199393479909022,8.823351023502653,7.24468518437448,0.8210809209649372,0.0075815011372251705,1319,3,1,0,1,0,0,0,1,Intermittent demand,zero_sales_rate >= eligible-series Q75,0.0528756900926609,0.2304776345716452,0.7558004540874597,1.109609648399397,0.4324570685673125,4.0
7,POULTRY,Quito,Pichincha,D,8,2013-01-02,2017-08-15,1687,1679,0.0023767082590612004,605.2487834343434,210.69461900202845,0.3481124204934223,0.16636957813428402,1683,4,1,0,0,0,0,1,0,Ready,"history_length >= 730, zero-sales <= median, CV <= median, and missing periods <= Q75",0.0528756900926609,0.2304776345716452,0.7558004540874597,1.109609648399397,0.4324570685673125,4.0
7,PREPARED FOODS,Quito,Pichincha,D,8,2013-01-02,2017-08-15,1687,1679,0.0023767082590612004,179.51766544860368,38.240309232435315,0.2130169704294846,0.20202020202020202,1683,4,1,0,0,0,0,1,0,Ready,"history_length >= 730, zero-sales <= median, CV <= median, and missing periods <= Q75",0.0528756900926609,0.2304776345716452,0.7558004540874597,1.109609648399397,0.4324570685673125,4.0
7,PRODUCE,Quito,Pichincha,D,8,2013-03-16,2017-08-15,1614,1576,0.02111801242236025,3463.8721751552794,2791.370362152881,0.8058525895308908,0.3416149068322981,1610,4,1,0,0,0,0,0,0,Ready with caution,Sufficient history without an extreme Q75 risk flag,0.0528756900926609,0.2304776345716452,0.7558004540874597,1.109609648399397,0.4324570685673125,4.0
7,SCHOOL AND OFFICE SUPPLIES,Quito,Pichincha,D,8,2014-07-08,2017-08-15,1135,311,0.7252650176678446,0.4734982332155477,1.1166313441751492,2.358258734340054,0.015901060070671377,1132,3,1,0,1,0,1,0,2,Intermittent demand,zero_sales_rate >= eligible-series Q75,0.0528756900926609,0.2304776345716452,0.7558004540874597,1.109609648399397,0.4324570685673125,4.0
7,SEAFOOD,Quito,Pichincha,D,8,2013-01-02,2017-08-15,1687,1679,0.0023767082590612004,57.599993323232326,17.481704443315458,0.30350184843275674,0.2650029708853238,1683,4,1,0,0,0,0,1,0,Ready,"history_length >= 730, zero-sales <= median, CV <= median, and missing periods <= Q75",0.0528756900926609,0.2304776345716452,0.7558004540874597,1.109609648399397,0.4324570685673125,4.0
8,AUTOMOTIVE,Quito,Pichincha,D,8,2013-01-02,2017-08-15,1687,1626,0.0338680926916221,5.282234105763518,3.8626030110874456,0.7312441920877583,0.004753416518122401,1683,4,1,0,0,0,0,1,0,Ready,"history_length >= 730, zero-sales <= median, CV <= median, and missing periods <= Q75",0.0528756900926609,0.2304776345716452,0.7558004540874597,1.109609648399397,0.4324570685673125,4.0
8,BABY CARE,Quito,Pichincha,D,8,2016-07-12,2017-08-15,400,109,0.7268170426065163,0.3558897243107769,0.6677488980326312,1.8762803543311257,0.0,399,1,1,0,1,0,1,0,2,Intermittent demand,zero_sales_rate >= eligible-series Q75,0.0528756900926609,0.2304776345716452,0.7558004540874597,1.109609648399397,0.4324570685673125,4.0
8,BEAUTY,Quito,Pichincha,D,8,2013-01-02,2017-08-15,1687,1660,0.013666072489601902,7.191919191919192,4.514279767566837,0.6276877766701079,0.1800356506238859,1683,4,1,0,0,0,0,1,0,Ready,"history_length >= 730, zero-sales <= median, CV <= median, and missing periods <= Q75",0.0528756900926609,0.2304776345716452,0.7558004540874597,1.109609648399397,0.4324570685673125,4.0
8,BEVERAGES,Quito,Pichincha,D,8,2013-01-02,2017-08-15,1687,1679,0.0023767082590612004,3771.330956625074,1771.3371989679924,0.46968489887006476,0.6690433749257279,1683,4,1,0,0,1,0,0,1,Promotion dependent,promotion_rate >= eligible-series Q75,0.0528756900926609,0.2304776345716452,0.7558004540874597,1.109609648399397,0.4324570685673125,4.0
8,BOOKS,Quito,Pichincha,D,8,2016-10-12,2017-07-22,284,140,0.5053003533568905,1.1201413427561837,1.667285552838252,1.4884599730385657,0.0,283,1,1,1,1,0,1,0,3,Insufficient history,history_length < 365 or active_days < 90,0.0528756900926609,0.2304776345716452,0.7558004540874597,1.109609648399397,0.4324570685673125,4.0
8,BREAD/BAKERY,Quito,Pichincha,D,8,2013-01-02,2017-08-15,1687,1679,0.0023767082590612004,753.2311475341651,209.67583446188198,0.2783685129701457,0.471182412358883,1683,4,1,0,0,1,0,0,1,Promotion dependent,promotion_rate >= eligible-series Q75,0.0528756900926609,0.2304776345716452,0.7558004540874597,1.109609648399397,0.4324570685673125,4.0
8,CELEBRATION,Quito,Pichincha,D,8,2014-01-02,2017-08-15,1322,1016,0.22971948445792267,18.935557240333587,16.157643402982934,0.8532964305146736,0.0576194086429113,1319,3,1,0,0,0,0,0,0,Ready with caution,Sufficient history without an extreme Q75 risk flag,0.0528756900926609,0.2304776345716452,0.7558004540874597,1.109609648399397,0.4324570685673125,4.0
8,CLEANING,Quito,Pichincha,D,8,2013-01-02,2017-08-15,1687,1679,0.0023767082590612004,1262.0653594771243,271.5618354006499,0.2151725608831847,0.6322043969102793,1683,4,1,0,0,1,0,0,1,Promotion dependent,promotion_rate >= eligible-series Q75,0.0528756900926609,0.2304776345716452,0.7558004540874597,1.109609648399397,0.4324570685673125,4.0
8,DAIRY,Quito,Pichincha,D,8,2013-01-02,2017-08-15,1687,1679,0.0023767082590612004,1410.4652406417113,427.5174143191396,0.30310382843935557,0.6114081996434938,1683,4,1,0,0,1,0,0,1,Promotion dependent,promotion_rate >= eligible-series Q75,0.0528756900926609,0.2304776345716452,0.7558004540874597,1.109609648399397,0.4324570685673125,4.0
8,DELI,Quito,Pichincha,D,8,2013-01-02,2017-08-15,1687,1679,0.0023767082590612004,278.6992512002377,72.59887643483057,0.26049182451039415,0.48068924539512775,1683,4,1,0,0,1,0,0,1,Promotion dependent,promotion_rate >= eligible-series Q75,0.0528756900926609,0.2304776345716452,0.7558004540874597,1.109609648399397,0.4324570685673125,4.0
8,EGGS,Quito,Pichincha,D,8,2013-01-02,2017-08-15,1687,1679,0.0023767082590612004,327.24064171122996,91.41863675595938,0.27936211186332655,0.3137254901960784,1683,4,1,0,0,0,0,1,0,Ready,"history_length >= 730, zero-sales <= median, CV <= median, and missing periods <= Q75",0.0528756900926609,0.2304776345716452,0.7558004540874597,1.109609648399397,0.4324570685673125,4.0
8,FROZEN FOODS,Quito,Pichincha,D,8,2013-01-02,2017-08-15,1687,1679,0.0023767082590612004,237.71572069875222,253.50911195695474,1.066438143896326,0.5395127748068924,1683,4,1,0,0,1,0,0,1,Promotion dependent,promotion_rate >= eligible-series Q75,0.0528756900926609,0.2304776345716452,0.7558004540874597,1.109609648399397,0.4324570685673125,4.0
8,GROCERY I,Quito,Pichincha,D,8,2013-01-02,2017-08-15,1687,1679,0.0023767082590612004,4699.920380273322,1337.4757115669377,0.2845741211235492,0.6987522281639929,1683,4,1,0,0,1,0,0,1,Promotion dependent,promotion_rate >= eligible-series Q75,0.0528756900926609,0.2304776345716452,0.7558004540874597,1.109609648399397,0.4324570685673125,4.0
8,GROCERY II,Quito,Pichincha,D,8,2013-01-02,2017-08-15,1687,1679,0.0023767082590612004,41.49910873440285,18.30568075968676,0.4411102146035081,0.030303030303030304,1683,4,1,0,0,0,0,1,0,Ready,"history_length >= 730, zero-sales <= median, CV <= median, and missing periods <= Q75",0.0528756900926609,0.2304776345716452,0.7558004540874597,1.109609648399397,0.4324570685673125,4.0
8,HARDWARE,Quito,Pichincha,D,8,2013-01-03,2017-08-14,1685,1404,0.16478286734086853,2.392028554431886,2.074885708646639,0.8674167809587167,0.0,1681,4,1,0,0,0,0,0,0,Ready with caution,Sufficient history without an extreme Q75 risk flag,0.0528756900926609,0.2304776345716452,0.7558004540874597,1.109609648399397,0.4324570685673125,4.0
8,HOME AND KITCHEN I,Quito,Pichincha,D,8,2014-01-02,2017-08-15,1322,1166,0.11599696739954511,37.94389689158454,26.44015558372026,0.696822354837896,0.19939347990902198,1319,3,1,0,0,0,0,0,0,Ready with caution,Sufficient history without an extreme Q75 risk flag,0.0528756900926609,0.2304776345716452,0.7558004540874597,1.109609648399397,0.4324570685673125,4.0
8,HOME AND KITCHEN II,Quito,Pichincha,D,8,2014-01-02,2017-08-15,1322,1166,0.11599696739954511,32.80667172100076,28.823908119447335,0.8785989741530558,0.42987111448066717,1319,3,1,0,0,0,0,0,0,Ready with caution,Sufficient history without an extreme Q75 risk flag,0.0528756900926609,0.2304776345716452,0.7558004540874597,1.109609648399397,0.4324570685673125,4.0
8,HOME APPLIANCES,Quito,Pichincha,D,8,2013-02-27,2017-07-15,1600,927,0.4191729323308271,1.2330827067669172,1.4228967832739066,1.1539345864355461,0.0,1596,4,1,0,1,0,1,0,2,Intermittent demand,zero_sales_rate >= eligible-series Q75,0.0528756900926609,0.2304776345716452,0.7558004540874597,1.109609648399397,0.4324570685673125,4.0
8,HOME CARE,Quito,Pichincha,D,8,2014-01-02,2017-08-15,1322,1044,0.20849128127369218,297.15314632297196,181.99461185399625,0.6124606591114086,0.5064442759666414,1319,3,1,0,0,1,0,0,1,Promotion dependent,promotion_rate >= eligible-series Q75,0.0528756900926609,0.2304776345716452,0.7558004540874597,1.109609648399397,0.4324570685673125,4.0
8,LADIESWEAR,Quito,Pichincha,D,8,2014-01-02,2017-08-15,1322,1016,0.22971948445792267,31.683093252463987,24.630771632525136,0.7774105715075533,0.002274450341167551,1319,3,1,0,0,0,0,0,0,Ready with caution,Sufficient history without an extreme Q75 risk flag,0.0528756900926609,0.2304776345716452,0.7558004540874597,1.109609648399397,0.4324570685673125,4.0
8,LAWN AND GARDEN,Quito,Pichincha,D,8,2013-01-02,2017-08-15,1687,1652,0.0184194890077243,16.825906120023767,15.093722078763198,0.897052555214297,0.10041592394533572,1683,4,1,0,0,0,0,0,0,Ready with caution,Sufficient history without an extreme Q75 risk flag,0.0528756900926609,0.2304776345716452,0.7558004540874597,1.109609648399397,0.4324570685673125,4.0
8,LINGERIE,Quito,Pichincha,D,8,2013-01-02,2017-08-15,1687,1679,0.0023767082590612004,22.396316102198455,11.537991249297537,0.5151736203689745,0.04634581105169341,1683,4,1,0,0,0,0,1,0,Ready,"history_length >= 730, zero-sales <= median, CV <= median, and missing periods <= Q75",0.0528756900926609,0.2304776345716452,0.7558004540874597,1.109609648399397,0.4324570685673125,4.0
8,"LIQUOR,WINE,BEER",Quito,Pichincha,D,8,2013-01-02,2017-08-15,1687,1498,0.10992275698158051,147.69281045751634,98.16076800408864,0.6646279375415126,0.2311348781937017,1683,4,1,0,0,0,0,0,0,Ready with caution,Sufficient history without an extreme Q75 risk flag,0.0528756900926609,0.2304776345716452,0.7558004540874597,1.109609648399397,0.4324570685673125,4.0
8,MAGAZINES,Quito,Pichincha,D,8,2014-01-02,2017-08-15,1322,1032,0.2175890826383624,10.51478392721759,10.166723282431375,0.9668979745855494,0.000758150113722517,1319,3,1,0,0,0,0,0,0,Ready with caution,Sufficient history without an extreme Q75 risk flag,0.0528756900926609,0.2304776345716452,0.7558004540874597,1.109609648399397,0.4324570685673125,4.0
8,MEATS,Quito,Pichincha,D,8,2013-01-02,2017-08-15,1687,1679,0.0023767082590612004,519.6332303743316,182.75297282385088,0.3516960851256567,0.3024361259655377,1683,4,1,0,0,0,0,1,0,Ready,"history_length >= 730, zero-sales <= median, CV <= median, and missing periods <= Q75",0.0528756900926609,0.2304776345716452,0.7558004540874597,1.109609648399397,0.4324570685673125,4.0
8,PERSONAL CARE,Quito,Pichincha,D,8,2013-01-02,2017-08-15,1687,1678,0.0029708853238265003,327.7005347593583,162.8950317265331,0.49708503480518423,0.49851455733808675,1683,4,1,0,0,1,0,0,1,Promotion dependent,promotion_rate >= eligible-series Q75,0.0528756900926609,0.2304776345716452,0.7558004540874597,1.109609648399397,0.4324570685673125,4.0
8,PET SUPPLIES,Quito,Pichincha,D,8,2014-01-02,2017-08-15,1322,1021,0.2259287338893101,12.964366944655042,9.74458821234759,0.7516439679582732,0.0887035633055345,1319,3,1,0,0,0,0,0,0,Ready with caution,Sufficient history without an extreme Q75 risk flag,0.0528756900926609,0.2304776345716452,0.7558004540874597,1.109609648399397,0.4324570685673125,4.0
8,PLAYERS AND ELECTRONICS,Quito,Pichincha,D,8,2014-01-02,2017-08-15,1322,1016,0.22971948445792267,14.373009855951478,10.727995765015814,0.7463986925865523,0.006065200909780136,1319,3,1,0,0,0,0,0,0,Ready with caution,Sufficient history without an extreme Q75 risk flag,0.0528756900926609,0.2304776345716452,0.7558004540874597,1.109609648399397,0.4324570685673125,4.0
8,POULTRY,Quito,Pichincha,D,8,2013-01-02,2017-08-15,1687,1679,0.0023767082590612004,599.0144002970885,226.45082899315966,0.3780390402648895,0.2192513368983957,1683,4,1,0,0,0,0,1,0,Ready,"history_length >= 730, zero-sales <= median, CV <= median, and missing periods <= Q75",0.0528756900926609,0.2304776345716452,0.7558004540874597,1.109609648399397,0.4324570685673125,4.0
8,PREPARED FOODS,Quito,Pichincha,D,8,2013-01-02,2017-08-15,1687,1679,0.0023767082590612004,212.0783980778372,56.95821074564599,0.26857148706272826,0.21152703505644682,1683,4,1,0,0,0,0,1,0,Ready,"history_length >= 730, zero-sales <= median, CV <= median, and missing periods <= Q75",0.0528756900926609,0.2304776345716452,0.7558004540874597,1.109609648399397,0.4324570685673125,4.0
8,PRODUCE,Quito,Pichincha,D,8,2013-03-16,2017-08-15,1614,1418,0.11925465838509317,3200.1406292546585,2670.6594524584743,0.8345444034690734,0.3521739130434783,1610,4,1,0,0,0,0,0,0,Ready with caution,Sufficient history without an extreme Q75 risk flag,0.0528756900926609,0.2304776345716452,0.7558004540874597,1.109609648399397,0.4324570685673125,4.0
8,SCHOOL AND OFFICE SUPPLIES,Quito,Pichincha,D,8,2014-07-01,2017-08-14,1141,401,0.6476274165202109,0.6239015817223199,1.1762191702567453,1.8852639658481352,0.015817223198594025,1138,3,1,0,1,0,1,0,2,Intermittent demand,zero_sales_rate >= eligible-series Q75,0.0528756900926609,0.2304776345716452,0.7558004540874597,1.109609648399397,0.4324570685673125,4.0
8,SEAFOOD,Quito,Pichincha,D,8,2013-01-02,2017-08-15,1687,1679,0.0023767082590612004,55.76481849316696,18.731052976251075,0.33589373161048214,0.2578728461081402,1683,4,1,0,0,0,0,1,0,Ready,"history_length >= 730, zero-sales <= median, CV <= median, and missing periods <= Q75",0.0528756900926609,0.2304776345716452,0.7558004540874597,1.109609648399397,0.4324570685673125,4.0
9,AUTOMOTIVE,Quito,Pichincha,B,6,2013-01-02,2017-08-15,1687,1671,0.0071301247771836,13.878787878787879,8.18975581525357,0.5900915762082266,0.04634581105169341,1683,4,1,0,0,0,0,1,0,Ready,"history_length >= 730, zero-sales <= median, CV <= median, and missing periods <= Q75",0.0528756900926609,0.2304776345716452,0.7558004540874597,1.109609648399397,0.4324570685673125,4.0
9,BABY CARE,Quito,Pichincha,B,6,2014-03-02,2017-08-11,1259,222,0.8232484076433121,0.267515923566879,0.6644739402535801,2.4838668719002874,0.0007961783439490446,1256,3,1,0,1,0,1,0,2,Intermittent demand,zero_sales_rate >= eligible-series Q75,0.0528756900926609,0.2304776345716452,0.7558004540874597,1.109609648399397,0.4324570685673125,4.0
9,BEAUTY,Quito,Pichincha,B,6,2013-01-02,2017-08-15,1687,1636,0.027926322043969103,5.515745692216281,4.099558627322737,0.7432464903354697,0.19132501485442663,1683,4,1,0,0,0,0,1,0,Ready,"history_length >= 730, zero-sales <= median, CV <= median, and missing periods <= Q75",0.0528756900926609,0.2304776345716452,0.7558004540874597,1.109609648399397,0.4324570685673125,4.0
9,BEVERAGES,Quito,Pichincha,B,6,2013-01-02,2017-08-15,1687,1679,0.0023767082590612004,2743.5508021390374,1544.7589040317146,0.5630509567482138,0.5977421271538919,1683,4,1,0,0,1,0,0,1,Promotion dependent,promotion_rate >= eligible-series Q75,0.0528756900926609,0.2304776345716452,0.7558004540874597,1.109609648399397,0.4324570685673125,4.0
9,BOOKS,Quito,Pichincha,B,6,,,0,0,1.0,0.0,0.0,,0.0,0,0,0,1,1,0,0,0,2,Insufficient history,history_length < 365 or active_days < 90,0.0528756900926609,0.2304776345716452,0.7558004540874597,1.109609648399397,0.4324570685673125,4.0
9,BREAD/BAKERY,Quito,Pichincha,B,6,2013-01-02,2017-08-15,1687,1679,0.0023767082590612004,567.9382055852644,153.57313706017956,0.27040465943283626,0.47058823529411764,1683,4,1,0,0,1,0,0,1,Promotion dependent,promotion_rate >= eligible-series Q75,0.0528756900926609,0.2304776345716452,0.7558004540874597,1.109609648399397,0.4324570685673125,4.0
9,CELEBRATION,Quito,Pichincha,B,6,2014-01-02,2017-08-15,1322,1010,0.23426838514025777,12.325246398786959,13.274316859415343,1.0770021490784794,0.008339651250947688,1319,3,1,0,1,0,0,0,1,Intermittent demand,zero_sales_rate >= eligible-series Q75,0.0528756900926609,0.2304776345716452,0.7558004540874597,1.109609648399397,0.4324570685673125,4.0
9,CLEANING,Quito,Pichincha,B,6,2013-01-02,2017-08-15,1687,1679,0.0023767082590612004,1722.736779560309,573.59481632379,0.3329555757613694,0.5513963161021984,1683,4,1,0,0,1,0,0,1,Promotion dependent,promotion_rate >= eligible-series Q75,0.0528756900926609,0.2304776345716452,0.7558004540874597,1.109609648399397,0.4324570685673125,4.0
9,DAIRY,Quito,Pichincha,B,6,2013-01-02,2017-08-15,1687,1679,0.0023767082590612004,746.2418300653595,328.6639879706949,0.4404255761726851,0.5424836601307189,1683,4,1,0,0,1,0,0,1,Promotion dependent,promotion_rate >= eligible-series Q75,0.0528756900926609,0.2304776345716452,0.7558004540874597,1.109609648399397,0.4324570685673125,4.0
9,DELI,Quito,Pichincha,B,6,2013-01-02,2017-08-15,1687,1679,0.0023767082590612004,584.9694343909684,179.4333545227059,0.30673970975854503,0.47950089126559714,1683,4,1,0,0,1,0,0,1,Promotion dependent,promotion_rate >= eligible-series Q75,0.0528756900926609,0.2304776345716452,0.7558004540874597,1.109609648399397,0.4324570685673125,4.0
9,EGGS,Quito,Pichincha,B,6,2013-01-02,2017-08-15,1687,1679,0.0023767082590612004,192.77718360071302,88.52213573995655,0.4591940502840147,0.37136066547831253,1683,4,1,0,0,0,0,1,0,Ready,"history_length >= 730, zero-sales <= median, CV <= median, and missing periods <= Q75",0.0528756900926609,0.2304776345716452,0.7558004540874597,1.109609648399397,0.4324570685673125,4.0
9,FROZEN FOODS,Quito,Pichincha,B,6,2013-01-02,2017-08-15,1687,1679,0.0023767082590612004,124.78618168461082,219.0019329096214,1.7550175023636425,0.4177064765300059,1683,4,1,0,0,0,1,0,1,High volatility,coefficient_of_variation >= eligible-series Q75,0.0528756900926609,0.2304776345716452,0.7558004540874597,1.109609648399397,0.4324570685673125,4.0
9,GROCERY I,Quito,Pichincha,B,6,2013-01-02,2017-08-15,1687,1679,0.0023767082590612004,6151.573951277481,2369.681878290143,0.38521553947962167,0.6987522281639929,1683,4,1,0,0,1,0,0,1,Promotion dependent,promotion_rate >= eligible-series Q75,0.0528756900926609,0.2304776345716452,0.7558004540874597,1.109609648399397,0.4324570685673125,4.0
9,GROCERY II,Quito,Pichincha,B,6,2013-01-02,2017-08-15,1687,1656,0.016042780748663103,11.475935828877006,15.638107351799782,1.3626868941223482,0.06060606060606061,1683,4,1,0,0,0,1,0,1,High volatility,coefficient_of_variation >= eligible-series Q75,0.0528756900926609,0.2304776345716452,0.7558004540874597,1.109609648399397,0.4324570685673125,4.0
9,HARDWARE,Quito,Pichincha,B,6,2013-01-03,2017-08-15,1686,1307,0.22294887039239,1.8882282996432818,1.7891514777433155,0.9475292145983176,0.0,1682,4,1,0,0,0,0,0,0,Ready with caution,Sufficient history without an extreme Q75 risk flag,0.0528756900926609,0.2304776345716452,0.7558004540874597,1.109609648399397,0.4324570685673125,4.0
9,HOME AND KITCHEN I,Quito,Pichincha,B,6,2014-01-02,2017-08-15,1322,1166,0.11599696739954511,42.369977255496586,47.675698940055945,1.1252236141776795,0.21834723275208492,1319,3,1,0,0,0,1,0,1,High volatility,coefficient_of_variation >= eligible-series Q75,0.0528756900926609,0.2304776345716452,0.7558004540874597,1.109609648399397,0.4324570685673125,4.0
9,HOME AND KITCHEN II,Quito,Pichincha,B,6,2014-01-02,2017-08-15,1322,1166,0.11599696739954511,25.016679302501895,17.20750870649719,0.6878414396420824,0.19257012888551933,1319,3,1,0,0,0,0,0,0,Ready with caution,Sufficient history without an extreme Q75 risk flag,0.0528756900926609,0.2304776345716452,0.7558004540874597,1.109609648399397,0.4324570685673125,4.0
9,HOME APPLIANCES,Quito,Pichincha,B,6,2013-01-12,2017-07-15,1646,453,0.7241169305724726,0.4037758830694275,0.7525283766496723,1.8637278951112548,0.0,1642,4,1,0,1,0,1,0,2,Intermittent demand,zero_sales_rate >= eligible-series Q75,0.0528756900926609,0.2304776345716452,0.7558004540874597,1.109609648399397,0.4324570685673125,4.0
9,HOME CARE,Quito,Pichincha,B,6,2014-01-02,2017-08-15,1322,1044,0.20849128127369218,368.7482941622441,231.56787373669997,0.6279835795926783,0.46398786959818045,1319,3,1,0,0,1,0,0,1,Promotion dependent,promotion_rate >= eligible-series Q75,0.0528756900926609,0.2304776345716452,0.7558004540874597,1.109609648399397,0.4324570685673125,4.0
9,LADIESWEAR,Quito,Pichincha,B,6,2014-01-02,2017-08-15,1322,1015,0.2304776345716452,12.098559514783927,10.660479226882655,0.8811362388932337,0.009097801364670205,1319,3,1,0,1,0,0,0,1,Intermittent demand,zero_sales_rate >= eligible-series Q75,0.0528756900926609,0.2304776345716452,0.7558004540874597,1.109609648399397,0.4324570685673125,4.0
9,LAWN AND GARDEN,Quito,Pichincha,B,6,2013-01-04,2017-08-15,1685,1434,0.14693634741225461,4.216537775133849,5.700207820451818,1.3518692644158445,0.07674003569303986,1681,4,1,0,0,0,1,0,1,High volatility,coefficient_of_variation >= eligible-series Q75,0.0528756900926609,0.2304776345716452,0.7558004540874597,1.109609648399397,0.4324570685673125,4.0
9,LINGERIE,Quito,Pichincha,B,6,2013-01-02,2017-08-15,1687,1643,0.023767082590612002,9.058229352346999,8.05703116557298,0.8894708725260299,0.020796197266785502,1683,4,1,0,0,0,0,0,0,Ready with caution,Sufficient history without an extreme Q75 risk flag,0.0528756900926609,0.2304776345716452,0.7558004540874597,1.109609648399397,0.4324570685673125,4.0
9,"LIQUOR,WINE,BEER",Quito,Pichincha,B,6,2013-01-02,2017-08-15,1687,1497,0.11051693404634581,51.42780748663102,54.677739160434975,1.0631940545909682,0.20677361853832443,1683,4,1,0,0,0,0,0,0,Ready with caution,Sufficient history without an extreme Q75 risk flag,0.0528756900926609,0.2304776345716452,0.7558004540874597,1.109609648399397,0.4324570685673125,4.0
9,MAGAZINES,Quito,Pichincha,B,6,2014-01-24,2017-08-15,1300,720,0.4448727833461835,2.151117964533539,3.0457393939700492,1.415886736193245,0.0030840400925212026,1297,3,1,0,1,0,1,0,2,Intermittent demand,zero_sales_rate >= eligible-series Q75,0.0528756900926609,0.2304776345716452,0.7558004540874597,1.109609648399397,0.4324570685673125,4.0
9,MEATS,Quito,Pichincha,B,6,2013-01-02,2017-08-15,1687,1679,0.0023767082590612004,377.1664204337493,95.26678792784585,0.2525855504800429,0.22638146167557932,1683,4,1,0,0,0,0,1,0,Ready,"history_length >= 730, zero-sales <= median, CV <= median, and missing periods <= Q75",0.0528756900926609,0.2304776345716452,0.7558004540874597,1.109609648399397,0.4324570685673125,4.0
9,PERSONAL CARE,Quito,Pichincha,B,6,2013-01-02,2017-08-15,1687,1679,0.0023767082590612004,443.63101604278074,177.65877636926388,0.40046518377815965,0.40344622697563876,1683,4,1,0,0,0,0,1,0,Ready,"history_length >= 730, zero-sales <= median, CV <= median, and missing periods <= Q75",0.0528756900926609,0.2304776345716452,0.7558004540874597,1.109609648399397,0.4324570685673125,4.0
9,PET SUPPLIES,Quito,Pichincha,B,6,2014-01-02,2017-08-15,1322,984,0.2539802880970432,4.318423047763457,3.9939505013124874,0.9248631866627758,0.04245640636846096,1319,3,1,0,1,0,0,0,1,Intermittent demand,zero_sales_rate >= eligible-series Q75,0.0528756900926609,0.2304776345716452,0.7558004540874597,1.109609648399397,0.4324570685673125,4.0
9,PLAYERS AND ELECTRONICS,Quito,Pichincha,B,6,2014-01-02,2017-08-15,1322,1015,0.2304776345716452,8.714935557240334,7.3190262672295745,0.8398256325772777,0.018953752843062926,1319,3,1,0,1,0,0,0,1,Intermittent demand,zero_sales_rate >= eligible-series Q75,0.0528756900926609,0.2304776345716452,0.7558004540874597,1.109609648399397,0.4324570685673125,4.0
9,POULTRY,Quito,Pichincha,B,6,2013-01-02,2017-08-15,1687,1679,0.0023767082590612004,484.16789953654194,163.80220153045778,0.33831693858112755,0.3006535947712418,1683,4,1,0,0,0,0,1,0,Ready,"history_length >= 730, zero-sales <= median, CV <= median, and missing periods <= Q75",0.0528756900926609,0.2304776345716452,0.7558004540874597,1.109609648399397,0.4324570685673125,4.0
9,PREPARED FOODS,Quito,Pichincha,B,6,2013-01-02,2017-08-15,1687,1679,0.0023767082590612004,88.81516871657755,34.99104694419258,0.3939760229004826,0.31907308377896615,1683,4,1,0,0,0,0,1,0,Ready,"history_length >= 730, zero-sales <= median, CV <= median, and missing periods <= Q75",0.0528756900926609,0.2304776345716452,0.7558004540874597,1.109609648399397,0.4324570685673125,4.0
9,PRODUCE,Quito,Pichincha,B,6,2014-01-02,2017-08-15,1322,1016,0.22971948445792267,1237.3180388703563,811.0391479487469,0.6554815516059295,0.47308567096285065,1319,3,1,0,0,1,0,0,1,Promotion dependent,promotion_rate >= eligible-series Q75,0.0528756900926609,0.2304776345716452,0.7558004540874597,1.109609648399397,0.4324570685673125,4.0
9,SCHOOL AND OFFICE SUPPLIES,Quito,Pichincha,B,6,2014-01-02,2017-08-15,1322,901,0.3169067475360121,7.725549658832449,24.930200724751526,3.226980839641537,0.07429871114480667,1319,3,1,0,1,0,1,0,2,Intermittent demand,zero_sales_rate >= eligible-series Q75,0.0528756900926609,0.2304776345716452,0.7558004540874597,1.109609648399397,0.4324570685673125,4.0
9,SEAFOOD,Quito,Pichincha,B,6,2013-01-02,2017-08-15,1687,1672,0.006535947712418301,16.894426742899583,9.372779466724277,0.5547852915851958,0.19310754604872252,1683,4,1,0,0,0,0,1,0,Ready,"history_length >= 730, zero-sales <= median, CV <= median, and missing periods <= Q75",0.0528756900926609,0.2304776345716452,0.7558004540874597,1.109609648399397,0.4324570685673125,4.0
10,AUTOMOTIVE,Quito,Pichincha,C,15,2013-01-02,2017-08-15,1687,1485,0.11764705882352941,3.084967320261438,2.655491435514702,0.860784300071503,0.006535947712418301,1683,4,1,0,0,0,0,0,0,Ready with caution,Sufficient history without an extreme Q75 risk flag,0.0528756900926609,0.2304776345716452,0.7558004540874597,1.109609648399397,0.4324570685673125,4.0
10,BABY CARE,Quito,Pichincha,C,15,2014-07-01,2017-02-12,958,165,0.8272251308900523,0.4827225130890052,1.4922809498892906,3.0913846141958192,0.0020942408376963353,955,3,1,0,1,0,1,0,2,Intermittent demand,zero_sales_rate >= eligible-series Q75,0.0528756900926609,0.2304776345716452,0.7558004540874597,1.109609648399397,0.4324570685673125,4.0
10,BEAUTY,Quito,Pichincha,C,15,2013-01-02,2017-08-15,1687,1145,0.3196672608437314,1.3737373737373737,1.407454079844984,1.0245437787106868,0.08080808080808081,1683,4,1,0,1,0,0,0,1,Intermittent demand,zero_sales_rate >= eligible-series Q75,0.0528756900926609,0.2304776345716452,0.7558004540874597,1.109609648399397,0.4324570685673125,4.0
10,BEVERAGES,Quito,Pichincha,C,15,2013-01-02,2017-08-15,1687,1679,0.0023767082590612004,895.6274509803922,415.44017700851765,0.46385377821298246,0.5008912655971479,1683,4,1,0,0,1,0,0,1,Promotion dependent,promotion_rate >= eligible-series Q75,0.0528756900926609,0.2304776345716452,0.7558004540874597,1.109609648399397,0.4324570685673125,4.0
10,BOOKS,Quito,Pichincha,C,15,,,0,0,1.0,0.0,0.0,,0.0,0,0,0,1,1,0,0,0,2,Insufficient history,history_length < 365 or active_days < 90,0.0528756900926609,0.2304776345716452,0.7558004540874597,1.109609648399397,0.4324570685673125,4.0
10,BREAD/BAKERY,Quito,Pichincha,C,15,2013-01-02,2017-08-15,1687,1679,0.0023767082590612004,113.7379679144385,36.972476215867076,0.32506714243110363,0.4058229352346999,1683,4,1,0,0,0,0,1,0,Ready,"history_length >= 730, zero-sales <= median, CV <= median, and missing periods <= Q75",0.0528756900926609,0.2304776345716452,0.7558004540874597,1.109609648399397,0.4324570685673125,4.0
10,CELEBRATION,Quito,Pichincha,C,15,2014-01-02,2017-08-15,1322,913,0.3078089461713419,3.3464746019711904,4.017475209802822,1.2005096968123974,0.011372251705837756,1319,3,1,0,1,0,1,0,2,Intermittent demand,zero_sales_rate >= eligible-series Q75,0.0528756900926609,0.2304776345716452,0.7558004540874597,1.109609648399397,0.4324570685673125,4.0
10,CLEANING,Quito,Pichincha,C,15,2013-01-02,2017-08-15,1687,1679,0.0023767082590612004,778.270944741533,329.7838935398248,0.4237391820522703,0.49613784907902553,1683,4,1,0,0,1,0,0,1,Promotion dependent,promotion_rate >= eligible-series Q75,0.0528756900926609,0.2304776345716452,0.7558004540874597,1.109609648399397,0.4324570685673125,4.0
10,DAIRY,Quito,Pichincha,C,15,2013-01-02,2017-08-15,1687,1679,0.0023767082590612004,251.07486631016042,116.04504887805915,0.4621930127195813,0.44800950683303625,1683,4,1,0,0,1,0,0,1,Promotion dependent,promotion_rate >= eligible-series Q75,0.0528756900926609,0.2304776345716452,0.7558004540874597,1.109609648399397,0.4324570685673125,4.0
10,DELI,Quito,Pichincha,C,15,2013-01-02,2017-08-15,1687,1679,0.0023767082590612004,249.32323232323233,75.61032745652756,0.30326226221270625,0.40938799762329176,1683,4,1,0,0,0,0,1,0,Ready,"history_length >= 730, zero-sales <= median, CV <= median, and missing periods <= Q75",0.0528756900926609,0.2304776345716452,0.7558004540874597,1.109609648399397,0.4324570685673125,4.0
10,EGGS,Quito,Pichincha,C,15,2013-01-02,2017-08-15,1687,1679,0.0023767082590612004,48.88057040998218,30.934772720826356,0.6328643970674489,0.2964943553178847,1683,4,1,0,0,0,0,1,0,Ready,"history_length >= 730, zero-sales <= median, CV <= median, and missing periods <= Q75",0.0528756900926609,0.2304776345716452,0.7558004540874597,1.109609648399397,0.4324570685673125,4.0
10,FROZEN FOODS,Quito,Pichincha,C,15,2013-01-02,2017-08-15,1687,1679,0.0023767082590612004,43.52832263339275,77.15509318452047,1.7725262200967733,0.29887106357694593,1683,4,1,0,0,0,1,0,1,High volatility,coefficient_of_variation >= eligible-series Q75,0.0528756900926609,0.2304776345716452,0.7558004540874597,1.109609648399397,0.4324570685673125,4.0
10,GROCERY I,Quito,Pichincha,C,15,2013-01-02,2017-08-15,1687,1679,0.0023767082590612004,2451.7053915626857,681.6555924962453,0.2780332395736042,0.6203208556149733,1683,4,1,0,0,1,0,0,1,Promotion dependent,promotion_rate >= eligible-series Q75,0.0528756900926609,0.2304776345716452,0.7558004540874597,1.109609648399397,0.4324570685673125,4.0
10,GROCERY II,Quito,Pichincha,C,15,2013-01-02,2017-08-15,1687,1352,0.19667260843731432,3.7017231134878195,4.853028094935408,1.311018665132631,0.04337492572786691,1683,4,1,0,0,0,1,0,1,High volatility,coefficient_of_variation >= eligible-series Q75,0.0528756900926609,0.2304776345716452,0.7558004540874597,1.109609648399397,0.4324570685673125,4.0
10,HARDWARE,Quito,Pichincha,C,15,2013-01-02,2017-08-15,1687,711,0.5775401069518716,0.6838978015448604,0.9993558063068463,1.4612648323322524,0.0017825311942959,1683,4,1,0,1,0,1,0,2,Intermittent demand,zero_sales_rate >= eligible-series Q75,0.0528756900926609,0.2304776345716452,0.7558004540874597,1.109609648399397,0.4324570685673125,4.0
10,HOME AND KITCHEN I,Quito,Pichincha,C,15,2014-01-02,2017-08-15,1322,1148,0.12964366944655042,9.429112964366945,8.577377967290142,0.9096696581857117,0.15466262319939347,1319,3,1,0,0,0,0,0,0,Ready with caution,Sufficient history without an extreme Q75 risk flag,0.0528756900926609,0.2304776345716452,0.7558004540874597,1.109609648399397,0.4324570685673125,4.0
10,HOME AND KITCHEN II,Quito,Pichincha,C,15,2014-01-02,2017-08-15,1322,1145,0.13191811978771797,6.889310083396513,5.418722060128998,0.7865405961604652,0.11144806671721001,1319,3,1,0,0,0,0,0,0,Ready with caution,Sufficient history without an extreme Q75 risk flag,0.0528756900926609,0.2304776345716452,0.7558004540874597,1.109609648399397,0.4324570685673125,4.0
10,HOME APPLIANCES,Quito,Pichincha,C,15,2013-01-13,2017-08-11,1672,266,0.8405275779376499,0.18225419664268586,0.4493511446988046,2.465518780781599,0.0,1668,4,1,0,1,0,1,0,2,Intermittent demand,zero_sales_rate >= eligible-series Q75,0.0528756900926609,0.2304776345716452,0.7558004540874597,1.109609648399397,0.4324570685673125,4.0
10,HOME CARE,Quito,Pichincha,C,15,2014-01-02,2017-08-15,1322,1044,0.20849128127369218,152.8013646702047,94.57351741055666,0.6189311045400493,0.4336618650492798,1319,3,1,0,0,1,0,0,1,Promotion dependent,promotion_rate >= eligible-series Q75,0.0528756900926609,0.2304776345716452,0.7558004540874597,1.109609648399397,0.4324570685673125,4.0
10,LADIESWEAR,Quito,Pichincha,C,15,2014-01-02,2017-08-15,1322,862,0.3464746019711903,4.162244124336619,5.233491985202087,1.2573726645685888,0.0075815011372251705,1319,3,1,0,1,0,1,0,2,Intermittent demand,zero_sales_rate >= eligible-series Q75,0.0528756900926609,0.2304776345716452,0.7558004540874597,1.109609648399397,0.4324570685673125,4.0
10,LAWN AND GARDEN,Quito,Pichincha,C,15,2014-10-29,2015-11-07,375,14,0.9625668449197861,0.06951871657754011,0.457855220712842,6.586071251792419,0.00267379679144385,374,1,1,1,1,0,1,0,3,Insufficient history,history_length < 365 or active_days < 90,0.0528756900926609,0.2304776345716452,0.7558004540874597,1.109609648399397,0.4324570685673125,4.0
10,LINGERIE,Quito,Pichincha,C,15,2013-01-02,2017-08-15,1687,1281,0.23885918003565063,3.240047534165181,4.088426633827323,1.2618415596426527,0.009506833036244802,1683,4,1,0,1,0,1,0,2,Intermittent demand,zero_sales_rate >= eligible-series Q75,0.0528756900926609,0.2304776345716452,0.7558004540874597,1.109609648399397,0.4324570685673125,4.0
10,"LIQUOR,WINE,BEER",Quito,Pichincha,C,15,2013-01-02,2017-08-15,1687,1479,0.12121212121212122,12.175282234105763,17.19087934874071,1.4119491456703244,0.11051693404634581,1683,4,1,0,0,0,1,0,1,High volatility,coefficient_of_variation >= eligible-series Q75,0.0528756900926609,0.2304776345716452,0.7558004540874597,1.109609648399397,0.4324570685673125,4.0
10,MAGAZINES,Quito,Pichincha,C,15,2014-01-26,2017-08-15,1298,296,0.7714285714285715,0.322007722007722,0.7058612965418775,2.1920632590449194,0.0,1295,3,1,0,1,0,1,0,2,Intermittent demand,zero_sales_rate >= eligible-series Q75,0.0528756900926609,0.2304776345716452,0.7558004540874597,1.109609648399397,0.4324570685673125,4.0
10,MEATS,Quito,Pichincha,C,15,2013-01-02,2017-08-15,1687,1679,0.0023767082590612004,186.97000879322638,54.00783045563073,0.2888582548838568,0.1948900772430184,1683,4,1,0,0,0,0,1,0,Ready,"history_length >= 730, zero-sales <= median, CV <= median, and missing periods <= Q75",0.0528756900926609,0.2304776345716452,0.7558004540874597,1.109609648399397,0.4324570685673125,4.0
10,PERSONAL CARE,Quito,Pichincha,C,15,2013-01-02,2017-08-15,1687,1679,0.0023767082590612004,178.71836007130125,59.13893888089526,0.330905783028119,0.35591206179441476,1683,4,1,0,0,0,0,1,0,Ready,"history_length >= 730, zero-sales <= median, CV <= median, and missing periods <= Q75",0.0528756900926609,0.2304776345716452,0.7558004540874597,1.109609648399397,0.4324570685673125,4.0
10,PET SUPPLIES,Quito,Pichincha,C,15,2014-01-06,2017-08-15,1318,368,0.7201520912547529,0.423574144486692,0.8188556078361516,1.9332048910314892,0.0022813688212927757,1315,3,1,0,1,0,1,0,2,Intermittent demand,zero_sales_rate >= eligible-series Q75,0.0528756900926609,0.2304776345716452,0.7558004540874597,1.109609648399397,0.4324570685673125,4.0
10,PLAYERS AND ELECTRONICS,Quito,Pichincha,C,15,2014-01-02,2017-08-15,1322,966,0.2676269901440485,2.9605761940864292,2.887095189958587,0.9751801678758966,0.006065200909780136,1319,3,1,0,1,0,0,0,1,Intermittent demand,zero_sales_rate >= eligible-series Q75,0.0528756900926609,0.2304776345716452,0.7558004540874597,1.109609648399397,0.4324570685673125,4.0
10,POULTRY,Quito,Pichincha,C,15,2013-01-02,2017-08-15,1687,1679,0.0023767082590612004,175.2537065311943,70.5513916865585,0.40256718721096324,0.21984551396316102,1683,4,1,0,0,0,0,1,0,Ready,"history_length >= 730, zero-sales <= median, CV <= median, and missing periods <= Q75",0.0528756900926609,0.2304776345716452,0.7558004540874597,1.109609648399397,0.4324570685673125,4.0
10,PREPARED FOODS,Quito,Pichincha,C,15,2013-01-02,2017-08-15,1687,1679,0.0023767082590612004,20.843731431966727,12.565213984535816,0.6028293938418979,0.18419489007724302,1683,4,1,0,0,0,0,1,0,Ready,"history_length >= 730, zero-sales <= median, CV <= median, and missing periods <= Q75",0.0528756900926609,0.2304776345716452,0.7558004540874597,1.109609648399397,0.4324570685673125,4.0
10,PRODUCE,Quito,Pichincha,C,15,2014-01-02,2017-08-15,1322,1016,0.22971948445792267,190.0977118877938,121.1154411918105,0.6371220357628479,0.3957543593631539,1319,3,1,0,0,0,0,0,0,Ready with caution,Sufficient history without an extreme Q75 risk flag,0.0528756900926609,0.2304776345716452,0.7558004540874597,1.109609648399397,0.4324570685673125,4.0
10,SCHOOL AND OFFICE SUPPLIES,Quito,Pichincha,C,15,2014-07-08,2017-08-15,1135,92,0.9187279151943463,0.7579505300353356,3.6729323258439694,4.845873418246356,0.037102473498233215,1132,3,1,0,1,0,1,0,2,Intermittent demand,zero_sales_rate >= eligible-series Q75,0.0528756900926609,0.2304776345716452,0.7558004540874597,1.109609648399397,0.4324570685673125,4.0
10,SEAFOOD,Quito,Pichincha,C,15,2013-01-02,2017-08-15,1687,1249,0.2578728461081402,2.878787878787879,2.919172012093616,1.0140281726219929,0.10873440285204991,1683,4,1,0,1,0,0,0,1,Intermittent demand,zero_sales_rate >= eligible-series Q75,0.0528756900926609,0.2304776345716452,0.7558004540874597,1.109609648399397,0.4324570685673125,4.0
11,AUTOMOTIVE,Cayambe,Pichincha,B,6,2013-01-02,2017-08-15,1687,1648,0.020796197266785502,6.69399881164587,4.240777178172581,0.6335192606838678,0.04634581105169341,1683,4,1,0,0,0,0,1,0,Ready,"history_length >= 730, zero-sales <= median, CV <= median, and missing periods <= Q75",0.0528756900926609,0.2304776345716452,0.7558004540874597,1.109609648399397,0.4324570685673125,4.0
11,BABY CARE,Cayambe,Pichincha,B,6,2014-03-19,2017-08-14,1245,219,0.8236714975845411,0.2560386473429952,0.6563271121311341,2.5633907964366935,0.0024154589371980675,1242,3,1,0,1,0,1,0,2,Intermittent demand,zero_sales_rate >= eligible-series Q75,0.0528756900926609,0.2304776345716452,0.7558004540874597,1.109609648399397,0.4324570685673125,4.0
11,BEAUTY,Cayambe,Pichincha,B,6,2013-01-02,2017-08-15,1687,1610,0.04337492572786691,4.758764111705288,3.5396562834330134,0.7438183949329207,0.18241235888294713,1683,4,1,0,0,0,0,1,0,Ready,"history_length >= 730, zero-sales <= median, CV <= median, and missing periods <= Q75",0.0528756900926609,0.2304776345716452,0.7558004540874597,1.109609648399397,0.4324570685673125,4.0
11,BEVERAGES,Cayambe,Pichincha,B,6,2013-01-02,2017-08-15,1687,1679,0.0023767082590612004,3647.833036244801,1281.8963156744887,0.35141310003434667,0.6714200831847891,1683,4,1,0,0,1,0,0,1,Promotion dependent,promotion_rate >= eligible-series Q75,0.0528756900926609,0.2304776345716452,0.7558004540874597,1.109609648399397,0.4324570685673125,4.0
11,BOOKS,Cayambe,Pichincha,B,6,,,0,0,1.0,0.0,0.0,,0.0,0,0,0,1,1,0,0,0,2,Insufficient history,history_length < 365 or active_days < 90,0.0528756900926609,0.2304776345716452,0.7558004540874597,1.109609648399397,0.4324570685673125,4.0
11,BREAD/BAKERY,Cayambe,Pichincha,B,6,2013-01-02,2017-08-15,1687,1679,0.0023767082590612004,606.5918003565063,130.32990374071312,0.2148560261845208,0.43137254901960786,1683,4,1,0,0,0,0,1,0,Ready,"history_length >= 730, zero-sales <= median, CV <= median, and missing periods <= Q75",0.0528756900926609,0.2304776345716452,0.7558004540874597,1.109609648399397,0.4324570685673125,4.0
11,CELEBRATION,Cayambe,Pichincha,B,6,2014-01-02,2017-08-15,1322,1016,0.22971948445792267,12.943896891584533,11.342704311588767,0.8762974864983063,0.02880970432145565,1319,3,1,0,0,0,0,0,0,Ready with caution,Sufficient history without an extreme Q75 risk flag,0.0528756900926609,0.2304776345716452,0.7558004540874597,1.109609648399397,0.4324570685673125,4.0
11,CLEANING,Cayambe,Pichincha,B,6,2013-01-02,2017-08-15,1687,1679,0.0023767082590612004,1945.2079619726678,566.2414702437874,0.29109559559356957,0.5163398692810458,1683,4,1,0,0,1,0,0,1,Promotion dependent,promotion_rate >= eligible-series Q75,0.0528756900926609,0.2304776345716452,0.7558004540874597,1.109609648399397,0.4324570685673125,4.0
11,DAIRY,Cayambe,Pichincha,B,6,2013-01-02,2017-08-15,1687,1679,0.0023767082590612004,513.1836007130124,231.39932369813582,0.4509094276914379,0.46464646464646464,1683,4,1,0,0,1,0,0,1,Promotion dependent,promotion_rate >= eligible-series Q75,0.0528756900926609,0.2304776345716452,0.7558004540874597,1.109609648399397,0.4324570685673125,4.0
11,DELI,Cayambe,Pichincha,B,6,2013-01-02,2017-08-15,1687,1679,0.0023767082590612004,430.5233282174688,140.40405803570573,0.32612415828204294,0.4147355912061794,1683,4,1,0,0,0,0,1,0,Ready,"history_length >= 730, zero-sales <= median, CV <= median, and missing periods <= Q75",0.0528756900926609,0.2304776345716452,0.7558004540874597,1.109609648399397,0.4324570685673125,4.0
11,EGGS,Cayambe,Pichincha,B,6,2013-01-02,2017-08-15,1687,1679,0.0023767082590612004,157.60665478312538,128.92169088780693,0.8179964930110953,0.32323232323232326,1683,4,1,0,0,0,0,0,0,Ready with caution,Sufficient history without an extreme Q75 risk flag,0.0528756900926609,0.2304776345716452,0.7558004540874597,1.109609648399397,0.4324570685673125,4.0
11,FROZEN FOODS,Cayambe,Pichincha,B,6,2013-01-02,2017-08-15,1687,1678,0.0029708853238265003,102.31242895543673,112.73848814941101,1.1019041313007578,0.32976827094474154,1683,4,1,0,0,0,0,0,0,Ready with caution,Sufficient history without an extreme Q75 risk flag,0.0528756900926609,0.2304776345716452,0.7558004540874597,1.109609648399397,0.4324570685673125,4.0
11,GROCERY I,Cayambe,Pichincha,B,6,2013-01-02,2017-08-15,1687,1679,0.0023767082590612004,6562.655055258468,2071.2136057583493,0.3156060448581318,0.6815210932857991,1683,4,1,0,0,1,0,0,1,Promotion dependent,promotion_rate >= eligible-series Q75,0.0528756900926609,0.2304776345716452,0.7558004540874597,1.109609648399397,0.4324570685673125,4.0
11,GROCERY II,Cayambe,Pichincha,B,6,2013-01-02,2017-08-15,1687,1671,0.0071301247771836,17.46761734997029,13.472237387651512,0.7712693218388155,0.10101010101010101,1683,4,1,0,0,0,0,0,0,Ready with caution,Sufficient history without an extreme Q75 risk flag,0.0528756900926609,0.2304776345716452,0.7558004540874597,1.109609648399397,0.4324570685673125,4.0
11,HARDWARE,Cayambe,Pichincha,B,6,2013-01-02,2017-08-15,1687,759,0.5490196078431373,0.7314319667260843,1.0878769998494964,1.4873249315570287,0.0017825311942959,1683,4,1,0,1,0,1,0,2,Intermittent demand,zero_sales_rate >= eligible-series Q75,0.0528756900926609,0.2304776345716452,0.7558004540874597,1.109609648399397,0.4324570685673125,4.0
11,HOME AND KITCHEN I,Cayambe,Pichincha,B,6,2014-01-02,2017-08-15,1322,1166,0.11599696739954511,30.02426080363912,25.19585231622526,0.8391831019923519,0.2486732373009856,1319,3,1,0,0,0,0,0,0,Ready with caution,Sufficient history without an extreme Q75 risk flag,0.0528756900926609,0.2304776345716452,0.7558004540874597,1.109609648399397,0.4324570685673125,4.0
11,HOME AND KITCHEN II,Cayambe,Pichincha,B,6,2014-01-02,2017-08-15,1322,1166,0.11599696739954511,17.746019711902957,13.06380735748041,0.7361542232886171,0.17058377558756635,1319,3,1,0,0,0,0,0,0,Ready with caution,Sufficient history without an extreme Q75 risk flag,0.0528756900926609,0.2304776345716452,0.7558004540874597,1.109609648399397,0.4324570685673125,4.0
11,HOME APPLIANCES,Cayambe,Pichincha,B,6,2013-02-26,2017-08-06,1623,506,0.6874613959234095,0.4224830142063002,0.7183888796293322,1.7003970703507145,0.0012353304508956147,1619,4,1,0,1,0,1,0,2,Intermittent demand,zero_sales_rate >= eligible-series Q75,0.0528756900926609,0.2304776345716452,0.7558004540874597,1.109609648399397,0.4324570685673125,4.0
11,HOME CARE,Cayambe,Pichincha,B,6,2014-01-02,2017-08-15,1322,1044,0.20849128127369218,420.6436694465504,261.6800519020502,0.6220943542222995,0.4586808188021228,1319,3,1,0,0,1,0,0,1,Promotion dependent,promotion_rate >= eligible-series Q75,0.0528756900926609,0.2304776345716452,0.7558004540874597,1.109609648399397,0.4324570685673125,4.0
11,LADIESWEAR,Cayambe,Pichincha,B,6,2014-01-02,2017-08-15,1322,1013,0.23199393479909022,10.015921152388174,9.170310081576348,0.9155733099386271,0.032600454890068235,1319,3,1,0,1,0,0,0,1,Intermittent demand,zero_sales_rate >= eligible-series Q75,0.0528756900926609,0.2304776345716452,0.7558004540874597,1.109609648399397,0.4324570685673125,4.0
11,LAWN AND GARDEN,Cayambe,Pichincha,B,6,2013-01-05,2017-08-15,1684,1024,0.3904761904761905,1.6410714285714285,3.1012846837005954,1.8897926255411681,0.011904761904761904,1680,4,1,0,1,0,1,0,2,Intermittent demand,zero_sales_rate >= eligible-series Q75,0.0528756900926609,0.2304776345716452,0.7558004540874597,1.109609648399397,0.4324570685673125,4.0
11,LINGERIE,Cayambe,Pichincha,B,6,2013-01-02,2017-08-15,1687,1670,0.007724301841948901,11.002376708259062,6.910072543209506,0.6280527131944482,0.030303030303030304,1683,4,1,0,0,0,0,1,0,Ready,"history_length >= 730, zero-sales <= median, CV <= median, and missing periods <= Q75",0.0528756900926609,0.2304776345716452,0.7558004540874597,1.109609648399397,0.4324570685673125,4.0
11,"LIQUOR,WINE,BEER",Cayambe,Pichincha,B,6,2013-01-02,2017-08-15,1687,1498,0.10992275698158051,44.248366013071895,60.70807020286966,1.3719844521475715,0.20202020202020202,1683,4,1,0,0,0,1,0,1,High volatility,coefficient_of_variation >= eligible-series Q75,0.0528756900926609,0.2304776345716452,0.7558004540874597,1.109609648399397,0.4324570685673125,4.0
11,MAGAZINES,Cayambe,Pichincha,B,6,2014-01-11,2017-08-15,1313,710,0.4580152671755725,1.8885496183206107,2.6458564466622905,1.4009991694129347,0.0053435114503816794,1310,3,1,0,1,0,1,0,2,Intermittent demand,zero_sales_rate >= eligible-series Q75,0.0528756900926609,0.2304776345716452,0.7558004540874597,1.109609648399397,0.4324570685673125,4.0
11,MEATS,Cayambe,Pichincha,B,6,2013-01-02,2017-08-15,1687,1679,0.0023767082590612004,620.9668566785502,152.13171703306372,0.24499168578302438,0.19429590017825313,1683,4,1,0,0,0,0,1,0,Ready,"history_length >= 730, zero-sales <= median, CV <= median, and missing periods <= Q75",0.0528756900926609,0.2304776345716452,0.7558004540874597,1.109609648399397,0.4324570685673125,4.0
11,PERSONAL CARE,Cayambe,Pichincha,B,6,2013-01-02,2017-08-15,1687,1679,0.0023767082590612004,392.3267973856209,158.25479211690705,0.4033749240976707,0.39453357100415926,1683,4,1,0,0,0,0,1,0,Ready,"history_length >= 730, zero-sales <= median, CV <= median, and missing periods <= Q75",0.0528756900926609,0.2304776345716452,0.7558004540874597,1.109609648399397,0.4324570685673125,4.0
11,PET SUPPLIES,Cayambe,Pichincha,B,6,2014-01-02,2017-08-14,1321,747,0.4332321699544765,1.2905918057663126,1.6080906249823232,1.2460102549833638,0.026555386949924126,1318,3,1,0,1,0,1,0,2,Intermittent demand,zero_sales_rate >= eligible-series Q75,0.0528756900926609,0.2304776345716452,0.7558004540874597,1.109609648399397,0.4324570685673125,4.0
11,PLAYERS AND ELECTRONICS,Cayambe,Pichincha,B,6,2014-01-02,2017-08-15,1322,1016,0.22971948445792267,9.910538286580744,8.690053421338567,0.8768497906017112,0.02880970432145565,1319,3,1,0,0,0,0,0,0,Ready with caution,Sufficient history without an extreme Q75 risk flag,0.0528756900926609,0.2304776345716452,0.7558004540874597,1.109609648399397,0.4324570685673125,4.0
11,POULTRY,Cayambe,Pichincha,B,6,2013-01-02,2017-08-15,1687,1679,0.0023767082590612004,511.3311638680927,224.1965667919467,0.43845668450159697,0.21093285799168152,1683,4,1,0,0,0,0,1,0,Ready,"history_length >= 730, zero-sales <= median, CV <= median, and missing periods <= Q75",0.0528756900926609,0.2304776345716452,0.7558004540874597,1.109609648399397,0.4324570685673125,4.0
11,PREPARED FOODS,Cayambe,Pichincha,B,6,2013-01-02,2017-08-15,1687,1679,0.0023767082590612004,54.92245870112894,34.502025537204034,0.6281952110875699,0.23291740938799763,1683,4,1,0,0,0,0,1,0,Ready,"history_length >= 730, zero-sales <= median, CV <= median, and missing periods <= Q75",0.0528756900926609,0.2304776345716452,0.7558004540874597,1.109609648399397,0.4324570685673125,4.0
11,PRODUCE,Cayambe,Pichincha,B,6,2014-01-02,2017-08-15,1322,1016,0.22971948445792267,1008.2254567854435,707.4339521612735,0.7016624579355565,0.45564821834723274,1319,3,1,0,0,1,0,0,1,Promotion dependent,promotion_rate >= eligible-series Q75,0.0528756900926609,0.2304776345716452,0.7558004540874597,1.109609648399397,0.4324570685673125,4.0
11,SCHOOL AND OFFICE SUPPLIES,Cayambe,Pichincha,B,6,2014-01-08,2017-08-15,1316,923,0.297029702970297,5.082254379284082,11.321625531256453,2.22767785441926,0.09672505712109672,1313,3,1,0,1,0,1,0,2,Intermittent demand,zero_sales_rate >= eligible-series Q75,0.0528756900926609,0.2304776345716452,0.7558004540874597,1.109609648399397,0.4324570685673125,4.0
11,SEAFOOD,Cayambe,Pichincha,B,6,2013-01-02,2017-08-15,1687,1608,0.044563279857397504,8.322043969102793,6.188932441176147,0.7436793730186673,0.21093285799168152,1683,4,1,0,0,0,0,1,0,Ready,"history_length >= 730, zero-sales <= median, CV <= median, and missing periods <= Q75",0.0528756900926609,0.2304776345716452,0.7558004540874597,1.109609648399397,0.4324570685673125,4.0
12,AUTOMOTIVE,Latacunga,Cotopaxi,C,15,2013-01-02,2017-08-15,1687,1563,0.07130124777183601,4.755793226381462,3.32545322168769,0.6992426002124416,0.019013666072489603,1683,4,1,0,0,0,0,0,0,Ready with caution,Sufficient history without an extreme Q75 risk flag,0.0528756900926609,0.2304776345716452,0.7558004540874597,1.109609648399397,0.4324570685673125,4.0
12,BABY CARE,Latacunga,Cotopaxi,C,15,2016-02-10,2017-06-13,490,132,0.7300613496932515,0.3660531697341513,0.7034407280097762,1.9216900335015674,0.002044989775051125,489,1,1,0,1,0,1,0,2,Intermittent demand,zero_sales_rate >= eligible-series Q75,0.0528756900926609,0.2304776345716452,0.7558004540874597,1.109609648399397,0.4324570685673125,4.0
12,BEAUTY,Latacunga,Cotopaxi,C,15,2013-01-02,2017-08-15,1687,951,0.43493761140819964,0.9673202614379085,1.1808022964262856,1.2206942659001467,0.07130124777183601,1683,4,1,0,1,0,1,0,2,Intermittent demand,zero_sales_rate >= eligible-series Q75,0.0528756900926609,0.2304776345716452,0.7558004540874597,1.109609648399397,0.4324570685673125,4.0
12,BEVERAGES,Latacunga,Cotopaxi,C,15,2013-01-02,2017-08-15,1687,1619,0.038027332144979206,1297.2204396910279,616.0306750786494,0.4748851129923421,0.44860368389780153,1683,4,1,0,0,1,0,0,1,Promotion dependent,promotion_rate >= eligible-series Q75,0.0528756900926609,0.2304776345716452,0.7558004540874597,1.109609648399397,0.4324570685673125,4.0
12,BOOKS,Latacunga,Cotopaxi,C,15,,,0,0,1.0,0.0,0.0,,0.0,0,0,0,1,1,0,0,0,2,Insufficient history,history_length < 365 or active_days < 90,0.0528756900926609,0.2304776345716452,0.7558004540874597,1.109609648399397,0.4324570685673125,4.0
12,BREAD/BAKERY,Latacunga,Cotopaxi,C,15,2013-01-02,2017-08-15,1687,1619,0.038027332144979206,186.63220439691028,76.08874181967629,0.4076935278429147,0.36185383244206776,1683,4,1,0,0,0,0,1,0,Ready,"history_length >= 730, zero-sales <= median, CV <= median, and missing periods <= Q75",0.0528756900926609,0.2304776345716452,0.7558004540874597,1.109609648399397,0.4324570685673125,4.0
12,CELEBRATION,Latacunga,Cotopaxi,C,15,2014-01-02,2017-08-15,1322,1011,0.23351023502653526,7.842304776345716,8.702867831512599,1.109733436752235,0.02047005307050796,1319,3,1,0,1,0,1,0,2,Intermittent demand,zero_sales_rate >= eligible-series Q75,0.0528756900926609,0.2304776345716452,0.7558004540874597,1.109609648399397,0.4324570685673125,4.0
12,CLEANING,Latacunga,Cotopaxi,C,15,2013-01-02,2017-08-15,1687,1619,0.038027332144979206,772.2560903149139,298.92659395936,0.38708220978543845,0.4325609031491384,1683,4,1,0,0,1,0,0,1,Promotion dependent,promotion_rate >= eligible-series Q75,0.0528756900926609,0.2304776345716452,0.7558004540874597,1.109609648399397,0.4324570685673125,4.0
12,DAIRY,Latacunga,Cotopaxi,C,15,2013-01-02,2017-08-15,1687,1619,0.038027332144979206,335.5959595959596,154.34737612400343,0.4599202454935089,0.3939393939393939,1683,4,1,0,0,0,0,1,0,Ready,"history_length >= 730, zero-sales <= median, CV <= median, and missing periods <= Q75",0.0528756900926609,0.2304776345716452,0.7558004540874597,1.109609648399397,0.4324570685673125,4.0
12,DELI,Latacunga,Cotopaxi,C,15,2013-01-02,2017-08-15,1687,1619,0.038027332144979206,196.6833036244801,72.55004505412417,0.36886732995212035,0.37849079025549615,1683,4,1,0,0,0,0,1,0,Ready,"history_length >= 730, zero-sales <= median, CV <= median, and missing periods <= Q75",0.0528756900926609,0.2304776345716452,0.7558004540874597,1.109609648399397,0.4324570685673125,4.0
12,EGGS,Latacunga,Cotopaxi,C,15,2013-01-02,2017-08-15,1687,1619,0.038027332144979206,74.99524658348187,54.11980787130114,0.721643175225206,0.23826500297088532,1683,4,1,0,0,0,0,1,0,Ready,"history_length >= 730, zero-sales <= median, CV <= median, and missing periods <= Q75",0.0528756900926609,0.2304776345716452,0.7558004540874597,1.109609648399397,0.4324570685673125,4.0
12,FROZEN FOODS,Latacunga,Cotopaxi,C,15,2013-01-02,2017-08-15,1687,1619,0.038027332144979206,47.65071068092692,55.45718427881249,1.1638270129937487,0.27450980392156865,1683,4,1,0,0,0,1,0,1,High volatility,coefficient_of_variation >= eligible-series Q75,0.0528756900926609,0.2304776345716452,0.7558004540874597,1.109609648399397,0.4324570685673125,4.0
12,GROCERY I,Latacunga,Cotopaxi,C,15,2013-01-02,2017-08-15,1687,1619,0.038027332144979206,2500.6083826500294,828.6719508521306,0.33138813602389927,0.5537730243612596,1683,4,1,0,0,1,0,0,1,Promotion dependent,promotion_rate >= eligible-series Q75,0.0528756900926609,0.2304776345716452,0.7558004540874597,1.109609648399397,0.4324570685673125,4.0
12,GROCERY II,Latacunga,Cotopaxi,C,15,2013-01-02,2017-08-15,1687,1496,0.1111111111111111,6.348781937017231,6.758720310796894,1.0645696100206994,0.0457516339869281,1683,4,1,0,0,0,0,0,0,Ready with caution,Sufficient history without an extreme Q75 risk flag,0.0528756900926609,0.2304776345716452,0.7558004540874597,1.109609648399397,0.4324570685673125,4.0
12,HARDWARE,Latacunga,Cotopaxi,C,15,2013-01-03,2017-08-11,1682,906,0.4600715137067938,0.9821215733015495,1.4013928770849988,1.426903669750381,0.0011918951132300357,1678,4,1,0,1,0,1,0,2,Intermittent demand,zero_sales_rate >= eligible-series Q75,0.0528756900926609,0.2304776345716452,0.7558004540874597,1.109609648399397,0.4324570685673125,4.0
12,HOME AND KITCHEN I,Latacunga,Cotopaxi,C,15,2014-01-02,2017-08-15,1322,1103,0.16376042456406367,13.179681576952236,12.229234838043752,0.9278854550954734,0.17210007581501138,1319,3,1,0,0,0,0,0,0,Ready with caution,Sufficient history without an extreme Q75 risk flag,0.0528756900926609,0.2304776345716452,0.7558004540874597,1.109609648399397,0.4324570685673125,4.0
12,HOME AND KITCHEN II,Latacunga,Cotopaxi,C,15,2014-01-02,2017-08-15,1322,1104,0.16300227445034116,10.677028051554208,7.909887684349915,0.7408323408121521,0.1470811220621683,1319,3,1,0,0,0,0,0,0,Ready with caution,Sufficient history without an extreme Q75 risk flag,0.0528756900926609,0.2304776345716452,0.7558004540874597,1.109609648399397,0.4324570685673125,4.0
12,HOME APPLIANCES,Latacunga,Cotopaxi,C,15,2013-04-08,2017-08-04,1580,298,0.8109137055837563,0.2366751269035533,0.5443622613052063,2.3000400102332574,0.0,1576,4,1,0,1,0,1,0,2,Intermittent demand,zero_sales_rate >= eligible-series Q75,0.0528756900926609,0.2304776345716452,0.7558004540874597,1.109609648399397,0.4324570685673125,4.0
12,HOME CARE,Latacunga,Cotopaxi,C,15,2014-01-02,2017-08-15,1322,1019,0.22744503411675512,143.8210765731615,89.26546390165456,0.6206702524316413,0.422289613343442,1319,3,1,0,0,0,0,0,0,Ready with caution,Sufficient history without an extreme Q75 risk flag,0.0528756900926609,0.2304776345716452,0.7558004540874597,1.109609648399397,0.4324570685673125,4.0
12,LADIESWEAR,Latacunga,Cotopaxi,C,15,2014-01-02,2017-08-15,1322,298,0.7740712661106899,1.6557998483699772,3.8242629618246164,2.3096166880250317,0.0,1319,3,1,0,1,0,1,0,2,Intermittent demand,zero_sales_rate >= eligible-series Q75,0.0528756900926609,0.2304776345716452,0.7558004540874597,1.109609648399397,0.4324570685673125,4.0
12,LAWN AND GARDEN,Latacunga,Cotopaxi,C,15,2014-05-09,2014-10-31,176,5,0.9715909090909091,0.09090909090909091,0.597831579462475,6.576147374087225,0.0,176,0,1,1,1,0,1,0,3,Insufficient history,history_length < 365 or active_days < 90,0.0528756900926609,0.2304776345716452,0.7558004540874597,1.109609648399397,0.4324570685673125,4.0
12,LINGERIE,Latacunga,Cotopaxi,C,15,2013-01-02,2017-08-14,1686,1516,0.09869203329369798,6.4774078478002375,5.397117430676258,0.8332218006789781,0.01605231866825208,1682,4,1,0,0,0,0,0,0,Ready with caution,Sufficient history without an extreme Q75 risk flag,0.0528756900926609,0.2304776345716452,0.7558004540874597,1.109609648399397,0.4324570685673125,4.0
12,"LIQUOR,WINE,BEER",Latacunga,Cotopaxi,C,15,2013-01-02,2017-08-15,1687,1445,0.1414141414141414,38.34997029114676,41.03080878582119,1.0699045781345315,0.1622103386809269,1683,4,1,0,0,0,0,0,0,Ready with caution,Sufficient history without an extreme Q75 risk flag,0.0528756900926609,0.2304776345716452,0.7558004540874597,1.109609648399397,0.4324570685673125,4.0
12,MAGAZINES,Latacunga,Cotopaxi,C,15,2014-01-23,2017-08-15,1301,585,0.5493066255778121,0.9699537750385208,1.609969948820071,1.6598419329376108,0.0030816640986132513,1298,3,1,0,1,0,1,0,2,Intermittent demand,zero_sales_rate >= eligible-series Q75,0.0528756900926609,0.2304776345716452,0.7558004540874597,1.109609648399397,0.4324570685673125,4.0
12,MEATS,Latacunga,Cotopaxi,C,15,2013-01-02,2017-08-15,1687,1619,0.038027332144979206,146.61659552762924,284.8399858500673,1.9427540574449533,0.1473559120617944,1683,4,1,0,0,0,1,0,1,High volatility,coefficient_of_variation >= eligible-series Q75,0.0528756900926609,0.2304776345716452,0.7558004540874597,1.109609648399397,0.4324570685673125,4.0
12,PERSONAL CARE,Latacunga,Cotopaxi,C,15,2013-01-02,2017-08-15,1687,1619,0.038027332144979206,155.78906714200832,71.76533183266945,0.46065704833608323,0.3493761140819964,1683,4,1,0,0,0,0,1,0,Ready,"history_length >= 730, zero-sales <= median, CV <= median, and missing periods <= Q75",0.0528756900926609,0.2304776345716452,0.7558004540874597,1.109609648399397,0.4324570685673125,4.0
12,PET SUPPLIES,Latacunga,Cotopaxi,C,15,2014-01-02,2017-08-15,1322,537,0.5928733889310084,0.6611068991660348,1.0319313124584326,1.560914450840221,0.006065200909780136,1319,3,1,0,1,0,1,0,2,Intermittent demand,zero_sales_rate >= eligible-series Q75,0.0528756900926609,0.2304776345716452,0.7558004540874597,1.109609648399397,0.4324570685673125,4.0
12,PLAYERS AND ELECTRONICS,Latacunga,Cotopaxi,C,15,2014-01-03,2017-08-15,1321,972,0.26251896813353565,3.7602427921092563,3.716024189915255,0.9882404927982862,0.010622154779969651,1318,3,1,0,1,0,0,0,1,Intermittent demand,zero_sales_rate >= eligible-series Q75,0.0528756900926609,0.2304776345716452,0.7558004540874597,1.109609648399397,0.4324570685673125,4.0
12,POULTRY,Latacunga,Cotopaxi,C,15,2013-01-02,2017-08-15,1687,1619,0.038027332144979206,178.3452386197267,103.66613389011478,0.5812666191282794,0.16755793226381463,1683,4,1,0,0,0,0,1,0,Ready,"history_length >= 730, zero-sales <= median, CV <= median, and missing periods <= Q75",0.0528756900926609,0.2304776345716452,0.7558004540874597,1.109609648399397,0.4324570685673125,4.0
12,PREPARED FOODS,Latacunga,Cotopaxi,C,15,2013-01-02,2017-08-15,1687,1619,0.038027332144979206,33.28995840760547,21.60091627698705,0.6488718313343425,0.1984551396316102,1683,4,1,0,0,0,0,1,0,Ready,"history_length >= 730, zero-sales <= median, CV <= median, and missing periods <= Q75",0.0528756900926609,0.2304776345716452,0.7558004540874597,1.109609648399397,0.4324570685673125,4.0
12,PRODUCE,Latacunga,Cotopaxi,C,15,2014-01-02,2017-08-15,1322,1016,0.22971948445792267,259.32155897649733,153.28898176950278,0.5911154567113935,0.40181956027293403,1319,3,1,0,0,0,0,0,0,Ready with caution,Sufficient history without an extreme Q75 risk flag,0.0528756900926609,0.2304776345716452,0.7558004540874597,1.109609648399397,0.4324570685673125,4.0
12,SCHOOL AND OFFICE SUPPLIES,Latacunga,Cotopaxi,C,15,2014-07-06,2017-08-15,1137,205,0.8192239858906526,0.8095238095238095,3.6050441692665682,4.45328985615282,0.04938271604938271,1134,3,1,0,1,0,1,0,2,Intermittent demand,zero_sales_rate >= eligible-series Q75,0.0528756900926609,0.2304776345716452,0.7558004540874597,1.109609648399397,0.4324570685673125,4.0
12,SEAFOOD,Latacunga,Cotopaxi,C,15,2013-01-02,2017-08-15,1687,1181,0.29827688651218065,2.7195484254307782,2.896308164719321,1.0649959889059686,0.0932857991681521,1683,4,1,0,1,0,0,0,1,Intermittent demand,zero_sales_rate >= eligible-series Q75,0.0528756900926609,0.2304776345716452,0.7558004540874597,1.109609648399397,0.4324570685673125,4.0
13,AUTOMOTIVE,Latacunga,Cotopaxi,C,15,2013-01-02,2017-08-15,1687,1640,0.0255496137849079,5.527629233511586,3.5204063887397656,0.6368745514617893,0.015448603683897801,1683,4,1,0,0,0,0,1,0,Ready,"history_length >= 730, zero-sales <= median, CV <= median, and missing periods <= Q75",0.0528756900926609,0.2304776345716452,0.7558004540874597,1.109609648399397,0.4324570685673125,4.0
13,BABY CARE,Latacunga,Cotopaxi,C,15,,,0,0,1.0,0.0,0.0,,0.0,0,0,0,1,1,0,0,0,2,Insufficient history,history_length < 365 or active_days < 90,0.0528756900926609,0.2304776345716452,0.7558004540874597,1.109609648399397,0.4324570685673125,4.0
13,BEAUTY,Latacunga,Cotopaxi,C,15,2013-01-02,2017-08-15,1687,1094,0.34997029114676176,1.2822341057635176,1.4656062447136322,1.1430098748160533,0.07724301841948901,1683,4,1,0,1,0,1,0,2,Intermittent demand,zero_sales_rate >= eligible-series Q75,0.0528756900926609,0.2304776345716452,0.7558004540874597,1.109609648399397,0.4324570685673125,4.0
13,BEVERAGES,Latacunga,Cotopaxi,C,15,2013-01-02,2017-08-15,1687,1679,0.0023767082590612004,1291.3220439691029,569.9612298036528,0.441378068674316,0.47058823529411764,1683,4,1,0,0,1,0,0,1,Promotion dependent,promotion_rate >= eligible-series Q75,0.0528756900926609,0.2304776345716452,0.7558004540874597,1.109609648399397,0.4324570685673125,4.0
13,BOOKS,Latacunga,Cotopaxi,C,15,,,0,0,1.0,0.0,0.0,,0.0,0,0,0,1,1,0,0,0,2,Insufficient history,history_length < 365 or active_days < 90,0.0528756900926609,0.2304776345716452,0.7558004540874597,1.109609648399397,0.4324570685673125,4.0
13,BREAD/BAKERY,Latacunga,Cotopaxi,C,15,2013-01-02,2017-08-15,1687,1679,0.0023767082590612004,164.72192513368984,101.68602986066648,0.6173193385041922,0.36066547831253715,1683,4,1,0,0,0,0,1,0,Ready,"history_length >= 730, zero-sales <= median, CV <= median, and missing periods <= Q75",0.0528756900926609,0.2304776345716452,0.7558004540874597,1.109609648399397,0.4324570685673125,4.0
13,CELEBRATION,Latacunga,Cotopaxi,C,15,2014-01-02,2017-08-15,1322,975,0.2608036391205459,5.242608036391205,7.338569478733535,1.399793657621046,0.013646702047005308,1319,3,1,0,1,0,1,0,2,Intermittent demand,zero_sales_rate >= eligible-series Q75,0.0528756900926609,0.2304776345716452,0.7558004540874597,1.109609648399397,0.4324570685673125,4.0
13,CLEANING,Latacunga,Cotopaxi,C,15,2013-01-02,2017-08-15,1687,1679,0.0023767082590612004,780.1580510992276,377.2694199047258,0.4835807556855441,0.48068924539512775,1683,4,1,0,0,1,0,0,1,Promotion dependent,promotion_rate >= eligible-series Q75,0.0528756900926609,0.2304776345716452,0.7558004540874597,1.109609648399397,0.4324570685673125,4.0
13,DAIRY,Latacunga,Cotopaxi,C,15,2013-01-02,2017-08-15,1687,1679,0.0023767082590612004,270.01782531194294,116.48022053042347,0.43137974463670165,0.42424242424242425,1683,4,1,0,0,0,0,1,0,Ready,"history_length >= 730, zero-sales <= median, CV <= median, and missing periods <= Q75",0.0528756900926609,0.2304776345716452,0.7558004540874597,1.109609648399397,0.4324570685673125,4.0
13,DELI,Latacunga,Cotopaxi,C,15,2013-01-02,2017-08-15,1687,1679,0.0023767082590612004,158.66072489601902,58.65127637081786,0.3696647447517712,0.37967914438502676,1683,4,1,0,0,0,0,1,0,Ready,"history_length >= 730, zero-sales <= median, CV <= median, and missing periods <= Q75",0.0528756900926609,0.2304776345716452,0.7558004540874597,1.109609648399397,0.4324570685673125,4.0
13,EGGS,Latacunga,Cotopaxi,C,15,2013-01-02,2017-08-15,1687,1679,0.0023767082590612004,52.26619132501485,41.01546028431665,0.7847417086365437,0.2519310754604872,1683,4,1,0,0,0,0,0,0,Ready with caution,Sufficient history without an extreme Q75 risk flag,0.0528756900926609,0.2304776345716452,0.7558004540874597,1.109609648399397,0.4324570685673125,4.0
13,FROZEN FOODS,Latacunga,Cotopaxi,C,15,2013-01-02,2017-08-15,1687,1679,0.0023767082590612004,33.289885334521685,69.41046317687812,2.0850316088322276,0.26024955436720143,1683,4,1,0,0,0,1,0,1,High volatility,coefficient_of_variation >= eligible-series Q75,0.0528756900926609,0.2304776345716452,0.7558004540874597,1.109609648399397,0.4324570685673125,4.0
13,GROCERY I,Latacunga,Cotopaxi,C,15,2013-01-02,2017-08-15,1687,1679,0.0023767082590612004,2715.437183006536,905.1246484887266,0.333325570612748,0.5733808674985146,1683,4,1,0,0,1,0,0,1,Promotion dependent,promotion_rate >= eligible-series Q75,0.0528756900926609,0.2304776345716452,0.7558004540874597,1.109609648399397,0.4324570685673125,4.0
13,GROCERY II,Latacunga,Cotopaxi,C,15,2013-01-02,2017-08-15,1687,1526,0.0932857991681521,7.301841948900773,7.881881580390546,1.079437439970485,0.044563279857397504,1683,4,1,0,0,0,0,0,0,Ready with caution,Sufficient history without an extreme Q75 risk flag,0.0528756900926609,0.2304776345716452,0.7558004540874597,1.109609648399397,0.4324570685673125,4.0
13,HARDWARE,Latacunga,Cotopaxi,C,15,2013-01-05,2017-08-09,1678,520,0.6893667861409797,0.5388291517323776,1.7524598210713576,3.2523478275758895,0.0,1674,4,1,0,1,0,1,0,2,Intermittent demand,zero_sales_rate >= eligible-series Q75,0.0528756900926609,0.2304776345716452,0.7558004540874597,1.109609648399397,0.4324570685673125,4.0
13,HOME AND KITCHEN I,Latacunga,Cotopaxi,C,15,2014-01-02,2017-08-15,1322,1155,0.1243366186504928,13.630780894617134,17.027808869109126,1.2492174146701673,0.177407126611069,1319,3,1,0,0,0,1,0,1,High volatility,coefficient_of_variation >= eligible-series Q75,0.0528756900926609,0.2304776345716452,0.7558004540874597,1.109609648399397,0.4324570685673125,4.0
13,HOME AND KITCHEN II,Latacunga,Cotopaxi,C,15,2014-01-02,2017-08-15,1322,1165,0.11675511751326763,10.311599696739954,10.745748798560308,1.042102982523421,0.1728582259287339,1319,3,1,0,0,0,0,0,0,Ready with caution,Sufficient history without an extreme Q75 risk flag,0.0528756900926609,0.2304776345716452,0.7558004540874597,1.109609648399397,0.4324570685673125,4.0
13,HOME APPLIANCES,Latacunga,Cotopaxi,C,15,2013-02-28,2017-07-26,1610,226,0.8592777085927771,0.16251556662515568,0.4356278364694591,2.680529905631997,0.0,1606,4,1,0,1,0,1,0,2,Intermittent demand,zero_sales_rate >= eligible-series Q75,0.0528756900926609,0.2304776345716452,0.7558004540874597,1.109609648399397,0.4324570685673125,4.0
13,HOME CARE,Latacunga,Cotopaxi,C,15,2014-01-02,2017-08-15,1322,1044,0.20849128127369218,136.55496588324488,85.50322236991983,0.62614509708146,0.43214556482183475,1319,3,1,0,0,0,0,0,0,Ready with caution,Sufficient history without an extreme Q75 risk flag,0.0528756900926609,0.2304776345716452,0.7558004540874597,1.109609648399397,0.4324570685673125,4.0
13,LADIESWEAR,Latacunga,Cotopaxi,C,15,2014-01-02,2017-08-15,1322,889,0.3260045489006823,3.4685367702805157,4.136741281971306,1.1926473772503063,0.004548900682335102,1319,3,1,0,1,0,1,0,2,Intermittent demand,zero_sales_rate >= eligible-series Q75,0.0528756900926609,0.2304776345716452,0.7558004540874597,1.109609648399397,0.4324570685673125,4.0
13,LAWN AND GARDEN,Latacunga,Cotopaxi,C,15,2014-05-10,2015-05-10,366,9,0.9753424657534246,0.057534246575342465,0.4911071278745854,8.53590960353446,0.0,365,1,1,1,1,0,1,0,3,Insufficient history,history_length < 365 or active_days < 90,0.0528756900926609,0.2304776345716452,0.7558004540874597,1.109609648399397,0.4324570685673125,4.0
13,LINGERIE,Latacunga,Cotopaxi,C,15,2013-01-02,2017-08-15,1687,1338,0.20499108734402852,3.065359477124183,3.086622054287577,1.0069364057697212,0.004753416518122401,1683,4,1,0,0,0,0,0,0,Ready with caution,Sufficient history without an extreme Q75 risk flag,0.0528756900926609,0.2304776345716452,0.7558004540874597,1.109609648399397,0.4324570685673125,4.0
13,"LIQUOR,WINE,BEER",Latacunga,Cotopaxi,C,15,2013-01-02,2017-08-15,1687,1497,0.11051693404634581,32.30065359477124,34.70187168586737,1.0743396130994955,0.1473559120617944,1683,4,1,0,0,0,0,0,0,Ready with caution,Sufficient history without an extreme Q75 risk flag,0.0528756900926609,0.2304776345716452,0.7558004540874597,1.109609648399397,0.4324570685673125,4.0
13,MAGAZINES,Latacunga,Cotopaxi,C,15,2014-01-07,2017-08-15,1317,440,0.665144596651446,0.5898021308980214,1.1209774827340087,1.900599241693532,0.00228310502283105,1314,3,1,0,1,0,1,0,2,Intermittent demand,zero_sales_rate >= eligible-series Q75,0.0528756900926609,0.2304776345716452,0.7558004540874597,1.109609648399397,0.4324570685673125,4.0
13,MEATS,Latacunga,Cotopaxi,C,15,2013-01-02,2017-08-15,1687,1679,0.0023767082590612004,153.31648882352943,47.261895755555685,0.3082636193811818,0.16161616161616163,1683,4,1,0,0,0,0,1,0,Ready,"history_length >= 730, zero-sales <= median, CV <= median, and missing periods <= Q75",0.0528756900926609,0.2304776345716452,0.7558004540874597,1.109609648399397,0.4324570685673125,4.0
13,PERSONAL CARE,Latacunga,Cotopaxi,C,15,2013-01-02,2017-08-15,1687,1679,0.0023767082590612004,180.25609031491385,74.17569457257265,0.4115017386818113,0.3571004159239453,1683,4,1,0,0,0,0,1,0,Ready,"history_length >= 730, zero-sales <= median, CV <= median, and missing periods <= Q75",0.0528756900926609,0.2304776345716452,0.7558004540874597,1.109609648399397,0.4324570685673125,4.0
13,PET SUPPLIES,Latacunga,Cotopaxi,C,15,2014-01-07,2017-08-14,1316,301,0.7707539984767707,0.3092155369383092,0.6535891130219804,2.1137007522114786,0.00456968773800457,1313,3,1,0,1,0,1,0,2,Intermittent demand,zero_sales_rate >= eligible-series Q75,0.0528756900926609,0.2304776345716452,0.7558004540874597,1.109609648399397,0.4324570685673125,4.0
13,PLAYERS AND ELECTRONICS,Latacunga,Cotopaxi,C,15,2014-01-02,2017-08-15,1322,949,0.2805155420773313,3.0326004548900682,3.683988875763939,1.2147953317831588,0.004548900682335102,1319,3,1,0,1,0,1,0,2,Intermittent demand,zero_sales_rate >= eligible-series Q75,0.0528756900926609,0.2304776345716452,0.7558004540874597,1.109609648399397,0.4324570685673125,4.0
13,POULTRY,Latacunga,Cotopaxi,C,15,2013-01-02,2017-08-15,1687,1679,0.0023767082590612004,118.638333637552,59.28112941394815,0.4996793835208099,0.19607843137254902,1683,4,1,0,0,0,0,1,0,Ready,"history_length >= 730, zero-sales <= median, CV <= median, and missing periods <= Q75",0.0528756900926609,0.2304776345716452,0.7558004540874597,1.109609648399397,0.4324570685673125,4.0
13,PREPARED FOODS,Latacunga,Cotopaxi,C,15,2013-01-02,2017-08-15,1687,1679,0.0023767082590612004,27.60071301247772,16.947138895184942,0.6140109093385916,0.1865715983363042,1683,4,1,0,0,0,0,1,0,Ready,"history_length >= 730, zero-sales <= median, CV <= median, and missing periods <= Q75",0.0528756900926609,0.2304776345716452,0.7558004540874597,1.109609648399397,0.4324570685673125,4.0
13,PRODUCE,Latacunga,Cotopaxi,C,15,2014-01-02,2017-08-15,1322,1016,0.22971948445792267,151.2677753752843,92.73340781440693,0.6130413935442769,0.379833206974981,1319,3,1,0,0,0,0,0,0,Ready with caution,Sufficient history without an extreme Q75 risk flag,0.0528756900926609,0.2304776345716452,0.7558004540874597,1.109609648399397,0.4324570685673125,4.0
13,SCHOOL AND OFFICE SUPPLIES,Latacunga,Cotopaxi,C,15,2014-07-01,2017-08-15,1142,155,0.8639157155399473,0.6224758560140474,2.9761300844407343,4.781117300674184,0.041264266900790166,1139,3,1,0,1,0,1,0,2,Intermittent demand,zero_sales_rate >= eligible-series Q75,0.0528756900926609,0.2304776345716452,0.7558004540874597,1.109609648399397,0.4324570685673125,4.0
13,SEAFOOD,Latacunga,Cotopaxi,C,15,2013-01-02,2017-08-15,1687,1059,0.37076648841354726,2.0225787284610814,2.4230293742718256,1.1979901400997304,0.0855614973262032,1683,4,1,0,1,0,1,0,2,Intermittent demand,zero_sales_rate >= eligible-series Q75,0.0528756900926609,0.2304776345716452,0.7558004540874597,1.109609648399397,0.4324570685673125,4.0
14,AUTOMOTIVE,Riobamba,Chimborazo,C,7,2013-01-02,2017-08-15,1687,1482,0.11942959001782531,3.620320855614973,3.3004868507966783,0.9116558952717561,0.020202020202020204,1683,4,1,0,0,0,0,0,0,Ready with caution,Sufficient history without an extreme Q75 risk flag,0.0528756900926609,0.2304776345716452,0.7558004540874597,1.109609648399397,0.4324570685673125,4.0
14,BABY CARE,Riobamba,Chimborazo,C,7,2016-05-08,2016-07-25,79,8,0.8987341772151899,0.13924050632911392,0.5246287384522476,3.767788212520687,0.0,79,0,1,1,1,0,1,0,3,Insufficient history,history_length < 365 or active_days < 90,0.0528756900926609,0.2304776345716452,0.7558004540874597,1.109609648399397,0.4324570685673125,4.0
14,BEAUTY,Riobamba,Chimborazo,C,7,2013-01-02,2017-08-15,1687,968,0.42483660130718953,1.2697563874034463,1.56460755130701,1.2322108136872707,0.0629827688651218,1683,4,1,0,1,0,1,0,2,Intermittent demand,zero_sales_rate >= eligible-series Q75,0.0528756900926609,0.2304776345716452,0.7558004540874597,1.109609648399397,0.4324570685673125,4.0
14,BEVERAGES,Riobamba,Chimborazo,C,7,2013-01-02,2017-08-15,1687,1641,0.024955436720142603,963.9090909090909,515.1513942827445,0.5344398129878515,0.46108140225787286,1683,4,1,0,0,1,0,0,1,Promotion dependent,promotion_rate >= eligible-series Q75,0.0528756900926609,0.2304776345716452,0.7558004540874597,1.109609648399397,0.4324570685673125,4.0
14,BOOKS,Riobamba,Chimborazo,C,7,,,0,0,1.0,0.0,0.0,,0.0,0,0,0,1,1,0,0,0,2,Insufficient history,history_length < 365 or active_days < 90,0.0528756900926609,0.2304776345716452,0.7558004540874597,1.109609648399397,0.4324570685673125,4.0
14,BREAD/BAKERY,Riobamba,Chimborazo,C,7,2013-01-02,2017-08-15,1687,1641,0.024955436720142603,191.8544266191325,59.601487377206574,0.31065995415121095,0.3571004159239453,1683,4,1,0,0,0,0,1,0,Ready,"history_length >= 730, zero-sales <= median, CV <= median, and missing periods <= Q75",0.0528756900926609,0.2304776345716452,0.7558004540874597,1.109609648399397,0.4324570685673125,4.0
14,CELEBRATION,Riobamba,Chimborazo,C,7,2014-01-02,2017-08-15,1322,985,0.2532221379833207,5.968157695223654,6.359647458710987,1.0655964174339168,0.01819560272934041,1319,3,1,0,1,0,0,0,1,Intermittent demand,zero_sales_rate >= eligible-series Q75,0.0528756900926609,0.2304776345716452,0.7558004540874597,1.109609648399397,0.4324570685673125,4.0
14,CLEANING,Riobamba,Chimborazo,C,7,2013-01-02,2017-08-15,1687,1641,0.024955436720142603,1092.3980986333927,506.2356278102094,0.46341679690171395,0.4444444444444444,1683,4,1,0,0,1,0,0,1,Promotion dependent,promotion_rate >= eligible-series Q75,0.0528756900926609,0.2304776345716452,0.7558004540874597,1.109609648399397,0.4324570685673125,4.0
14,DAIRY,Riobamba,Chimborazo,C,7,2013-01-02,2017-08-15,1687,1641,0.024955436720142603,351.9744503862151,157.36192048852703,0.4470833616356434,0.41889483065953653,1683,4,1,0,0,0,0,1,0,Ready,"history_length >= 730, zero-sales <= median, CV <= median, and missing periods <= Q75",0.0528756900926609,0.2304776345716452,0.7558004540874597,1.109609648399397,0.4324570685673125,4.0
14,DELI,Riobamba,Chimborazo,C,7,2013-01-02,2017-08-15,1687,1641,0.024955436720142603,220.53238265002972,94.51418740158365,0.428572830283938,0.39215686274509803,1683,4,1,0,0,0,0,1,0,Ready,"history_length >= 730, zero-sales <= median, CV <= median, and missing periods <= Q75",0.0528756900926609,0.2304776345716452,0.7558004540874597,1.109609648399397,0.4324570685673125,4.0
14,EGGS,Riobamba,Chimborazo,C,7,2013-01-02,2017-08-15,1687,1641,0.024955436720142603,37.63458110516934,19.00873238499796,0.5050868596591604,0.22875816993464052,1683,4,1,0,0,0,0,1,0,Ready,"history_length >= 730, zero-sales <= median, CV <= median, and missing periods <= Q75",0.0528756900926609,0.2304776345716452,0.7558004540874597,1.109609648399397,0.4324570685673125,4.0
14,FROZEN FOODS,Riobamba,Chimborazo,C,7,2013-01-02,2017-08-15,1687,1641,0.024955436720142603,61.624921980986336,150.5434047672429,2.4428980991439038,0.28401663695781343,1683,4,1,0,0,0,1,0,1,High volatility,coefficient_of_variation >= eligible-series Q75,0.0528756900926609,0.2304776345716452,0.7558004540874597,1.109609648399397,0.4324570685673125,4.0
14,GROCERY I,Riobamba,Chimborazo,C,7,2013-01-02,2017-08-15,1687,1641,0.024955436720142603,2651.9937676767677,859.7771876695685,0.32420030474760925,0.5603089720736779,1683,4,1,0,0,1,0,0,1,Promotion dependent,promotion_rate >= eligible-series Q75,0.0528756900926609,0.2304776345716452,0.7558004540874597,1.109609648399397,0.4324570685673125,4.0
14,GROCERY II,Riobamba,Chimborazo,C,7,2013-01-02,2017-08-15,1687,1495,0.11170528817587641,6.083184789067142,6.742607443008791,1.1084008914420584,0.044563279857397504,1683,4,1,0,0,0,0,0,0,Ready with caution,Sufficient history without an extreme Q75 risk flag,0.0528756900926609,0.2304776345716452,0.7558004540874597,1.109609648399397,0.4324570685673125,4.0
14,HARDWARE,Riobamba,Chimborazo,C,7,2013-01-08,2017-08-06,1672,409,0.7547961630695443,0.342326139088729,0.7230591274908517,2.1121937384496334,0.0,1668,4,1,0,1,0,1,0,2,Intermittent demand,zero_sales_rate >= eligible-series Q75,0.0528756900926609,0.2304776345716452,0.7558004540874597,1.109609648399397,0.4324570685673125,4.0
14,HOME AND KITCHEN I,Riobamba,Chimborazo,C,7,2014-01-02,2017-08-15,1322,1151,0.12736921910538287,15.585291887793783,21.302399550353485,1.3668271151878313,0.18423047763457165,1319,3,1,0,0,0,1,0,1,High volatility,coefficient_of_variation >= eligible-series Q75,0.0528756900926609,0.2304776345716452,0.7558004540874597,1.109609648399397,0.4324570685673125,4.0
14,HOME AND KITCHEN II,Riobamba,Chimborazo,C,7,2014-01-02,2017-08-15,1322,1156,0.12357846853677028,15.81956027293404,10.272429301380724,0.6493498633432941,0.17058377558756635,1319,3,1,0,0,0,0,0,0,Ready with caution,Sufficient history without an extreme Q75 risk flag,0.0528756900926609,0.2304776345716452,0.7558004540874597,1.109609648399397,0.4324570685673125,4.0
14,HOME APPLIANCES,Riobamba,Chimborazo,C,7,2013-03-09,2017-08-07,1613,281,0.8253573648228714,0.20261031696706028,0.47574832168911685,2.348095244164997,0.0006215040397762585,1609,4,1,0,1,0,1,0,2,Intermittent demand,zero_sales_rate >= eligible-series Q75,0.0528756900926609,0.2304776345716452,0.7558004540874597,1.109609648399397,0.4324570685673125,4.0
14,HOME CARE,Riobamba,Chimborazo,C,7,2014-01-02,2017-08-15,1322,1034,0.21607278241091737,196.30174374526158,124.27416551299969,0.6330772368189902,0.42077331311599697,1319,3,1,0,0,0,0,0,0,Ready with caution,Sufficient history without an extreme Q75 risk flag,0.0528756900926609,0.2304776345716452,0.7558004540874597,1.109609648399397,0.4324570685673125,4.0
14,LADIESWEAR,Riobamba,Chimborazo,C,7,2014-01-02,2017-08-14,1321,161,0.877845220030349,1.2283763277693476,4.789752628209438,3.8992550734898326,0.0007587253414264037,1318,3,1,0,1,0,1,0,2,Intermittent demand,zero_sales_rate >= eligible-series Q75,0.0528756900926609,0.2304776345716452,0.7558004540874597,1.109609648399397,0.4324570685673125,4.0
14,LAWN AND GARDEN,Riobamba,Chimborazo,C,7,,,0,0,1.0,0.0,0.0,,0.0,0,0,0,1,1,0,0,0,2,Insufficient history,history_length < 365 or active_days < 90,0.0528756900926609,0.2304776345716452,0.7558004540874597,1.109609648399397,0.4324570685673125,4.0
14,LINGERIE,Riobamba,Chimborazo,C,7,2013-01-02,2017-08-15,1687,1467,0.12834224598930483,4.752822341057636,4.403488381387855,0.9264996806945567,0.0142602495543672,1683,4,1,0,0,0,0,0,0,Ready with caution,Sufficient history without an extreme Q75 risk flag,0.0528756900926609,0.2304776345716452,0.7558004540874597,1.109609648399397,0.4324570685673125,4.0
14,"LIQUOR,WINE,BEER",Riobamba,Chimborazo,C,7,2013-01-02,2017-08-15,1687,1465,0.1295306001188354,25.240047534165182,27.29454677165011,1.081398390185436,0.1295306001188354,1683,4,1,0,0,0,0,0,0,Ready with caution,Sufficient history without an extreme Q75 risk flag,0.0528756900926609,0.2304776345716452,0.7558004540874597,1.109609648399397,0.4324570685673125,4.0
14,MAGAZINES,Riobamba,Chimborazo,C,7,2014-01-25,2017-08-15,1299,624,0.5185185185185185,1.037037037037037,1.451459715849982,1.39962186885534,0.0023148148148148147,1296,3,1,0,1,0,1,0,2,Intermittent demand,zero_sales_rate >= eligible-series Q75,0.0528756900926609,0.2304776345716452,0.7558004540874597,1.109609648399397,0.4324570685673125,4.0
14,MEATS,Riobamba,Chimborazo,C,7,2013-01-02,2017-08-15,1687,1641,0.024955436720142603,301.0518337439097,127.92784679802172,0.4249362815934341,0.16042780748663102,1683,4,1,0,0,0,0,1,0,Ready,"history_length >= 730, zero-sales <= median, CV <= median, and missing periods <= Q75",0.0528756900926609,0.2304776345716452,0.7558004540874597,1.109609648399397,0.4324570685673125,4.0
14,PERSONAL CARE,Riobamba,Chimborazo,C,7,2013-01-02,2017-08-15,1687,1641,0.024955436720142603,274.8461081402258,109.29888208692195,0.39767302082792433,0.35353535353535354,1683,4,1,0,0,0,0,1,0,Ready,"history_length >= 730, zero-sales <= median, CV <= median, and missing periods <= Q75",0.0528756900926609,0.2304776345716452,0.7558004540874597,1.109609648399397,0.4324570685673125,4.0
14,PET SUPPLIES,Riobamba,Chimborazo,C,7,2014-01-02,2017-08-15,1322,478,0.6376042456406369,0.5633055344958302,0.8953021835676825,1.5893722478139611,0.012130401819560273,1319,3,1,0,1,0,1,0,2,Intermittent demand,zero_sales_rate >= eligible-series Q75,0.0528756900926609,0.2304776345716452,0.7558004540874597,1.109609648399397,0.4324570685673125,4.0
14,PLAYERS AND ELECTRONICS,Riobamba,Chimborazo,C,7,2014-01-02,2017-08-15,1322,972,0.2630780894617134,3.813495072024261,3.560672877591036,0.9337032853961384,0.006823351023502654,1319,3,1,0,1,0,0,0,1,Intermittent demand,zero_sales_rate >= eligible-series Q75,0.0528756900926609,0.2304776345716452,0.7558004540874597,1.109609648399397,0.4324570685673125,4.0
14,POULTRY,Riobamba,Chimborazo,C,7,2013-01-02,2017-08-15,1687,1640,0.0255496137849079,94.86798946702318,57.15684864026225,0.6024882466823058,0.19073083778966132,1683,4,1,0,0,0,0,1,0,Ready,"history_length >= 730, zero-sales <= median, CV <= median, and missing periods <= Q75",0.0528756900926609,0.2304776345716452,0.7558004540874597,1.109609648399397,0.4324570685673125,4.0
14,PREPARED FOODS,Riobamba,Chimborazo,C,7,2013-01-02,2017-08-15,1687,1641,0.024955436720142603,60.705882352941174,31.24877559327565,0.5147569622923315,0.21093285799168152,1683,4,1,0,0,0,0,1,0,Ready,"history_length >= 730, zero-sales <= median, CV <= median, and missing periods <= Q75",0.0528756900926609,0.2304776345716452,0.7558004540874597,1.109609648399397,0.4324570685673125,4.0
14,PRODUCE,Riobamba,Chimborazo,C,7,2014-01-02,2017-08-15,1322,1006,0.23730098559514784,291.6546103563305,180.49461559535197,0.6188642633656013,0.39878695981804396,1319,3,1,0,1,0,0,0,1,Intermittent demand,zero_sales_rate >= eligible-series Q75,0.0528756900926609,0.2304776345716452,0.7558004540874597,1.109609648399397,0.4324570685673125,4.0
14,SCHOOL AND OFFICE SUPPLIES,Riobamba,Chimborazo,C,7,2014-07-05,2017-08-15,1138,157,0.8616740088105727,0.49251101321585905,2.095111961249233,4.253939313091018,0.03612334801762115,1135,3,1,0,1,0,1,0,2,Intermittent demand,zero_sales_rate >= eligible-series Q75,0.0528756900926609,0.2304776345716452,0.7558004540874597,1.109609648399397,0.4324570685673125,4.0
14,SEAFOOD,Riobamba,Chimborazo,C,7,2013-01-02,2017-08-15,1687,1313,0.21984551396316102,4.30718954248366,4.116624961548038,0.9557566299193473,0.12240047534165181,1683,4,1,0,0,0,0,0,0,Ready with caution,Sufficient history without an extreme Q75 risk flag,0.0528756900926609,0.2304776345716452,0.7558004540874597,1.109609648399397,0.4324570685673125,4.0
15,AUTOMOTIVE,Ibarra,Imbabura,C,15,2013-01-02,2017-08-15,1687,1456,0.1348781937017231,2.6856803327391563,2.2414754483386066,0.8346024733526272,0.016042780748663103,1683,4,1,0,0,0,0,0,0,Ready with caution,Sufficient history without an extreme Q75 risk flag,0.0528756900926609,0.2304776345716452,0.7558004540874597,1.109609648399397,0.4324570685673125,4.0
15,BABY CARE,Ibarra,Imbabura,C,15,2014-07-01,2017-08-15,1142,552,0.5153643546971027,1.3871817383669887,3.955847360826982,2.8517152810012227,0.001755926251097454,1139,3,1,0,1,0,1,0,2,Intermittent demand,zero_sales_rate >= eligible-series Q75,0.0528756900926609,0.2304776345716452,0.7558004540874597,1.109609648399397,0.4324570685673125,4.0
15,BEAUTY,Ibarra,Imbabura,C,15,2013-01-02,2017-08-15,1687,1303,0.22578728461081402,1.9304812834224598,1.7829397477121085,0.923572667097408,0.0843731431966726,1683,4,1,0,0,0,0,0,0,Ready with caution,Sufficient history without an extreme Q75 risk flag,0.0528756900926609,0.2304776345716452,0.7558004540874597,1.109609648399397,0.4324570685673125,4.0
15,BEVERAGES,Ibarra,Imbabura,C,15,2013-01-02,2017-08-15,1687,1679,0.0023767082590612004,1237.3885918003566,528.3842194742343,0.4270155899089501,0.48841354723707664,1683,4,1,0,0,1,0,0,1,Promotion dependent,promotion_rate >= eligible-series Q75,0.0528756900926609,0.2304776345716452,0.7558004540874597,1.109609648399397,0.4324570685673125,4.0
15,BOOKS,Ibarra,Imbabura,C,15,,,0,0,1.0,0.0,0.0,,0.0,0,0,0,1,1,0,0,0,2,Insufficient history,history_length < 365 or active_days < 90,0.0528756900926609,0.2304776345716452,0.7558004540874597,1.109609648399397,0.4324570685673125,4.0
15,BREAD/BAKERY,Ibarra,Imbabura,C,15,2013-01-02,2017-08-15,1687,1679,0.0023767082590612004,152.92988710635768,40.26918732095572,0.26331796931851414,0.3689839572192513,1683,4,1,0,0,0,0,1,0,Ready,"history_length >= 730, zero-sales <= median, CV <= median, and missing periods <= Q75",0.0528756900926609,0.2304776345716452,0.7558004540874597,1.109609648399397,0.4324570685673125,4.0
15,CELEBRATION,Ibarra,Imbabura,C,15,2014-01-02,2017-08-15,1322,917,0.30477634571645185,3.854435178165277,4.690581687399411,1.2169310081982343,0.009855951478392721,1319,3,1,0,1,0,1,0,2,Intermittent demand,zero_sales_rate >= eligible-series Q75,0.0528756900926609,0.2304776345716452,0.7558004540874597,1.109609648399397,0.4324570685673125,4.0
15,CLEANING,Ibarra,Imbabura,C,15,2013-01-02,2017-08-15,1687,1679,0.0023767082590612004,873.2222222222222,275.41594410001034,0.3154018955210705,0.49910873440285203,1683,4,1,0,0,1,0,0,1,Promotion dependent,promotion_rate >= eligible-series Q75,0.0528756900926609,0.2304776345716452,0.7558004540874597,1.109609648399397,0.4324570685673125,4.0
15,DAIRY,Ibarra,Imbabura,C,15,2013-01-02,2017-08-15,1687,1679,0.0023767082590612004,302.5977421271539,109.50992514273833,0.3618993465480698,0.40760546642899587,1683,4,1,0,0,0,0,1,0,Ready,"history_length >= 730, zero-sales <= median, CV <= median, and missing periods <= Q75",0.0528756900926609,0.2304776345716452,0.7558004540874597,1.109609648399397,0.4324570685673125,4.0
15,DELI,Ibarra,Imbabura,C,15,2013-01-02,2017-08-15,1687,1679,0.0023767082590612004,271.2061794414736,69.16076437700468,0.25501175717837804,0.40404040404040403,1683,4,1,0,0,0,0,1,0,Ready,"history_length >= 730, zero-sales <= median, CV <= median, and missing periods <= Q75",0.0528756900926609,0.2304776345716452,0.7558004540874597,1.109609648399397,0.4324570685673125,4.0
15,EGGS,Ibarra,Imbabura,C,15,2013-01-02,2017-08-15,1687,1679,0.0023767082590612004,78.65953654188948,43.69550565323182,0.5555016921560699,0.24777183600713013,1683,4,1,0,0,0,0,1,0,Ready,"history_length >= 730, zero-sales <= median, CV <= median, and missing periods <= Q75",0.0528756900926609,0.2304776345716452,0.7558004540874597,1.109609648399397,0.4324570685673125,4.0
15,FROZEN FOODS,Ibarra,Imbabura,C,15,2013-01-02,2017-08-15,1687,1679,0.0023767082590612004,64.10094116934046,62.860284041046064,0.9806452587799475,0.26559714795008915,1683,4,1,0,0,0,0,0,0,Ready with caution,Sufficient history without an extreme Q75 risk flag,0.0528756900926609,0.2304776345716452,0.7558004540874597,1.109609648399397,0.4324570685673125,4.0
15,GROCERY I,Ibarra,Imbabura,C,15,2013-01-02,2017-08-15,1687,1679,0.0023767082590612004,2720.2745739750444,688.2221238976271,0.2529973005232158,0.6030897207367796,1683,4,1,0,0,1,0,0,1,Promotion dependent,promotion_rate >= eligible-series Q75,0.0528756900926609,0.2304776345716452,0.7558004540874597,1.109609648399397,0.4324570685673125,4.0
15,GROCERY II,Ibarra,Imbabura,C,15,2013-01-02,2017-08-15,1687,1593,0.053475935828877004,9.675579322638146,9.106414952540225,0.9411751636652664,0.0481283422459893,1683,4,1,0,0,0,0,0,0,Ready with caution,Sufficient history without an extreme Q75 risk flag,0.0528756900926609,0.2304776345716452,0.7558004540874597,1.109609648399397,0.4324570685673125,4.0
15,HARDWARE,Ibarra,Imbabura,C,15,2013-01-02,2017-08-15,1687,902,0.46405228758169936,0.9144385026737968,1.1919466048901077,1.3034737725991237,0.0011883541295306002,1683,4,1,0,1,0,1,0,2,Intermittent demand,zero_sales_rate >= eligible-series Q75,0.0528756900926609,0.2304776345716452,0.7558004540874597,1.109609648399397,0.4324570685673125,4.0
15,HOME AND KITCHEN I,Ibarra,Imbabura,C,15,2014-01-02,2017-08-15,1322,1166,0.11599696739954511,37.688400303260046,97.32329979635333,2.5823144260101394,0.18802122820318423,1319,3,1,0,0,0,1,0,1,High volatility,coefficient_of_variation >= eligible-series Q75,0.0528756900926609,0.2304776345716452,0.7558004540874597,1.109609648399397,0.4324570685673125,4.0
15,HOME AND KITCHEN II,Ibarra,Imbabura,C,15,2014-01-02,2017-08-15,1322,1160,0.12054586808188021,13.326762699014404,9.778121395484364,0.7337206804325792,0.1463229719484458,1319,3,1,0,0,0,0,0,0,Ready with caution,Sufficient history without an extreme Q75 risk flag,0.0528756900926609,0.2304776345716452,0.7558004540874597,1.109609648399397,0.4324570685673125,4.0
15,HOME APPLIANCES,Ibarra,Imbabura,C,15,2013-01-03,2017-08-08,1679,172,0.8973134328358209,0.11641791044776119,0.3627672314241642,3.116077500694744,0.0,1675,4,1,0,1,0,1,0,2,Intermittent demand,zero_sales_rate >= eligible-series Q75,0.0528756900926609,0.2304776345716452,0.7558004540874597,1.109609648399397,0.4324570685673125,4.0
15,HOME CARE,Ibarra,Imbabura,C,15,2014-01-02,2017-08-15,1322,1044,0.20849128127369218,187.57771038665655,106.59891708377478,0.5682920260837012,0.42532221379833207,1319,3,1,0,0,0,0,0,0,Ready with caution,Sufficient history without an extreme Q75 risk flag,0.0528756900926609,0.2304776345716452,0.7558004540874597,1.109609648399397,0.4324570685673125,4.0
15,LADIESWEAR,Ibarra,Imbabura,C,15,2014-01-02,2017-08-15,1322,978,0.2585291887793783,7.191053828658075,6.604239133580725,0.9183965648068504,0.009855951478392721,1319,3,1,0,1,0,0,0,1,Intermittent demand,zero_sales_rate >= eligible-series Q75,0.0528756900926609,0.2304776345716452,0.7558004540874597,1.109609648399397,0.4324570685673125,4.0
15,LAWN AND GARDEN,Ibarra,Imbabura,C,15,2014-05-10,2015-05-10,366,3,0.9917808219178083,0.0410958904109589,0.4927595585455548,11.990482591275168,0.0,365,1,1,1,1,0,1,0,3,Insufficient history,history_length < 365 or active_days < 90,0.0528756900926609,0.2304776345716452,0.7558004540874597,1.109609648399397,0.4324570685673125,4.0
15,LINGERIE,Ibarra,Imbabura,C,15,2013-01-02,2017-08-15,1687,1550,0.07902554961378491,4.718954248366013,3.7297264390346334,0.7903713922054001,0.0059417706476530005,1683,4,1,0,0,0,0,0,0,Ready with caution,Sufficient history without an extreme Q75 risk flag,0.0528756900926609,0.2304776345716452,0.7558004540874597,1.109609648399397,0.4324570685673125,4.0
15,"LIQUOR,WINE,BEER",Ibarra,Imbabura,C,15,2013-01-02,2017-08-15,1687,1498,0.10992275698158051,24.669043374925728,24.39272733713914,0.988799077710997,0.1556743909685086,1683,4,1,0,0,0,0,0,0,Ready with caution,Sufficient history without an extreme Q75 risk flag,0.0528756900926609,0.2304776345716452,0.7558004540874597,1.109609648399397,0.4324570685673125,4.0
15,MAGAZINES,Ibarra,Imbabura,C,15,2014-01-24,2017-08-15,1300,582,0.551272166538165,0.9730146491904395,1.4813801937161901,1.5224644304674315,0.0015420200462606013,1297,3,1,0,1,0,1,0,2,Intermittent demand,zero_sales_rate >= eligible-series Q75,0.0528756900926609,0.2304776345716452,0.7558004540874597,1.109609648399397,0.4324570685673125,4.0
15,MEATS,Ibarra,Imbabura,C,15,2013-01-02,2017-08-15,1687,1679,0.0023767082590612004,125.81488862448009,29.662670095249506,0.23576438702563834,0.16934046345811052,1683,4,1,0,0,0,0,1,0,Ready,"history_length >= 730, zero-sales <= median, CV <= median, and missing periods <= Q75",0.0528756900926609,0.2304776345716452,0.7558004540874597,1.109609648399397,0.4324570685673125,4.0
15,PERSONAL CARE,Ibarra,Imbabura,C,15,2013-01-02,2017-08-15,1687,1679,0.0023767082590612004,181.54307783719548,51.47284720433027,0.2835296603844636,0.35591206179441476,1683,4,1,0,0,0,0,1,0,Ready,"history_length >= 730, zero-sales <= median, CV <= median, and missing periods <= Q75",0.0528756900926609,0.2304776345716452,0.7558004540874597,1.109609648399397,0.4324570685673125,4.0
15,PET SUPPLIES,Ibarra,Imbabura,C,15,2014-01-12,2017-08-15,1312,424,0.6760886172650878,0.5133689839572193,0.9405151992639166,1.832045231899504,0.008403361344537815,1309,3,1,0,1,0,1,0,2,Intermittent demand,zero_sales_rate >= eligible-series Q75,0.0528756900926609,0.2304776345716452,0.7558004540874597,1.109609648399397,0.4324570685673125,4.0
15,PLAYERS AND ELECTRONICS,Ibarra,Imbabura,C,15,2014-01-02,2017-08-15,1322,971,0.26383623957543595,3.406368460955269,3.1895345873434846,0.9363445628101617,0.006823351023502654,1319,3,1,0,1,0,0,0,1,Intermittent demand,zero_sales_rate >= eligible-series Q75,0.0528756900926609,0.2304776345716452,0.7558004540874597,1.109609648399397,0.4324570685673125,4.0
15,POULTRY,Ibarra,Imbabura,C,15,2013-01-03,2017-08-15,1686,1677,0.002972651605231867,124.79777881985733,53.72316630876851,0.43048175069138567,0.19203329369797859,1682,4,1,0,0,0,0,1,0,Ready,"history_length >= 730, zero-sales <= median, CV <= median, and missing periods <= Q75",0.0528756900926609,0.2304776345716452,0.7558004540874597,1.109609648399397,0.4324570685673125,4.0
15,PREPARED FOODS,Ibarra,Imbabura,C,15,2013-01-02,2017-08-15,1687,1679,0.0023767082590612004,30.882947118241237,14.38869165118888,0.46591057505292605,0.15151515151515152,1683,4,1,0,0,0,0,1,0,Ready,"history_length >= 730, zero-sales <= median, CV <= median, and missing periods <= Q75",0.0528756900926609,0.2304776345716452,0.7558004540874597,1.109609648399397,0.4324570685673125,4.0
15,PRODUCE,Ibarra,Imbabura,C,15,2014-01-02,2017-08-15,1322,1016,0.22971948445792267,497.54868015921153,314.79763333129716,0.6326971528304818,0.42153146322971946,1319,3,1,0,0,0,0,0,0,Ready with caution,Sufficient history without an extreme Q75 risk flag,0.0528756900926609,0.2304776345716452,0.7558004540874597,1.109609648399397,0.4324570685673125,4.0
15,SCHOOL AND OFFICE SUPPLIES,Ibarra,Imbabura,C,15,2014-07-04,2017-08-15,1139,97,0.914612676056338,0.6390845070422535,3.2246332507221385,5.0457071250969,0.03697183098591549,1136,3,1,0,1,0,1,0,2,Intermittent demand,zero_sales_rate >= eligible-series Q75,0.0528756900926609,0.2304776345716452,0.7558004540874597,1.109609648399397,0.4324570685673125,4.0
15,SEAFOOD,Ibarra,Imbabura,C,15,2013-01-02,2017-08-15,1687,1510,0.10279263220439691,5.244800950683303,3.8952654276282206,0.7426908026167776,0.12121212121212122,1683,4,1,0,0,0,0,0,0,Ready with caution,Sufficient history without an extreme Q75 risk flag,0.0528756900926609,0.2304776345716452,0.7558004540874597,1.109609648399397,0.4324570685673125,4.0
16,AUTOMOTIVE,Santo Domingo,Santo Domingo de los Tsachilas,C,3,2013-01-02,2017-08-15,1687,1636,0.027926322043969103,5.756387403446227,3.7156767575497067,0.6454876117832532,0.017825311942959002,1683,4,1,0,0,0,0,1,0,Ready,"history_length >= 730, zero-sales <= median, CV <= median, and missing periods <= Q75",0.0528756900926609,0.2304776345716452,0.7558004540874597,1.109609648399397,0.4324570685673125,4.0
16,BABY CARE,Santo Domingo,Santo Domingo de los Tsachilas,C,3,2014-10-09,2017-08-13,1040,105,0.8987463837994214,0.1523625843780135,0.5198072033334378,3.41164601175174,0.0,1037,3,1,0,1,0,1,0,2,Intermittent demand,zero_sales_rate >= eligible-series Q75,0.0528756900926609,0.2304776345716452,0.7558004540874597,1.109609648399397,0.4324570685673125,4.0
16,BEAUTY,Santo Domingo,Santo Domingo de los Tsachilas,C,3,2013-01-03,2017-08-13,1684,797,0.5255952380952381,0.8755952380952381,1.2121578386604746,1.3843814880690668,0.03630952380952381,1680,4,1,0,1,0,1,0,2,Intermittent demand,zero_sales_rate >= eligible-series Q75,0.0528756900926609,0.2304776345716452,0.7558004540874597,1.109609648399397,0.4324570685673125,4.0
16,BEVERAGES,Santo Domingo,Santo Domingo de los Tsachilas,C,3,2013-01-02,2017-08-15,1687,1679,0.0023767082590612004,1084.888888888889,575.1863846305315,0.5301799940265038,0.5133689839572193,1683,4,1,0,0,1,0,0,1,Promotion dependent,promotion_rate >= eligible-series Q75,0.0528756900926609,0.2304776345716452,0.7558004540874597,1.109609648399397,0.4324570685673125,4.0
16,BOOKS,Santo Domingo,Santo Domingo de los Tsachilas,C,3,,,0,0,1.0,0.0,0.0,,0.0,0,0,0,1,1,0,0,0,2,Insufficient history,history_length < 365 or active_days < 90,0.0528756900926609,0.2304776345716452,0.7558004540874597,1.109609648399397,0.4324570685673125,4.0
16,BREAD/BAKERY,Santo Domingo,Santo Domingo de los Tsachilas,C,3,2013-01-02,2017-08-15,1687,1679,0.0023767082590612004,202.06417112299465,74.89420627844136,0.37064565114244785,0.3790849673202614,1683,4,1,0,0,0,0,1,0,Ready,"history_length >= 730, zero-sales <= median, CV <= median, and missing periods <= Q75",0.0528756900926609,0.2304776345716452,0.7558004540874597,1.109609648399397,0.4324570685673125,4.0
16,CELEBRATION,Santo Domingo,Santo Domingo de los Tsachilas,C,3,2014-01-02,2017-08-15,1322,976,0.26004548900682334,4.615617892342684,5.185051926801215,1.1233711385431673,0.02047005307050796,1319,3,1,0,1,0,1,0,2,Intermittent demand,zero_sales_rate >= eligible-series Q75,0.0528756900926609,0.2304776345716452,0.7558004540874597,1.109609648399397,0.4324570685673125,4.0
16,CLEANING,Santo Domingo,Santo Domingo de los Tsachilas,C,3,2013-01-02,2017-08-15,1687,1679,0.0023767082590612004,1002.3778966131907,498.6253372093194,0.49744247044359435,0.48247177658942364,1683,4,1,0,0,1,0,0,1,Promotion dependent,promotion_rate >= eligible-series Q75,0.0528756900926609,0.2304776345716452,0.7558004540874597,1.109609648399397,0.4324570685673125,4.0
16,DAIRY,Santo Domingo,Santo Domingo de los Tsachilas,C,3,2013-01-02,2017-08-15,1687,1679,0.0023767082590612004,244.85739750445632,102.64411514065945,0.41919956753110293,0.45751633986928103,1683,4,1,0,0,1,0,0,1,Promotion dependent,promotion_rate >= eligible-series Q75,0.0528756900926609,0.2304776345716452,0.7558004540874597,1.109609648399397,0.4324570685673125,4.0
16,DELI,Santo Domingo,Santo Domingo de los Tsachilas,C,3,2013-01-02,2017-08-15,1687,1679,0.0023767082590612004,214.0909090909091,75.08739692199661,0.3507266947524258,0.43374925727866903,1683,4,1,0,0,1,0,0,1,Promotion dependent,promotion_rate >= eligible-series Q75,0.0528756900926609,0.2304776345716452,0.7558004540874597,1.109609648399397,0.4324570685673125,4.0
16,EGGS,Santo Domingo,Santo Domingo de los Tsachilas,C,3,2013-01-02,2017-08-15,1687,1679,0.0023767082590612004,177.95603089720737,105.8284141333621,0.5946885508729496,0.28104575163398693,1683,4,1,0,0,0,0,1,0,Ready,"history_length >= 730, zero-sales <= median, CV <= median, and missing periods <= Q75",0.0528756900926609,0.2304776345716452,0.7558004540874597,1.109609648399397,0.4324570685673125,4.0
16,FROZEN FOODS,Santo Domingo,Santo Domingo de los Tsachilas,C,3,2013-01-02,2017-08-15,1687,1679,0.0023767082590612004,41.6098681036839,66.76330896325956,1.6045066232101013,0.29292929292929293,1683,4,1,0,0,0,1,0,1,High volatility,coefficient_of_variation >= eligible-series Q75,0.0528756900926609,0.2304776345716452,0.7558004540874597,1.109609648399397,0.4324570685673125,4.0
16,GROCERY I,Santo Domingo,Santo Domingo de los Tsachilas,C,3,2013-01-02,2017-08-15,1687,1679,0.0023767082590612004,2559.2823814616754,812.890818303504,0.31762451232100464,0.6387403446226976,1683,4,1,0,0,1,0,0,1,Promotion dependent,promotion_rate >= eligible-series Q75,0.0528756900926609,0.2304776345716452,0.7558004540874597,1.109609648399397,0.4324570685673125,4.0
16,GROCERY II,Santo Domingo,Santo Domingo de los Tsachilas,C,3,2013-01-02,2017-08-15,1687,1521,0.0962566844919786,5.912655971479501,7.851935409292718,1.3279878699467031,0.0481283422459893,1683,4,1,0,0,0,1,0,1,High volatility,coefficient_of_variation >= eligible-series Q75,0.0528756900926609,0.2304776345716452,0.7558004540874597,1.109609648399397,0.4324570685673125,4.0
16,HARDWARE,Santo Domingo,Santo Domingo de los Tsachilas,C,3,2013-01-03,2017-08-07,1678,629,0.6242532855436081,0.5955794504181601,0.9740221966922471,1.6354194155093498,0.0005973715651135006,1674,4,1,0,1,0,1,0,2,Intermittent demand,zero_sales_rate >= eligible-series Q75,0.0528756900926609,0.2304776345716452,0.7558004540874597,1.109609648399397,0.4324570685673125,4.0
16,HOME AND KITCHEN I,Santo Domingo,Santo Domingo de los Tsachilas,C,3,2014-01-02,2017-08-15,1322,1165,0.11675511751326763,16.041698256254737,12.445166730862137,0.775801073680569,0.19029567854435178,1319,3,1,0,0,0,0,0,0,Ready with caution,Sufficient history without an extreme Q75 risk flag,0.0528756900926609,0.2304776345716452,0.7558004540874597,1.109609648399397,0.4324570685673125,4.0
16,HOME AND KITCHEN II,Santo Domingo,Santo Domingo de los Tsachilas,C,3,2014-01-02,2017-08-15,1322,1162,0.11902956785443518,9.915087187263078,9.586460235771511,0.9668558687094834,0.17892342683851403,1319,3,1,0,0,0,0,0,0,Ready with caution,Sufficient history without an extreme Q75 risk flag,0.0528756900926609,0.2304776345716452,0.7558004540874597,1.109609648399397,0.4324570685673125,4.0
16,HOME APPLIANCES,Santo Domingo,Santo Domingo de los Tsachilas,C,3,2013-01-13,2017-08-07,1668,187,0.8876201923076923,0.12620192307692307,0.3714864229681844,2.943587656281233,0.0,1664,4,1,0,1,0,1,0,2,Intermittent demand,zero_sales_rate >= eligible-series Q75,0.0528756900926609,0.2304776345716452,0.7558004540874597,1.109609648399397,0.4324570685673125,4.0
16,HOME CARE,Santo Domingo,Santo Domingo de los Tsachilas,C,3,2014-01-02,2017-08-15,1322,1044,0.20849128127369218,171.40940106141016,117.72841397180956,0.6868258872780931,0.4139499620924943,1319,3,1,0,0,0,0,0,0,Ready with caution,Sufficient history without an extreme Q75 risk flag,0.0528756900926609,0.2304776345716452,0.7558004540874597,1.109609648399397,0.4324570685673125,4.0
16,LADIESWEAR,Santo Domingo,Santo Domingo de los Tsachilas,C,3,,,0,0,1.0,0.0,0.0,,0.0,0,0,0,1,1,0,0,0,2,Insufficient history,history_length < 365 or active_days < 90,0.0528756900926609,0.2304776345716452,0.7558004540874597,1.109609648399397,0.4324570685673125,4.0
16,LAWN AND GARDEN,Santo Domingo,Santo Domingo de los Tsachilas,C,3,2014-10-29,2015-11-05,373,11,0.9704301075268817,0.07258064516129033,0.4731050229611446,6.518335871909103,0.005376344086021506,372,1,1,1,1,0,1,0,3,Insufficient history,history_length < 365 or active_days < 90,0.0528756900926609,0.2304776345716452,0.7558004540874597,1.109609648399397,0.4324570685673125,4.0
16,LINGERIE,Santo Domingo,Santo Domingo de los Tsachilas,C,3,2013-01-02,2017-08-15,1687,1372,0.18478906714200832,3.9292929292929295,3.9266904202788613,0.9993376648010469,0.0029708853238265003,1683,4,1,0,0,0,0,0,0,Ready with caution,Sufficient history without an extreme Q75 risk flag,0.0528756900926609,0.2304776345716452,0.7558004540874597,1.109609648399397,0.4324570685673125,4.0
16,"LIQUOR,WINE,BEER",Santo Domingo,Santo Domingo de los Tsachilas,C,3,2013-01-02,2017-08-15,1687,1496,0.1111111111111111,35.928698752228165,43.666443524081195,1.2153639024116665,0.1740938799762329,1683,4,1,0,0,0,1,0,1,High volatility,coefficient_of_variation >= eligible-series Q75,0.0528756900926609,0.2304776345716452,0.7558004540874597,1.109609648399397,0.4324570685673125,4.0
16,MAGAZINES,Santo Domingo,Santo Domingo de los Tsachilas,C,3,2014-01-16,2017-08-15,1308,540,0.5862068965517241,0.7494252873563219,1.1414734816584153,1.5231317930104622,0.0038314176245210726,1305,3,1,0,1,0,1,0,2,Intermittent demand,zero_sales_rate >= eligible-series Q75,0.0528756900926609,0.2304776345716452,0.7558004540874597,1.109609648399397,0.4324570685673125,4.0
16,MEATS,Santo Domingo,Santo Domingo de los Tsachilas,C,3,2013-01-02,2017-08-15,1687,1679,0.0023767082590612004,76.41459982412358,26.688601316809336,0.3492604996720001,0.20558526440879382,1683,4,1,0,0,0,0,1,0,Ready,"history_length >= 730, zero-sales <= median, CV <= median, and missing periods <= Q75",0.0528756900926609,0.2304776345716452,0.7558004540874597,1.109609648399397,0.4324570685673125,4.0
16,PERSONAL CARE,Santo Domingo,Santo Domingo de los Tsachilas,C,3,2013-01-02,2017-08-15,1687,1679,0.0023767082590612004,197.19489007724303,78.2313487136359,0.3967209732614875,0.3523469994058229,1683,4,1,0,0,0,0,1,0,Ready,"history_length >= 730, zero-sales <= median, CV <= median, and missing periods <= Q75",0.0528756900926609,0.2304776345716452,0.7558004540874597,1.109609648399397,0.4324570685673125,4.0
16,PET SUPPLIES,Santo Domingo,Santo Domingo de los Tsachilas,C,3,2014-01-26,2017-08-14,1297,270,0.7913446676970634,0.3462132921174652,0.8466742385059063,2.445527822827328,0.00463678516228748,1294,3,1,0,1,0,1,0,2,Intermittent demand,zero_sales_rate >= eligible-series Q75,0.0528756900926609,0.2304776345716452,0.7558004540874597,1.109609648399397,0.4324570685673125,4.0
16,PLAYERS AND ELECTRONICS,Santo Domingo,Santo Domingo de los Tsachilas,C,3,2014-01-02,2017-08-15,1322,915,0.3062926459438969,2.4950720242608035,2.649722688292889,1.0619824448065394,0.013646702047005308,1319,3,1,0,1,0,0,0,1,Intermittent demand,zero_sales_rate >= eligible-series Q75,0.0528756900926609,0.2304776345716452,0.7558004540874597,1.109609648399397,0.4324570685673125,4.0
16,POULTRY,Santo Domingo,Santo Domingo de los Tsachilas,C,3,2013-01-02,2017-08-15,1687,1677,0.0035650623885918,94.28141936226974,34.652760806510514,0.3675460238179032,0.19964349376114082,1683,4,1,0,0,0,0,1,0,Ready,"history_length >= 730, zero-sales <= median, CV <= median, and missing periods <= Q75",0.0528756900926609,0.2304776345716452,0.7558004540874597,1.109609648399397,0.4324570685673125,4.0
16,PREPARED FOODS,Santo Domingo,Santo Domingo de los Tsachilas,C,3,2013-01-02,2017-08-15,1687,1678,0.0029708853238265003,41.81877599524658,14.270399727061783,0.34124384053430584,0.1556743909685086,1683,4,1,0,0,0,0,1,0,Ready,"history_length >= 730, zero-sales <= median, CV <= median, and missing periods <= Q75",0.0528756900926609,0.2304776345716452,0.7558004540874597,1.109609648399397,0.4324570685673125,4.0
16,PRODUCE,Santo Domingo,Santo Domingo de los Tsachilas,C,3,2014-01-02,2017-08-15,1322,1016,0.22971948445792267,475.34685249431385,312.3530413521999,0.6571055213959501,0.45564821834723274,1319,3,1,0,0,1,0,0,1,Promotion dependent,promotion_rate >= eligible-series Q75,0.0528756900926609,0.2304776345716452,0.7558004540874597,1.109609648399397,0.4324570685673125,4.0
16,SCHOOL AND OFFICE SUPPLIES,Santo Domingo,Santo Domingo de los Tsachilas,C,3,2015-07-27,2017-05-25,669,120,0.8200899550224887,3.5187406296851576,11.68470392945891,3.3207062296331884,0.15442278860569716,667,2,1,0,1,0,1,0,2,Intermittent demand,zero_sales_rate >= eligible-series Q75,0.0528756900926609,0.2304776345716452,0.7558004540874597,1.109609648399397,0.4324570685673125,4.0
16,SEAFOOD,Santo Domingo,Santo Domingo de los Tsachilas,C,3,2013-01-02,2017-08-15,1687,1276,0.24183006535947713,2.775995246583482,2.89783943133074,1.0438920725448704,0.09269162210338681,1683,4,1,0,1,0,0,0,1,Intermittent demand,zero_sales_rate >= eligible-series Q75,0.0528756900926609,0.2304776345716452,0.7558004540874597,1.109609648399397,0.4324570685673125,4.0
17,AUTOMOTIVE,Quito,Pichincha,C,12,2013-01-02,2017-08-15,1687,1602,0.0481283422459893,6.112299465240642,4.65081375776701,0.760894289328461,0.023172905525846704,1683,4,1,0,0,0,0,0,0,Ready with caution,Sufficient history without an extreme Q75 risk flag,0.0528756900926609,0.2304776345716452,0.7558004540874597,1.109609648399397,0.4324570685673125,4.0
17,BABY CARE,Quito,Pichincha,C,12,2015-09-08,2017-08-14,707,168,0.7617021276595745,0.3645390070921986,0.8251321133692577,2.2634947078806484,0.0,705,2,1,0,1,0,1,0,2,Intermittent demand,zero_sales_rate >= eligible-series Q75,0.0528756900926609,0.2304776345716452,0.7558004540874597,1.109609648399397,0.4324570685673125,4.0
17,BEAUTY,Quito,Pichincha,C,12,2013-01-02,2017-08-15,1687,1189,0.2935234699940582,1.8342245989304813,2.034592145379267,1.1092382833408831,0.0766488413547237,1683,4,1,0,1,0,0,0,1,Intermittent demand,zero_sales_rate >= eligible-series Q75,0.0528756900926609,0.2304776345716452,0.7558004540874597,1.109609648399397,0.4324570685673125,4.0
17,BEVERAGES,Quito,Pichincha,C,12,2013-01-02,2017-08-15,1687,1677,0.0035650623885918,2403.89898989899,1277.6845145359896,0.5315050756727832,0.48781937017231136,1683,4,1,0,0,1,0,0,1,Promotion dependent,promotion_rate >= eligible-series Q75,0.0528756900926609,0.2304776345716452,0.7558004540874597,1.109609648399397,0.4324570685673125,4.0
17,BOOKS,Quito,Pichincha,C,12,,,0,0,1.0,0.0,0.0,,0.0,0,0,0,1,1,0,0,0,2,Insufficient history,history_length < 365 or active_days < 90,0.0528756900926609,0.2304776345716452,0.7558004540874597,1.109609648399397,0.4324570685673125,4.0
17,BREAD/BAKERY,Quito,Pichincha,C,12,2013-01-02,2017-08-15,1687,1677,0.0035650623885918,252.4795008912656,112.86265906580245,0.4470171188844697,0.37433155080213903,1683,4,1,0,0,0,0,1,0,Ready,"history_length >= 730, zero-sales <= median, CV <= median, and missing periods <= Q75",0.0528756900926609,0.2304776345716452,0.7558004540874597,1.109609648399397,0.4324570685673125,4.0
17,CELEBRATION,Quito,Pichincha,C,12,2014-01-02,2017-08-15,1322,987,0.2517058377558757,5.953752843062927,7.105116823169434,1.1933845778378305,0.019711902956785442,1319,3,1,0,1,0,1,0,2,Intermittent demand,zero_sales_rate >= eligible-series Q75,0.0528756900926609,0.2304776345716452,0.7558004540874597,1.109609648399397,0.4324570685673125,4.0
17,CLEANING,Quito,Pichincha,C,12,2013-01-02,2017-08-15,1687,1677,0.0035650623885918,1067.296494355318,319.7919610694357,0.29962804409153476,0.5002970885323826,1683,4,1,0,0,1,0,0,1,Promotion dependent,promotion_rate >= eligible-series Q75,0.0528756900926609,0.2304776345716452,0.7558004540874597,1.109609648399397,0.4324570685673125,4.0
17,DAIRY,Quito,Pichincha,C,12,2013-01-02,2017-08-15,1687,1677,0.0035650623885918,545.8110516934046,280.7377658447209,0.5143497277560041,0.42840166369578137,1683,4,1,0,0,0,0,1,0,Ready,"history_length >= 730, zero-sales <= median, CV <= median, and missing periods <= Q75",0.0528756900926609,0.2304776345716452,0.7558004540874597,1.109609648399397,0.4324570685673125,4.0
17,DELI,Quito,Pichincha,C,12,2013-01-02,2017-08-15,1687,1677,0.0035650623885918,424.37611408199643,157.8768520966095,0.3720210607001908,0.38740344622697565,1683,4,1,0,0,0,0,1,0,Ready,"history_length >= 730, zero-sales <= median, CV <= median, and missing periods <= Q75",0.0528756900926609,0.2304776345716452,0.7558004540874597,1.109609648399397,0.4324570685673125,4.0
17,EGGS,Quito,Pichincha,C,12,2013-01-02,2017-08-15,1687,1677,0.0035650623885918,180.77124183006535,130.2252528705508,0.7203870015617281,0.2857991681521093,1683,4,1,0,0,0,0,1,0,Ready,"history_length >= 730, zero-sales <= median, CV <= median, and missing periods <= Q75",0.0528756900926609,0.2304776345716452,0.7558004540874597,1.109609648399397,0.4324570685673125,4.0
17,FROZEN FOODS,Quito,Pichincha,C,12,2013-01-02,2017-08-15,1687,1677,0.0035650623885918,96.30036604159238,94.745265022132,0.9838515565061432,0.3273915626856803,1683,4,1,0,0,0,0,0,0,Ready with caution,Sufficient history without an extreme Q75 risk flag,0.0528756900926609,0.2304776345716452,0.7558004540874597,1.109609648399397,0.4324570685673125,4.0
17,GROCERY I,Quito,Pichincha,C,12,2013-01-02,2017-08-15,1687,1677,0.0035650623885918,3834.6020303030305,1414.9848447428778,0.36900435392276115,0.6036838978015449,1683,4,1,0,0,1,0,0,1,Promotion dependent,promotion_rate >= eligible-series Q75,0.0528756900926609,0.2304776345716452,0.7558004540874597,1.109609648399397,0.4324570685673125,4.0
17,GROCERY II,Quito,Pichincha,C,12,2013-01-02,2017-08-15,1687,1599,0.049910873440285206,8.212121212121213,8.81118063136114,1.0729481949627955,0.05763517528223411,1683,4,1,0,0,0,0,0,0,Ready with caution,Sufficient history without an extreme Q75 risk flag,0.0528756900926609,0.2304776345716452,0.7558004540874597,1.109609648399397,0.4324570685673125,4.0
17,HARDWARE,Quito,Pichincha,C,12,2013-01-03,2017-08-15,1686,703,0.5820451843043996,0.7384066587395958,1.1881075714495575,1.609015245715101,0.0017835909631391202,1682,4,1,0,1,0,1,0,2,Intermittent demand,zero_sales_rate >= eligible-series Q75,0.0528756900926609,0.2304776345716452,0.7558004540874597,1.109609648399397,0.4324570685673125,4.0
17,HOME AND KITCHEN I,Quito,Pichincha,C,12,2014-01-02,2017-08-15,1322,1161,0.1197877179681577,21.616376042456405,16.437491064693656,0.760418445367948,0.2304776345716452,1319,3,1,0,0,0,0,0,0,Ready with caution,Sufficient history without an extreme Q75 risk flag,0.0528756900926609,0.2304776345716452,0.7558004540874597,1.109609648399397,0.4324570685673125,4.0
17,HOME AND KITCHEN II,Quito,Pichincha,C,12,2014-01-02,2017-08-15,1322,1162,0.11902956785443518,20.0538286580743,22.18181147625667,1.10611354342681,0.17892342683851403,1319,3,1,0,0,0,0,0,0,Ready with caution,Sufficient history without an extreme Q75 risk flag,0.0528756900926609,0.2304776345716452,0.7558004540874597,1.109609648399397,0.4324570685673125,4.0
17,HOME APPLIANCES,Quito,Pichincha,C,12,2013-01-05,2017-08-01,1670,223,0.8661464585834334,0.1758703481392557,0.4898182466097305,2.7851098936921876,0.0,1666,4,1,0,1,0,1,0,2,Intermittent demand,zero_sales_rate >= eligible-series Q75,0.0528756900926609,0.2304776345716452,0.7558004540874597,1.109609648399397,0.4324570685673125,4.0
17,HOME CARE,Quito,Pichincha,C,12,2014-01-02,2017-08-15,1322,1042,0.2100075815011372,242.131159969674,154.53079972852797,0.6382111238713859,0.4351781652767248,1319,3,1,0,0,1,0,0,1,Promotion dependent,promotion_rate >= eligible-series Q75,0.0528756900926609,0.2304776345716452,0.7558004540874597,1.109609648399397,0.4324570685673125,4.0
17,LADIESWEAR,Quito,Pichincha,C,12,2014-01-04,2017-08-01,1306,526,0.5963161933998465,2.463545663852648,4.72939125500127,1.9197497835721664,0.003837298541826554,1303,3,1,0,1,0,1,0,2,Intermittent demand,zero_sales_rate >= eligible-series Q75,0.0528756900926609,0.2304776345716452,0.7558004540874597,1.109609648399397,0.4324570685673125,4.0
17,LAWN AND GARDEN,Quito,Pichincha,C,12,2014-05-08,2015-11-03,545,40,0.9264705882352942,0.3805147058823529,1.5850553527363702,4.165556096080123,0.009191176470588236,544,1,1,1,1,0,1,0,3,Insufficient history,history_length < 365 or active_days < 90,0.0528756900926609,0.2304776345716452,0.7558004540874597,1.109609648399397,0.4324570685673125,4.0
17,LINGERIE,Quito,Pichincha,C,12,2013-01-02,2017-08-15,1687,1501,0.1081402257872846,5.320855614973262,5.806365053073804,1.0912464974118605,0.019013666072489603,1683,4,1,0,0,0,0,0,0,Ready with caution,Sufficient history without an extreme Q75 risk flag,0.0528756900926609,0.2304776345716452,0.7558004540874597,1.109609648399397,0.4324570685673125,4.0
17,"LIQUOR,WINE,BEER",Quito,Pichincha,C,12,2013-01-02,2017-08-15,1687,1497,0.11051693404634581,39.07070707070707,42.83489155487136,1.0963428810579794,0.16339869281045752,1683,4,1,0,0,0,0,0,0,Ready with caution,Sufficient history without an extreme Q75 risk flag,0.0528756900926609,0.2304776345716452,0.7558004540874597,1.109609648399397,0.4324570685673125,4.0
17,MAGAZINES,Quito,Pichincha,C,12,2014-01-27,2017-08-15,1297,664,0.4868624420401855,1.6421947449768162,2.2471665009527158,1.368392212815442,0.0030911901081916537,1294,3,1,0,1,0,1,0,2,Intermittent demand,zero_sales_rate >= eligible-series Q75,0.0528756900926609,0.2304776345716452,0.7558004540874597,1.109609648399397,0.4324570685673125,4.0
17,MEATS,Quito,Pichincha,C,12,2013-01-02,2017-08-15,1687,1677,0.0035650623885918,253.01440345098038,141.8453944707589,0.5606218165292727,0.18538324420677363,1683,4,1,0,0,0,0,1,0,Ready,"history_length >= 730, zero-sales <= median, CV <= median, and missing periods <= Q75",0.0528756900926609,0.2304776345716452,0.7558004540874597,1.109609648399397,0.4324570685673125,4.0
17,PERSONAL CARE,Quito,Pichincha,C,12,2013-01-02,2017-08-15,1687,1677,0.0035650623885918,228.46939988116458,105.85509685592324,0.4633228647292916,0.3582887700534759,1683,4,1,0,0,0,0,1,0,Ready,"history_length >= 730, zero-sales <= median, CV <= median, and missing periods <= Q75",0.0528756900926609,0.2304776345716452,0.7558004540874597,1.109609648399397,0.4324570685673125,4.0
17,PET SUPPLIES,Quito,Pichincha,C,12,2014-01-02,2017-08-15,1322,681,0.4836997725549659,1.2911296436694466,1.8329736151324094,1.4196665874102454,0.009097801364670205,1319,3,1,0,1,0,1,0,2,Intermittent demand,zero_sales_rate >= eligible-series Q75,0.0528756900926609,0.2304776345716452,0.7558004540874597,1.109609648399397,0.4324570685673125,4.0
17,PLAYERS AND ELECTRONICS,Quito,Pichincha,C,12,2014-01-02,2017-08-15,1322,1004,0.23881728582259287,6.55724033358605,6.6363045022624085,1.0120575371122809,0.01061410159211524,1319,3,1,0,1,0,0,0,1,Intermittent demand,zero_sales_rate >= eligible-series Q75,0.0528756900926609,0.2304776345716452,0.7558004540874597,1.109609648399397,0.4324570685673125,4.0
17,POULTRY,Quito,Pichincha,C,12,2013-01-02,2017-08-15,1687,1677,0.0035650623885918,301.1746793850267,106.33541196615825,0.35306889736974634,0.19786096256684493,1683,4,1,0,0,0,0,1,0,Ready,"history_length >= 730, zero-sales <= median, CV <= median, and missing periods <= Q75",0.0528756900926609,0.2304776345716452,0.7558004540874597,1.109609648399397,0.4324570685673125,4.0
17,PREPARED FOODS,Quito,Pichincha,C,12,2013-01-02,2017-08-15,1687,1677,0.0035650623885918,65.33333333333333,28.468519443177318,0.43574264453842837,0.22400475341651813,1683,4,1,0,0,0,0,1,0,Ready,"history_length >= 730, zero-sales <= median, CV <= median, and missing periods <= Q75",0.0528756900926609,0.2304776345716452,0.7558004540874597,1.109609648399397,0.4324570685673125,4.0
17,PRODUCE,Quito,Pichincha,C,12,2014-01-02,2017-08-15,1322,1014,0.2312357846853677,957.2424781652767,662.6269721135728,0.6922247886278655,0.41470811220621684,1319,3,1,0,1,0,0,0,1,Intermittent demand,zero_sales_rate >= eligible-series Q75,0.0528756900926609,0.2304776345716452,0.7558004540874597,1.109609648399397,0.4324570685673125,4.0
17,SCHOOL AND OFFICE SUPPLIES,Quito,Pichincha,C,12,2014-07-03,2017-08-15,1140,205,0.8197009674582234,0.8619173262972736,3.6989864690329184,4.291579199275947,0.055408970976253295,1137,3,1,0,1,0,1,0,2,Intermittent demand,zero_sales_rate >= eligible-series Q75,0.0528756900926609,0.2304776345716452,0.7558004540874597,1.109609648399397,0.4324570685673125,4.0
17,SEAFOOD,Quito,Pichincha,C,12,2013-01-02,2017-08-15,1687,1542,0.08377896613190731,11.123269162210338,7.366052535157158,0.6622201106291874,0.12834224598930483,1683,4,1,0,0,0,0,0,0,Ready with caution,Sufficient history without an extreme Q75 risk flag,0.0528756900926609,0.2304776345716452,0.7558004540874597,1.109609648399397,0.4324570685673125,4.0
18,AUTOMOTIVE,Quito,Pichincha,B,16,2013-01-02,2017-08-15,1687,1443,0.14260249554367202,3.809863339275104,3.339771887352927,0.8766119910191791,0.0243612596553773,1683,4,1,0,0,0,0,0,0,Ready with caution,Sufficient history without an extreme Q75 risk flag,0.0528756900926609,0.2304776345716452,0.7558004540874597,1.109609648399397,0.4324570685673125,4.0
18,BABY CARE,Quito,Pichincha,B,16,2014-03-01,2017-08-15,1264,111,0.9119746233148295,0.1324345757335448,0.49831734793002563,3.762743567303966,0.0,1261,3,1,0,1,0,1,0,2,Intermittent demand,zero_sales_rate >= eligible-series Q75,0.0528756900926609,0.2304776345716452,0.7558004540874597,1.109609648399397,0.4324570685673125,4.0
18,BEAUTY,Quito,Pichincha,B,16,2013-01-02,2017-08-15,1687,1233,0.26737967914438504,2.0005941770647655,2.2354030945533037,1.1173695895851528,0.08912655971479501,1683,4,1,0,1,0,1,0,2,Intermittent demand,zero_sales_rate >= eligible-series Q75,0.0528756900926609,0.2304776345716452,0.7558004540874597,1.109609648399397,0.4324570685673125,4.0
18,BEVERAGES,Quito,Pichincha,B,16,2013-01-02,2017-08-15,1687,1568,0.06833036244800951,1645.7326203208556,1104.8475615093218,0.6713408653794067,0.43077837195484253,1683,4,1,0,0,0,0,0,0,Ready with caution,Sufficient history without an extreme Q75 risk flag,0.0528756900926609,0.2304776345716452,0.7558004540874597,1.109609648399397,0.4324570685673125,4.0
18,BOOKS,Quito,Pichincha,B,16,,,0,0,1.0,0.0,0.0,,0.0,0,0,0,1,1,0,0,0,2,Insufficient history,history_length < 365 or active_days < 90,0.0528756900926609,0.2304776345716452,0.7558004540874597,1.109609648399397,0.4324570685673125,4.0
18,BREAD/BAKERY,Quito,Pichincha,B,16,2013-01-02,2017-08-15,1687,1569,0.0677361853832442,659.3854337492573,232.1179238525597,0.3520216128110991,0.35650623885918004,1683,4,1,0,0,0,0,0,0,Ready with caution,Sufficient history without an extreme Q75 risk flag,0.0528756900926609,0.2304776345716452,0.7558004540874597,1.109609648399397,0.4324570685673125,4.0
18,CELEBRATION,Quito,Pichincha,B,16,2014-01-02,2017-08-15,1322,875,0.3366186504927976,5.957543593631539,49.24480994845873,8.265958809113906,0.006065200909780136,1319,3,1,0,1,0,1,0,2,Intermittent demand,zero_sales_rate >= eligible-series Q75,0.0528756900926609,0.2304776345716452,0.7558004540874597,1.109609648399397,0.4324570685673125,4.0
18,CLEANING,Quito,Pichincha,B,16,2013-01-02,2017-08-15,1687,1569,0.0677361853832442,600.6066547831254,305.91859059206826,0.5093493189857066,0.40819964349376114,1683,4,1,0,0,0,0,0,0,Ready with caution,Sufficient history without an extreme Q75 risk flag,0.0528756900926609,0.2304776345716452,0.7558004540874597,1.109609648399397,0.4324570685673125,4.0
18,DAIRY,Quito,Pichincha,B,16,2013-01-02,2017-08-15,1687,1569,0.0677361853832442,473.57278669043376,240.88471968340022,0.5086540579470888,0.40404040404040403,1683,4,1,0,0,0,0,0,0,Ready with caution,Sufficient history without an extreme Q75 risk flag,0.0528756900926609,0.2304776345716452,0.7558004540874597,1.109609648399397,0.4324570685673125,4.0
18,DELI,Quito,Pichincha,B,16,2013-01-02,2017-08-15,1687,1569,0.0677361853832442,205.18034079976232,95.30960513879641,0.464516262948457,0.35353535353535354,1683,4,1,0,0,0,0,0,0,Ready with caution,Sufficient history without an extreme Q75 risk flag,0.0528756900926609,0.2304776345716452,0.7558004540874597,1.109609648399397,0.4324570685673125,4.0
18,EGGS,Quito,Pichincha,B,16,2013-01-02,2017-08-15,1687,1569,0.0677361853832442,161.58229352346999,81.85325662248817,0.5065731822317456,0.28401663695781343,1683,4,1,0,0,0,0,0,0,Ready with caution,Sufficient history without an extreme Q75 risk flag,0.0528756900926609,0.2304776345716452,0.7558004540874597,1.109609648399397,0.4324570685673125,4.0
18,FROZEN FOODS,Quito,Pichincha,B,16,2013-01-02,2017-08-15,1687,1569,0.0677361853832442,56.76499281937017,64.22557224825735,1.1314292323197719,0.25727866904337493,1683,4,1,0,0,0,1,0,1,High volatility,coefficient_of_variation >= eligible-series Q75,0.0528756900926609,0.2304776345716452,0.7558004540874597,1.109609648399397,0.4324570685673125,4.0
18,GROCERY I,Quito,Pichincha,B,16,2013-01-02,2017-08-15,1687,1569,0.0677361853832442,2459.1142822341058,1177.2926620247374,0.4787466245591347,0.5317884729649436,1683,4,1,0,0,1,0,0,1,Promotion dependent,promotion_rate >= eligible-series Q75,0.0528756900926609,0.2304776345716452,0.7558004540874597,1.109609648399397,0.4324570685673125,4.0
18,GROCERY II,Quito,Pichincha,B,16,2013-01-02,2017-08-15,1687,1566,0.06951871657754011,16.646464646464647,10.731637428340974,0.644679675610289,0.0421865715983363,1683,4,1,0,0,0,0,0,0,Ready with caution,Sufficient history without an extreme Q75 risk flag,0.0528756900926609,0.2304776345716452,0.7558004540874597,1.109609648399397,0.4324570685673125,4.0
18,HARDWARE,Quito,Pichincha,B,16,2013-01-06,2017-08-15,1683,803,0.5217391304347826,0.93210244192972,1.322821522699775,1.41918040678142,0.0,1679,4,1,0,1,0,1,0,2,Intermittent demand,zero_sales_rate >= eligible-series Q75,0.0528756900926609,0.2304776345716452,0.7558004540874597,1.109609648399397,0.4324570685673125,4.0
18,HOME AND KITCHEN I,Quito,Pichincha,B,16,2014-01-02,2017-08-15,1322,1053,0.20166793025018953,18.335860500379074,30.88537000380399,1.6844243553862916,0.1683093252463988,1319,3,1,0,0,0,1,0,1,High volatility,coefficient_of_variation >= eligible-series Q75,0.0528756900926609,0.2304776345716452,0.7558004540874597,1.109609648399397,0.4324570685673125,4.0
18,HOME AND KITCHEN II,Quito,Pichincha,B,16,2014-01-02,2017-08-15,1322,1056,0.19939347990902198,10.725549658832449,9.166171600134309,0.8546108956370363,0.12206216830932524,1319,3,1,0,0,0,0,0,0,Ready with caution,Sufficient history without an extreme Q75 risk flag,0.0528756900926609,0.2304776345716452,0.7558004540874597,1.109609648399397,0.4324570685673125,4.0
18,HOME APPLIANCES,Quito,Pichincha,B,16,2013-01-04,2017-07-31,1670,229,0.8625450180072028,0.17406962785114047,0.4861565930715,2.7928858070935134,0.0,1666,4,1,0,1,0,1,0,2,Intermittent demand,zero_sales_rate >= eligible-series Q75,0.0528756900926609,0.2304776345716452,0.7558004540874597,1.109609648399397,0.4324570685673125,4.0
18,HOME CARE,Quito,Pichincha,B,16,2014-01-02,2017-08-15,1322,934,0.2918877937831691,139.0174374526156,111.08124478528775,0.7990454062509247,0.36694465504169826,1319,3,1,0,1,0,0,0,1,Intermittent demand,zero_sales_rate >= eligible-series Q75,0.0528756900926609,0.2304776345716452,0.7558004540874597,1.109609648399397,0.4324570685673125,4.0
18,LADIESWEAR,Quito,Pichincha,B,16,2014-01-02,2017-08-15,1322,891,0.3244882486732373,8.01516300227445,8.46611099990946,1.0562618623610083,0.000758150113722517,1319,3,1,0,1,0,0,0,1,Intermittent demand,zero_sales_rate >= eligible-series Q75,0.0528756900926609,0.2304776345716452,0.7558004540874597,1.109609648399397,0.4324570685673125,4.0
18,LAWN AND GARDEN,Quito,Pichincha,B,16,2013-01-08,2017-08-13,1679,711,0.5755223880597015,1.4161194029850745,3.654506127987454,2.580648298642068,0.021492537313432834,1675,4,1,0,1,0,1,0,2,Intermittent demand,zero_sales_rate >= eligible-series Q75,0.0528756900926609,0.2304776345716452,0.7558004540874597,1.109609648399397,0.4324570685673125,4.0
18,LINGERIE,Quito,Pichincha,B,16,2013-01-02,2017-08-15,1687,1412,0.16102198455139632,4.372549019607843,4.724855958817479,1.0805724390120695,0.011883541295306001,1683,4,1,0,0,0,0,0,0,Ready with caution,Sufficient history without an extreme Q75 risk flag,0.0528756900926609,0.2304776345716452,0.7558004540874597,1.109609648399397,0.4324570685673125,4.0
18,"LIQUOR,WINE,BEER",Quito,Pichincha,B,16,2013-01-02,2017-08-15,1687,1387,0.17587641117052882,57.036838978015446,66.38719037859245,1.163935301607108,0.17290552584670232,1683,4,1,0,0,0,1,0,1,High volatility,coefficient_of_variation >= eligible-series Q75,0.0528756900926609,0.2304776345716452,0.7558004540874597,1.109609648399397,0.4324570685673125,4.0
18,MAGAZINES,Quito,Pichincha,B,16,2014-01-25,2017-08-15,1299,623,0.5192901234567902,1.5023148148148149,2.2881249688371197,1.5230662350348778,0.0,1296,3,1,0,1,0,1,0,2,Intermittent demand,zero_sales_rate >= eligible-series Q75,0.0528756900926609,0.2304776345716452,0.7558004540874597,1.109609648399397,0.4324570685673125,4.0
18,MEATS,Quito,Pichincha,B,16,2013-01-02,2017-08-15,1687,1569,0.0677361853832442,98.7226136654783,55.28955708179904,0.5600495674592628,0.1859774212715389,1683,4,1,0,0,0,0,0,0,Ready with caution,Sufficient history without an extreme Q75 risk flag,0.0528756900926609,0.2304776345716452,0.7558004540874597,1.109609648399397,0.4324570685673125,4.0
18,PERSONAL CARE,Quito,Pichincha,B,16,2013-01-02,2017-08-15,1687,1569,0.0677361853832442,149.37967914438502,172.4942611963534,1.1547371247840654,0.29708853238265004,1683,4,1,0,0,0,1,0,1,High volatility,coefficient_of_variation >= eligible-series Q75,0.0528756900926609,0.2304776345716452,0.7558004540874597,1.109609648399397,0.4324570685673125,4.0
18,PET SUPPLIES,Quito,Pichincha,B,16,2014-01-02,2017-08-15,1322,839,0.3639120545868082,2.3495072024260804,2.6195073584497455,1.1149177817990366,0.014404852160727824,1319,3,1,0,1,0,1,0,2,Intermittent demand,zero_sales_rate >= eligible-series Q75,0.0528756900926609,0.2304776345716452,0.7558004540874597,1.109609648399397,0.4324570685673125,4.0
18,PLAYERS AND ELECTRONICS,Quito,Pichincha,B,16,2014-01-02,2017-08-15,1322,897,0.3199393479909022,5.489006823351024,5.63007252983052,1.0256996777412233,0.006065200909780136,1319,3,1,0,1,0,0,0,1,Intermittent demand,zero_sales_rate >= eligible-series Q75,0.0528756900926609,0.2304776345716452,0.7558004540874597,1.109609648399397,0.4324570685673125,4.0
18,POULTRY,Quito,Pichincha,B,16,2013-01-02,2017-08-15,1687,1569,0.0677361853832442,194.62529855793224,149.93598758241225,0.7703828263507185,0.21093285799168152,1683,4,1,0,0,0,0,0,0,Ready with caution,Sufficient history without an extreme Q75 risk flag,0.0528756900926609,0.2304776345716452,0.7558004540874597,1.109609648399397,0.4324570685673125,4.0
18,PREPARED FOODS,Quito,Pichincha,B,16,2013-01-02,2017-08-15,1687,1568,0.06833036244800951,49.96950149494949,24.63782191337263,0.49305718841047114,0.18775995246583482,1683,4,1,0,0,0,0,0,0,Ready with caution,Sufficient history without an extreme Q75 risk flag,0.0528756900926609,0.2304776345716452,0.7558004540874597,1.109609648399397,0.4324570685673125,4.0
18,PRODUCE,Quito,Pichincha,B,16,2014-01-02,2017-08-15,1322,906,0.31311599696739956,1117.7689336163762,927.9698612762515,0.8301982935542341,0.3434420015163002,1319,3,1,0,1,0,0,0,1,Intermittent demand,zero_sales_rate >= eligible-series Q75,0.0528756900926609,0.2304776345716452,0.7558004540874597,1.109609648399397,0.4324570685673125,4.0
18,SCHOOL AND OFFICE SUPPLIES,Quito,Pichincha,B,16,2014-01-11,2017-08-15,1313,538,0.5893129770992367,2.4755725190839692,9.595354678893269,3.876014378461358,0.05877862595419847,1310,3,1,0,1,0,1,0,2,Intermittent demand,zero_sales_rate >= eligible-series Q75,0.0528756900926609,0.2304776345716452,0.7558004540874597,1.109609648399397,0.4324570685673125,4.0
18,SEAFOOD,Quito,Pichincha,B,16,2013-01-02,2017-08-15,1687,1547,0.08080808080808081,9.38160469120618,7.129663748992453,0.7599620729783491,0.1538918597742127,1683,4,1,0,0,0,0,0,0,Ready with caution,Sufficient history without an extreme Q75 risk flag,0.0528756900926609,0.2304776345716452,0.7558004540874597,1.109609648399397,0.4324570685673125,4.0
19,AUTOMOTIVE,Guaranda,Bolivar,C,15,2013-01-02,2017-08-15,1687,1644,0.023172905525846704,6.551990493166964,4.171288023664413,0.63664439501471,0.0172311348781937,1683,4,1,0,0,0,0,1,0,Ready,"history_length >= 730, zero-sales <= median, CV <= median, and missing periods <= Q75",0.0528756900926609,0.2304776345716452,0.7558004540874597,1.109609648399397,0.4324570685673125,4.0
19,BABY CARE,Guaranda,Bolivar,C,15,2015-07-23,2017-08-15,755,132,0.8247011952191236,0.2656042496679947,0.6613163352746285,2.4898560023089766,0.0026560424966799467,753,2,1,0,1,0,1,0,2,Intermittent demand,zero_sales_rate >= eligible-series Q75,0.0528756900926609,0.2304776345716452,0.7558004540874597,1.109609648399397,0.4324570685673125,4.0
19,BEAUTY,Guaranda,Bolivar,C,15,2013-01-02,2017-08-15,1687,1213,0.27926322043969104,1.6066547831253715,1.6395827364305424,1.0204947283330632,0.09566250742721331,1683,4,1,0,1,0,0,0,1,Intermittent demand,zero_sales_rate >= eligible-series Q75,0.0528756900926609,0.2304776345716452,0.7558004540874597,1.109609648399397,0.4324570685673125,4.0
19,BEVERAGES,Guaranda,Bolivar,C,15,2013-01-02,2017-08-15,1687,1679,0.0023767082590612004,1958.92394533571,897.573703419808,0.458197320808178,0.45395127748068925,1683,4,1,0,0,1,0,0,1,Promotion dependent,promotion_rate >= eligible-series Q75,0.0528756900926609,0.2304776345716452,0.7558004540874597,1.109609648399397,0.4324570685673125,4.0
19,BOOKS,Guaranda,Bolivar,C,15,,,0,0,1.0,0.0,0.0,,0.0,0,0,0,1,1,0,0,0,2,Insufficient history,history_length < 365 or active_days < 90,0.0528756900926609,0.2304776345716452,0.7558004540874597,1.109609648399397,0.4324570685673125,4.0
19,BREAD/BAKERY,Guaranda,Bolivar,C,15,2013-01-02,2017-08-15,1687,1679,0.0023767082590612004,180.11348781937016,54.77369572212334,0.30410657405654185,0.3273915626856803,1683,4,1,0,0,0,0,1,0,Ready,"history_length >= 730, zero-sales <= median, CV <= median, and missing periods <= Q75",0.0528756900926609,0.2304776345716452,0.7558004540874597,1.109609648399397,0.4324570685673125,4.0
19,CELEBRATION,Guaranda,Bolivar,C,15,2014-01-02,2017-08-15,1322,1003,0.2395754359363154,6.717968157695224,9.994576835787052,1.48773804834704,0.01061410159211524,1319,3,1,0,1,0,1,0,2,Intermittent demand,zero_sales_rate >= eligible-series Q75,0.0528756900926609,0.2304776345716452,0.7558004540874597,1.109609648399397,0.4324570685673125,4.0
19,CLEANING,Guaranda,Bolivar,C,15,2013-01-02,2017-08-15,1687,1679,0.0023767082590612004,927.7611408199643,342.6008639061394,0.3692770141281682,0.44979203802733214,1683,4,1,0,0,1,0,0,1,Promotion dependent,promotion_rate >= eligible-series Q75,0.0528756900926609,0.2304776345716452,0.7558004540874597,1.109609648399397,0.4324570685673125,4.0
19,DAIRY,Guaranda,Bolivar,C,15,2013-01-02,2017-08-15,1687,1679,0.0023767082590612004,289.6452762923351,140.2073189562869,0.484065615538565,0.34997029114676176,1683,4,1,0,0,0,0,1,0,Ready,"history_length >= 730, zero-sales <= median, CV <= median, and missing periods <= Q75",0.0528756900926609,0.2304776345716452,0.7558004540874597,1.109609648399397,0.4324570685673125,4.0
19,DELI,Guaranda,Bolivar,C,15,2013-01-02,2017-08-15,1687,1679,0.0023767082590612004,274.0427807486631,105.81270588912251,0.3861174726079286,0.36541889483065954,1683,4,1,0,0,0,0,1,0,Ready,"history_length >= 730, zero-sales <= median, CV <= median, and missing periods <= Q75",0.0528756900926609,0.2304776345716452,0.7558004540874597,1.109609648399397,0.4324570685673125,4.0
19,EGGS,Guaranda,Bolivar,C,15,2013-01-02,2017-08-15,1687,1679,0.0023767082590612004,64.90314913844325,38.114908662778106,0.5872582327473227,0.2103386809269162,1683,4,1,0,0,0,0,1,0,Ready,"history_length >= 730, zero-sales <= median, CV <= median, and missing periods <= Q75",0.0528756900926609,0.2304776345716452,0.7558004540874597,1.109609648399397,0.4324570685673125,4.0
19,FROZEN FOODS,Guaranda,Bolivar,C,15,2013-01-02,2017-08-15,1687,1677,0.0035650623885918,61.048526959595954,114.11253164122816,1.8692102385492744,0.2679738562091503,1683,4,1,0,0,0,1,0,1,High volatility,coefficient_of_variation >= eligible-series Q75,0.0528756900926609,0.2304776345716452,0.7558004540874597,1.109609648399397,0.4324570685673125,4.0
19,GROCERY I,Guaranda,Bolivar,C,15,2013-01-02,2017-08-15,1687,1679,0.0023767082590612004,3021.7811330956624,1027.164883928313,0.3399203445538871,0.5436720142602496,1683,4,1,0,0,1,0,0,1,Promotion dependent,promotion_rate >= eligible-series Q75,0.0528756900926609,0.2304776345716452,0.7558004540874597,1.109609648399397,0.4324570685673125,4.0
19,GROCERY II,Guaranda,Bolivar,C,15,2013-01-02,2017-08-15,1687,1614,0.040998217468805706,9.877005347593583,12.142621059686372,1.229382857694289,0.0487225193107546,1683,4,1,0,0,0,1,0,1,High volatility,coefficient_of_variation >= eligible-series Q75,0.0528756900926609,0.2304776345716452,0.7558004540874597,1.109609648399397,0.4324570685673125,4.0
19,HARDWARE,Guaranda,Bolivar,C,15,2013-01-03,2017-08-15,1686,1058,0.37098692033293695,1.28359096313912,1.4556148054951163,1.1340176483755378,0.0011890606420927466,1682,4,1,0,1,0,1,0,2,Intermittent demand,zero_sales_rate >= eligible-series Q75,0.0528756900926609,0.2304776345716452,0.7558004540874597,1.109609648399397,0.4324570685673125,4.0
19,HOME AND KITCHEN I,Guaranda,Bolivar,C,15,2014-01-02,2017-08-15,1322,1162,0.11902956785443518,18.109931766489765,17.806263494802238,0.9832319483252041,0.18271417740712662,1319,3,1,0,0,0,0,0,0,Ready with caution,Sufficient history without an extreme Q75 risk flag,0.0528756900926609,0.2304776345716452,0.7558004540874597,1.109609648399397,0.4324570685673125,4.0
19,HOME AND KITCHEN II,Guaranda,Bolivar,C,15,2014-01-02,2017-08-15,1322,1161,0.1197877179681577,10.872630780894617,10.186969941010522,0.9369369885079757,0.155420773313116,1319,3,1,0,0,0,0,0,0,Ready with caution,Sufficient history without an extreme Q75 risk flag,0.0528756900926609,0.2304776345716452,0.7558004540874597,1.109609648399397,0.4324570685673125,4.0
19,HOME APPLIANCES,Guaranda,Bolivar,C,15,2013-02-24,2017-08-14,1633,235,0.8557397176181707,0.1682013505217925,0.4460534214247883,2.6519015456240154,0.0,1629,4,1,0,1,0,1,0,2,Intermittent demand,zero_sales_rate >= eligible-series Q75,0.0528756900926609,0.2304776345716452,0.7558004540874597,1.109609648399397,0.4324570685673125,4.0
19,HOME CARE,Guaranda,Bolivar,C,15,2014-01-02,2017-08-15,1322,1044,0.20849128127369218,159.86580742987113,105.62674875015745,0.6607213290214863,0.41243366186504926,1319,3,1,0,0,0,0,0,0,Ready with caution,Sufficient history without an extreme Q75 risk flag,0.0528756900926609,0.2304776345716452,0.7558004540874597,1.109609648399397,0.4324570685673125,4.0
19,LADIESWEAR,Guaranda,Bolivar,C,15,2014-01-02,2017-08-15,1322,975,0.2608036391205459,6.739196360879454,7.141337247636358,1.0596719349344534,0.006065200909780136,1319,3,1,0,1,0,0,0,1,Intermittent demand,zero_sales_rate >= eligible-series Q75,0.0528756900926609,0.2304776345716452,0.7558004540874597,1.109609648399397,0.4324570685673125,4.0
19,LAWN AND GARDEN,Guaranda,Bolivar,C,15,2014-10-30,2015-11-01,368,4,0.989100817438692,0.07356948228882834,0.9959118950352397,13.537024647330849,0.0,367,1,1,1,1,0,1,0,3,Insufficient history,history_length < 365 or active_days < 90,0.0528756900926609,0.2304776345716452,0.7558004540874597,1.109609648399397,0.4324570685673125,4.0
19,LINGERIE,Guaranda,Bolivar,C,15,2013-01-02,2017-08-15,1687,1493,0.11289364230540701,4.43612596553773,4.219024599821306,0.9510605948967663,0.0041592394533571005,1683,4,1,0,0,0,0,0,0,Ready with caution,Sufficient history without an extreme Q75 risk flag,0.0528756900926609,0.2304776345716452,0.7558004540874597,1.109609648399397,0.4324570685673125,4.0
19,"LIQUOR,WINE,BEER",Guaranda,Bolivar,C,15,2013-01-02,2017-08-15,1687,1494,0.11229946524064172,33.77956030897207,44.79284606702239,1.3260340175335295,0.13131313131313133,1683,4,1,0,0,0,1,0,1,High volatility,coefficient_of_variation >= eligible-series Q75,0.0528756900926609,0.2304776345716452,0.7558004540874597,1.109609648399397,0.4324570685673125,4.0
19,MAGAZINES,Guaranda,Bolivar,C,15,2014-01-02,2017-08-15,1322,676,0.4874905231235785,1.3055344958301744,1.8477459504092415,1.4153176008070787,0.003032600454890068,1319,3,1,0,1,0,1,0,2,Intermittent demand,zero_sales_rate >= eligible-series Q75,0.0528756900926609,0.2304776345716452,0.7558004540874597,1.109609648399397,0.4324570685673125,4.0
19,MEATS,Guaranda,Bolivar,C,15,2013-01-02,2017-08-15,1687,1679,0.0023767082590612004,141.386891228164,49.162637356839014,0.34771708274922386,0.1497326203208556,1683,4,1,0,0,0,0,1,0,Ready,"history_length >= 730, zero-sales <= median, CV <= median, and missing periods <= Q75",0.0528756900926609,0.2304776345716452,0.7558004540874597,1.109609648399397,0.4324570685673125,4.0
19,PERSONAL CARE,Guaranda,Bolivar,C,15,2013-01-02,2017-08-15,1687,1679,0.0023767082590612004,187.14913844325608,79.96939651803947,0.4273030438891725,0.35175282234105765,1683,4,1,0,0,0,0,1,0,Ready,"history_length >= 730, zero-sales <= median, CV <= median, and missing periods <= Q75",0.0528756900926609,0.2304776345716452,0.7558004540874597,1.109609648399397,0.4324570685673125,4.0
19,PET SUPPLIES,Guaranda,Bolivar,C,15,2014-01-03,2017-08-15,1321,569,0.5682852807283764,0.7268588770864947,1.0506060715143257,1.4454058478662644,0.005311077389984826,1318,3,1,0,1,0,1,0,2,Intermittent demand,zero_sales_rate >= eligible-series Q75,0.0528756900926609,0.2304776345716452,0.7558004540874597,1.109609648399397,0.4324570685673125,4.0
19,PLAYERS AND ELECTRONICS,Guaranda,Bolivar,C,15,2014-01-02,2017-08-15,1322,969,0.265352539802881,3.781652767247915,3.741770534811042,0.9894537560977875,0.004548900682335102,1319,3,1,0,1,0,0,0,1,Intermittent demand,zero_sales_rate >= eligible-series Q75,0.0528756900926609,0.2304776345716452,0.7558004540874597,1.109609648399397,0.4324570685673125,4.0
19,POULTRY,Guaranda,Bolivar,C,15,2013-01-02,2017-08-15,1687,1678,0.0029708853238265003,121.95081177837196,89.82515078339271,0.7365686990803882,0.13903743315508021,1683,4,1,0,0,0,0,1,0,Ready,"history_length >= 730, zero-sales <= median, CV <= median, and missing periods <= Q75",0.0528756900926609,0.2304776345716452,0.7558004540874597,1.109609648399397,0.4324570685673125,4.0
19,PREPARED FOODS,Guaranda,Bolivar,C,15,2013-01-02,2017-08-15,1687,1679,0.0023767082590612004,33.51455733808675,13.016919232031537,0.38839597673094717,0.16696375519904932,1683,4,1,0,0,0,0,1,0,Ready,"history_length >= 730, zero-sales <= median, CV <= median, and missing periods <= Q75",0.0528756900926609,0.2304776345716452,0.7558004540874597,1.109609648399397,0.4324570685673125,4.0
19,PRODUCE,Guaranda,Bolivar,C,15,2014-01-02,2017-08-15,1322,1016,0.22971948445792267,339.00770636846096,213.94455530394066,0.6310905365419878,0.39423805913570886,1319,3,1,0,0,0,0,0,0,Ready with caution,Sufficient history without an extreme Q75 risk flag,0.0528756900926609,0.2304776345716452,0.7558004540874597,1.109609648399397,0.4324570685673125,4.0
19,SCHOOL AND OFFICE SUPPLIES,Guaranda,Bolivar,C,15,2014-09-01,2017-08-15,1080,162,0.8495821727019499,0.8245125348189415,3.9572333738335597,4.799482368940027,0.04085422469823584,1077,3,1,0,1,0,1,0,2,Intermittent demand,zero_sales_rate >= eligible-series Q75,0.0528756900926609,0.2304776345716452,0.7558004540874597,1.109609648399397,0.4324570685673125,4.0
19,SEAFOOD,Guaranda,Bolivar,C,15,2013-01-02,2017-08-15,1687,1384,0.1776589423648247,4.3452168746286395,4.265032796329915,0.981546587751025,0.11051693404634581,1683,4,1,0,0,0,0,0,0,Ready with caution,Sufficient history without an extreme Q75 risk flag,0.0528756900926609,0.2304776345716452,0.7558004540874597,1.109609648399397,0.4324570685673125,4.0
20,AUTOMOTIVE,Quito,Pichincha,B,6,2015-02-13,2017-08-15,915,900,0.014238773274917854,8.297918948521358,5.502288802669742,0.6630926183787585,0.054764512595837894,913,2,1,0,0,0,0,1,0,Ready,"history_length >= 730, zero-sales <= median, CV <= median, and missing periods <= Q75",0.0528756900926609,0.2304776345716452,0.7558004540874597,1.109609648399397,0.4324570685673125,4.0
20,BABY CARE,Quito,Pichincha,B,6,2015-06-17,2017-08-14,790,276,0.649746192893401,0.666243654822335,1.1710300645018954,1.75766036348094,0.0,788,2,1,0,1,0,1,0,2,Intermittent demand,zero_sales_rate >= eligible-series Q75,0.0528756900926609,0.2304776345716452,0.7558004540874597,1.109609648399397,0.4324570685673125,4.0
20,BEAUTY,Quito,Pichincha,B,6,2015-02-13,2017-08-15,915,874,0.04271631982475356,5.255202628696605,4.106789653517535,0.7814712283579637,0.2782037239868565,913,2,1,0,0,0,0,0,0,Ready with caution,Sufficient history without an extreme Q75 risk flag,0.0528756900926609,0.2304776345716452,0.7558004540874597,1.109609648399397,0.4324570685673125,4.0
20,BEVERAGES,Quito,Pichincha,B,6,2015-02-13,2017-08-15,915,911,0.002190580503833516,3023.972617743702,1793.3167253831286,0.5930333875579828,0.8970427163198248,913,2,1,0,0,1,0,0,1,Promotion dependent,promotion_rate >= eligible-series Q75,0.0528756900926609,0.2304776345716452,0.7558004540874597,1.109609648399397,0.4324570685673125,4.0
20,BOOKS,Quito,Pichincha,B,6,,,0,0,1.0,0.0,0.0,,0.0,0,0,0,1,1,0,0,0,2,Insufficient history,history_length < 365 or active_days < 90,0.0528756900926609,0.2304776345716452,0.7558004540874597,1.109609648399397,0.4324570685673125,4.0
20,BREAD/BAKERY,Quito,Pichincha,B,6,2015-02-13,2017-08-15,915,911,0.002190580503833516,473.6368302300109,218.78262829206128,0.46192064114991754,0.7174151150054765,913,2,1,0,0,1,0,0,1,Promotion dependent,promotion_rate >= eligible-series Q75,0.0528756900926609,0.2304776345716452,0.7558004540874597,1.109609648399397,0.4324570685673125,4.0
20,CELEBRATION,Quito,Pichincha,B,6,2015-06-01,2017-08-15,807,790,0.018633540372670808,8.380124223602484,5.855184587330574,0.6986990205753205,0.01987577639751553,805,2,1,0,0,0,0,1,0,Ready,"history_length >= 730, zero-sales <= median, CV <= median, and missing periods <= Q75",0.0528756900926609,0.2304776345716452,0.7558004540874597,1.109609648399397,0.4324570685673125,4.0
20,CLEANING,Quito,Pichincha,B,6,2015-02-13,2017-08-15,915,911,0.002190580503833516,1296.3526834611173,622.8920297620983,0.4804958077450389,0.8696604600219058,913,2,1,0,0,1,0,0,1,Promotion dependent,promotion_rate >= eligible-series Q75,0.0528756900926609,0.2304776345716452,0.7558004540874597,1.109609648399397,0.4324570685673125,4.0
20,DAIRY,Quito,Pichincha,B,6,2015-02-13,2017-08-15,915,911,0.002190580503833516,754.9967141292442,359.3384409171529,0.47594702624843416,0.8138006571741512,913,2,1,0,0,1,0,0,1,Promotion dependent,promotion_rate >= eligible-series Q75,0.0528756900926609,0.2304776345716452,0.7558004540874597,1.109609648399397,0.4324570685673125,4.0
20,DELI,Quito,Pichincha,B,6,2015-02-13,2017-08-15,915,911,0.002190580503833516,602.1659353888281,243.8068590203872,0.40488318035286613,0.71960569550931,913,2,1,0,0,1,0,0,1,Promotion dependent,promotion_rate >= eligible-series Q75,0.0528756900926609,0.2304776345716452,0.7558004540874597,1.109609648399397,0.4324570685673125,4.0
20,EGGS,Quito,Pichincha,B,6,2015-02-13,2017-08-15,915,911,0.002190580503833516,123.29682365826945,75.80229189810193,0.6147951719194018,0.5224534501642936,913,2,1,0,0,1,0,0,1,Promotion dependent,promotion_rate >= eligible-series Q75,0.0528756900926609,0.2304776345716452,0.7558004540874597,1.109609648399397,0.4324570685673125,4.0
20,FROZEN FOODS,Quito,Pichincha,B,6,2015-02-13,2017-08-15,915,911,0.002190580503833516,110.19030561226725,148.15797779491467,1.3445645419683867,0.6166484118291348,913,2,1,0,0,1,1,0,2,Promotion dependent,promotion_rate >= eligible-series Q75,0.0528756900926609,0.2304776345716452,0.7558004540874597,1.109609648399397,0.4324570685673125,4.0
20,GROCERY I,Quito,Pichincha,B,6,2015-02-13,2017-08-15,915,911,0.002190580503833516,5240.990037239869,3865.449071018905,0.7375417704580521,0.968236582694414,913,2,1,0,0,1,0,0,1,Promotion dependent,promotion_rate >= eligible-series Q75,0.0528756900926609,0.2304776345716452,0.7558004540874597,1.109609648399397,0.4324570685673125,4.0
20,GROCERY II,Quito,Pichincha,B,6,2015-02-13,2017-08-15,915,904,0.009857612267250822,13.052573932092004,10.835465872321357,0.8301401645908701,0.11171960569550932,913,2,1,0,0,0,0,0,0,Ready with caution,Sufficient history without an extreme Q75 risk flag,0.0528756900926609,0.2304776345716452,0.7558004540874597,1.109609648399397,0.4324570685673125,4.0
20,HARDWARE,Quito,Pichincha,B,6,2015-02-13,2017-08-13,913,432,0.5257958287596048,0.7859495060373216,1.1489412965604744,1.4618512865455198,0.0,911,2,1,0,1,0,1,0,2,Intermittent demand,zero_sales_rate >= eligible-series Q75,0.0528756900926609,0.2304776345716452,0.7558004540874597,1.109609648399397,0.4324570685673125,4.0
20,HOME AND KITCHEN I,Quito,Pichincha,B,6,2015-02-13,2017-08-15,915,911,0.002190580503833516,27.710843373493976,25.955462500370064,0.936653646752485,0.30010952902519167,913,2,1,0,0,0,0,0,0,Ready with caution,Sufficient history without an extreme Q75 risk flag,0.0528756900926609,0.2304776345716452,0.7558004540874597,1.109609648399397,0.4324570685673125,4.0
20,HOME AND KITCHEN II,Quito,Pichincha,B,6,2015-02-13,2017-08-15,915,910,0.0032858707557502738,15.592552026286967,10.87914215094863,0.6977140196555282,0.22453450164293537,913,2,1,0,0,0,0,1,0,Ready,"history_length >= 730, zero-sales <= median, CV <= median, and missing periods <= Q75",0.0528756900926609,0.2304776345716452,0.7558004540874597,1.109609648399397,0.4324570685673125,4.0
20,HOME APPLIANCES,Quito,Pichincha,B,6,2015-02-13,2017-07-08,877,121,0.8617142857142858,0.18971428571428572,0.5353706863667985,2.821984039584028,0.0,875,2,1,0,1,0,1,0,2,Intermittent demand,zero_sales_rate >= eligible-series Q75,0.0528756900926609,0.2304776345716452,0.7558004540874597,1.109609648399397,0.4324570685673125,4.0
20,HOME CARE,Quito,Pichincha,B,6,2015-05-04,2017-08-15,835,831,0.0024009603841536613,328.7154861944778,151.20080879281394,0.4599747050047988,0.7166866746698679,833,2,1,0,0,1,0,0,1,Promotion dependent,promotion_rate >= eligible-series Q75,0.0528756900926609,0.2304776345716452,0.7558004540874597,1.109609648399397,0.4324570685673125,4.0
20,LADIESWEAR,Quito,Pichincha,B,6,2015-06-01,2017-08-14,806,756,0.05970149253731343,8.700248756218905,9.4399036414553,1.085015372084355,0.008706467661691543,804,2,1,0,0,0,0,0,0,Ready with caution,Sufficient history without an extreme Q75 risk flag,0.0528756900926609,0.2304776345716452,0.7558004540874597,1.109609648399397,0.4324570685673125,4.0
20,LAWN AND GARDEN,Quito,Pichincha,B,6,2015-02-13,2017-08-15,915,834,0.08652792990142388,5.676889375684556,5.38818582212581,0.949144058576281,0.10514786418400876,913,2,1,0,0,0,0,0,0,Ready with caution,Sufficient history without an extreme Q75 risk flag,0.0528756900926609,0.2304776345716452,0.7558004540874597,1.109609648399397,0.4324570685673125,4.0
20,LINGERIE,Quito,Pichincha,B,6,2015-02-13,2017-08-15,915,784,0.14129244249726178,3.475355969331873,3.338651816705475,0.9606647049013862,0.018619934282584884,913,2,1,0,0,0,0,0,0,Ready with caution,Sufficient history without an extreme Q75 risk flag,0.0528756900926609,0.2304776345716452,0.7558004540874597,1.109609648399397,0.4324570685673125,4.0
20,"LIQUOR,WINE,BEER",Quito,Pichincha,B,6,2015-02-13,2017-08-15,915,841,0.07886089813800658,42.90032858707558,44.06113588035775,1.027058237815733,0.3647316538882804,913,2,1,0,0,0,0,0,0,Ready with caution,Sufficient history without an extreme Q75 risk flag,0.0528756900926609,0.2304776345716452,0.7558004540874597,1.109609648399397,0.4324570685673125,4.0
20,MAGAZINES,Quito,Pichincha,B,6,2015-04-10,2017-08-15,859,477,0.44340723453908987,1.2590431738623105,1.7145925428763278,1.3618218806719302,0.003500583430571762,857,2,1,0,1,0,1,0,2,Intermittent demand,zero_sales_rate >= eligible-series Q75,0.0528756900926609,0.2304776345716452,0.7558004540874597,1.109609648399397,0.4324570685673125,4.0
20,MEATS,Quito,Pichincha,B,6,2015-02-13,2017-08-15,915,911,0.002190580503833516,295.1690397437021,136.05382736329784,0.4609352914568363,0.3176341730558598,913,2,1,0,0,0,0,1,0,Ready,"history_length >= 730, zero-sales <= median, CV <= median, and missing periods <= Q75",0.0528756900926609,0.2304776345716452,0.7558004540874597,1.109609648399397,0.4324570685673125,4.0
20,PERSONAL CARE,Quito,Pichincha,B,6,2015-02-13,2017-08-15,915,911,0.002190580503833516,388.368017524644,197.00219949934228,0.5072564954111893,0.7130339539978094,913,2,1,0,0,1,0,0,1,Promotion dependent,promotion_rate >= eligible-series Q75,0.0528756900926609,0.2304776345716452,0.7558004540874597,1.109609648399397,0.4324570685673125,4.0
20,PET SUPPLIES,Quito,Pichincha,B,6,2015-06-02,2017-08-14,805,712,0.1133250311332503,3.099626400996264,2.50983846831977,0.8097228967700986,0.0410958904109589,803,2,1,0,0,0,0,0,0,Ready with caution,Sufficient history without an extreme Q75 risk flag,0.0528756900926609,0.2304776345716452,0.7558004540874597,1.109609648399397,0.4324570685673125,4.0
20,PLAYERS AND ELECTRONICS,Quito,Pichincha,B,6,2015-06-02,2017-08-15,806,777,0.033582089552238806,5.814676616915423,4.31040139305677,0.7412968385064477,0.011194029850746268,804,2,1,0,0,0,0,1,0,Ready,"history_length >= 730, zero-sales <= median, CV <= median, and missing periods <= Q75",0.0528756900926609,0.2304776345716452,0.7558004540874597,1.109609648399397,0.4324570685673125,4.0
20,POULTRY,Quito,Pichincha,B,6,2015-02-13,2017-08-15,915,911,0.002190580503833516,373.65348639211396,370.15065721100996,0.9906254609988354,0.4194961664841183,913,2,1,0,0,0,0,0,0,Ready with caution,Sufficient history without an extreme Q75 risk flag,0.0528756900926609,0.2304776345716452,0.7558004540874597,1.109609648399397,0.4324570685673125,4.0
20,PREPARED FOODS,Quito,Pichincha,B,6,2015-02-13,2017-08-15,915,911,0.002190580503833516,81.38725965936473,37.23274259023687,0.45747630213954166,0.4665936473165389,913,2,1,0,0,1,0,0,1,Promotion dependent,promotion_rate >= eligible-series Q75,0.0528756900926609,0.2304776345716452,0.7558004540874597,1.109609648399397,0.4324570685673125,4.0
20,PRODUCE,Quito,Pichincha,B,6,2015-06-01,2017-08-15,807,803,0.002484472049689441,1045.9348489192548,438.44076166139223,0.41918553733478237,0.6658385093167701,805,2,1,0,0,1,0,0,1,Promotion dependent,promotion_rate >= eligible-series Q75,0.0528756900926609,0.2304776345716452,0.7558004540874597,1.109609648399397,0.4324570685673125,4.0
20,SCHOOL AND OFFICE SUPPLIES,Quito,Pichincha,B,6,2015-06-04,2017-08-15,804,529,0.3403990024937656,6.395261845386534,26.49574676712906,4.143027667622832,0.1596009975062344,802,2,1,0,1,0,1,0,2,Intermittent demand,zero_sales_rate >= eligible-series Q75,0.0528756900926609,0.2304776345716452,0.7558004540874597,1.109609648399397,0.4324570685673125,4.0
20,SEAFOOD,Quito,Pichincha,B,6,2015-02-13,2017-08-15,915,907,0.0065717415115005475,12.69433404939759,8.221991910232681,0.6476898967868941,0.3515881708652793,913,2,1,0,0,0,0,1,0,Ready,"history_length >= 730, zero-sales <= median, CV <= median, and missing periods <= Q75",0.0528756900926609,0.2304776345716452,0.7558004540874597,1.109609648399397,0.4324570685673125,4.0
21,AUTOMOTIVE,Santo Domingo,Santo Domingo de los Tsachilas,B,6,2015-07-24,2017-08-15,754,750,0.0026595744680851063,10.428191489361701,5.495685553925357,0.527002746308578,0.08643617021276596,752,2,1,0,0,0,0,1,0,Ready,"history_length >= 730, zero-sales <= median, CV <= median, and missing periods <= Q75",0.0528756900926609,0.2304776345716452,0.7558004540874597,1.109609648399397,0.4324570685673125,4.0
21,BABY CARE,Santo Domingo,Santo Domingo de los Tsachilas,B,6,2015-12-06,2017-08-13,617,272,0.5577235772357724,0.7951219512195122,1.1863675748110114,1.4920573793635419,0.004878048780487805,615,2,1,0,1,0,1,0,2,Intermittent demand,zero_sales_rate >= eligible-series Q75,0.0528756900926609,0.2304776345716452,0.7558004540874597,1.109609648399397,0.4324570685673125,4.0
21,BEAUTY,Santo Domingo,Santo Domingo de los Tsachilas,B,6,2015-07-24,2017-08-15,754,729,0.030585106382978722,4.863031914893617,3.3971265932928625,0.6985614433022238,0.26728723404255317,752,2,1,0,0,0,0,1,0,Ready,"history_length >= 730, zero-sales <= median, CV <= median, and missing periods <= Q75",0.0528756900926609,0.2304776345716452,0.7558004540874597,1.109609648399397,0.4324570685673125,4.0
21,BEVERAGES,Santo Domingo,Santo Domingo de los Tsachilas,B,6,2015-07-24,2017-08-15,754,750,0.0026595744680851063,2611.425531914894,1006.2310277787593,0.38531867575060236,0.9601063829787234,752,2,1,0,0,1,0,0,1,Promotion dependent,promotion_rate >= eligible-series Q75,0.0528756900926609,0.2304776345716452,0.7558004540874597,1.109609648399397,0.4324570685673125,4.0
21,BOOKS,Santo Domingo,Santo Domingo de los Tsachilas,B,6,,,0,0,1.0,0.0,0.0,,0.0,0,0,0,1,1,0,0,0,2,Insufficient history,history_length < 365 or active_days < 90,0.0528756900926609,0.2304776345716452,0.7558004540874597,1.109609648399397,0.4324570685673125,4.0
21,BREAD/BAKERY,Santo Domingo,Santo Domingo de los Tsachilas,B,6,2015-07-24,2017-08-15,754,750,0.0026595744680851063,489.03723404255317,209.22962798552172,0.42783987275561064,0.7672872340425532,752,2,1,0,0,1,0,0,1,Promotion dependent,promotion_rate >= eligible-series Q75,0.0528756900926609,0.2304776345716452,0.7558004540874597,1.109609648399397,0.4324570685673125,4.0
21,CELEBRATION,Santo Domingo,Santo Domingo de los Tsachilas,B,6,2015-07-24,2017-08-15,754,729,0.030585106382978722,7.549202127659575,7.1004003489157075,0.9405497731873546,0.02127659574468085,752,2,1,0,0,0,0,0,0,Ready with caution,Sufficient history without an extreme Q75 risk flag,0.0528756900926609,0.2304776345716452,0.7558004540874597,1.109609648399397,0.4324570685673125,4.0
21,CLEANING,Santo Domingo,Santo Domingo de los Tsachilas,B,6,2015-07-24,2017-08-15,754,750,0.0026595744680851063,1279.537234042553,623.8006153141995,0.48752048687428345,0.8843085106382979,752,2,1,0,0,1,0,0,1,Promotion dependent,promotion_rate >= eligible-series Q75,0.0528756900926609,0.2304776345716452,0.7558004540874597,1.109609648399397,0.4324570685673125,4.0
21,DAIRY,Santo Domingo,Santo Domingo de los Tsachilas,B,6,2015-07-24,2017-08-15,754,750,0.0026595744680851063,560.9268617021277,220.40925189012935,0.3929375947896298,0.8284574468085106,752,2,1,0,0,1,0,0,1,Promotion dependent,promotion_rate >= eligible-series Q75,0.0528756900926609,0.2304776345716452,0.7558004540874597,1.109609648399397,0.4324570685673125,4.0
21,DELI,Santo Domingo,Santo Domingo de los Tsachilas,B,6,2015-07-24,2017-08-15,754,750,0.0026595744680851063,323.380094375,127.83649202771342,0.39531342296990885,0.7699468085106383,752,2,1,0,0,1,0,0,1,Promotion dependent,promotion_rate >= eligible-series Q75,0.0528756900926609,0.2304776345716452,0.7558004540874597,1.109609648399397,0.4324570685673125,4.0
21,EGGS,Santo Domingo,Santo Domingo de los Tsachilas,B,6,2015-07-24,2017-08-15,754,750,0.0026595744680851063,218.50132978723406,128.04482819514268,0.5860139538730794,0.5013297872340425,752,2,1,0,0,1,0,0,1,Promotion dependent,promotion_rate >= eligible-series Q75,0.0528756900926609,0.2304776345716452,0.7558004540874597,1.109609648399397,0.4324570685673125,4.0
21,FROZEN FOODS,Santo Domingo,Santo Domingo de los Tsachilas,B,6,2015-07-24,2017-08-15,754,750,0.0026595744680851063,98.64148127526595,142.66863134061353,1.4463350458260733,0.6861702127659575,752,2,1,0,0,1,1,0,2,Promotion dependent,promotion_rate >= eligible-series Q75,0.0528756900926609,0.2304776345716452,0.7558004540874597,1.109609648399397,0.4324570685673125,4.0
21,GROCERY I,Santo Domingo,Santo Domingo de los Tsachilas,B,6,2015-07-24,2017-08-15,754,750,0.0026595744680851063,4205.872251329787,1687.2247482890964,0.40115929525810967,0.9840425531914894,752,2,1,0,0,1,0,0,1,Promotion dependent,promotion_rate >= eligible-series Q75,0.0528756900926609,0.2304776345716452,0.7558004540874597,1.109609648399397,0.4324570685673125,4.0
21,GROCERY II,Santo Domingo,Santo Domingo de los Tsachilas,B,6,2015-07-24,2017-08-15,754,749,0.003989361702127659,13.672872340425531,11.974647352721089,0.8757960327996751,0.12898936170212766,752,2,1,0,0,0,0,0,0,Ready with caution,Sufficient history without an extreme Q75 risk flag,0.0528756900926609,0.2304776345716452,0.7558004540874597,1.109609648399397,0.4324570685673125,4.0
21,HARDWARE,Santo Domingo,Santo Domingo de los Tsachilas,B,6,2015-07-24,2017-08-11,750,416,0.44385026737967914,0.9438502673796791,1.1591217369677098,1.2280779876088483,0.00267379679144385,748,2,1,0,1,0,1,0,2,Intermittent demand,zero_sales_rate >= eligible-series Q75,0.0528756900926609,0.2304776345716452,0.7558004540874597,1.109609648399397,0.4324570685673125,4.0
21,HOME AND KITCHEN I,Santo Domingo,Santo Domingo de los Tsachilas,B,6,2015-07-24,2017-08-15,754,750,0.0026595744680851063,35.0718085106383,24.33756507313297,0.6939352747022065,0.37632978723404253,752,2,1,0,0,0,0,1,0,Ready,"history_length >= 730, zero-sales <= median, CV <= median, and missing periods <= Q75",0.0528756900926609,0.2304776345716452,0.7558004540874597,1.109609648399397,0.4324570685673125,4.0
21,HOME AND KITCHEN II,Santo Domingo,Santo Domingo de los Tsachilas,B,6,2015-07-24,2017-08-15,754,750,0.0026595744680851063,30.011968085106382,24.385193721174744,0.8125156488246448,0.4175531914893617,752,2,1,0,0,0,0,0,0,Ready with caution,Sufficient history without an extreme Q75 risk flag,0.0528756900926609,0.2304776345716452,0.7558004540874597,1.109609648399397,0.4324570685673125,4.0
21,HOME APPLIANCES,Santo Domingo,Santo Domingo de los Tsachilas,B,6,2015-09-05,2017-08-08,704,192,0.7264957264957265,0.33903133903133903,0.6221202315217494,1.8349932879338997,0.0,702,2,1,0,1,0,1,0,2,Intermittent demand,zero_sales_rate >= eligible-series Q75,0.0528756900926609,0.2304776345716452,0.7558004540874597,1.109609648399397,0.4324570685673125,4.0
21,HOME CARE,Santo Domingo,Santo Domingo de los Tsachilas,B,6,2015-07-24,2017-08-15,754,750,0.0026595744680851063,321.5744680851064,144.98578758478666,0.45086224801409114,0.7433510638297872,752,2,1,0,0,1,0,0,1,Promotion dependent,promotion_rate >= eligible-series Q75,0.0528756900926609,0.2304776345716452,0.7558004540874597,1.109609648399397,0.4324570685673125,4.0
21,LADIESWEAR,Santo Domingo,Santo Domingo de los Tsachilas,B,6,2015-07-24,2017-08-15,754,646,0.14095744680851063,5.357712765957447,5.527413255000434,1.0316740550410342,0.006648936170212766,752,2,1,0,0,0,0,0,0,Ready with caution,Sufficient history without an extreme Q75 risk flag,0.0528756900926609,0.2304776345716452,0.7558004540874597,1.109609648399397,0.4324570685673125,4.0
21,LAWN AND GARDEN,Santo Domingo,Santo Domingo de los Tsachilas,B,6,2015-07-24,2017-08-15,754,550,0.26861702127659576,2.5132978723404253,4.989985579830827,1.9854334158903608,0.031914893617021274,752,2,1,0,1,0,1,0,2,Intermittent demand,zero_sales_rate >= eligible-series Q75,0.0528756900926609,0.2304776345716452,0.7558004540874597,1.109609648399397,0.4324570685673125,4.0
21,LINGERIE,Santo Domingo,Santo Domingo de los Tsachilas,B,6,2015-07-24,2017-08-15,754,739,0.017287234042553192,9.220744680851064,6.61911813442458,0.7178507120114341,0.03590425531914894,752,2,1,0,0,0,0,1,0,Ready,"history_length >= 730, zero-sales <= median, CV <= median, and missing periods <= Q75",0.0528756900926609,0.2304776345716452,0.7558004540874597,1.109609648399397,0.4324570685673125,4.0
21,"LIQUOR,WINE,BEER",Santo Domingo,Santo Domingo de los Tsachilas,B,6,2015-07-24,2017-08-15,754,704,0.06382978723404255,68.24202127659575,57.27735162776726,0.8393267162414938,0.45611702127659576,752,2,1,0,0,1,0,0,1,Promotion dependent,promotion_rate >= eligible-series Q75,0.0528756900926609,0.2304776345716452,0.7558004540874597,1.109609648399397,0.4324570685673125,4.0
21,MAGAZINES,Santo Domingo,Santo Domingo de los Tsachilas,B,6,2015-07-24,2017-08-15,754,572,0.2393617021276596,2.146276595744681,2.2488078138973226,1.047771670415605,0.003989361702127659,752,2,1,0,1,0,0,0,1,Intermittent demand,zero_sales_rate >= eligible-series Q75,0.0528756900926609,0.2304776345716452,0.7558004540874597,1.109609648399397,0.4324570685673125,4.0
21,MEATS,Santo Domingo,Santo Domingo de los Tsachilas,B,6,2015-07-24,2017-08-15,754,750,0.0026595744680851063,112.00501073670213,37.792815552839926,0.3374207573773828,0.30851063829787234,752,2,1,0,0,0,0,1,0,Ready,"history_length >= 730, zero-sales <= median, CV <= median, and missing periods <= Q75",0.0528756900926609,0.2304776345716452,0.7558004540874597,1.109609648399397,0.4324570685673125,4.0
21,PERSONAL CARE,Santo Domingo,Santo Domingo de los Tsachilas,B,6,2015-07-24,2017-08-15,754,750,0.0026595744680851063,324.6130319148936,143.188265408106,0.4411044885149491,0.8098404255319149,752,2,1,0,0,1,0,0,1,Promotion dependent,promotion_rate >= eligible-series Q75,0.0528756900926609,0.2304776345716452,0.7558004540874597,1.109609648399397,0.4324570685673125,4.0
21,PET SUPPLIES,Santo Domingo,Santo Domingo de los Tsachilas,B,6,2015-07-24,2017-08-15,754,559,0.2566489361702128,1.9148936170212767,1.9095921551613426,0.9972314588064789,0.027925531914893616,752,2,1,0,1,0,0,0,1,Intermittent demand,zero_sales_rate >= eligible-series Q75,0.0528756900926609,0.2304776345716452,0.7558004540874597,1.109609648399397,0.4324570685673125,4.0
21,PLAYERS AND ELECTRONICS,Santo Domingo,Santo Domingo de los Tsachilas,B,6,2015-07-24,2017-08-15,754,740,0.015957446808510637,8.001329787234043,5.746416549126558,0.7181826898692324,0.011968085106382979,752,2,1,0,0,0,0,1,0,Ready,"history_length >= 730, zero-sales <= median, CV <= median, and missing periods <= Q75",0.0528756900926609,0.2304776345716452,0.7558004540874597,1.109609648399397,0.4324570685673125,4.0
21,POULTRY,Santo Domingo,Santo Domingo de los Tsachilas,B,6,2015-07-24,2017-08-15,754,750,0.0026595744680851063,173.59594153324468,63.78665330235827,0.3674432290235468,0.32978723404255317,752,2,1,0,0,0,0,1,0,Ready,"history_length >= 730, zero-sales <= median, CV <= median, and missing periods <= Q75",0.0528756900926609,0.2304776345716452,0.7558004540874597,1.109609648399397,0.4324570685673125,4.0
21,PREPARED FOODS,Santo Domingo,Santo Domingo de los Tsachilas,B,6,2015-07-24,2017-08-15,754,750,0.0026595744680851063,103.71561172074469,46.06141580101299,0.4441126561065253,0.5345744680851063,752,2,1,0,0,1,0,0,1,Promotion dependent,promotion_rate >= eligible-series Q75,0.0528756900926609,0.2304776345716452,0.7558004540874597,1.109609648399397,0.4324570685673125,4.0
21,PRODUCE,Santo Domingo,Santo Domingo de los Tsachilas,B,6,2015-07-24,2017-08-15,754,750,0.0026595744680851063,1273.645872606383,446.85186314131835,0.3508446678564449,0.6901595744680851,752,2,1,0,0,1,0,0,1,Promotion dependent,promotion_rate >= eligible-series Q75,0.0528756900926609,0.2304776345716452,0.7558004540874597,1.109609648399397,0.4324570685673125,4.0
21,SCHOOL AND OFFICE SUPPLIES,Santo Domingo,Santo Domingo de los Tsachilas,B,6,2015-07-24,2017-08-01,740,438,0.4065040650406504,4.754742547425474,13.369836258362303,2.811894887053685,0.13279132791327913,738,2,1,0,1,0,1,0,2,Intermittent demand,zero_sales_rate >= eligible-series Q75,0.0528756900926609,0.2304776345716452,0.7558004540874597,1.109609648399397,0.4324570685673125,4.0
21,SEAFOOD,Santo Domingo,Santo Domingo de los Tsachilas,B,6,2015-07-24,2017-08-15,754,721,0.041223404255319146,5.816489361702128,4.300415787025498,0.7393490333432041,0.24069148936170212,752,2,1,0,0,0,0,1,0,Ready,"history_length >= 730, zero-sales <= median, CV <= median, and missing periods <= Q75",0.0528756900926609,0.2304776345716452,0.7558004540874597,1.109609648399397,0.4324570685673125,4.0
22,AUTOMOTIVE,Puyo,Pastaza,C,7,2015-10-09,2017-08-15,677,662,0.01925925925925926,5.4474074074074075,4.004612133862037,0.7351409274835123,0.05185185185185185,675,2,1,0,0,0,0,0,0,Ready with caution,Sufficient history without an extreme Q75 risk flag,0.0528756900926609,0.2304776345716452,0.7558004540874597,1.109609648399397,0.4324570685673125,4.0
22,BABY CARE,Puyo,Pastaza,C,7,2016-01-20,2017-08-07,566,135,0.7610619469026548,0.34690265486725663,0.7096186665066252,2.0455844213073635,0.0017699115044247787,565,1,1,0,1,0,1,0,2,Intermittent demand,zero_sales_rate >= eligible-series Q75,0.0528756900926609,0.2304776345716452,0.7558004540874597,1.109609648399397,0.4324570685673125,4.0
22,BEAUTY,Puyo,Pastaza,C,7,2015-10-09,2017-08-15,677,446,0.33925925925925926,1.5555555555555556,1.7804854915328159,1.1445978159853816,0.16,675,2,1,0,1,0,1,0,2,Intermittent demand,zero_sales_rate >= eligible-series Q75,0.0528756900926609,0.2304776345716452,0.7558004540874597,1.109609648399397,0.4324570685673125,4.0
22,BEVERAGES,Puyo,Pastaza,C,7,2015-10-09,2017-08-15,677,673,0.002962962962962963,1270.9466666666667,427.01362753534016,0.3359807604321242,0.8933333333333333,675,2,1,0,0,1,0,0,1,Promotion dependent,promotion_rate >= eligible-series Q75,0.0528756900926609,0.2304776345716452,0.7558004540874597,1.109609648399397,0.4324570685673125,4.0
22,BOOKS,Puyo,Pastaza,C,7,,,0,0,1.0,0.0,0.0,,0.0,0,0,0,1,1,0,0,0,2,Insufficient history,history_length < 365 or active_days < 90,0.0528756900926609,0.2304776345716452,0.7558004540874597,1.109609648399397,0.4324570685673125,4.0
22,BREAD/BAKERY,Puyo,Pastaza,C,7,2015-10-09,2017-08-15,677,673,0.002962962962962963,134.1851851851852,42.24978450337209,0.3148617669310092,0.7688888888888888,675,2,1,0,0,1,0,0,1,Promotion dependent,promotion_rate >= eligible-series Q75,0.0528756900926609,0.2304776345716452,0.7558004540874597,1.109609648399397,0.4324570685673125,4.0
22,CELEBRATION,Puyo,Pastaza,C,7,2015-10-09,2017-08-15,677,662,0.01925925925925926,9.001481481481482,8.329009626767586,0.9252932024470244,0.04,675,2,1,0,0,0,0,0,0,Ready with caution,Sufficient history without an extreme Q75 risk flag,0.0528756900926609,0.2304776345716452,0.7558004540874597,1.109609648399397,0.4324570685673125,4.0
22,CLEANING,Puyo,Pastaza,C,7,2015-10-09,2017-08-15,677,673,0.002962962962962963,616.9674074074074,228.83931517675933,0.37090989317957257,0.8503703703703703,675,2,1,0,0,1,0,0,1,Promotion dependent,promotion_rate >= eligible-series Q75,0.0528756900926609,0.2304776345716452,0.7558004540874597,1.109609648399397,0.4324570685673125,4.0
22,DAIRY,Puyo,Pastaza,C,7,2015-10-09,2017-08-15,677,673,0.002962962962962963,301.4266666666667,88.30795791018532,0.2929666405654841,0.8103703703703704,675,2,1,0,0,1,0,0,1,Promotion dependent,promotion_rate >= eligible-series Q75,0.0528756900926609,0.2304776345716452,0.7558004540874597,1.109609648399397,0.4324570685673125,4.0
22,DELI,Puyo,Pastaza,C,7,2015-10-09,2017-08-15,677,673,0.002962962962962963,161.91703703703703,48.88977116069898,0.3019433412032848,0.7451851851851852,675,2,1,0,0,1,0,0,1,Promotion dependent,promotion_rate >= eligible-series Q75,0.0528756900926609,0.2304776345716452,0.7558004540874597,1.109609648399397,0.4324570685673125,4.0
22,EGGS,Puyo,Pastaza,C,7,2015-10-09,2017-08-15,677,673,0.002962962962962963,52.41185185185185,29.835889039133185,0.5692584403136102,0.37333333333333335,675,2,1,0,0,0,0,0,0,Ready with caution,Sufficient history without an extreme Q75 risk flag,0.0528756900926609,0.2304776345716452,0.7558004540874597,1.109609648399397,0.4324570685673125,4.0
22,FROZEN FOODS,Puyo,Pastaza,C,7,2015-10-09,2017-08-15,677,673,0.002962962962962963,73.61147558666667,160.27856723405458,2.177358434356477,0.5985185185185186,675,2,1,0,0,1,1,0,2,Promotion dependent,promotion_rate >= eligible-series Q75,0.0528756900926609,0.2304776345716452,0.7558004540874597,1.109609648399397,0.4324570685673125,4.0
22,GROCERY I,Puyo,Pastaza,C,7,2015-10-09,2017-08-15,677,673,0.002962962962962963,2326.314531851852,743.5583404161919,0.31962932365138336,0.9496296296296296,675,2,1,0,0,1,0,0,1,Promotion dependent,promotion_rate >= eligible-series Q75,0.0528756900926609,0.2304776345716452,0.7558004540874597,1.109609648399397,0.4324570685673125,4.0
22,GROCERY II,Puyo,Pastaza,C,7,2015-10-09,2017-08-15,677,596,0.11703703703703704,5.810370370370371,6.193675271121818,1.0659690994409043,0.11703703703703704,675,2,1,0,0,0,0,0,0,Ready with caution,Sufficient history without an extreme Q75 risk flag,0.0528756900926609,0.2304776345716452,0.7558004540874597,1.109609648399397,0.4324570685673125,4.0
22,HARDWARE,Puyo,Pastaza,C,7,2015-10-09,2017-08-15,677,375,0.4444444444444444,1.0340740740740741,1.3597740999200914,1.3149677900373375,0.0014814814814814814,675,2,1,0,1,0,1,0,2,Intermittent demand,zero_sales_rate >= eligible-series Q75,0.0528756900926609,0.2304776345716452,0.7558004540874597,1.109609648399397,0.4324570685673125,4.0
22,HOME AND KITCHEN I,Puyo,Pastaza,C,7,2015-10-09,2017-08-15,677,673,0.002962962962962963,39.85777777777778,34.8739218517428,0.874959011668391,0.4444444444444444,675,2,1,0,0,1,0,0,1,Promotion dependent,promotion_rate >= eligible-series Q75,0.0528756900926609,0.2304776345716452,0.7558004540874597,1.109609648399397,0.4324570685673125,4.0
22,HOME AND KITCHEN II,Puyo,Pastaza,C,7,2015-10-09,2017-08-15,677,673,0.002962962962962963,18.94814814814815,10.085332151550567,0.5322595154258508,0.33925925925925926,675,2,1,0,0,0,0,0,0,Ready with caution,Sufficient history without an extreme Q75 risk flag,0.0528756900926609,0.2304776345716452,0.7558004540874597,1.109609648399397,0.4324570685673125,4.0
22,HOME APPLIANCES,Puyo,Pastaza,C,7,2015-10-09,2017-07-14,645,171,0.7340590979782271,0.3545878693623639,0.673432142188797,1.8991967869622652,0.0,643,2,1,0,1,0,1,0,2,Intermittent demand,zero_sales_rate >= eligible-series Q75,0.0528756900926609,0.2304776345716452,0.7558004540874597,1.109609648399397,0.4324570685673125,4.0
22,HOME CARE,Puyo,Pastaza,C,7,2015-10-09,2017-08-15,677,673,0.002962962962962963,156.97629629629628,59.222304382813356,0.3772690895383971,0.7496296296296296,675,2,1,0,0,1,0,0,1,Promotion dependent,promotion_rate >= eligible-series Q75,0.0528756900926609,0.2304776345716452,0.7558004540874597,1.109609648399397,0.4324570685673125,4.0
22,LADIESWEAR,Puyo,Pastaza,C,7,2017-04-20,2017-08-15,118,84,0.288135593220339,2.9661016949152543,3.937399470190998,1.327466107092965,0.0,118,0,1,1,1,0,1,0,3,Insufficient history,history_length < 365 or active_days < 90,0.0528756900926609,0.2304776345716452,0.7558004540874597,1.109609648399397,0.4324570685673125,4.0
22,LAWN AND GARDEN,Puyo,Pastaza,C,7,2015-10-27,2015-12-26,61,6,0.9,0.2,0.8396932450381577,4.1984662251907885,0.016666666666666666,60,1,1,1,1,0,1,0,3,Insufficient history,history_length < 365 or active_days < 90,0.0528756900926609,0.2304776345716452,0.7558004540874597,1.109609648399397,0.4324570685673125,4.0
22,LINGERIE,Puyo,Pastaza,C,7,2015-10-09,2017-08-15,677,648,0.04,7.082962962962963,6.771750764647761,0.9560618628189163,0.014814814814814815,675,2,1,0,0,0,0,0,0,Ready with caution,Sufficient history without an extreme Q75 risk flag,0.0528756900926609,0.2304776345716452,0.7558004540874597,1.109609648399397,0.4324570685673125,4.0
22,"LIQUOR,WINE,BEER",Puyo,Pastaza,C,7,2015-10-09,2017-08-15,677,638,0.054814814814814816,34.171851851851855,43.415323382753435,1.2704995787461444,0.40444444444444444,675,2,1,0,0,0,1,0,1,High volatility,coefficient_of_variation >= eligible-series Q75,0.0528756900926609,0.2304776345716452,0.7558004540874597,1.109609648399397,0.4324570685673125,4.0
22,MAGAZINES,Puyo,Pastaza,C,7,2015-10-09,2017-08-15,677,593,0.12148148148148148,2.837037037037037,2.517026315890908,0.8872024873244715,0.0044444444444444444,675,2,1,0,0,0,0,0,0,Ready with caution,Sufficient history without an extreme Q75 risk flag,0.0528756900926609,0.2304776345716452,0.7558004540874597,1.109609648399397,0.4324570685673125,4.0
22,MEATS,Puyo,Pastaza,C,7,2015-10-09,2017-08-15,677,673,0.002962962962962963,104.47708894518519,182.41074166647695,1.7459401243671742,0.23555555555555555,675,2,1,0,0,0,1,0,1,High volatility,coefficient_of_variation >= eligible-series Q75,0.0528756900926609,0.2304776345716452,0.7558004540874597,1.109609648399397,0.4324570685673125,4.0
22,PERSONAL CARE,Puyo,Pastaza,C,7,2015-10-09,2017-08-15,677,673,0.002962962962962963,158.6414814814815,67.39904240924537,0.4248513174475932,0.8103703703703704,675,2,1,0,0,1,0,0,1,Promotion dependent,promotion_rate >= eligible-series Q75,0.0528756900926609,0.2304776345716452,0.7558004540874597,1.109609648399397,0.4324570685673125,4.0
22,PET SUPPLIES,Puyo,Pastaza,C,7,2015-10-09,2017-08-14,676,382,0.4332344213649852,0.9673590504451038,1.1299527920222145,1.1680800334708168,0.008902077151335312,674,2,1,0,1,0,1,0,2,Intermittent demand,zero_sales_rate >= eligible-series Q75,0.0528756900926609,0.2304776345716452,0.7558004540874597,1.109609648399397,0.4324570685673125,4.0
22,PLAYERS AND ELECTRONICS,Puyo,Pastaza,C,7,2015-10-09,2017-08-15,677,657,0.02666666666666667,5.594074074074074,3.6126993894839745,0.6458082859909118,0.008888888888888889,675,2,1,0,0,0,0,0,0,Ready with caution,Sufficient history without an extreme Q75 risk flag,0.0528756900926609,0.2304776345716452,0.7558004540874597,1.109609648399397,0.4324570685673125,4.0
22,POULTRY,Puyo,Pastaza,C,7,2015-10-09,2017-08-15,677,673,0.002962962962962963,123.30033909777778,61.14522787973639,0.49590478280232403,0.22074074074074074,675,2,1,0,0,0,0,0,0,Ready with caution,Sufficient history without an extreme Q75 risk flag,0.0528756900926609,0.2304776345716452,0.7558004540874597,1.109609648399397,0.4324570685673125,4.0
22,PREPARED FOODS,Puyo,Pastaza,C,7,2015-10-09,2017-08-15,677,673,0.002962962962962963,45.09481481481482,16.7843686929579,0.3722017434129434,0.45037037037037037,675,2,1,0,0,1,0,0,1,Promotion dependent,promotion_rate >= eligible-series Q75,0.0528756900926609,0.2304776345716452,0.7558004540874597,1.109609648399397,0.4324570685673125,4.0
22,PRODUCE,Puyo,Pastaza,C,7,2015-10-09,2017-08-15,677,673,0.002962962962962963,397.0709953333333,122.90592330211128,0.3095313552150395,0.6977777777777778,675,2,1,0,0,1,0,0,1,Promotion dependent,promotion_rate >= eligible-series Q75,0.0528756900926609,0.2304776345716452,0.7558004540874597,1.109609648399397,0.4324570685673125,4.0
22,SCHOOL AND OFFICE SUPPLIES,Puyo,Pastaza,C,7,2015-11-22,2017-08-15,633,134,0.7876386687797148,0.6624405705229794,2.4283706215136913,3.6657939286486583,0.061806656101426306,631,2,1,0,1,0,1,0,2,Intermittent demand,zero_sales_rate >= eligible-series Q75,0.0528756900926609,0.2304776345716452,0.7558004540874597,1.109609648399397,0.4324570685673125,4.0
22,SEAFOOD,Puyo,Pastaza,C,7,2015-10-09,2017-08-15,677,521,0.22814814814814816,2.1259259259259258,2.149562199679562,1.0111181078632088,0.1451851851851852,675,2,1,0,0,0,0,0,0,Ready with caution,Sufficient history without an extreme Q75 risk flag,0.0528756900926609,0.2304776345716452,0.7558004540874597,1.109609648399397,0.4324570685673125,4.0
23,AUTOMOTIVE,Ambato,Tungurahua,D,9,2013-01-02,2017-08-15,1687,1428,0.15151515151515152,2.3024361259655377,1.8689305270747294,0.811718729565618,0.006535947712418301,1683,4,1,0,0,0,0,0,0,Ready with caution,Sufficient history without an extreme Q75 risk flag,0.0528756900926609,0.2304776345716452,0.7558004540874597,1.109609648399397,0.4324570685673125,4.0
23,BABY CARE,Ambato,Tungurahua,D,9,,,0,0,1.0,0.0,0.0,,0.0,0,0,0,1,1,0,0,0,2,Insufficient history,history_length < 365 or active_days < 90,0.0528756900926609,0.2304776345716452,0.7558004540874597,1.109609648399397,0.4324570685673125,4.0
23,BEAUTY,Ambato,Tungurahua,D,9,2013-01-03,2017-08-15,1686,1122,0.3329369797859691,1.514268727705113,1.6412581958721792,1.083861910269731,0.09512485136741974,1682,4,1,0,1,0,0,0,1,Intermittent demand,zero_sales_rate >= eligible-series Q75,0.0528756900926609,0.2304776345716452,0.7558004540874597,1.109609648399397,0.4324570685673125,4.0
23,BEVERAGES,Ambato,Tungurahua,D,9,2013-01-02,2017-08-15,1687,1679,0.0023767082590612004,1175.443256090315,530.3875242504047,0.4512234184868661,0.6316102198455139,1683,4,1,0,0,1,0,0,1,Promotion dependent,promotion_rate >= eligible-series Q75,0.0528756900926609,0.2304776345716452,0.7558004540874597,1.109609648399397,0.4324570685673125,4.0
23,BOOKS,Ambato,Tungurahua,D,9,2016-10-12,2017-08-09,302,56,0.813953488372093,0.292358803986711,0.7217396235235378,2.468677575915737,0.0,301,1,1,1,1,0,1,0,3,Insufficient history,history_length < 365 or active_days < 90,0.0528756900926609,0.2304776345716452,0.7558004540874597,1.109609648399397,0.4324570685673125,4.0
23,BREAD/BAKERY,Ambato,Tungurahua,D,9,2013-01-02,2017-08-15,1687,1679,0.0023767082590612004,273.8322210635769,51.122315578197195,0.18669211161358504,0.4117647058823529,1683,4,1,0,0,0,0,1,0,Ready,"history_length >= 730, zero-sales <= median, CV <= median, and missing periods <= Q75",0.0528756900926609,0.2304776345716452,0.7558004540874597,1.109609648399397,0.4324570685673125,4.0
23,CELEBRATION,Ambato,Tungurahua,D,9,2014-01-02,2017-08-15,1322,1015,0.2304776345716452,11.142532221379833,14.162058030700623,1.2709909874460177,0.052312357846853674,1319,3,1,0,1,0,1,0,2,Intermittent demand,zero_sales_rate >= eligible-series Q75,0.0528756900926609,0.2304776345716452,0.7558004540874597,1.109609648399397,0.4324570685673125,4.0
23,CLEANING,Ambato,Tungurahua,D,9,2013-01-02,2017-08-15,1687,1679,0.0023767082590612004,573.6815210932858,106.61981223516493,0.18585192012455912,0.6221033868092691,1683,4,1,0,0,1,0,0,1,Promotion dependent,promotion_rate >= eligible-series Q75,0.0528756900926609,0.2304776345716452,0.7558004540874597,1.109609648399397,0.4324570685673125,4.0
23,DAIRY,Ambato,Tungurahua,D,9,2013-01-02,2017-08-15,1687,1679,0.0023767082590612004,465.2305407011289,119.06189636736069,0.2559202071900259,0.5401069518716578,1683,4,1,0,0,1,0,0,1,Promotion dependent,promotion_rate >= eligible-series Q75,0.0528756900926609,0.2304776345716452,0.7558004540874597,1.109609648399397,0.4324570685673125,4.0
23,DELI,Ambato,Tungurahua,D,9,2013-01-02,2017-08-15,1687,1679,0.0023767082590612004,133.41322632560903,31.46514947569328,0.235847301967642,0.42008318478906714,1683,4,1,0,0,0,0,1,0,Ready,"history_length >= 730, zero-sales <= median, CV <= median, and missing periods <= Q75",0.0528756900926609,0.2304776345716452,0.7558004540874597,1.109609648399397,0.4324570685673125,4.0
23,EGGS,Ambato,Tungurahua,D,9,2013-01-02,2017-08-15,1687,1679,0.0023767082590612004,55.22043969102793,12.809897353177599,0.2319774602457379,0.28401663695781343,1683,4,1,0,0,0,0,1,0,Ready,"history_length >= 730, zero-sales <= median, CV <= median, and missing periods <= Q75",0.0528756900926609,0.2304776345716452,0.7558004540874597,1.109609648399397,0.4324570685673125,4.0
23,FROZEN FOODS,Ambato,Tungurahua,D,9,2013-01-02,2017-08-15,1687,1679,0.0023767082590612004,100.27508383957219,178.46201539692842,1.7797244197017648,0.44919786096256686,1683,4,1,0,0,1,1,0,2,Promotion dependent,promotion_rate >= eligible-series Q75,0.0528756900926609,0.2304776345716452,0.7558004540874597,1.109609648399397,0.4324570685673125,4.0
23,GROCERY I,Ambato,Tungurahua,D,9,2013-01-02,2017-08-15,1687,1679,0.0023767082590612004,1984.3814616755794,408.8904806296995,0.20605437438648466,0.6803327391562686,1683,4,1,0,0,1,0,0,1,Promotion dependent,promotion_rate >= eligible-series Q75,0.0528756900926609,0.2304776345716452,0.7558004540874597,1.109609648399397,0.4324570685673125,4.0
23,GROCERY II,Ambato,Tungurahua,D,9,2013-01-02,2017-08-15,1687,1679,0.0023767082590612004,24.234699940582292,13.7015559650768,0.5653693257465432,0.0398098633392751,1683,4,1,0,0,0,0,1,0,Ready,"history_length >= 730, zero-sales <= median, CV <= median, and missing periods <= Q75",0.0528756900926609,0.2304776345716452,0.7558004540874597,1.109609648399397,0.4324570685673125,4.0
23,HARDWARE,Ambato,Tungurahua,D,9,2016-05-09,2017-08-14,463,171,0.6298701298701299,0.48484848484848486,0.7236235934351557,1.4924736614600085,0.0,462,1,1,0,1,0,1,0,2,Intermittent demand,zero_sales_rate >= eligible-series Q75,0.0528756900926609,0.2304776345716452,0.7558004540874597,1.109609648399397,0.4324570685673125,4.0
23,HOME AND KITCHEN I,Ambato,Tungurahua,D,9,2014-01-02,2017-08-15,1322,1120,0.1508718726307809,8.59363153904473,8.177571500675219,0.9515850736118759,0.14480667172100076,1319,3,1,0,0,0,0,0,0,Ready with caution,Sufficient history without an extreme Q75 risk flag,0.0528756900926609,0.2304776345716452,0.7558004540874597,1.109609648399397,0.4324570685673125,4.0
23,HOME AND KITCHEN II,Ambato,Tungurahua,D,9,2014-01-03,2017-08-15,1321,1137,0.13732928679817905,11.3649468892261,16.43702370645956,1.4462912908147205,0.24355083459787558,1318,3,1,0,0,0,1,0,1,High volatility,coefficient_of_variation >= eligible-series Q75,0.0528756900926609,0.2304776345716452,0.7558004540874597,1.109609648399397,0.4324570685673125,4.0
23,HOME APPLIANCES,Ambato,Tungurahua,D,9,2013-01-03,2017-08-12,1683,305,0.8183442525312686,0.2120309708159619,0.48365228399889987,2.2810454630172834,0.0,1679,4,1,0,1,0,1,0,2,Intermittent demand,zero_sales_rate >= eligible-series Q75,0.0528756900926609,0.2304776345716452,0.7558004540874597,1.109609648399397,0.4324570685673125,4.0
23,HOME CARE,Ambato,Tungurahua,D,9,2014-01-02,2017-08-15,1322,1044,0.20849128127369218,110.7846853677028,63.55412334233053,0.5736724632235002,0.4488248673237301,1319,3,1,0,0,1,0,0,1,Promotion dependent,promotion_rate >= eligible-series Q75,0.0528756900926609,0.2304776345716452,0.7558004540874597,1.109609648399397,0.4324570685673125,4.0
23,LADIESWEAR,Ambato,Tungurahua,D,9,2014-01-04,2017-08-15,1320,981,0.255125284738041,8.697038724373577,7.653798868590663,0.8800465435597958,0.002277904328018223,1317,3,1,0,1,0,0,0,1,Intermittent demand,zero_sales_rate >= eligible-series Q75,0.0528756900926609,0.2304776345716452,0.7558004540874597,1.109609648399397,0.4324570685673125,4.0
23,LAWN AND GARDEN,Ambato,Tungurahua,D,9,2013-02-22,2017-08-14,1635,517,0.6830165542611895,0.9650521152667075,3.9148143967608493,4.056583406046344,0.010423053341508276,1631,4,1,0,1,0,1,0,2,Intermittent demand,zero_sales_rate >= eligible-series Q75,0.0528756900926609,0.2304776345716452,0.7558004540874597,1.109609648399397,0.4324570685673125,4.0
23,LINGERIE,Ambato,Tungurahua,D,9,2013-01-02,2017-08-15,1687,1520,0.09685086155674391,4.587046939988117,3.594486267042157,0.7836166304963667,0.029708853238265002,1683,4,1,0,0,0,0,0,0,Ready with caution,Sufficient history without an extreme Q75 risk flag,0.0528756900926609,0.2304776345716452,0.7558004540874597,1.109609648399397,0.4324570685673125,4.0
23,"LIQUOR,WINE,BEER",Ambato,Tungurahua,D,9,2013-01-02,2017-08-15,1687,1500,0.10873440285204991,54.86274509803921,56.79871051460818,1.03528743253932,0.19904931669637552,1683,4,1,0,0,0,0,0,0,Ready with caution,Sufficient history without an extreme Q75 risk flag,0.0528756900926609,0.2304776345716452,0.7558004540874597,1.109609648399397,0.4324570685673125,4.0
23,MAGAZINES,Ambato,Tungurahua,D,9,2014-01-02,2017-08-15,1322,891,0.3244882486732373,2.749052312357847,2.9275438745859184,1.0649283978430297,0.0,1319,3,1,0,1,0,0,0,1,Intermittent demand,zero_sales_rate >= eligible-series Q75,0.0528756900926609,0.2304776345716452,0.7558004540874597,1.109609648399397,0.4324570685673125,4.0
23,MEATS,Ambato,Tungurahua,D,9,2013-01-02,2017-08-15,1687,1679,0.0023767082590612004,654.2633881937018,493.3456127004171,0.7540474090449286,0.26143790849673204,1683,4,1,0,0,0,0,1,0,Ready,"history_length >= 730, zero-sales <= median, CV <= median, and missing periods <= Q75",0.0528756900926609,0.2304776345716452,0.7558004540874597,1.109609648399397,0.4324570685673125,4.0
23,PERSONAL CARE,Ambato,Tungurahua,D,9,2013-01-02,2017-08-15,1687,1679,0.0023767082590612004,140.2893642305407,42.15260255631842,0.30046898271666617,0.44385026737967914,1683,4,1,0,0,1,0,0,1,Promotion dependent,promotion_rate >= eligible-series Q75,0.0528756900926609,0.2304776345716452,0.7558004540874597,1.109609648399397,0.4324570685673125,4.0
23,PET SUPPLIES,Ambato,Tungurahua,D,9,2014-01-03,2017-08-15,1321,891,0.32397572078907433,2.2435508345978756,2.4140219627248443,1.0759827348229098,0.04552352048558422,1318,3,1,0,1,0,0,0,1,Intermittent demand,zero_sales_rate >= eligible-series Q75,0.0528756900926609,0.2304776345716452,0.7558004540874597,1.109609648399397,0.4324570685673125,4.0
23,PLAYERS AND ELECTRONICS,Ambato,Tungurahua,D,9,2014-01-02,2017-08-15,1322,979,0.2577710386656558,3.1910538286580743,2.919228081391075,0.9148163077583341,0.004548900682335102,1319,3,1,0,1,0,0,0,1,Intermittent demand,zero_sales_rate >= eligible-series Q75,0.0528756900926609,0.2304776345716452,0.7558004540874597,1.109609648399397,0.4324570685673125,4.0
23,POULTRY,Ambato,Tungurahua,D,9,2013-01-02,2017-08-15,1687,1679,0.0023767082590612004,296.720968875817,97.89905710148241,0.329936429745398,0.19073083778966132,1683,4,1,0,0,0,0,1,0,Ready,"history_length >= 730, zero-sales <= median, CV <= median, and missing periods <= Q75",0.0528756900926609,0.2304776345716452,0.7558004540874597,1.109609648399397,0.4324570685673125,4.0
23,PREPARED FOODS,Ambato,Tungurahua,D,9,2013-01-02,2017-08-15,1687,1679,0.0023767082590612004,49.43918716874629,15.598362558270017,0.31550604796615167,0.1865715983363042,1683,4,1,0,0,0,0,1,0,Ready,"history_length >= 730, zero-sales <= median, CV <= median, and missing periods <= Q75",0.0528756900926609,0.2304776345716452,0.7558004540874597,1.109609648399397,0.4324570685673125,4.0
23,PRODUCE,Ambato,Tungurahua,D,9,2013-03-16,2017-08-15,1614,1520,0.055900621118012424,827.6974695031055,655.3599358701778,0.791786806190929,0.36459627329192545,1610,4,1,0,0,0,0,0,0,Ready with caution,Sufficient history without an extreme Q75 risk flag,0.0528756900926609,0.2304776345716452,0.7558004540874597,1.109609648399397,0.4324570685673125,4.0
23,SCHOOL AND OFFICE SUPPLIES,Ambato,Tungurahua,D,9,2014-07-08,2017-04-23,1021,185,0.8182711198428291,0.2868369351669941,0.8991657965725218,3.134762948324751,0.01669941060903733,1018,3,1,0,1,0,1,0,2,Intermittent demand,zero_sales_rate >= eligible-series Q75,0.0528756900926609,0.2304776345716452,0.7558004540874597,1.109609648399397,0.4324570685673125,4.0
23,SEAFOOD,Ambato,Tungurahua,D,9,2013-01-02,2017-08-15,1687,1679,0.0023767082590612004,15.580433747890671,6.506968969027054,0.41763721564606554,0.25668449197860965,1683,4,1,0,0,0,0,1,0,Ready,"history_length >= 730, zero-sales <= median, CV <= median, and missing periods <= Q75",0.0528756900926609,0.2304776345716452,0.7558004540874597,1.109609648399397,0.4324570685673125,4.0
24,AUTOMOTIVE,Guayaquil,Guayas,D,1,2013-01-02,2017-08-15,1687,1443,0.14260249554367202,3.2935234699940583,3.4322904827939054,1.0421333001158475,0.0053475935828877,1683,4,1,0,0,0,0,0,0,Ready with caution,Sufficient history without an extreme Q75 risk flag,0.0528756900926609,0.2304776345716452,0.7558004540874597,1.109609648399397,0.4324570685673125,4.0
24,BABY CARE,Guayaquil,Guayas,D,1,2016-07-20,2017-08-01,378,56,0.8514588859416445,0.1883289124668435,0.499011382248916,2.6496801564484698,0.0,377,1,1,1,1,0,1,0,3,Insufficient history,history_length < 365 or active_days < 90,0.0528756900926609,0.2304776345716452,0.7558004540874597,1.109609648399397,0.4324570685673125,4.0
24,BEAUTY,Guayaquil,Guayas,D,1,2013-01-05,2017-08-15,1684,1530,0.08928571428571429,4.9089285714285715,3.286504437599508,0.6694952655713803,0.11904761904761904,1680,4,1,0,0,0,0,0,0,Ready with caution,Sufficient history without an extreme Q75 risk flag,0.0528756900926609,0.2304776345716452,0.7558004540874597,1.109609648399397,0.4324570685673125,4.0
24,BEVERAGES,Guayaquil,Guayas,D,1,2013-01-02,2017-08-15,1687,1578,0.062388591800356503,2823.212121212121,1318.206509868303,0.466917274817573,0.6066547831253714,1683,4,1,0,0,1,0,0,1,Promotion dependent,promotion_rate >= eligible-series Q75,0.0528756900926609,0.2304776345716452,0.7558004540874597,1.109609648399397,0.4324570685673125,4.0
24,BOOKS,Guayaquil,Guayas,D,1,2016-10-12,2017-07-05,267,135,0.4924812030075188,0.8533834586466166,1.131507518192147,1.3259074882780224,0.0,266,1,1,1,1,0,1,0,3,Insufficient history,history_length < 365 or active_days < 90,0.0528756900926609,0.2304776345716452,0.7558004540874597,1.109609648399397,0.4324570685673125,4.0
24,BREAD/BAKERY,Guayaquil,Guayas,D,1,2013-01-02,2017-08-15,1687,1578,0.062388591800356503,692.3109518716577,223.9407568794991,0.3234684591859725,0.46345811051693403,1683,4,1,0,0,1,0,0,1,Promotion dependent,promotion_rate >= eligible-series Q75,0.0528756900926609,0.2304776345716452,0.7558004540874597,1.109609648399397,0.4324570685673125,4.0
24,CELEBRATION,Guayaquil,Guayas,D,1,2014-01-02,2017-08-15,1322,992,0.24791508718726307,13.723275208491282,10.956944134804033,0.7984204913433799,0.060652009097801364,1319,3,1,0,1,0,0,0,1,Intermittent demand,zero_sales_rate >= eligible-series Q75,0.0528756900926609,0.2304776345716452,0.7558004540874597,1.109609648399397,0.4324570685673125,4.0
24,CLEANING,Guayaquil,Guayas,D,1,2013-01-02,2017-08-15,1687,1578,0.062388591800356503,1110.9358288770054,345.0283045735632,0.3105744684842298,0.5834818775995246,1683,4,1,0,0,1,0,0,1,Promotion dependent,promotion_rate >= eligible-series Q75,0.0528756900926609,0.2304776345716452,0.7558004540874597,1.109609648399397,0.4324570685673125,4.0
24,DAIRY,Guayaquil,Guayas,D,1,2013-01-02,2017-08-15,1687,1578,0.062388591800356503,1073.764705882353,410.9909176342481,0.38275696284552524,0.5852644087938206,1683,4,1,0,0,1,0,0,1,Promotion dependent,promotion_rate >= eligible-series Q75,0.0528756900926609,0.2304776345716452,0.7558004540874597,1.109609648399397,0.4324570685673125,4.0
24,DELI,Guayaquil,Guayas,D,1,2013-01-02,2017-08-15,1687,1578,0.062388591800356503,253.25722701723114,89.43703016628695,0.35314700085617623,0.46999405822935236,1683,4,1,0,0,1,0,0,1,Promotion dependent,promotion_rate >= eligible-series Q75,0.0528756900926609,0.2304776345716452,0.7558004540874597,1.109609648399397,0.4324570685673125,4.0
24,EGGS,Guayaquil,Guayas,D,1,2013-01-02,2017-08-15,1687,1578,0.062388591800356503,204.63992869875221,64.76545902710292,0.31648495696283846,0.3113487819370172,1683,4,1,0,0,0,0,0,0,Ready with caution,Sufficient history without an extreme Q75 risk flag,0.0528756900926609,0.2304776345716452,0.7558004540874597,1.109609648399397,0.4324570685673125,4.0
24,FROZEN FOODS,Guayaquil,Guayas,D,1,2013-01-02,2017-08-15,1687,1578,0.062388591800356503,208.41873317825312,305.9784572631253,1.4680947945376523,0.5086155674390969,1683,4,1,0,0,1,1,0,2,Promotion dependent,promotion_rate >= eligible-series Q75,0.0528756900926609,0.2304776345716452,0.7558004540874597,1.109609648399397,0.4324570685673125,4.0
24,GROCERY I,Guayaquil,Guayas,D,1,2013-01-02,2017-08-15,1687,1578,0.062388591800356503,3768.949494949495,1719.7105884855357,0.4562837975913446,0.6565656565656566,1683,4,1,0,0,1,0,0,1,Promotion dependent,promotion_rate >= eligible-series Q75,0.0528756900926609,0.2304776345716452,0.7558004540874597,1.109609648399397,0.4324570685673125,4.0
24,GROCERY II,Guayaquil,Guayas,D,1,2013-01-02,2017-08-15,1687,1561,0.07248960190136661,25.690433749257277,116.86077093525046,4.548804900525627,0.04040404040404041,1683,4,1,0,0,0,1,0,1,High volatility,coefficient_of_variation >= eligible-series Q75,0.0528756900926609,0.2304776345716452,0.7558004540874597,1.109609648399397,0.4324570685673125,4.0
24,HARDWARE,Guayaquil,Guayas,D,1,2013-01-29,2017-08-15,1660,944,0.42995169082125606,1.1316425120772946,1.4037717712364526,1.2404728138567587,0.0,1656,4,1,0,1,0,1,0,2,Intermittent demand,zero_sales_rate >= eligible-series Q75,0.0528756900926609,0.2304776345716452,0.7558004540874597,1.109609648399397,0.4324570685673125,4.0
24,HOME AND KITCHEN I,Guayaquil,Guayas,D,1,2014-01-02,2017-08-15,1322,1142,0.13419257012888552,19.532979529946928,14.91224495551858,0.7634393376932544,0.19257012888551933,1319,3,1,0,0,0,0,0,0,Ready with caution,Sufficient history without an extreme Q75 risk flag,0.0528756900926609,0.2304776345716452,0.7558004540874597,1.109609648399397,0.4324570685673125,4.0
24,HOME AND KITCHEN II,Guayaquil,Guayas,D,1,2014-01-02,2017-08-15,1322,1143,0.133434420015163,35.92721758908264,40.26163497740164,1.1206443938379498,0.35860500379075055,1319,3,1,0,0,0,1,0,1,High volatility,coefficient_of_variation >= eligible-series Q75,0.0528756900926609,0.2304776345716452,0.7558004540874597,1.109609648399397,0.4324570685673125,4.0
24,HOME APPLIANCES,Guayaquil,Guayas,D,1,2013-05-03,2017-07-06,1526,378,0.7516425755584757,0.38173455978975035,0.7874810333489866,2.062902121785125,0.000657030223390276,1522,4,1,0,1,0,1,0,2,Intermittent demand,zero_sales_rate >= eligible-series Q75,0.0528756900926609,0.2304776345716452,0.7558004540874597,1.109609648399397,0.4324570685673125,4.0
24,HOME CARE,Guayaquil,Guayas,D,1,2014-01-02,2017-08-15,1322,1021,0.2259287338893101,218.9901440485216,128.00739401500746,0.5845349550829323,0.4382107657316149,1319,3,1,0,0,1,0,0,1,Promotion dependent,promotion_rate >= eligible-series Q75,0.0528756900926609,0.2304776345716452,0.7558004540874597,1.109609648399397,0.4324570685673125,4.0
24,LADIESWEAR,Guayaquil,Guayas,D,1,2014-01-02,2017-08-15,1322,989,0.25018953752843065,10.779378316906747,8.982819510081335,0.8333337272328936,0.0,1319,3,1,0,1,0,0,0,1,Intermittent demand,zero_sales_rate >= eligible-series Q75,0.0528756900926609,0.2304776345716452,0.7558004540874597,1.109609648399397,0.4324570685673125,4.0
24,LAWN AND GARDEN,Guayaquil,Guayas,D,1,2013-01-02,2017-08-15,1687,1458,0.13368983957219252,13.568033273915626,17.155596255206714,1.2644128967599255,0.09269162210338681,1683,4,1,0,0,0,1,0,1,High volatility,coefficient_of_variation >= eligible-series Q75,0.0528756900926609,0.2304776345716452,0.7558004540874597,1.109609648399397,0.4324570685673125,4.0
24,LINGERIE,Guayaquil,Guayas,D,1,2013-01-02,2017-08-15,1687,1548,0.08021390374331551,9.22638146167558,6.427162033838588,0.6966070133275595,0.040998217468805706,1683,4,1,0,0,0,0,0,0,Ready with caution,Sufficient history without an extreme Q75 risk flag,0.0528756900926609,0.2304776345716452,0.7558004540874597,1.109609648399397,0.4324570685673125,4.0
24,"LIQUOR,WINE,BEER",Guayaquil,Guayas,D,1,2013-01-02,2017-08-15,1687,1411,0.16161616161616163,99.65775401069519,104.48314232975567,1.0484195973204717,0.23410576351752824,1683,4,1,0,0,0,0,0,0,Ready with caution,Sufficient history without an extreme Q75 risk flag,0.0528756900926609,0.2304776345716452,0.7558004540874597,1.109609648399397,0.4324570685673125,4.0
24,MAGAZINES,Guayaquil,Guayas,D,1,2014-01-02,2017-08-15,1322,1033,0.2168309325246399,8.351781652767247,7.4209426263561085,0.8885460533917672,0.0,1319,3,1,0,0,0,0,0,0,Ready with caution,Sufficient history without an extreme Q75 risk flag,0.0528756900926609,0.2304776345716452,0.7558004540874597,1.109609648399397,0.4324570685673125,4.0
24,MEATS,Guayaquil,Guayas,D,1,2013-01-02,2017-08-15,1687,1578,0.062388591800356503,388.19943811051695,148.4993568909483,0.382533672933014,0.27629233511586454,1683,4,1,0,0,0,0,0,0,Ready with caution,Sufficient history without an extreme Q75 risk flag,0.0528756900926609,0.2304776345716452,0.7558004540874597,1.109609648399397,0.4324570685673125,4.0
24,PERSONAL CARE,Guayaquil,Guayas,D,1,2013-01-02,2017-08-15,1687,1578,0.062388591800356503,263.4438502673797,99.90202526233492,0.37921562853314045,0.44206773618538325,1683,4,1,0,0,1,0,0,1,Promotion dependent,promotion_rate >= eligible-series Q75,0.0528756900926609,0.2304776345716452,0.7558004540874597,1.109609648399397,0.4324570685673125,4.0
24,PET SUPPLIES,Guayaquil,Guayas,D,1,2014-01-02,2017-08-15,1322,995,0.24564063684609552,11.377558756633814,8.244001623988503,0.7245844034144622,0.09855951478392722,1319,3,1,0,1,0,0,0,1,Intermittent demand,zero_sales_rate >= eligible-series Q75,0.0528756900926609,0.2304776345716452,0.7558004540874597,1.109609648399397,0.4324570685673125,4.0
24,PLAYERS AND ELECTRONICS,Guayaquil,Guayas,D,1,2014-01-02,2017-08-15,1322,972,0.2630780894617134,9.218347232752086,8.06193382089239,0.8745530643767631,0.002274450341167551,1319,3,1,0,1,0,0,0,1,Intermittent demand,zero_sales_rate >= eligible-series Q75,0.0528756900926609,0.2304776345716452,0.7558004540874597,1.109609648399397,0.4324570685673125,4.0
24,POULTRY,Guayaquil,Guayas,D,1,2013-01-02,2017-08-15,1687,1578,0.062388591800356503,487.55276960190133,199.21867738336147,0.4086094671270729,0.2073677956030897,1683,4,1,0,0,0,0,0,0,Ready with caution,Sufficient history without an extreme Q75 risk flag,0.0528756900926609,0.2304776345716452,0.7558004540874597,1.109609648399397,0.4324570685673125,4.0
24,PREPARED FOODS,Guayaquil,Guayas,D,1,2013-01-02,2017-08-15,1687,1578,0.062388591800356503,129.14297921509208,43.28878960533289,0.33520048761794413,0.20023767082590613,1683,4,1,0,0,0,0,0,0,Ready with caution,Sufficient history without an extreme Q75 risk flag,0.0528756900926609,0.2304776345716452,0.7558004540874597,1.109609648399397,0.4324570685673125,4.0
24,PRODUCE,Guayaquil,Guayas,D,1,2013-03-16,2017-08-15,1614,1460,0.09316770186335403,2370.1728965217394,2040.0453557859882,0.8607158400890426,0.3484472049689441,1610,4,1,0,0,0,0,0,0,Ready with caution,Sufficient history without an extreme Q75 risk flag,0.0528756900926609,0.2304776345716452,0.7558004540874597,1.109609648399397,0.4324570685673125,4.0
24,SCHOOL AND OFFICE SUPPLIES,Guayaquil,Guayas,D,1,2014-07-24,2017-05-21,1033,316,0.6932038834951456,0.9223300970873787,3.624474950450096,3.9296938936458936,0.03300970873786408,1030,3,1,0,1,0,1,0,2,Intermittent demand,zero_sales_rate >= eligible-series Q75,0.0528756900926609,0.2304776345716452,0.7558004540874597,1.109609648399397,0.4324570685673125,4.0
24,SEAFOOD,Guayaquil,Guayas,D,1,2013-01-02,2017-08-15,1687,1578,0.062388591800356503,35.52808419786096,16.148118966595632,0.45451702030046026,0.25252525252525254,1683,4,1,0,0,0,0,0,0,Ready with caution,Sufficient history without an extreme Q75 risk flag,0.0528756900926609,0.2304776345716452,0.7558004540874597,1.109609648399397,0.4324570685673125,4.0
25,AUTOMOTIVE,Salinas,Santa Elena,D,1,2013-01-03,2017-08-15,1686,1261,0.2502972651605232,2.073127229488704,2.281238346660205,1.1003851158825537,0.007134363852556481,1682,4,1,0,1,0,0,0,1,Intermittent demand,zero_sales_rate >= eligible-series Q75,0.0528756900926609,0.2304776345716452,0.7558004540874597,1.109609648399397,0.4324570685673125,4.0
25,BABY CARE,Salinas,Santa Elena,D,1,2016-10-27,2017-08-04,282,25,0.9110320284697508,0.1103202846975089,0.4034674317462547,3.6572370426031475,0.0,281,1,1,1,1,0,1,0,3,Insufficient history,history_length < 365 or active_days < 90,0.0528756900926609,0.2304776345716452,0.7558004540874597,1.109609648399397,0.4324570685673125,4.0
25,BEAUTY,Salinas,Santa Elena,D,1,2013-01-01,2017-08-15,1688,1308,0.22327790973871733,2.369952494061758,2.8757720910301883,1.2134302684276714,0.10807600950118765,1684,4,1,0,0,0,1,0,1,High volatility,coefficient_of_variation >= eligible-series Q75,0.0528756900926609,0.2304776345716452,0.7558004540874597,1.109609648399397,0.4324570685673125,4.0
25,BEVERAGES,Salinas,Santa Elena,D,1,2013-01-01,2017-08-15,1688,1618,0.039192399049881234,1760.0599762470308,1437.0812899598623,0.8164956361453916,0.5754156769596199,1684,4,1,0,0,1,0,0,1,Promotion dependent,promotion_rate >= eligible-series Q75,0.0528756900926609,0.2304776345716452,0.7558004540874597,1.109609648399397,0.4324570685673125,4.0
25,BOOKS,Salinas,Santa Elena,D,1,2016-10-27,2017-05-18,204,74,0.6354679802955665,0.6157635467980296,1.0484065151651927,1.7026121806282728,0.0,203,1,1,1,1,0,1,0,3,Insufficient history,history_length < 365 or active_days < 90,0.0528756900926609,0.2304776345716452,0.7558004540874597,1.109609648399397,0.4324570685673125,4.0
25,BREAD/BAKERY,Salinas,Santa Elena,D,1,2013-01-01,2017-08-15,1688,1618,0.039192399049881234,287.6969304667458,166.02890859181667,0.5770965589464555,0.39370546318289784,1684,4,1,0,0,0,0,1,0,Ready,"history_length >= 730, zero-sales <= median, CV <= median, and missing periods <= Q75",0.0528756900926609,0.2304776345716452,0.7558004540874597,1.109609648399397,0.4324570685673125,4.0
25,CELEBRATION,Salinas,Santa Elena,D,1,2014-01-01,2017-08-15,1323,928,0.296969696969697,5.671969696969697,6.57948213767549,1.1599995220691395,0.059848484848484845,1320,3,1,0,1,0,1,0,2,Intermittent demand,zero_sales_rate >= eligible-series Q75,0.0528756900926609,0.2304776345716452,0.7558004540874597,1.109609648399397,0.4324570685673125,4.0
25,CLEANING,Salinas,Santa Elena,D,1,2013-01-01,2017-08-15,1688,1618,0.039192399049881234,468.04453681710214,291.2605623612827,0.6222924090557191,0.5546318289786223,1684,4,1,0,0,1,0,0,1,Promotion dependent,promotion_rate >= eligible-series Q75,0.0528756900926609,0.2304776345716452,0.7558004540874597,1.109609648399397,0.4324570685673125,4.0
25,DAIRY,Salinas,Santa Elena,D,1,2013-01-01,2017-08-15,1688,1618,0.039192399049881234,468.39073634204277,313.5401040507895,0.6693986019010986,0.49643705463182897,1684,4,1,0,0,1,0,0,1,Promotion dependent,promotion_rate >= eligible-series Q75,0.0528756900926609,0.2304776345716452,0.7558004540874597,1.109609648399397,0.4324570685673125,4.0
25,DELI,Salinas,Santa Elena,D,1,2013-01-01,2017-08-15,1688,1618,0.039192399049881234,125.80037007482186,79.05517282321958,0.6284176491388714,0.38954869358669836,1684,4,1,0,0,0,0,1,0,Ready,"history_length >= 730, zero-sales <= median, CV <= median, and missing periods <= Q75",0.0528756900926609,0.2304776345716452,0.7558004540874597,1.109609648399397,0.4324570685673125,4.0
25,EGGS,Salinas,Santa Elena,D,1,2013-01-01,2017-08-15,1688,1618,0.039192399049881234,106.73515439429929,76.58718610819561,0.7175441544335849,0.28978622327790976,1684,4,1,0,0,0,0,1,0,Ready,"history_length >= 730, zero-sales <= median, CV <= median, and missing periods <= Q75",0.0528756900926609,0.2304776345716452,0.7558004540874597,1.109609648399397,0.4324570685673125,4.0
25,FROZEN FOODS,Salinas,Santa Elena,D,1,2013-01-01,2017-08-15,1688,1618,0.039192399049881234,171.2964613925178,249.89732074654052,1.4588586285732577,0.3847980997624703,1684,4,1,0,0,0,1,0,1,High volatility,coefficient_of_variation >= eligible-series Q75,0.0528756900926609,0.2304776345716452,0.7558004540874597,1.109609648399397,0.4324570685673125,4.0
25,GROCERY I,Salinas,Santa Elena,D,1,2013-01-01,2017-08-15,1688,1618,0.039192399049881234,1685.5035629453682,964.1499807449778,0.5720248843972503,0.6258907363420427,1684,4,1,0,0,1,0,0,1,Promotion dependent,promotion_rate >= eligible-series Q75,0.0528756900926609,0.2304776345716452,0.7558004540874597,1.109609648399397,0.4324570685673125,4.0
25,GROCERY II,Salinas,Santa Elena,D,1,2013-01-01,2017-08-15,1688,1595,0.05285035629453682,11.49228028503563,9.698083425572056,0.8438780803319043,0.03622327790973872,1684,4,1,0,0,0,0,0,0,Ready with caution,Sufficient history without an extreme Q75 risk flag,0.0528756900926609,0.2304776345716452,0.7558004540874597,1.109609648399397,0.4324570685673125,4.0
25,HARDWARE,Salinas,Santa Elena,D,1,2013-06-22,2017-08-14,1515,756,0.499669093315685,0.928524156187955,1.3651966864258114,1.4702866665640777,0.0006618133686300463,1511,4,1,0,1,0,1,0,2,Intermittent demand,zero_sales_rate >= eligible-series Q75,0.0528756900926609,0.2304776345716452,0.7558004540874597,1.109609648399397,0.4324570685673125,4.0
25,HOME AND KITCHEN I,Salinas,Santa Elena,D,1,2014-01-01,2017-08-15,1323,1099,0.16742424242424242,23.24469696969697,57.68443054742399,2.4816168015708917,0.17045454545454544,1320,3,1,0,0,0,1,0,1,High volatility,coefficient_of_variation >= eligible-series Q75,0.0528756900926609,0.2304776345716452,0.7558004540874597,1.109609648399397,0.4324570685673125,4.0
25,HOME AND KITCHEN II,Salinas,Santa Elena,D,1,2014-01-01,2017-08-15,1323,1088,0.17575757575757575,14.271212121212121,20.1252881267308,1.4102017373014468,0.2446969696969697,1320,3,1,0,0,0,1,0,1,High volatility,coefficient_of_variation >= eligible-series Q75,0.0528756900926609,0.2304776345716452,0.7558004540874597,1.109609648399397,0.4324570685673125,4.0
25,HOME APPLIANCES,Salinas,Santa Elena,D,1,2014-05-12,2017-07-21,1167,173,0.8513745704467354,0.19243986254295534,0.506953769585862,2.63434905266939,0.0,1164,3,1,0,1,0,1,0,2,Intermittent demand,zero_sales_rate >= eligible-series Q75,0.0528756900926609,0.2304776345716452,0.7558004540874597,1.109609648399397,0.4324570685673125,4.0
25,HOME CARE,Salinas,Santa Elena,D,1,2014-01-01,2017-08-15,1323,981,0.25681818181818183,84.11515151515151,73.50579032118998,0.8738709851571689,0.4083333333333333,1320,3,1,0,1,0,0,0,1,Intermittent demand,zero_sales_rate >= eligible-series Q75,0.0528756900926609,0.2304776345716452,0.7558004540874597,1.109609648399397,0.4324570685673125,4.0
25,LADIESWEAR,Salinas,Santa Elena,D,1,,,0,0,1.0,0.0,0.0,,0.0,0,0,0,1,1,0,0,0,2,Insufficient history,history_length < 365 or active_days < 90,0.0528756900926609,0.2304776345716452,0.7558004540874597,1.109609648399397,0.4324570685673125,4.0
25,LAWN AND GARDEN,Salinas,Santa Elena,D,1,2013-01-01,2017-08-15,1688,1494,0.11282660332541568,10.171615201900238,14.817355114881519,1.4567357121525177,0.08966745843230403,1684,4,1,0,0,0,1,0,1,High volatility,coefficient_of_variation >= eligible-series Q75,0.0528756900926609,0.2304776345716452,0.7558004540874597,1.109609648399397,0.4324570685673125,4.0
25,LINGERIE,Salinas,Santa Elena,D,1,2013-01-01,2017-08-15,1688,1535,0.08847980997624703,8.526722090261282,10.631062389329202,1.246793583371431,0.020783847980997625,1684,4,1,0,0,0,1,0,1,High volatility,coefficient_of_variation >= eligible-series Q75,0.0528756900926609,0.2304776345716452,0.7558004540874597,1.109609648399397,0.4324570685673125,4.0
25,"LIQUOR,WINE,BEER",Salinas,Santa Elena,D,1,2013-01-01,2017-08-15,1688,1438,0.14608076009501186,175.1977434679335,276.3100994077395,1.5771327526162608,0.21080760095011877,1684,4,1,0,0,0,1,0,1,High volatility,coefficient_of_variation >= eligible-series Q75,0.0528756900926609,0.2304776345716452,0.7558004540874597,1.109609648399397,0.4324570685673125,4.0
25,MAGAZINES,Salinas,Santa Elena,D,1,2014-01-01,2017-08-15,1323,883,0.33106060606060606,4.258333333333334,6.048133211157299,1.4203052550662931,0.0007575757575757576,1320,3,1,0,1,0,1,0,2,Intermittent demand,zero_sales_rate >= eligible-series Q75,0.0528756900926609,0.2304776345716452,0.7558004540874597,1.109609648399397,0.4324570685673125,4.0
25,MEATS,Salinas,Santa Elena,D,1,2013-01-01,2017-08-15,1688,1618,0.039192399049881234,201.23881772090263,112.34031168656483,0.5582437471997534,0.248812351543943,1684,4,1,0,0,0,0,1,0,Ready,"history_length >= 730, zero-sales <= median, CV <= median, and missing periods <= Q75",0.0528756900926609,0.2304776345716452,0.7558004540874597,1.109609648399397,0.4324570685673125,4.0
25,PERSONAL CARE,Salinas,Santa Elena,D,1,2013-01-01,2017-08-15,1688,1618,0.039192399049881234,106.02969121140143,64.12980984424644,0.60482879004509,0.4008313539192399,1684,4,1,0,0,0,0,1,0,Ready,"history_length >= 730, zero-sales <= median, CV <= median, and missing periods <= Q75",0.0528756900926609,0.2304776345716452,0.7558004540874597,1.109609648399397,0.4324570685673125,4.0
25,PET SUPPLIES,Salinas,Santa Elena,D,1,2014-01-01,2017-08-15,1323,889,0.32651515151515154,2.6515151515151514,2.8566585518137217,1.0773683681126036,0.03409090909090909,1320,3,1,0,1,0,0,0,1,Intermittent demand,zero_sales_rate >= eligible-series Q75,0.0528756900926609,0.2304776345716452,0.7558004540874597,1.109609648399397,0.4324570685673125,4.0
25,PLAYERS AND ELECTRONICS,Salinas,Santa Elena,D,1,2014-01-01,2017-08-15,1323,883,0.33106060606060606,4.131818181818182,6.084511192289855,1.4725989684309881,0.004545454545454545,1320,3,1,0,1,0,1,0,2,Intermittent demand,zero_sales_rate >= eligible-series Q75,0.0528756900926609,0.2304776345716452,0.7558004540874597,1.109609648399397,0.4324570685673125,4.0
25,POULTRY,Salinas,Santa Elena,D,1,2013-01-01,2017-08-15,1688,1618,0.039192399049881234,156.377354489905,92.95734956344661,0.5944425256883823,0.16983372921615203,1684,4,1,0,0,0,0,1,0,Ready,"history_length >= 730, zero-sales <= median, CV <= median, and missing periods <= Q75",0.0528756900926609,0.2304776345716452,0.7558004540874597,1.109609648399397,0.4324570685673125,4.0
25,PREPARED FOODS,Salinas,Santa Elena,D,1,2013-01-01,2017-08-15,1688,1618,0.039192399049881234,51.75431117963183,29.790675526694073,0.5756172741492953,0.16211401425178149,1684,4,1,0,0,0,0,1,0,Ready,"history_length >= 730, zero-sales <= median, CV <= median, and missing periods <= Q75",0.0528756900926609,0.2304776345716452,0.7558004540874597,1.109609648399397,0.4324570685673125,4.0
25,PRODUCE,Salinas,Santa Elena,D,1,2013-03-16,2017-08-15,1614,1504,0.06583850931677018,907.9255686024844,1010.8329343953036,1.1133433943833284,0.27888198757763977,1610,4,1,0,0,0,1,0,1,High volatility,coefficient_of_variation >= eligible-series Q75,0.0528756900926609,0.2304776345716452,0.7558004540874597,1.109609648399397,0.4324570685673125,4.0
25,SCHOOL AND OFFICE SUPPLIES,Salinas,Santa Elena,D,1,2014-07-01,2017-08-15,1142,229,0.7989464442493416,0.49692712906057945,2.008929810874206,4.042705043437669,0.021949078138718173,1139,3,1,0,1,0,1,0,2,Intermittent demand,zero_sales_rate >= eligible-series Q75,0.0528756900926609,0.2304776345716452,0.7558004540874597,1.109609648399397,0.4324570685673125,4.0
25,SEAFOOD,Salinas,Santa Elena,D,1,2013-01-03,2017-08-15,1686,1486,0.11652794292508918,5.450129606420927,6.270302725138116,1.1504869017703585,0.18846611177170036,1682,4,1,0,0,0,1,0,1,High volatility,coefficient_of_variation >= eligible-series Q75,0.0528756900926609,0.2304776345716452,0.7558004540874597,1.109609648399397,0.4324570685673125,4.0
26,AUTOMOTIVE,Guayaquil,Guayas,D,10,2013-01-02,2017-08-15,1687,1526,0.0932857991681521,3.568033273915627,2.696384176616023,0.7557060065353483,0.0071301247771836,1683,4,1,0,0,0,0,0,0,Ready with caution,Sufficient history without an extreme Q75 risk flag,0.0528756900926609,0.2304776345716452,0.7558004540874597,1.109609648399397,0.4324570685673125,4.0
26,BABY CARE,Guayaquil,Guayas,D,10,2016-07-15,2016-09-21,69,38,0.4492753623188406,1.391304347826087,1.9570189763150712,1.4066073892264574,0.0,69,0,1,1,1,0,1,0,3,Insufficient history,history_length < 365 or active_days < 90,0.0528756900926609,0.2304776345716452,0.7558004540874597,1.109609648399397,0.4324570685673125,4.0
26,BEAUTY,Guayaquil,Guayas,D,10,2013-01-02,2017-08-13,1685,935,0.44378346222486614,0.9476502082093992,1.1810490741997608,1.2462922120086617,0.05651397977394408,1681,4,1,0,1,0,1,0,2,Intermittent demand,zero_sales_rate >= eligible-series Q75,0.0528756900926609,0.2304776345716452,0.7558004540874597,1.109609648399397,0.4324570685673125,4.0
26,BEVERAGES,Guayaquil,Guayas,D,10,2013-01-02,2017-08-15,1687,1679,0.0023767082590612004,793.3285799168152,586.8291693638226,0.7397050657438244,0.6381461675579323,1683,4,1,0,0,1,0,0,1,Promotion dependent,promotion_rate >= eligible-series Q75,0.0528756900926609,0.2304776345716452,0.7558004540874597,1.109609648399397,0.4324570685673125,4.0
26,BOOKS,Guayaquil,Guayas,D,10,2016-10-30,2017-04-10,163,14,0.9135802469135802,0.08641975308641975,0.28185414774521383,3.2614551381946173,0.0,162,1,1,1,1,0,1,0,3,Insufficient history,history_length < 365 or active_days < 90,0.0528756900926609,0.2304776345716452,0.7558004540874597,1.109609648399397,0.4324570685673125,4.0
26,BREAD/BAKERY,Guayaquil,Guayas,D,10,2013-01-02,2017-08-15,1687,1679,0.0023767082590612004,225.26595008912656,76.62328684097928,0.3401458889399984,0.48187759952465836,1683,4,1,0,0,1,0,0,1,Promotion dependent,promotion_rate >= eligible-series Q75,0.0528756900926609,0.2304776345716452,0.7558004540874597,1.109609648399397,0.4324570685673125,4.0
26,CELEBRATION,Guayaquil,Guayas,D,10,2014-01-02,2017-08-15,1322,999,0.24260803639120546,5.610310841546626,5.315372656161158,0.9474292612806172,0.047763457164518575,1319,3,1,0,1,0,0,0,1,Intermittent demand,zero_sales_rate >= eligible-series Q75,0.0528756900926609,0.2304776345716452,0.7558004540874597,1.109609648399397,0.4324570685673125,4.0
26,CLEANING,Guayaquil,Guayas,D,10,2013-01-02,2017-08-15,1687,1679,0.0023767082590612004,439.7159833630422,186.6155545080117,0.4244002073355076,0.5989304812834224,1683,4,1,0,0,1,0,0,1,Promotion dependent,promotion_rate >= eligible-series Q75,0.0528756900926609,0.2304776345716452,0.7558004540874597,1.109609648399397,0.4324570685673125,4.0
26,DAIRY,Guayaquil,Guayas,D,10,2013-01-02,2017-08-15,1687,1679,0.0023767082590612004,237.47058823529412,126.51066066408518,0.532742440250049,0.5377302436125966,1683,4,1,0,0,1,0,0,1,Promotion dependent,promotion_rate >= eligible-series Q75,0.0528756900926609,0.2304776345716452,0.7558004540874597,1.109609648399397,0.4324570685673125,4.0
26,DELI,Guayaquil,Guayas,D,10,2013-01-02,2017-08-15,1687,1679,0.0023767082590612004,90.8184861164587,35.91183118331461,0.39542424366404894,0.42483660130718953,1683,4,1,0,0,0,0,1,0,Ready,"history_length >= 730, zero-sales <= median, CV <= median, and missing periods <= Q75",0.0528756900926609,0.2304776345716452,0.7558004540874597,1.109609648399397,0.4324570685673125,4.0
26,EGGS,Guayaquil,Guayas,D,10,2013-01-02,2017-08-15,1687,1679,0.0023767082590612004,41.80926916221034,17.973156351285283,0.42988449000516066,0.3672014260249554,1683,4,1,0,0,0,0,1,0,Ready,"history_length >= 730, zero-sales <= median, CV <= median, and missing periods <= Q75",0.0528756900926609,0.2304776345716452,0.7558004540874597,1.109609648399397,0.4324570685673125,4.0
26,FROZEN FOODS,Guayaquil,Guayas,D,10,2013-01-02,2017-08-15,1687,1679,0.0023767082590612004,77.48799171152703,223.68129201791513,2.886657494630107,0.4087938205585264,1683,4,1,0,0,0,1,0,1,High volatility,coefficient_of_variation >= eligible-series Q75,0.0528756900926609,0.2304776345716452,0.7558004540874597,1.109609648399397,0.4324570685673125,4.0
26,GROCERY I,Guayaquil,Guayas,D,10,2013-01-02,2017-08-15,1687,1679,0.0023767082590612004,1616.3624480095068,1436.8029468337504,0.8889113630442989,0.6660724896019014,1683,4,1,0,0,1,0,0,1,Promotion dependent,promotion_rate >= eligible-series Q75,0.0528756900926609,0.2304776345716452,0.7558004540874597,1.109609648399397,0.4324570685673125,4.0
26,GROCERY II,Guayaquil,Guayas,D,10,2013-01-02,2017-08-15,1687,1541,0.0843731431966726,4.509209744503862,4.720399178045779,1.0468351319872242,0.038027332144979206,1683,4,1,0,0,0,0,0,0,Ready with caution,Sufficient history without an extreme Q75 risk flag,0.0528756900926609,0.2304776345716452,0.7558004540874597,1.109609648399397,0.4324570685673125,4.0
26,HARDWARE,Guayaquil,Guayas,D,10,2013-01-02,2017-08-13,1685,750,0.553837001784652,0.8084473527662106,1.3011716440867556,1.6094698555627933,0.0,1681,4,1,0,1,0,1,0,2,Intermittent demand,zero_sales_rate >= eligible-series Q75,0.0528756900926609,0.2304776345716452,0.7558004540874597,1.109609648399397,0.4324570685673125,4.0
26,HOME AND KITCHEN I,Guayaquil,Guayas,D,10,2014-01-02,2017-08-15,1322,1140,0.13570887035633056,9.78316906747536,10.512150147486068,1.0745137976235373,0.1865049279757392,1319,3,1,0,0,0,0,0,0,Ready with caution,Sufficient history without an extreme Q75 risk flag,0.0528756900926609,0.2304776345716452,0.7558004540874597,1.109609648399397,0.4324570685673125,4.0
26,HOME AND KITCHEN II,Guayaquil,Guayas,D,10,2014-01-02,2017-08-15,1322,1130,0.14329037149355572,6.7907505686125855,6.355565061510295,0.9359149621672523,0.2092494313874147,1319,3,1,0,0,0,0,0,0,Ready with caution,Sufficient history without an extreme Q75 risk flag,0.0528756900926609,0.2304776345716452,0.7558004540874597,1.109609648399397,0.4324570685673125,4.0
26,HOME APPLIANCES,Guayaquil,Guayas,D,10,2013-05-17,2017-08-11,1548,279,0.819300518134715,0.22020725388601037,0.5298170569690244,2.40599275282404,0.0006476683937823834,1544,4,1,0,1,0,1,0,2,Intermittent demand,zero_sales_rate >= eligible-series Q75,0.0528756900926609,0.2304776345716452,0.7558004540874597,1.109609648399397,0.4324570685673125,4.0
26,HOME CARE,Guayaquil,Guayas,D,10,2014-01-02,2017-08-15,1322,1044,0.20849128127369218,71.40636846095526,51.73161000614337,0.72446773475716,0.5109931766489765,1319,3,1,0,0,1,0,0,1,Promotion dependent,promotion_rate >= eligible-series Q75,0.0528756900926609,0.2304776345716452,0.7558004540874597,1.109609648399397,0.4324570685673125,4.0
26,LADIESWEAR,Guayaquil,Guayas,D,10,2014-01-02,2017-08-05,1312,627,0.5210084033613446,1.4339190221543163,2.2482636853674784,1.5679153778082202,0.002291825821237586,1309,3,1,0,1,0,1,0,2,Intermittent demand,zero_sales_rate >= eligible-series Q75,0.0528756900926609,0.2304776345716452,0.7558004540874597,1.109609648399397,0.4324570685673125,4.0
26,LAWN AND GARDEN,Guayaquil,Guayas,D,10,2013-01-06,2017-08-14,1682,602,0.6412395709177592,1.6442193087008343,6.634175397178867,4.034848248084863,0.021454112038140644,1678,4,1,0,1,0,1,0,2,Intermittent demand,zero_sales_rate >= eligible-series Q75,0.0528756900926609,0.2304776345716452,0.7558004540874597,1.109609648399397,0.4324570685673125,4.0
26,LINGERIE,Guayaquil,Guayas,D,10,2013-01-02,2017-08-13,1685,1386,0.1754907792980369,3.920880428316478,4.207170543998589,1.0730167932728916,0.02082093991671624,1681,4,1,0,0,0,0,0,0,Ready with caution,Sufficient history without an extreme Q75 risk flag,0.0528756900926609,0.2304776345716452,0.7558004540874597,1.109609648399397,0.4324570685673125,4.0
26,"LIQUOR,WINE,BEER",Guayaquil,Guayas,D,10,2013-01-02,2017-08-15,1687,1497,0.11051693404634581,33.56625074272133,131.0186999638424,3.903286696154266,0.17884729649435532,1683,4,1,0,0,0,1,0,1,High volatility,coefficient_of_variation >= eligible-series Q75,0.0528756900926609,0.2304776345716452,0.7558004540874597,1.109609648399397,0.4324570685673125,4.0
26,MAGAZINES,Guayaquil,Guayas,D,10,2014-01-03,2017-08-12,1318,283,0.7847908745247149,0.28821292775665397,0.6289364923428105,2.18219389823429,0.0,1315,3,1,0,1,0,1,0,2,Intermittent demand,zero_sales_rate >= eligible-series Q75,0.0528756900926609,0.2304776345716452,0.7558004540874597,1.109609648399397,0.4324570685673125,4.0
26,MEATS,Guayaquil,Guayas,D,10,2013-01-02,2017-08-15,1687,1679,0.0023767082590612004,280.4352308413547,105.03256993842369,0.37453414688057424,0.2887700534759358,1683,4,1,0,0,0,0,1,0,Ready,"history_length >= 730, zero-sales <= median, CV <= median, and missing periods <= Q75",0.0528756900926609,0.2304776345716452,0.7558004540874597,1.109609648399397,0.4324570685673125,4.0
26,PERSONAL CARE,Guayaquil,Guayas,D,10,2013-01-02,2017-08-15,1687,1679,0.0023767082590612004,160.8336304218657,105.84918324507424,0.6581284210735804,0.4533571004159239,1683,4,1,0,0,1,0,0,1,Promotion dependent,promotion_rate >= eligible-series Q75,0.0528756900926609,0.2304776345716452,0.7558004540874597,1.109609648399397,0.4324570685673125,4.0
26,PET SUPPLIES,Guayaquil,Guayas,D,10,2014-01-03,2017-08-15,1321,646,0.5098634294385432,1.1396054628224583,1.6625566471679303,1.4588879234136698,0.00834597875569044,1318,3,1,0,1,0,1,0,2,Intermittent demand,zero_sales_rate >= eligible-series Q75,0.0528756900926609,0.2304776345716452,0.7558004540874597,1.109609648399397,0.4324570685673125,4.0
26,PLAYERS AND ELECTRONICS,Guayaquil,Guayas,D,10,2014-01-02,2017-08-14,1321,755,0.4271623672230653,1.492412746585736,2.028540499580988,1.359235576231694,0.0030349013657056147,1318,3,1,0,1,0,1,0,2,Intermittent demand,zero_sales_rate >= eligible-series Q75,0.0528756900926609,0.2304776345716452,0.7558004540874597,1.109609648399397,0.4324570685673125,4.0
26,POULTRY,Guayaquil,Guayas,D,10,2013-01-02,2017-08-15,1687,1679,0.0023767082590612004,162.21177754783125,71.93838983828725,0.4434843815029081,0.25668449197860965,1683,4,1,0,0,0,0,1,0,Ready,"history_length >= 730, zero-sales <= median, CV <= median, and missing periods <= Q75",0.0528756900926609,0.2304776345716452,0.7558004540874597,1.109609648399397,0.4324570685673125,4.0
26,PREPARED FOODS,Guayaquil,Guayas,D,10,2013-01-02,2017-08-15,1687,1674,0.0053475935828877,18.212715389185977,9.276305844104105,0.5093312911270784,0.0778371954842543,1683,4,1,0,0,0,0,1,0,Ready,"history_length >= 730, zero-sales <= median, CV <= median, and missing periods <= Q75",0.0528756900926609,0.2304776345716452,0.7558004540874597,1.109609648399397,0.4324570685673125,4.0
26,PRODUCE,Guayaquil,Guayas,D,10,2013-03-16,2017-08-15,1614,1276,0.20745341614906831,349.1767739503106,329.3141219263533,0.943115769702415,0.26149068322981367,1610,4,1,0,0,0,0,0,0,Ready with caution,Sufficient history without an extreme Q75 risk flag,0.0528756900926609,0.2304776345716452,0.7558004540874597,1.109609648399397,0.4324570685673125,4.0
26,SCHOOL AND OFFICE SUPPLIES,Guayaquil,Guayas,D,10,2015-06-02,2017-08-14,805,247,0.6924034869240349,1.165628891656289,3.695210109368773,3.170142860922142,0.07098381070983811,803,2,1,0,1,0,1,0,2,Intermittent demand,zero_sales_rate >= eligible-series Q75,0.0528756900926609,0.2304776345716452,0.7558004540874597,1.109609648399397,0.4324570685673125,4.0
26,SEAFOOD,Guayaquil,Guayas,D,10,2013-01-02,2017-08-15,1687,1529,0.0915032679738562,3.404619430362448,2.7610959386970473,0.8109851909066698,0.1586452762923351,1683,4,1,0,0,0,0,0,0,Ready with caution,Sufficient history without an extreme Q75 risk flag,0.0528756900926609,0.2304776345716452,0.7558004540874597,1.109609648399397,0.4324570685673125,4.0
27,AUTOMOTIVE,Daule,Guayas,D,1,2013-01-02,2017-08-15,1687,1606,0.0457516339869281,4.875222816399287,3.6004191848237603,0.7385137706347823,0.008912655971479501,1683,4,1,0,0,0,0,1,0,Ready,"history_length >= 730, zero-sales <= median, CV <= median, and missing periods <= Q75",0.0528756900926609,0.2304776345716452,0.7558004540874597,1.109609648399397,0.4324570685673125,4.0
27,BABY CARE,Daule,Guayas,D,1,2016-08-12,2017-08-15,369,67,0.8179347826086957,0.2418478260869565,0.5800393284567599,2.398364863731322,0.0,368,1,1,1,1,0,1,0,3,Insufficient history,history_length < 365 or active_days < 90,0.0528756900926609,0.2304776345716452,0.7558004540874597,1.109609648399397,0.4324570685673125,4.0
27,BEAUTY,Daule,Guayas,D,1,2013-01-02,2017-08-15,1687,1535,0.08793820558526441,3.542483660130719,2.7397753297472187,0.7734052130098238,0.1081402257872846,1683,4,1,0,0,0,0,0,0,Ready with caution,Sufficient history without an extreme Q75 risk flag,0.0528756900926609,0.2304776345716452,0.7558004540874597,1.109609648399397,0.4324570685673125,4.0
27,BEVERAGES,Daule,Guayas,D,1,2013-01-02,2017-08-15,1687,1679,0.0023767082590612004,2406.314319667261,1224.0906029522357,0.5086993801879963,0.6411170528817588,1683,4,1,0,0,1,0,0,1,Promotion dependent,promotion_rate >= eligible-series Q75,0.0528756900926609,0.2304776345716452,0.7558004540874597,1.109609648399397,0.4324570685673125,4.0
27,BOOKS,Daule,Guayas,D,1,2016-10-14,2017-08-13,304,83,0.7260726072607261,0.33003300330033003,0.5952257618050876,1.8035340582694153,0.0,303,1,1,1,1,0,1,0,3,Insufficient history,history_length < 365 or active_days < 90,0.0528756900926609,0.2304776345716452,0.7558004540874597,1.109609648399397,0.4324570685673125,4.0
27,BREAD/BAKERY,Daule,Guayas,D,1,2013-01-02,2017-08-15,1687,1679,0.0023767082590612004,600.2222868270944,201.77152043258118,0.3361613269963522,0.45751633986928103,1683,4,1,0,0,1,0,0,1,Promotion dependent,promotion_rate >= eligible-series Q75,0.0528756900926609,0.2304776345716452,0.7558004540874597,1.109609648399397,0.4324570685673125,4.0
27,CELEBRATION,Daule,Guayas,D,1,2014-01-02,2017-08-15,1322,1015,0.2304776345716452,12.693707354056103,10.22932267136492,0.8058577676360468,0.07050796057619409,1319,3,1,0,1,0,0,0,1,Intermittent demand,zero_sales_rate >= eligible-series Q75,0.0528756900926609,0.2304776345716452,0.7558004540874597,1.109609648399397,0.4324570685673125,4.0
27,CLEANING,Daule,Guayas,D,1,2013-01-02,2017-08-15,1687,1679,0.0023767082590612004,790.7147950089127,254.98055823580515,0.32246842963515193,0.6078431372549019,1683,4,1,0,0,1,0,0,1,Promotion dependent,promotion_rate >= eligible-series Q75,0.0528756900926609,0.2304776345716452,0.7558004540874597,1.109609648399397,0.4324570685673125,4.0
27,DAIRY,Daule,Guayas,D,1,2013-01-02,2017-08-15,1687,1679,0.0023767082590612004,792.7759952465835,332.16667068905525,0.4189918371402489,0.5953654188948306,1683,4,1,0,0,1,0,0,1,Promotion dependent,promotion_rate >= eligible-series Q75,0.0528756900926609,0.2304776345716452,0.7558004540874597,1.109609648399397,0.4324570685673125,4.0
27,DELI,Daule,Guayas,D,1,2013-01-02,2017-08-15,1687,1679,0.0023767082590612004,249.9421598811646,77.05204034141585,0.3082794850538635,0.49079025549613786,1683,4,1,0,0,1,0,0,1,Promotion dependent,promotion_rate >= eligible-series Q75,0.0528756900926609,0.2304776345716452,0.7558004540874597,1.109609648399397,0.4324570685673125,4.0
27,EGGS,Daule,Guayas,D,1,2013-01-02,2017-08-15,1687,1679,0.0023767082590612004,211.1901366607249,64.63425480604906,0.30604769629882583,0.3315508021390374,1683,4,1,0,0,0,0,1,0,Ready,"history_length >= 730, zero-sales <= median, CV <= median, and missing periods <= Q75",0.0528756900926609,0.2304776345716452,0.7558004540874597,1.109609648399397,0.4324570685673125,4.0
27,FROZEN FOODS,Daule,Guayas,D,1,2013-01-02,2017-08-15,1687,1679,0.0023767082590612004,160.5941277076649,139.09263380425102,0.8661128261018746,0.5062388591800356,1683,4,1,0,0,1,0,0,1,Promotion dependent,promotion_rate >= eligible-series Q75,0.0528756900926609,0.2304776345716452,0.7558004540874597,1.109609648399397,0.4324570685673125,4.0
27,GROCERY I,Daule,Guayas,D,1,2013-01-02,2017-08-15,1687,1679,0.0023767082590612004,3183.561497326203,1104.2004000251025,0.3468443756944836,0.6737967914438503,1683,4,1,0,0,1,0,0,1,Promotion dependent,promotion_rate >= eligible-series Q75,0.0528756900926609,0.2304776345716452,0.7558004540874597,1.109609648399397,0.4324570685673125,4.0
27,GROCERY II,Daule,Guayas,D,1,2013-01-02,2017-08-15,1687,1679,0.0023767082590612004,21.708259061200238,11.085650632235428,0.5106651160271583,0.03208556149732621,1683,4,1,0,0,0,0,1,0,Ready,"history_length >= 730, zero-sales <= median, CV <= median, and missing periods <= Q75",0.0528756900926609,0.2304776345716452,0.7558004540874597,1.109609648399397,0.4324570685673125,4.0
27,HARDWARE,Daule,Guayas,D,1,2013-01-02,2017-08-15,1687,1164,0.3083778966131907,1.7540106951871657,1.899396053303599,1.0828873840480884,0.0,1683,4,1,0,1,0,0,0,1,Intermittent demand,zero_sales_rate >= eligible-series Q75,0.0528756900926609,0.2304776345716452,0.7558004540874597,1.109609648399397,0.4324570685673125,4.0
27,HOME AND KITCHEN I,Daule,Guayas,D,1,2014-01-02,2017-08-15,1322,1161,0.1197877179681577,15.169825625473845,13.680562262155773,0.9018272589226579,0.18574677786201668,1319,3,1,0,0,0,0,0,0,Ready with caution,Sufficient history without an extreme Q75 risk flag,0.0528756900926609,0.2304776345716452,0.7558004540874597,1.109609648399397,0.4324570685673125,4.0
27,HOME AND KITCHEN II,Daule,Guayas,D,1,2014-01-02,2017-08-15,1322,1166,0.11599696739954511,18.166793025018954,21.207610680717853,1.167383293876423,0.25549658832448824,1319,3,1,0,0,0,1,0,1,High volatility,coefficient_of_variation >= eligible-series Q75,0.0528756900926609,0.2304776345716452,0.7558004540874597,1.109609648399397,0.4324570685673125,4.0
27,HOME APPLIANCES,Daule,Guayas,D,1,2013-01-03,2017-08-05,1676,433,0.7410287081339713,0.333133971291866,0.6376593465514505,1.91412284997132,0.0005980861244019139,1672,4,1,0,1,0,1,0,2,Intermittent demand,zero_sales_rate >= eligible-series Q75,0.0528756900926609,0.2304776345716452,0.7558004540874597,1.109609648399397,0.4324570685673125,4.0
27,HOME CARE,Daule,Guayas,D,1,2014-01-02,2017-08-15,1322,1044,0.20849128127369218,171.63836239575437,109.10942600362146,0.635693702041056,0.4852160727824109,1319,3,1,0,0,1,0,0,1,Promotion dependent,promotion_rate >= eligible-series Q75,0.0528756900926609,0.2304776345716452,0.7558004540874597,1.109609648399397,0.4324570685673125,4.0
27,LADIESWEAR,Daule,Guayas,D,1,2014-01-04,2017-08-15,1320,944,0.2832194381169324,5.751708428246014,6.7128358115066815,1.1671029391094785,0.0007593014426727411,1317,3,1,0,1,0,1,0,2,Intermittent demand,zero_sales_rate >= eligible-series Q75,0.0528756900926609,0.2304776345716452,0.7558004540874597,1.109609648399397,0.4324570685673125,4.0
27,LAWN AND GARDEN,Daule,Guayas,D,1,2013-01-02,2017-08-15,1687,1610,0.04337492572786691,13.431372549019608,17.90473574632993,1.3330533183398925,0.09685086155674391,1683,4,1,0,0,0,1,0,1,High volatility,coefficient_of_variation >= eligible-series Q75,0.0528756900926609,0.2304776345716452,0.7558004540874597,1.109609648399397,0.4324570685673125,4.0
27,LINGERIE,Daule,Guayas,D,1,2013-01-02,2017-08-15,1687,1587,0.0570409982174688,6.06833036244801,4.590815807568861,0.7565204155623609,0.020796197266785502,1683,4,1,0,0,0,0,0,0,Ready with caution,Sufficient history without an extreme Q75 risk flag,0.0528756900926609,0.2304776345716452,0.7558004540874597,1.109609648399397,0.4324570685673125,4.0
27,"LIQUOR,WINE,BEER",Daule,Guayas,D,1,2013-01-02,2017-08-15,1687,1498,0.10992275698158051,156.76767676767676,181.49212461436727,1.157713939228245,0.23826500297088532,1683,4,1,0,0,0,1,0,1,High volatility,coefficient_of_variation >= eligible-series Q75,0.0528756900926609,0.2304776345716452,0.7558004540874597,1.109609648399397,0.4324570685673125,4.0
27,MAGAZINES,Daule,Guayas,D,1,2014-01-04,2017-08-15,1320,889,0.3249810174639332,2.85876993166287,3.1432045685806487,1.099495462634984,0.0007593014426727411,1317,3,1,0,1,0,0,0,1,Intermittent demand,zero_sales_rate >= eligible-series Q75,0.0528756900926609,0.2304776345716452,0.7558004540874597,1.109609648399397,0.4324570685673125,4.0
27,MEATS,Daule,Guayas,D,1,2013-01-02,2017-08-15,1687,1679,0.0023767082590612004,267.381128362448,80.99816256255173,0.3029314860724008,0.2935234699940582,1683,4,1,0,0,0,0,1,0,Ready,"history_length >= 730, zero-sales <= median, CV <= median, and missing periods <= Q75",0.0528756900926609,0.2304776345716452,0.7558004540874597,1.109609648399397,0.4324570685673125,4.0
27,PERSONAL CARE,Daule,Guayas,D,1,2013-01-02,2017-08-15,1687,1679,0.0023767082590612004,203.68627450980392,83.20157446482123,0.40847904290584164,0.46583481877599525,1683,4,1,0,0,1,0,0,1,Promotion dependent,promotion_rate >= eligible-series Q75,0.0528756900926609,0.2304776345716452,0.7558004540874597,1.109609648399397,0.4324570685673125,4.0
27,PET SUPPLIES,Daule,Guayas,D,1,2014-01-02,2017-08-15,1322,1015,0.2304776345716452,6.686125852918878,5.439699521341215,0.8135801869428577,0.08263836239575435,1319,3,1,0,1,0,0,0,1,Intermittent demand,zero_sales_rate >= eligible-series Q75,0.0528756900926609,0.2304776345716452,0.7558004540874597,1.109609648399397,0.4324570685673125,4.0
27,PLAYERS AND ELECTRONICS,Daule,Guayas,D,1,2014-01-04,2017-08-15,1320,1006,0.23614274867122248,7.0599848139711465,6.533887651445693,0.925481828022583,0.007593014426727411,1317,3,1,0,1,0,0,0,1,Intermittent demand,zero_sales_rate >= eligible-series Q75,0.0528756900926609,0.2304776345716452,0.7558004540874597,1.109609648399397,0.4324570685673125,4.0
27,POULTRY,Daule,Guayas,D,1,2013-01-02,2017-08-15,1687,1679,0.0023767082590612004,378.14318964349377,123.26504134210955,0.32597451102668673,0.23588829471182413,1683,4,1,0,0,0,0,1,0,Ready,"history_length >= 730, zero-sales <= median, CV <= median, and missing periods <= Q75",0.0528756900926609,0.2304776345716452,0.7558004540874597,1.109609648399397,0.4324570685673125,4.0
27,PREPARED FOODS,Daule,Guayas,D,1,2013-01-02,2017-08-15,1687,1679,0.0023767082590612004,89.51506244266191,28.93286138403864,0.32321779815068924,0.19607843137254902,1683,4,1,0,0,0,0,1,0,Ready,"history_length >= 730, zero-sales <= median, CV <= median, and missing periods <= Q75",0.0528756900926609,0.2304776345716452,0.7558004540874597,1.109609648399397,0.4324570685673125,4.0
27,PRODUCE,Daule,Guayas,D,1,2013-03-16,2017-08-15,1614,1540,0.043478260869565216,1720.5953869565217,1445.0244927367849,0.8398398041115401,0.37453416149068325,1610,4,1,0,0,0,0,0,0,Ready with caution,Sufficient history without an extreme Q75 risk flag,0.0528756900926609,0.2304776345716452,0.7558004540874597,1.109609648399397,0.4324570685673125,4.0
27,SCHOOL AND OFFICE SUPPLIES,Daule,Guayas,D,1,2015-06-06,2017-08-14,801,372,0.5344180225281602,1.3028785982478097,3.578812508564635,2.7468503307811174,0.03379224030037547,799,2,1,0,1,0,1,0,2,Intermittent demand,zero_sales_rate >= eligible-series Q75,0.0528756900926609,0.2304776345716452,0.7558004540874597,1.109609648399397,0.4324570685673125,4.0
27,SEAFOOD,Daule,Guayas,D,1,2013-01-02,2017-08-15,1687,1679,0.0023767082590612004,23.773529707189542,10.186518851253167,0.4284815497200898,0.25074272133095665,1683,4,1,0,0,0,0,1,0,Ready,"history_length >= 730, zero-sales <= median, CV <= median, and missing periods <= Q75",0.0528756900926609,0.2304776345716452,0.7558004540874597,1.109609648399397,0.4324570685673125,4.0
28,AUTOMOTIVE,Guayaquil,Guayas,E,10,2013-01-02,2017-08-15,1687,1648,0.020796197266785502,7.143790849673203,4.747939199643065,0.6646246089161839,0.03208556149732621,1683,4,1,0,0,0,0,1,0,Ready,"history_length >= 730, zero-sales <= median, CV <= median, and missing periods <= Q75",0.0528756900926609,0.2304776345716452,0.7558004540874597,1.109609648399397,0.4324570685673125,4.0
28,BABY CARE,Guayaquil,Guayas,E,10,2016-11-07,2017-07-04,240,31,0.8702928870292888,0.1799163179916318,0.5697692232455299,3.1668568454809685,0.0041841004184100415,239,1,1,1,1,0,1,0,3,Insufficient history,history_length < 365 or active_days < 90,0.0528756900926609,0.2304776345716452,0.7558004540874597,1.109609648399397,0.4324570685673125,4.0
28,BEAUTY,Guayaquil,Guayas,E,10,2013-01-02,2017-08-15,1687,1262,0.2501485442661913,1.9435531788472964,2.0706369042048367,1.0653873157373097,0.12121212121212122,1683,4,1,0,1,0,0,0,1,Intermittent demand,zero_sales_rate >= eligible-series Q75,0.0528756900926609,0.2304776345716452,0.7558004540874597,1.109609648399397,0.4324570685673125,4.0
28,BEVERAGES,Guayaquil,Guayas,E,10,2013-01-02,2017-08-15,1687,1679,0.0023767082590612004,2244.027332144979,1425.963775037299,0.6354484879086902,0.6238859180035651,1683,4,1,0,0,1,0,0,1,Promotion dependent,promotion_rate >= eligible-series Q75,0.0528756900926609,0.2304776345716452,0.7558004540874597,1.109609648399397,0.4324570685673125,4.0
28,BOOKS,Guayaquil,Guayas,E,10,,,0,0,1.0,0.0,0.0,,0.0,0,0,0,1,1,0,0,0,2,Insufficient history,history_length < 365 or active_days < 90,0.0528756900926609,0.2304776345716452,0.7558004540874597,1.109609648399397,0.4324570685673125,4.0
28,BREAD/BAKERY,Guayaquil,Guayas,E,10,2013-01-02,2017-08-15,1687,1679,0.0023767082590612004,562.9631610219845,213.97777301861709,0.380091963087192,0.471182412358883,1683,4,1,0,0,1,0,0,1,Promotion dependent,promotion_rate >= eligible-series Q75,0.0528756900926609,0.2304776345716452,0.7558004540874597,1.109609648399397,0.4324570685673125,4.0
28,CELEBRATION,Guayaquil,Guayas,E,10,2014-01-02,2017-08-15,1322,1015,0.2304776345716452,9.545868081880212,8.107068750081504,0.8492751712618144,0.02047005307050796,1319,3,1,0,1,0,0,0,1,Intermittent demand,zero_sales_rate >= eligible-series Q75,0.0528756900926609,0.2304776345716452,0.7558004540874597,1.109609648399397,0.4324570685673125,4.0
28,CLEANING,Guayaquil,Guayas,E,10,2013-01-02,2017-08-15,1687,1679,0.0023767082590612004,1019.2115270350564,430.7673549472078,0.42264764822699197,0.5543672014260249,1683,4,1,0,0,1,0,0,1,Promotion dependent,promotion_rate >= eligible-series Q75,0.0528756900926609,0.2304776345716452,0.7558004540874597,1.109609648399397,0.4324570685673125,4.0
28,DAIRY,Guayaquil,Guayas,E,10,2013-01-02,2017-08-15,1687,1679,0.0023767082590612004,640.8104575163399,345.4853489788894,0.5391381256759219,0.5519904931669638,1683,4,1,0,0,1,0,0,1,Promotion dependent,promotion_rate >= eligible-series Q75,0.0528756900926609,0.2304776345716452,0.7558004540874597,1.109609648399397,0.4324570685673125,4.0
28,DELI,Guayaquil,Guayas,E,10,2013-01-02,2017-08-15,1687,1679,0.0023767082590612004,336.6064158300653,138.0900972168911,0.4102420236891903,0.47950089126559714,1683,4,1,0,0,1,0,0,1,Promotion dependent,promotion_rate >= eligible-series Q75,0.0528756900926609,0.2304776345716452,0.7558004540874597,1.109609648399397,0.4324570685673125,4.0
28,EGGS,Guayaquil,Guayas,E,10,2013-01-02,2017-08-15,1687,1679,0.0023767082590612004,234.07843137254903,128.19724056832658,0.5476678898462602,0.34462269756387404,1683,4,1,0,0,0,0,1,0,Ready,"history_length >= 730, zero-sales <= median, CV <= median, and missing periods <= Q75",0.0528756900926609,0.2304776345716452,0.7558004540874597,1.109609648399397,0.4324570685673125,4.0
28,FROZEN FOODS,Guayaquil,Guayas,E,10,2013-01-02,2017-08-15,1687,1679,0.0023767082590612004,94.20642013428403,153.2995960694914,1.6272733413601173,0.40225787284610814,1683,4,1,0,0,0,1,0,1,High volatility,coefficient_of_variation >= eligible-series Q75,0.0528756900926609,0.2304776345716452,0.7558004540874597,1.109609648399397,0.4324570685673125,4.0
28,GROCERY I,Guayaquil,Guayas,E,10,2013-01-02,2017-08-15,1687,1679,0.0023767082590612004,3685.354891859774,1578.6517506923635,0.4283581356518189,0.7076648841354723,1683,4,1,0,0,1,0,0,1,Promotion dependent,promotion_rate >= eligible-series Q75,0.0528756900926609,0.2304776345716452,0.7558004540874597,1.109609648399397,0.4324570685673125,4.0
28,GROCERY II,Guayaquil,Guayas,E,10,2013-01-02,2017-08-15,1687,1621,0.0368389780154486,7.218062982768865,5.934690677663869,0.8221999020833298,0.06001188354129531,1683,4,1,0,0,0,0,0,0,Ready with caution,Sufficient history without an extreme Q75 risk flag,0.0528756900926609,0.2304776345716452,0.7558004540874597,1.109609648399397,0.4324570685673125,4.0
28,HARDWARE,Guayaquil,Guayas,E,10,2013-01-04,2017-08-13,1683,997,0.4061941631923764,1.2489577129243596,1.6022807931712357,1.2828943498972365,0.0005955926146515784,1679,4,1,0,1,0,1,0,2,Intermittent demand,zero_sales_rate >= eligible-series Q75,0.0528756900926609,0.2304776345716452,0.7558004540874597,1.109609648399397,0.4324570685673125,4.0
28,HOME AND KITCHEN I,Guayaquil,Guayas,E,10,2014-01-02,2017-08-15,1322,1166,0.11599696739954511,28.502653525398028,35.76531305808944,1.2548064349945465,0.2266868840030326,1319,3,1,0,0,0,1,0,1,High volatility,coefficient_of_variation >= eligible-series Q75,0.0528756900926609,0.2304776345716452,0.7558004540874597,1.109609648399397,0.4324570685673125,4.0
28,HOME AND KITCHEN II,Guayaquil,Guayas,E,10,2014-01-02,2017-08-15,1322,1166,0.11599696739954511,13.853677028051553,10.218209506230163,0.7375810397152951,0.16755117513267628,1319,3,1,0,0,0,0,0,0,Ready with caution,Sufficient history without an extreme Q75 risk flag,0.0528756900926609,0.2304776345716452,0.7558004540874597,1.109609648399397,0.4324570685673125,4.0
28,HOME APPLIANCES,Guayaquil,Guayas,E,10,2013-03-05,2017-08-15,1625,578,0.6434299814929056,0.5373226403454657,0.8717061389898147,1.6223141805998735,0.0006169031462060457,1621,4,1,0,1,0,1,0,2,Intermittent demand,zero_sales_rate >= eligible-series Q75,0.0528756900926609,0.2304776345716452,0.7558004540874597,1.109609648399397,0.4324570685673125,4.0
28,HOME CARE,Guayaquil,Guayas,E,10,2014-01-02,2017-08-15,1322,1044,0.20849128127369218,215.6937073540561,146.32629329891526,0.6783985267531432,0.4579226686884003,1319,3,1,0,0,1,0,0,1,Promotion dependent,promotion_rate >= eligible-series Q75,0.0528756900926609,0.2304776345716452,0.7558004540874597,1.109609648399397,0.4324570685673125,4.0
28,LADIESWEAR,Guayaquil,Guayas,E,10,,,0,0,1.0,0.0,0.0,,0.0,0,0,0,1,1,0,0,0,2,Insufficient history,history_length < 365 or active_days < 90,0.0528756900926609,0.2304776345716452,0.7558004540874597,1.109609648399397,0.4324570685673125,4.0
28,LAWN AND GARDEN,Guayaquil,Guayas,E,10,2013-01-05,2017-08-15,1684,926,0.4488095238095238,1.838690476190476,4.08350048943297,2.2208743354637064,0.020833333333333332,1680,4,1,0,1,0,1,0,2,Intermittent demand,zero_sales_rate >= eligible-series Q75,0.0528756900926609,0.2304776345716452,0.7558004540874597,1.109609648399397,0.4324570685673125,4.0
28,LINGERIE,Guayaquil,Guayas,E,10,2013-01-02,2017-08-15,1687,1620,0.0374331550802139,7.413547237076648,5.866234378254515,0.7912857624911718,0.015448603683897801,1683,4,1,0,0,0,0,0,0,Ready with caution,Sufficient history without an extreme Q75 risk flag,0.0528756900926609,0.2304776345716452,0.7558004540874597,1.109609648399397,0.4324570685673125,4.0
28,"LIQUOR,WINE,BEER",Guayaquil,Guayas,E,10,2013-01-02,2017-08-15,1687,1497,0.11051693404634581,116.941770647653,191.52650489424605,1.6377937826109865,0.20499108734402852,1683,4,1,0,0,0,1,0,1,High volatility,coefficient_of_variation >= eligible-series Q75,0.0528756900926609,0.2304776345716452,0.7558004540874597,1.109609648399397,0.4324570685673125,4.0
28,MAGAZINES,Guayaquil,Guayas,E,10,2014-01-31,2017-08-15,1293,534,0.586046511627907,0.8573643410852713,1.4294245313733502,1.6672311441877232,0.002325581395348837,1290,3,1,0,1,0,1,0,2,Intermittent demand,zero_sales_rate >= eligible-series Q75,0.0528756900926609,0.2304776345716452,0.7558004540874597,1.109609648399397,0.4324570685673125,4.0
28,MEATS,Guayaquil,Guayas,E,10,2013-01-02,2017-08-15,1687,1679,0.0023767082590612004,195.6441026785502,76.6200321757113,0.3916296536757899,0.23351158645276293,1683,4,1,0,0,0,0,1,0,Ready,"history_length >= 730, zero-sales <= median, CV <= median, and missing periods <= Q75",0.0528756900926609,0.2304776345716452,0.7558004540874597,1.109609648399397,0.4324570685673125,4.0
28,PERSONAL CARE,Guayaquil,Guayas,E,10,2013-01-02,2017-08-15,1687,1679,0.0023767082590612004,298.078431372549,157.51618765699783,0.528438729805742,0.39453357100415926,1683,4,1,0,0,0,0,1,0,Ready,"history_length >= 730, zero-sales <= median, CV <= median, and missing periods <= Q75",0.0528756900926609,0.2304776345716452,0.7558004540874597,1.109609648399397,0.4324570685673125,4.0
28,PET SUPPLIES,Guayaquil,Guayas,E,10,2014-01-02,2017-08-15,1322,960,0.2721758908263836,3.268385140257771,3.377488590778842,1.0333814547059366,0.029567854435178165,1319,3,1,0,1,0,0,0,1,Intermittent demand,zero_sales_rate >= eligible-series Q75,0.0528756900926609,0.2304776345716452,0.7558004540874597,1.109609648399397,0.4324570685673125,4.0
28,PLAYERS AND ELECTRONICS,Guayaquil,Guayas,E,10,2014-01-02,2017-08-15,1322,955,0.2759666413949962,4.0379075056861256,4.396344928337554,1.0887681112424399,0.009097801364670205,1319,3,1,0,1,0,0,0,1,Intermittent demand,zero_sales_rate >= eligible-series Q75,0.0528756900926609,0.2304776345716452,0.7558004540874597,1.109609648399397,0.4324570685673125,4.0
28,POULTRY,Guayaquil,Guayas,E,10,2013-01-02,2017-08-15,1687,1679,0.0023767082590612004,228.92797501426026,92.90005960332687,0.4058047497145772,0.28104575163398693,1683,4,1,0,0,0,0,1,0,Ready,"history_length >= 730, zero-sales <= median, CV <= median, and missing periods <= Q75",0.0528756900926609,0.2304776345716452,0.7558004540874597,1.109609648399397,0.4324570685673125,4.0
28,PREPARED FOODS,Guayaquil,Guayas,E,10,2013-01-02,2017-08-15,1687,1679,0.0023767082590612004,64.52629945989305,25.10612489481736,0.3890836000973884,0.2638146167557932,1683,4,1,0,0,0,0,1,0,Ready,"history_length >= 730, zero-sales <= median, CV <= median, and missing periods <= Q75",0.0528756900926609,0.2304776345716452,0.7558004540874597,1.109609648399397,0.4324570685673125,4.0
28,PRODUCE,Guayaquil,Guayas,E,10,2014-01-02,2017-08-15,1322,1016,0.22971948445792267,1209.5570082259287,884.8245217446689,0.7315277541506302,0.45943896891584535,1319,3,1,0,0,1,0,0,1,Promotion dependent,promotion_rate >= eligible-series Q75,0.0528756900926609,0.2304776345716452,0.7558004540874597,1.109609648399397,0.4324570685673125,4.0
28,SCHOOL AND OFFICE SUPPLIES,Guayaquil,Guayas,E,10,2014-01-02,2017-08-15,1322,790,0.40106141015921154,4.658074298711145,14.963354110737928,3.2123476679790572,0.08339651250947688,1319,3,1,0,1,0,1,0,2,Intermittent demand,zero_sales_rate >= eligible-series Q75,0.0528756900926609,0.2304776345716452,0.7558004540874597,1.109609648399397,0.4324570685673125,4.0
28,SEAFOOD,Guayaquil,Guayas,E,10,2013-01-02,2017-08-15,1687,1532,0.08972073677956031,6.4208469399286985,5.072949559816993,0.7900748308249389,0.19370172311348782,1683,4,1,0,0,0,0,0,0,Ready with caution,Sufficient history without an extreme Q75 risk flag,0.0528756900926609,0.2304776345716452,0.7558004540874597,1.109609648399397,0.4324570685673125,4.0
29,AUTOMOTIVE,Guayaquil,Guayas,E,10,2015-03-20,2017-08-15,880,864,0.015945330296127564,6.33371298405467,3.9279749956345995,0.6201694022958422,0.02164009111617312,878,2,1,0,0,0,0,1,0,Ready,"history_length >= 730, zero-sales <= median, CV <= median, and missing periods <= Q75",0.0528756900926609,0.2304776345716452,0.7558004540874597,1.109609648399397,0.4324570685673125,4.0
29,BABY CARE,Guayaquil,Guayas,E,10,2015-06-03,2017-08-14,804,218,0.7281795511221946,0.4688279301745636,0.9815531389650739,2.093631961303163,0.0024937655860349127,802,2,1,0,1,0,1,0,2,Intermittent demand,zero_sales_rate >= eligible-series Q75,0.0528756900926609,0.2304776345716452,0.7558004540874597,1.109609648399397,0.4324570685673125,4.0
29,BEAUTY,Guayaquil,Guayas,E,10,2015-03-20,2017-08-15,880,785,0.10592255125284739,3.001138952164009,2.3783992923597146,0.7924988913441477,0.21981776765375854,878,2,1,0,0,0,0,0,0,Ready with caution,Sufficient history without an extreme Q75 risk flag,0.0528756900926609,0.2304776345716452,0.7558004540874597,1.109609648399397,0.4324570685673125,4.0
29,BEVERAGES,Guayaquil,Guayas,E,10,2015-03-20,2017-08-15,880,876,0.002277904328018223,2502.253986332574,1022.770883880352,0.4087398359506163,0.9236902050113895,878,2,1,0,0,1,0,0,1,Promotion dependent,promotion_rate >= eligible-series Q75,0.0528756900926609,0.2304776345716452,0.7558004540874597,1.109609648399397,0.4324570685673125,4.0
29,BOOKS,Guayaquil,Guayas,E,10,,,0,0,1.0,0.0,0.0,,0.0,0,0,0,1,1,0,0,0,2,Insufficient history,history_length < 365 or active_days < 90,0.0528756900926609,0.2304776345716452,0.7558004540874597,1.109609648399397,0.4324570685673125,4.0
29,BREAD/BAKERY,Guayaquil,Guayas,E,10,2015-03-20,2017-08-15,880,876,0.002277904328018223,588.0432801822324,194.8540264538049,0.3313600087283038,0.7642369020501139,878,2,1,0,0,1,0,0,1,Promotion dependent,promotion_rate >= eligible-series Q75,0.0528756900926609,0.2304776345716452,0.7558004540874597,1.109609648399397,0.4324570685673125,4.0
29,CELEBRATION,Guayaquil,Guayas,E,10,2015-06-01,2017-08-15,807,798,0.008695652173913044,10.339130434782609,6.024247996184481,0.5826648608588858,0.018633540372670808,805,2,1,0,0,0,0,1,0,Ready,"history_length >= 730, zero-sales <= median, CV <= median, and missing periods <= Q75",0.0528756900926609,0.2304776345716452,0.7558004540874597,1.109609648399397,0.4324570685673125,4.0
29,CLEANING,Guayaquil,Guayas,E,10,2015-03-20,2017-08-15,880,876,0.002277904328018223,950.7323462414579,313.3931234576164,0.3296333870374321,0.8633257403189066,878,2,1,0,0,1,0,0,1,Promotion dependent,promotion_rate >= eligible-series Q75,0.0528756900926609,0.2304776345716452,0.7558004540874597,1.109609648399397,0.4324570685673125,4.0
29,DAIRY,Guayaquil,Guayas,E,10,2015-03-20,2017-08-15,880,876,0.002277904328018223,683.124145785877,251.80244076828077,0.36860421684934475,0.8109339407744874,878,2,1,0,0,1,0,0,1,Promotion dependent,promotion_rate >= eligible-series Q75,0.0528756900926609,0.2304776345716452,0.7558004540874597,1.109609648399397,0.4324570685673125,4.0
29,DELI,Guayaquil,Guayas,E,10,2015-03-20,2017-08-15,880,876,0.002277904328018223,280.53111391799547,85.02903122622523,0.30310018036388225,0.7186788154897494,878,2,1,0,0,1,0,0,1,Promotion dependent,promotion_rate >= eligible-series Q75,0.0528756900926609,0.2304776345716452,0.7558004540874597,1.109609648399397,0.4324570685673125,4.0
29,EGGS,Guayaquil,Guayas,E,10,2015-03-20,2017-08-15,880,876,0.002277904328018223,192.10478359908885,99.59047478591064,0.5184174642613272,0.4544419134396355,878,2,1,0,0,1,0,0,1,Promotion dependent,promotion_rate >= eligible-series Q75,0.0528756900926609,0.2304776345716452,0.7558004540874597,1.109609648399397,0.4324570685673125,4.0
29,FROZEN FOODS,Guayaquil,Guayas,E,10,2015-03-20,2017-08-15,880,876,0.002277904328018223,99.11870261617312,121.66348984826708,1.2274524044104602,0.6116173120728929,878,2,1,0,0,1,1,0,2,Promotion dependent,promotion_rate >= eligible-series Q75,0.0528756900926609,0.2304776345716452,0.7558004540874597,1.109609648399397,0.4324570685673125,4.0
29,GROCERY I,Guayaquil,Guayas,E,10,2015-03-20,2017-08-15,880,876,0.002277904328018223,3527.258707289294,1232.6502185247418,0.3494640798468781,0.989749430523918,878,2,1,0,0,1,0,0,1,Promotion dependent,promotion_rate >= eligible-series Q75,0.0528756900926609,0.2304776345716452,0.7558004540874597,1.109609648399397,0.4324570685673125,4.0
29,GROCERY II,Guayaquil,Guayas,E,10,2015-03-20,2017-08-15,880,868,0.011389521640091117,10.517084282460136,7.3429776051131945,0.698195184891638,0.1070615034168565,878,2,1,0,0,0,0,1,0,Ready,"history_length >= 730, zero-sales <= median, CV <= median, and missing periods <= Q75",0.0528756900926609,0.2304776345716452,0.7558004540874597,1.109609648399397,0.4324570685673125,4.0
29,HARDWARE,Guayaquil,Guayas,E,10,2015-03-20,2017-08-15,880,529,0.39749430523917995,1.1047835990888382,1.3079704389605997,1.1839155107292851,0.0,878,2,1,0,1,0,1,0,2,Intermittent demand,zero_sales_rate >= eligible-series Q75,0.0528756900926609,0.2304776345716452,0.7558004540874597,1.109609648399397,0.4324570685673125,4.0
29,HOME AND KITCHEN I,Guayaquil,Guayas,E,10,2015-03-20,2017-08-15,880,876,0.002277904328018223,24.37015945330296,13.96226786040823,0.5729247642865087,0.33029612756264237,878,2,1,0,0,0,0,1,0,Ready,"history_length >= 730, zero-sales <= median, CV <= median, and missing periods <= Q75",0.0528756900926609,0.2304776345716452,0.7558004540874597,1.109609648399397,0.4324570685673125,4.0
29,HOME AND KITCHEN II,Guayaquil,Guayas,E,10,2015-03-20,2017-08-15,880,876,0.002277904328018223,17.908883826879272,11.35147561001154,0.6338460687859407,0.20273348519362186,878,2,1,0,0,0,0,1,0,Ready,"history_length >= 730, zero-sales <= median, CV <= median, and missing periods <= Q75",0.0528756900926609,0.2304776345716452,0.7558004540874597,1.109609648399397,0.4324570685673125,4.0
29,HOME APPLIANCES,Guayaquil,Guayas,E,10,2015-03-20,2017-07-18,852,176,0.7929411764705883,0.2858823529411765,0.6489373285172476,2.2699453878175326,0.001176470588235294,850,2,1,0,1,0,1,0,2,Intermittent demand,zero_sales_rate >= eligible-series Q75,0.0528756900926609,0.2304776345716452,0.7558004540874597,1.109609648399397,0.4324570685673125,4.0
29,HOME CARE,Guayaquil,Guayas,E,10,2015-05-04,2017-08-15,835,831,0.0024009603841536613,235.95678271308523,92.8915727279251,0.3936804513938378,0.7010804321728692,833,2,1,0,0,1,0,0,1,Promotion dependent,promotion_rate >= eligible-series Q75,0.0528756900926609,0.2304776345716452,0.7558004540874597,1.109609648399397,0.4324570685673125,4.0
29,LADIESWEAR,Guayaquil,Guayas,E,10,,,0,0,1.0,0.0,0.0,,0.0,0,0,0,1,1,0,0,0,2,Insufficient history,history_length < 365 or active_days < 90,0.0528756900926609,0.2304776345716452,0.7558004540874597,1.109609648399397,0.4324570685673125,4.0
29,LAWN AND GARDEN,Guayaquil,Guayas,E,10,2015-03-28,2017-08-15,872,436,0.49885057471264366,2.075862068965517,4.546523742350451,2.190185855949553,0.06436781609195402,870,2,1,0,1,0,1,0,2,Intermittent demand,zero_sales_rate >= eligible-series Q75,0.0528756900926609,0.2304776345716452,0.7558004540874597,1.109609648399397,0.4324570685673125,4.0
29,LINGERIE,Guayaquil,Guayas,E,10,2015-03-20,2017-08-15,880,822,0.06378132118451026,4.815489749430524,3.7976331432581527,0.7886286423322275,0.02619589977220957,878,2,1,0,0,0,0,0,0,Ready with caution,Sufficient history without an extreme Q75 risk flag,0.0528756900926609,0.2304776345716452,0.7558004540874597,1.109609648399397,0.4324570685673125,4.0
29,"LIQUOR,WINE,BEER",Guayaquil,Guayas,E,10,2015-03-20,2017-08-15,880,811,0.07630979498861047,119.7129840546697,187.17637117094316,1.5635427739856917,0.4009111617312073,878,2,1,0,0,0,1,0,1,High volatility,coefficient_of_variation >= eligible-series Q75,0.0528756900926609,0.2304776345716452,0.7558004540874597,1.109609648399397,0.4324570685673125,4.0
29,MAGAZINES,Guayaquil,Guayas,E,10,2015-04-15,2017-08-15,854,551,0.3532863849765258,1.3603286384976525,1.5231774214080303,1.1197128240203984,0.002347417840375587,852,2,1,0,1,0,1,0,2,Intermittent demand,zero_sales_rate >= eligible-series Q75,0.0528756900926609,0.2304776345716452,0.7558004540874597,1.109609648399397,0.4324570685673125,4.0
29,MEATS,Guayaquil,Guayas,E,10,2015-03-20,2017-08-15,880,876,0.002277904328018223,127.46374711617312,35.47125994328373,0.2782850869036078,0.3086560364464693,878,2,1,0,0,0,0,1,0,Ready,"history_length >= 730, zero-sales <= median, CV <= median, and missing periods <= Q75",0.0528756900926609,0.2304776345716452,0.7558004540874597,1.109609648399397,0.4324570685673125,4.0
29,PERSONAL CARE,Guayaquil,Guayas,E,10,2015-03-20,2017-08-15,880,876,0.002277904328018223,271.53302961275625,129.0318768661274,0.47519772106599606,0.7323462414578588,878,2,1,0,0,1,0,0,1,Promotion dependent,promotion_rate >= eligible-series Q75,0.0528756900926609,0.2304776345716452,0.7558004540874597,1.109609648399397,0.4324570685673125,4.0
29,PET SUPPLIES,Guayaquil,Guayas,E,10,2015-06-01,2017-08-14,806,758,0.05721393034825871,4.514925373134329,3.0971848575353764,0.68598805109048,0.05223880597014925,804,2,1,0,0,0,0,0,0,Ready with caution,Sufficient history without an extreme Q75 risk flag,0.0528756900926609,0.2304776345716452,0.7558004540874597,1.109609648399397,0.4324570685673125,4.0
29,PLAYERS AND ELECTRONICS,Guayaquil,Guayas,E,10,2015-06-01,2017-08-15,807,777,0.034782608695652174,5.521739130434782,3.7067354260760372,0.671298541730306,0.012422360248447204,805,2,1,0,0,0,0,1,0,Ready,"history_length >= 730, zero-sales <= median, CV <= median, and missing periods <= Q75",0.0528756900926609,0.2304776345716452,0.7558004540874597,1.109609648399397,0.4324570685673125,4.0
29,POULTRY,Guayaquil,Guayas,E,10,2015-03-20,2017-08-15,880,876,0.002277904328018223,200.66527337813213,56.450457952393414,0.2813165277781702,0.3200455580865604,878,2,1,0,0,0,0,1,0,Ready,"history_length >= 730, zero-sales <= median, CV <= median, and missing periods <= Q75",0.0528756900926609,0.2304776345716452,0.7558004540874597,1.109609648399397,0.4324570685673125,4.0
29,PREPARED FOODS,Guayaquil,Guayas,E,10,2015-03-20,2017-08-15,880,876,0.002277904328018223,68.75212183712985,20.295777827189944,0.2952022029991972,0.4908883826879271,878,2,1,0,0,1,0,0,1,Promotion dependent,promotion_rate >= eligible-series Q75,0.0528756900926609,0.2304776345716452,0.7558004540874597,1.109609648399397,0.4324570685673125,4.0
29,PRODUCE,Guayaquil,Guayas,E,10,2015-06-01,2017-08-15,807,803,0.002484472049689441,1243.1110176397515,565.0044333883549,0.45450842714040757,0.6857142857142857,805,2,1,0,0,1,0,0,1,Promotion dependent,promotion_rate >= eligible-series Q75,0.0528756900926609,0.2304776345716452,0.7558004540874597,1.109609648399397,0.4324570685673125,4.0
29,SCHOOL AND OFFICE SUPPLIES,Guayaquil,Guayas,E,10,2015-06-01,2017-08-14,806,633,0.2126865671641791,4.282338308457711,9.28683029571687,2.1686353638560454,0.12437810945273632,804,2,1,0,0,0,1,0,1,High volatility,coefficient_of_variation >= eligible-series Q75,0.0528756900926609,0.2304776345716452,0.7558004540874597,1.109609648399397,0.4324570685673125,4.0
29,SEAFOOD,Guayaquil,Guayas,E,10,2015-03-20,2017-08-15,880,851,0.030751708428246014,6.84624145785877,4.747230194877805,0.6934067727670459,0.3120728929384966,878,2,1,0,0,0,0,1,0,Ready,"history_length >= 730, zero-sales <= median, CV <= median, and missing periods <= Q75",0.0528756900926609,0.2304776345716452,0.7558004540874597,1.109609648399397,0.4324570685673125,4.0
30,AUTOMOTIVE,Guayaquil,Guayas,C,3,2013-01-02,2017-08-15,1687,1481,0.12002376708259062,3.0843731431966726,2.386049802192125,0.7735931067403865,0.004753416518122401,1683,4,1,0,0,0,0,0,0,Ready with caution,Sufficient history without an extreme Q75 risk flag,0.0528756900926609,0.2304776345716452,0.7558004540874597,1.109609648399397,0.4324570685673125,4.0
30,BABY CARE,Guayaquil,Guayas,C,3,2014-03-01,2017-08-13,1262,82,0.9348689436060366,0.08895949166004766,0.3803986455264297,4.276088345694419,0.0,1259,3,1,1,1,0,1,0,3,Insufficient history,history_length < 365 or active_days < 90,0.0528756900926609,0.2304776345716452,0.7558004540874597,1.109609648399397,0.4324570685673125,4.0
30,BEAUTY,Guayaquil,Guayas,C,3,2013-01-02,2017-08-12,1684,640,0.6190476190476191,0.5988095238095238,0.9431732137661376,1.5750805160309256,0.02738095238095238,1680,4,1,0,1,0,1,0,2,Intermittent demand,zero_sales_rate >= eligible-series Q75,0.0528756900926609,0.2304776345716452,0.7558004540874597,1.109609648399397,0.4324570685673125,4.0
30,BEVERAGES,Guayaquil,Guayas,C,3,2013-01-02,2017-08-15,1687,1656,0.016042780748663103,931.8966131907308,472.83083656457796,0.50738550808297,0.49851455733808675,1683,4,1,0,0,1,0,0,1,Promotion dependent,promotion_rate >= eligible-series Q75,0.0528756900926609,0.2304776345716452,0.7558004540874597,1.109609648399397,0.4324570685673125,4.0
30,BOOKS,Guayaquil,Guayas,C,3,,,0,0,1.0,0.0,0.0,,0.0,0,0,0,1,1,0,0,0,2,Insufficient history,history_length < 365 or active_days < 90,0.0528756900926609,0.2304776345716452,0.7558004540874597,1.109609648399397,0.4324570685673125,4.0
30,BREAD/BAKERY,Guayaquil,Guayas,C,3,2013-01-02,2017-08-15,1687,1656,0.016042780748663103,152.16161616161617,46.327211094075956,0.30446056149186934,0.37433155080213903,1683,4,1,0,0,0,0,1,0,Ready,"history_length >= 730, zero-sales <= median, CV <= median, and missing periods <= Q75",0.0528756900926609,0.2304776345716452,0.7558004540874597,1.109609648399397,0.4324570685673125,4.0
30,CELEBRATION,Guayaquil,Guayas,C,3,2014-01-02,2017-08-15,1322,951,0.2789992418498863,3.1008339651250947,3.039895209568594,0.9803476238193094,0.0037907505686125853,1319,3,1,0,1,0,0,0,1,Intermittent demand,zero_sales_rate >= eligible-series Q75,0.0528756900926609,0.2304776345716452,0.7558004540874597,1.109609648399397,0.4324570685673125,4.0
30,CLEANING,Guayaquil,Guayas,C,3,2013-01-02,2017-08-15,1687,1656,0.016042780748663103,480.59833630421866,355.18707743025976,0.7390518247766601,0.44385026737967914,1683,4,1,0,0,1,0,0,1,Promotion dependent,promotion_rate >= eligible-series Q75,0.0528756900926609,0.2304776345716452,0.7558004540874597,1.109609648399397,0.4324570685673125,4.0
30,DAIRY,Guayaquil,Guayas,C,3,2013-01-02,2017-08-15,1687,1656,0.016042780748663103,222.74628639334523,86.5497961877935,0.38855775146327765,0.40819964349376114,1683,4,1,0,0,0,0,1,0,Ready,"history_length >= 730, zero-sales <= median, CV <= median, and missing periods <= Q75",0.0528756900926609,0.2304776345716452,0.7558004540874597,1.109609648399397,0.4324570685673125,4.0
30,DELI,Guayaquil,Guayas,C,3,2013-01-02,2017-08-15,1687,1656,0.016042780748663103,104.77421271538918,35.181390004302976,0.33578290967330315,0.37551990493166965,1683,4,1,0,0,0,0,1,0,Ready,"history_length >= 730, zero-sales <= median, CV <= median, and missing periods <= Q75",0.0528756900926609,0.2304776345716452,0.7558004540874597,1.109609648399397,0.4324570685673125,4.0
30,EGGS,Guayaquil,Guayas,C,3,2013-01-02,2017-08-15,1687,1656,0.016042780748663103,119.07783719548425,60.55290629652424,0.5085153352014405,0.23469994058229351,1683,4,1,0,0,0,0,1,0,Ready,"history_length >= 730, zero-sales <= median, CV <= median, and missing periods <= Q75",0.0528756900926609,0.2304776345716452,0.7558004540874597,1.109609648399397,0.4324570685673125,4.0
30,FROZEN FOODS,Guayaquil,Guayas,C,3,2013-01-02,2017-08-15,1687,1656,0.016042780748663103,58.08513965597148,177.82860850404916,3.0615164146509435,0.3065953654188948,1683,4,1,0,0,0,1,0,1,High volatility,coefficient_of_variation >= eligible-series Q75,0.0528756900926609,0.2304776345716452,0.7558004540874597,1.109609648399397,0.4324570685673125,4.0
30,GROCERY I,Guayaquil,Guayas,C,3,2013-01-02,2017-08-15,1687,1656,0.016042780748663103,1554.7425121806298,560.8024917634131,0.36070441720722635,0.5704099821746881,1683,4,1,0,0,1,0,0,1,Promotion dependent,promotion_rate >= eligible-series Q75,0.0528756900926609,0.2304776345716452,0.7558004540874597,1.109609648399397,0.4324570685673125,4.0
30,GROCERY II,Guayaquil,Guayas,C,3,2013-01-02,2017-08-15,1687,1341,0.20320855614973263,3.508615567439097,6.600932494311271,1.881349599987446,0.046939988116458706,1683,4,1,0,0,0,1,0,1,High volatility,coefficient_of_variation >= eligible-series Q75,0.0528756900926609,0.2304776345716452,0.7558004540874597,1.109609648399397,0.4324570685673125,4.0
30,HARDWARE,Guayaquil,Guayas,C,3,2013-01-02,2017-08-13,1685,876,0.47888161808447355,0.9488399762046401,1.293205743112826,1.3629334508919502,0.000594883997620464,1681,4,1,0,1,0,1,0,2,Intermittent demand,zero_sales_rate >= eligible-series Q75,0.0528756900926609,0.2304776345716452,0.7558004540874597,1.109609648399397,0.4324570685673125,4.0
30,HOME AND KITCHEN I,Guayaquil,Guayas,C,3,2014-01-02,2017-08-15,1322,1154,0.12509476876421532,11.782410917361638,9.899975932792238,0.840233463442054,0.1645185746777862,1319,3,1,0,0,0,0,0,0,Ready with caution,Sufficient history without an extreme Q75 risk flag,0.0528756900926609,0.2304776345716452,0.7558004540874597,1.109609648399397,0.4324570685673125,4.0
30,HOME AND KITCHEN II,Guayaquil,Guayas,C,3,2014-01-02,2017-08-15,1322,1147,0.13040181956027294,5.933282789992418,4.491277069595243,0.7569632577045905,0.1326762699014405,1319,3,1,0,0,0,0,0,0,Ready with caution,Sufficient history without an extreme Q75 risk flag,0.0528756900926609,0.2304776345716452,0.7558004540874597,1.109609648399397,0.4324570685673125,4.0
30,HOME APPLIANCES,Guayaquil,Guayas,C,3,2013-01-06,2017-08-01,1669,397,0.7615615615615615,0.2984984984984985,0.5927477605186777,1.985764630309051,0.0,1665,4,1,0,1,0,1,0,2,Intermittent demand,zero_sales_rate >= eligible-series Q75,0.0528756900926609,0.2304776345716452,0.7558004540874597,1.109609648399397,0.4324570685673125,4.0
30,HOME CARE,Guayaquil,Guayas,C,3,2014-01-02,2017-08-15,1322,1044,0.20849128127369218,96.67172100075815,60.826757494617844,0.6292094199309931,0.4177407126611069,1319,3,1,0,0,0,0,0,0,Ready with caution,Sufficient history without an extreme Q75 risk flag,0.0528756900926609,0.2304776345716452,0.7558004540874597,1.109609648399397,0.4324570685673125,4.0
30,LADIESWEAR,Guayaquil,Guayas,C,3,2014-01-07,2017-08-13,1315,355,0.729420731707317,0.506859756097561,1.0963980491003396,2.1631191585257827,0.001524390243902439,1312,3,1,0,1,0,1,0,2,Intermittent demand,zero_sales_rate >= eligible-series Q75,0.0528756900926609,0.2304776345716452,0.7558004540874597,1.109609648399397,0.4324570685673125,4.0
30,LAWN AND GARDEN,Guayaquil,Guayas,C,3,,,0,0,1.0,0.0,0.0,,0.0,0,0,0,1,1,0,0,0,2,Insufficient history,history_length < 365 or active_days < 90,0.0528756900926609,0.2304776345716452,0.7558004540874597,1.109609648399397,0.4324570685673125,4.0
30,LINGERIE,Guayaquil,Guayas,C,3,2013-01-02,2017-08-15,1687,1454,0.13606654783125371,4.071301247771836,3.704084245968109,0.9098035297671231,0.008318478906714201,1683,4,1,0,0,0,0,0,0,Ready with caution,Sufficient history without an extreme Q75 risk flag,0.0528756900926609,0.2304776345716452,0.7558004540874597,1.109609648399397,0.4324570685673125,4.0
30,"LIQUOR,WINE,BEER",Guayaquil,Guayas,C,3,2013-01-02,2017-08-15,1687,1475,0.12358882947118241,54.484848484848484,67.66075394230131,1.2418269633459085,0.1622103386809269,1683,4,1,0,0,0,1,0,1,High volatility,coefficient_of_variation >= eligible-series Q75,0.0528756900926609,0.2304776345716452,0.7558004540874597,1.109609648399397,0.4324570685673125,4.0
30,MAGAZINES,Guayaquil,Guayas,C,3,2014-01-03,2017-08-15,1321,405,0.6927162367223065,0.44916540212443096,0.7919939571753247,1.7632568168193885,0.0,1318,3,1,0,1,0,1,0,2,Intermittent demand,zero_sales_rate >= eligible-series Q75,0.0528756900926609,0.2304776345716452,0.7558004540874597,1.109609648399397,0.4324570685673125,4.0
30,MEATS,Guayaquil,Guayas,C,3,2013-01-02,2017-08-15,1687,1656,0.016042780748663103,57.75224289720737,26.642674845910502,0.461327101933193,0.1586452762923351,1683,4,1,0,0,0,0,1,0,Ready,"history_length >= 730, zero-sales <= median, CV <= median, and missing periods <= Q75",0.0528756900926609,0.2304776345716452,0.7558004540874597,1.109609648399397,0.4324570685673125,4.0
30,PERSONAL CARE,Guayaquil,Guayas,C,3,2013-01-02,2017-08-15,1687,1656,0.016042780748663103,102.99405822935235,70.39112717613075,0.6834484278634817,0.35294117647058826,1683,4,1,0,0,0,0,1,0,Ready,"history_length >= 730, zero-sales <= median, CV <= median, and missing periods <= Q75",0.0528756900926609,0.2304776345716452,0.7558004540874597,1.109609648399397,0.4324570685673125,4.0
30,PET SUPPLIES,Guayaquil,Guayas,C,3,2014-01-03,2017-08-15,1321,695,0.47268588770864944,1.0720789074355084,1.4013098612020904,1.30709582240931,0.006828528072837633,1318,3,1,0,1,0,1,0,2,Intermittent demand,zero_sales_rate >= eligible-series Q75,0.0528756900926609,0.2304776345716452,0.7558004540874597,1.109609648399397,0.4324570685673125,4.0
30,PLAYERS AND ELECTRONICS,Guayaquil,Guayas,C,3,2014-01-02,2017-08-15,1322,944,0.28430629264594387,3.073540561031084,3.1311575530203046,1.0187461303487375,0.01061410159211524,1319,3,1,0,1,0,0,0,1,Intermittent demand,zero_sales_rate >= eligible-series Q75,0.0528756900926609,0.2304776345716452,0.7558004540874597,1.109609648399397,0.4324570685673125,4.0
30,POULTRY,Guayaquil,Guayas,C,3,2013-01-02,2017-08-15,1687,1656,0.016042780748663103,98.92859937017232,32.483851881724554,0.32835653277750404,0.1651812240047534,1683,4,1,0,0,0,0,1,0,Ready,"history_length >= 730, zero-sales <= median, CV <= median, and missing periods <= Q75",0.0528756900926609,0.2304776345716452,0.7558004540874597,1.109609648399397,0.4324570685673125,4.0
30,PREPARED FOODS,Guayaquil,Guayas,C,3,2013-01-02,2017-08-15,1687,1655,0.016636957813428402,22.74450386215092,8.662523896078657,0.3808622930876036,0.15745692216280452,1683,4,1,0,0,0,0,1,0,Ready,"history_length >= 730, zero-sales <= median, CV <= median, and missing periods <= Q75",0.0528756900926609,0.2304776345716452,0.7558004540874597,1.109609648399397,0.4324570685673125,4.0
30,PRODUCE,Guayaquil,Guayas,C,3,2014-01-02,2017-08-15,1322,1016,0.22971948445792267,398.4464506338135,299.4318823108882,0.7514984305534115,0.38968915845337376,1319,3,1,0,0,0,0,0,0,Ready with caution,Sufficient history without an extreme Q75 risk flag,0.0528756900926609,0.2304776345716452,0.7558004540874597,1.109609648399397,0.4324570685673125,4.0
30,SCHOOL AND OFFICE SUPPLIES,Guayaquil,Guayas,C,3,2014-07-03,2017-08-08,1133,104,0.9079646017699115,1.1982300884955752,5.187673307865306,4.329446704496156,0.07256637168141593,1130,3,1,0,1,0,1,0,2,Intermittent demand,zero_sales_rate >= eligible-series Q75,0.0528756900926609,0.2304776345716452,0.7558004540874597,1.109609648399397,0.4324570685673125,4.0
30,SEAFOOD,Guayaquil,Guayas,C,3,2013-01-02,2017-08-15,1687,1281,0.23885918003565063,3.552584670231729,3.3930137583363127,0.9550831502391728,0.10754604872251931,1683,4,1,0,1,0,0,0,1,Intermittent demand,zero_sales_rate >= eligible-series Q75,0.0528756900926609,0.2304776345716452,0.7558004540874597,1.109609648399397,0.4324570685673125,4.0
31,AUTOMOTIVE,Babahoyo,Los Rios,B,10,2013-01-02,2017-08-15,1687,1657,0.015448603683897801,7.5579322638146165,4.6595829428304585,0.6165155733320489,0.044563279857397504,1683,4,1,0,0,0,0,1,0,Ready,"history_length >= 730, zero-sales <= median, CV <= median, and missing periods <= Q75",0.0528756900926609,0.2304776345716452,0.7558004540874597,1.109609648399397,0.4324570685673125,4.0
31,BABY CARE,Babahoyo,Los Rios,B,10,2014-07-12,2017-08-04,1120,333,0.7018800358102059,0.8093106535362579,1.6849489662892774,2.081955747063189,0.0017905102954341987,1117,3,1,0,1,0,1,0,2,Intermittent demand,zero_sales_rate >= eligible-series Q75,0.0528756900926609,0.2304776345716452,0.7558004540874597,1.109609648399397,0.4324570685673125,4.0
31,BEAUTY,Babahoyo,Los Rios,B,10,2013-01-02,2017-08-13,1685,1433,0.14753123140987506,2.5835812016656754,2.3269266007882434,0.9006593635563059,0.11005353955978585,1681,4,1,0,0,0,0,0,0,Ready with caution,Sufficient history without an extreme Q75 risk flag,0.0528756900926609,0.2304776345716452,0.7558004540874597,1.109609648399397,0.4324570685673125,4.0
31,BEVERAGES,Babahoyo,Los Rios,B,10,2013-01-02,2017-08-15,1687,1679,0.0023767082590612004,1809.1224004753417,1069.9946605447308,0.5914440395318706,0.5894236482471776,1683,4,1,0,0,1,0,0,1,Promotion dependent,promotion_rate >= eligible-series Q75,0.0528756900926609,0.2304776345716452,0.7558004540874597,1.109609648399397,0.4324570685673125,4.0
31,BOOKS,Babahoyo,Los Rios,B,10,,,0,0,1.0,0.0,0.0,,0.0,0,0,0,1,1,0,0,0,2,Insufficient history,history_length < 365 or active_days < 90,0.0528756900926609,0.2304776345716452,0.7558004540874597,1.109609648399397,0.4324570685673125,4.0
31,BREAD/BAKERY,Babahoyo,Los Rios,B,10,2013-01-02,2017-08-15,1687,1679,0.0023767082590612004,466.5115864527629,127.31876565545494,0.27291662062148314,0.4206773618538324,1683,4,1,0,0,0,0,1,0,Ready,"history_length >= 730, zero-sales <= median, CV <= median, and missing periods <= Q75",0.0528756900926609,0.2304776345716452,0.7558004540874597,1.109609648399397,0.4324570685673125,4.0
31,CELEBRATION,Babahoyo,Los Rios,B,10,2014-01-02,2017-08-15,1322,998,0.24336618650492797,6.712661106899166,6.241722807940479,0.9298432780295338,0.026535253980288095,1319,3,1,0,1,0,0,0,1,Intermittent demand,zero_sales_rate >= eligible-series Q75,0.0528756900926609,0.2304776345716452,0.7558004540874597,1.109609648399397,0.4324570685673125,4.0
31,CLEANING,Babahoyo,Los Rios,B,10,2013-01-02,2017-08-15,1687,1679,0.0023767082590612004,1248.6375519904932,440.4365854407618,0.35273373345103043,0.5555555555555556,1683,4,1,0,0,1,0,0,1,Promotion dependent,promotion_rate >= eligible-series Q75,0.0528756900926609,0.2304776345716452,0.7558004540874597,1.109609648399397,0.4324570685673125,4.0
31,DAIRY,Babahoyo,Los Rios,B,10,2013-01-02,2017-08-15,1687,1679,0.0023767082590612004,588.3749257278669,254.58210660275816,0.4326868727245977,0.48663101604278075,1683,4,1,0,0,1,0,0,1,Promotion dependent,promotion_rate >= eligible-series Q75,0.0528756900926609,0.2304776345716452,0.7558004540874597,1.109609648399397,0.4324570685673125,4.0
31,DELI,Babahoyo,Los Rios,B,10,2013-01-02,2017-08-15,1687,1679,0.0023767082590612004,246.39833783897802,83.01845736077712,0.33692783031284046,0.41711229946524064,1683,4,1,0,0,0,0,1,0,Ready,"history_length >= 730, zero-sales <= median, CV <= median, and missing periods <= Q75",0.0528756900926609,0.2304776345716452,0.7558004540874597,1.109609648399397,0.4324570685673125,4.0
31,EGGS,Babahoyo,Los Rios,B,10,2013-01-02,2017-08-15,1687,1679,0.0023767082590612004,236.50445632798574,125.44253346171959,0.5304024093641397,0.28995840760546643,1683,4,1,0,0,0,0,1,0,Ready,"history_length >= 730, zero-sales <= median, CV <= median, and missing periods <= Q75",0.0528756900926609,0.2304776345716452,0.7558004540874597,1.109609648399397,0.4324570685673125,4.0
31,FROZEN FOODS,Babahoyo,Los Rios,B,10,2013-01-02,2017-08-15,1687,1672,0.006535947712418301,107.23647518062984,256.1446279697569,2.3885961146923673,0.3464052287581699,1683,4,1,0,0,0,1,0,1,High volatility,coefficient_of_variation >= eligible-series Q75,0.0528756900926609,0.2304776345716452,0.7558004540874597,1.109609648399397,0.4324570685673125,4.0
31,GROCERY I,Babahoyo,Los Rios,B,10,2013-01-02,2017-08-15,1687,1679,0.0023767082590612004,3926.2171319073086,1536.4055930738448,0.3913195682907831,0.655377302436126,1683,4,1,0,0,1,0,0,1,Promotion dependent,promotion_rate >= eligible-series Q75,0.0528756900926609,0.2304776345716452,0.7558004540874597,1.109609648399397,0.4324570685673125,4.0
31,GROCERY II,Babahoyo,Los Rios,B,10,2013-01-02,2017-08-15,1687,1643,0.023767082590612002,9.335710041592394,7.056815623625038,0.755894901639571,0.06357694592988711,1683,4,1,0,0,0,0,0,0,Ready with caution,Sufficient history without an extreme Q75 risk flag,0.0528756900926609,0.2304776345716452,0.7558004540874597,1.109609648399397,0.4324570685673125,4.0
31,HARDWARE,Babahoyo,Los Rios,B,10,2013-01-02,2017-08-15,1687,760,0.5484254307783719,0.7153891859774213,1.05965674901506,1.4812311533159017,0.0017825311942959,1683,4,1,0,1,0,1,0,2,Intermittent demand,zero_sales_rate >= eligible-series Q75,0.0528756900926609,0.2304776345716452,0.7558004540874597,1.109609648399397,0.4324570685673125,4.0
31,HOME AND KITCHEN I,Babahoyo,Los Rios,B,10,2014-01-02,2017-08-15,1322,1157,0.12282031842304776,17.991660348749054,15.946536917271311,0.8863293663933614,0.2403335860500379,1319,3,1,0,0,0,0,0,0,Ready with caution,Sufficient history without an extreme Q75 risk flag,0.0528756900926609,0.2304776345716452,0.7558004540874597,1.109609648399397,0.4324570685673125,4.0
31,HOME AND KITCHEN II,Babahoyo,Los Rios,B,10,2014-01-03,2017-08-15,1321,1165,0.11608497723823975,16.024279210925645,13.346137257658718,0.8328697398482098,0.2101669195751138,1318,3,1,0,0,0,0,0,0,Ready with caution,Sufficient history without an extreme Q75 risk flag,0.0528756900926609,0.2304776345716452,0.7558004540874597,1.109609648399397,0.4324570685673125,4.0
31,HOME APPLIANCES,Babahoyo,Los Rios,B,10,2013-01-02,2017-07-23,1664,499,0.6993975903614458,0.40240963855421685,0.7035560931996472,1.748357956154812,0.0006024096385542169,1660,4,1,0,1,0,1,0,2,Intermittent demand,zero_sales_rate >= eligible-series Q75,0.0528756900926609,0.2304776345716452,0.7558004540874597,1.109609648399397,0.4324570685673125,4.0
31,HOME CARE,Babahoyo,Los Rios,B,10,2014-01-02,2017-08-15,1322,1042,0.2100075815011372,237.7445034116755,151.31621037330177,0.6364656519998885,0.45943896891584535,1319,3,1,0,0,1,0,0,1,Promotion dependent,promotion_rate >= eligible-series Q75,0.0528756900926609,0.2304776345716452,0.7558004540874597,1.109609648399397,0.4324570685673125,4.0
31,LADIESWEAR,Babahoyo,Los Rios,B,10,2014-01-02,2017-08-14,1321,771,0.4150227617602428,1.8330804248861912,2.371252419302468,1.2935888611923232,0.007587253414264037,1318,3,1,0,1,0,1,0,2,Intermittent demand,zero_sales_rate >= eligible-series Q75,0.0528756900926609,0.2304776345716452,0.7558004540874597,1.109609648399397,0.4324570685673125,4.0
31,LAWN AND GARDEN,Babahoyo,Los Rios,B,10,2013-01-02,2017-08-15,1687,833,0.5050505050505051,1.202020202020202,3.4799675681611895,2.8950990693105694,0.013666072489601902,1683,4,1,0,1,0,1,0,2,Intermittent demand,zero_sales_rate >= eligible-series Q75,0.0528756900926609,0.2304776345716452,0.7558004540874597,1.109609648399397,0.4324570685673125,4.0
31,LINGERIE,Babahoyo,Los Rios,B,10,2013-01-02,2017-08-15,1687,1618,0.038621509209744505,12.067736185383245,8.374423084282869,0.6939514549900575,0.029708853238265002,1683,4,1,0,0,0,0,1,0,Ready,"history_length >= 730, zero-sales <= median, CV <= median, and missing periods <= Q75",0.0528756900926609,0.2304776345716452,0.7558004540874597,1.109609648399397,0.4324570685673125,4.0
31,"LIQUOR,WINE,BEER",Babahoyo,Los Rios,B,10,2013-01-02,2017-08-15,1687,1492,0.11348781937017231,30.284016636957812,42.55052421076506,1.4050488982639617,0.1509209744503862,1683,4,1,0,0,0,1,0,1,High volatility,coefficient_of_variation >= eligible-series Q75,0.0528756900926609,0.2304776345716452,0.7558004540874597,1.109609648399397,0.4324570685673125,4.0
31,MAGAZINES,Babahoyo,Los Rios,B,10,2014-01-24,2017-08-14,1299,556,0.5709876543209876,0.8333333333333334,1.3028036295993717,1.563364355519246,0.0023148148148148147,1296,3,1,0,1,0,1,0,2,Intermittent demand,zero_sales_rate >= eligible-series Q75,0.0528756900926609,0.2304776345716452,0.7558004540874597,1.109609648399397,0.4324570685673125,4.0
31,MEATS,Babahoyo,Los Rios,B,10,2013-01-02,2017-08-15,1687,1679,0.0023767082590612004,305.125499503268,110.1112840763536,0.360872114115701,0.17290552584670232,1683,4,1,0,0,0,0,1,0,Ready,"history_length >= 730, zero-sales <= median, CV <= median, and missing periods <= Q75",0.0528756900926609,0.2304776345716452,0.7558004540874597,1.109609648399397,0.4324570685673125,4.0
31,PERSONAL CARE,Babahoyo,Los Rios,B,10,2013-01-02,2017-08-15,1687,1679,0.0023767082590612004,294.9233511586453,128.84963702292313,0.43689194672690496,0.40701128936423053,1683,4,1,0,0,0,0,1,0,Ready,"history_length >= 730, zero-sales <= median, CV <= median, and missing periods <= Q75",0.0528756900926609,0.2304776345716452,0.7558004540874597,1.109609648399397,0.4324570685673125,4.0
31,PET SUPPLIES,Babahoyo,Los Rios,B,10,2014-01-02,2017-08-15,1322,844,0.3601213040181956,1.8953752843062925,2.2004210159354645,1.1609421280075511,0.015163002274450341,1319,3,1,0,1,0,1,0,2,Intermittent demand,zero_sales_rate >= eligible-series Q75,0.0528756900926609,0.2304776345716452,0.7558004540874597,1.109609648399397,0.4324570685673125,4.0
31,PLAYERS AND ELECTRONICS,Babahoyo,Los Rios,B,10,2014-01-02,2017-08-15,1322,1010,0.23426838514025777,5.9620924943138744,5.303254692867117,0.8894955416952858,0.01061410159211524,1319,3,1,0,1,0,0,0,1,Intermittent demand,zero_sales_rate >= eligible-series Q75,0.0528756900926609,0.2304776345716452,0.7558004540874597,1.109609648399397,0.4324570685673125,4.0
31,POULTRY,Babahoyo,Los Rios,B,10,2013-01-02,2017-08-15,1687,1679,0.0023767082590612004,137.84461362032084,73.58475362260383,0.533823931817065,0.19964349376114082,1683,4,1,0,0,0,0,1,0,Ready,"history_length >= 730, zero-sales <= median, CV <= median, and missing periods <= Q75",0.0528756900926609,0.2304776345716452,0.7558004540874597,1.109609648399397,0.4324570685673125,4.0
31,PREPARED FOODS,Babahoyo,Los Rios,B,10,2013-01-02,2017-08-15,1687,1679,0.0023767082590612004,72.34442661794415,25.622661787435103,0.3541760296580983,0.16755793226381463,1683,4,1,0,0,0,0,1,0,Ready,"history_length >= 730, zero-sales <= median, CV <= median, and missing periods <= Q75",0.0528756900926609,0.2304776345716452,0.7558004540874597,1.109609648399397,0.4324570685673125,4.0
31,PRODUCE,Babahoyo,Los Rios,B,10,2014-01-02,2017-08-15,1322,1016,0.22971948445792267,1029.11865641395,735.1265480330208,0.7143263252020235,0.45261561789234267,1319,3,1,0,0,1,0,0,1,Promotion dependent,promotion_rate >= eligible-series Q75,0.0528756900926609,0.2304776345716452,0.7558004540874597,1.109609648399397,0.4324570685673125,4.0
31,SCHOOL AND OFFICE SUPPLIES,Babahoyo,Los Rios,B,10,2014-01-04,2017-08-15,1320,581,0.5588458618071375,3.3090356871678055,13.68410495153824,4.135375452312038,0.08200455580865604,1317,3,1,0,1,0,1,0,2,Intermittent demand,zero_sales_rate >= eligible-series Q75,0.0528756900926609,0.2304776345716452,0.7558004540874597,1.109609648399397,0.4324570685673125,4.0
31,SEAFOOD,Babahoyo,Los Rios,B,10,2013-01-02,2017-08-15,1687,1493,0.11289364230540701,5.266191325014854,4.335838147506821,0.823334717618637,0.17231134878193702,1683,4,1,0,0,0,0,0,0,Ready with caution,Sufficient history without an extreme Q75 risk flag,0.0528756900926609,0.2304776345716452,0.7558004540874597,1.109609648399397,0.4324570685673125,4.0
32,AUTOMOTIVE,Guayaquil,Guayas,C,3,2013-01-02,2017-08-14,1686,1245,0.25980975029726516,1.842449464922711,1.8315837554057797,0.9941025739246601,0.0077288941736028535,1682,4,1,0,1,0,0,0,1,Intermittent demand,zero_sales_rate >= eligible-series Q75,0.0528756900926609,0.2304776345716452,0.7558004540874597,1.109609648399397,0.4324570685673125,4.0
32,BABY CARE,Guayaquil,Guayas,C,3,2014-03-19,2017-03-07,1085,54,0.9500924214417745,0.06746765249537892,0.3625315213164859,5.373412411841613,0.0,1082,3,1,1,1,0,1,0,3,Insufficient history,history_length < 365 or active_days < 90,0.0528756900926609,0.2304776345716452,0.7558004540874597,1.109609648399397,0.4324570685673125,4.0
32,BEAUTY,Guayaquil,Guayas,C,3,2013-01-02,2017-08-15,1687,367,0.7819370172311348,0.2590612002376708,0.532560121873999,2.0557309291604136,0.023172905525846704,1683,4,1,0,1,0,1,0,2,Intermittent demand,zero_sales_rate >= eligible-series Q75,0.0528756900926609,0.2304776345716452,0.7558004540874597,1.109609648399397,0.4324570685673125,4.0
32,BEVERAGES,Guayaquil,Guayas,C,3,2013-01-02,2017-08-15,1687,1679,0.0023767082590612004,600.8906714200832,436.3314118888488,0.7261410979432714,0.5460487225193108,1683,4,1,0,0,1,0,0,1,Promotion dependent,promotion_rate >= eligible-series Q75,0.0528756900926609,0.2304776345716452,0.7558004540874597,1.109609648399397,0.4324570685673125,4.0
32,BOOKS,Guayaquil,Guayas,C,3,,,0,0,1.0,0.0,0.0,,0.0,0,0,0,1,1,0,0,0,2,Insufficient history,history_length < 365 or active_days < 90,0.0528756900926609,0.2304776345716452,0.7558004540874597,1.109609648399397,0.4324570685673125,4.0
32,BREAD/BAKERY,Guayaquil,Guayas,C,3,2013-01-02,2017-08-15,1687,1679,0.0023767082590612004,99.41830065359477,36.444340605258894,0.3665757749394919,0.3879976232917409,1683,4,1,0,0,0,0,1,0,Ready,"history_length >= 730, zero-sales <= median, CV <= median, and missing periods <= Q75",0.0528756900926609,0.2304776345716452,0.7558004540874597,1.109609648399397,0.4324570685673125,4.0
32,CELEBRATION,Guayaquil,Guayas,C,3,2014-01-03,2017-08-15,1321,898,0.3186646433990895,2.8672230652503794,4.2124453168883225,1.4691725132730376,0.015174506828528073,1318,3,1,0,1,0,1,0,2,Intermittent demand,zero_sales_rate >= eligible-series Q75,0.0528756900926609,0.2304776345716452,0.7558004540874597,1.109609648399397,0.4324570685673125,4.0
32,CLEANING,Guayaquil,Guayas,C,3,2013-01-02,2017-08-15,1687,1679,0.0023767082590612004,451.3891859774213,383.21926465888765,0.8489775044767166,0.5086155674390969,1683,4,1,0,0,1,0,0,1,Promotion dependent,promotion_rate >= eligible-series Q75,0.0528756900926609,0.2304776345716452,0.7558004540874597,1.109609648399397,0.4324570685673125,4.0
32,DAIRY,Guayaquil,Guayas,C,3,2013-01-02,2017-08-15,1687,1679,0.0023767082590612004,143.79738562091504,64.79204779973912,0.4505787606636101,0.43731431966726086,1683,4,1,0,0,1,0,0,1,Promotion dependent,promotion_rate >= eligible-series Q75,0.0528756900926609,0.2304776345716452,0.7558004540874597,1.109609648399397,0.4324570685673125,4.0
32,DELI,Guayaquil,Guayas,C,3,2013-01-02,2017-08-15,1687,1679,0.0023767082590612004,96.90077243018419,35.005693684972705,0.36125298908420855,0.37849079025549615,1683,4,1,0,0,0,0,1,0,Ready,"history_length >= 730, zero-sales <= median, CV <= median, and missing periods <= Q75",0.0528756900926609,0.2304776345716452,0.7558004540874597,1.109609648399397,0.4324570685673125,4.0
32,EGGS,Guayaquil,Guayas,C,3,2013-01-02,2017-08-15,1687,1679,0.0023767082590612004,133.8116458704694,92.3601082221601,0.6902247380737349,0.22281639928698752,1683,4,1,0,0,0,0,1,0,Ready,"history_length >= 730, zero-sales <= median, CV <= median, and missing periods <= Q75",0.0528756900926609,0.2304776345716452,0.7558004540874597,1.109609648399397,0.4324570685673125,4.0
32,FROZEN FOODS,Guayaquil,Guayas,C,3,2013-01-02,2017-08-15,1687,1668,0.008912655971479501,28.448478869578132,68.55102326897011,2.4096551377401174,0.23232323232323232,1683,4,1,0,0,0,1,0,1,High volatility,coefficient_of_variation >= eligible-series Q75,0.0528756900926609,0.2304776345716452,0.7558004540874597,1.109609648399397,0.4324570685673125,4.0
32,GROCERY I,Guayaquil,Guayas,C,3,2013-01-02,2017-08-15,1687,1679,0.0023767082590612004,1471.5909548425432,916.1721800063075,0.6225725817296396,0.6369578134284016,1683,4,1,0,0,1,0,0,1,Promotion dependent,promotion_rate >= eligible-series Q75,0.0528756900926609,0.2304776345716452,0.7558004540874597,1.109609648399397,0.4324570685673125,4.0
32,GROCERY II,Guayaquil,Guayas,C,3,2013-01-02,2017-08-15,1687,1155,0.3137254901960784,1.750445632798574,1.97173655569165,1.1264197634857593,0.044563279857397504,1683,4,1,0,1,0,1,0,2,Intermittent demand,zero_sales_rate >= eligible-series Q75,0.0528756900926609,0.2304776345716452,0.7558004540874597,1.109609648399397,0.4324570685673125,4.0
32,HARDWARE,Guayaquil,Guayas,C,3,2013-01-02,2017-08-12,1684,574,0.6583333333333333,0.48988095238095236,0.8181342449487603,1.670067474500507,0.0,1680,4,1,0,1,0,1,0,2,Intermittent demand,zero_sales_rate >= eligible-series Q75,0.0528756900926609,0.2304776345716452,0.7558004540874597,1.109609648399397,0.4324570685673125,4.0
32,HOME AND KITCHEN I,Guayaquil,Guayas,C,3,2014-01-02,2017-08-15,1322,1133,0.14101592115238817,9.09021986353298,9.761583673205026,1.0738556184284762,0.1728582259287339,1319,3,1,0,0,0,0,0,0,Ready with caution,Sufficient history without an extreme Q75 risk flag,0.0528756900926609,0.2304776345716452,0.7558004540874597,1.109609648399397,0.4324570685673125,4.0
32,HOME AND KITCHEN II,Guayaquil,Guayas,C,3,2014-01-02,2017-08-15,1322,1058,0.19787717968157695,3.017437452615618,2.8002003692926234,0.9280061022856709,0.06974981046247157,1319,3,1,0,0,0,0,0,0,Ready with caution,Sufficient history without an extreme Q75 risk flag,0.0528756900926609,0.2304776345716452,0.7558004540874597,1.109609648399397,0.4324570685673125,4.0
32,HOME APPLIANCES,Guayaquil,Guayas,C,3,2013-01-02,2017-08-09,1681,252,0.8497316636851521,0.17412045319022063,0.44316395226258876,2.5451573559738403,0.0,1677,4,1,0,1,0,1,0,2,Intermittent demand,zero_sales_rate >= eligible-series Q75,0.0528756900926609,0.2304776345716452,0.7558004540874597,1.109609648399397,0.4324570685673125,4.0
32,HOME CARE,Guayaquil,Guayas,C,3,2014-01-02,2017-08-15,1322,1044,0.20849128127369218,77.44351781652767,47.36856700032343,0.6116530903534735,0.42987111448066717,1319,3,1,0,0,0,0,0,0,Ready with caution,Sufficient history without an extreme Q75 risk flag,0.0528756900926609,0.2304776345716452,0.7558004540874597,1.109609648399397,0.4324570685673125,4.0
32,LADIESWEAR,Guayaquil,Guayas,C,3,,,0,0,1.0,0.0,0.0,,0.0,0,0,0,1,1,0,0,0,2,Insufficient history,history_length < 365 or active_days < 90,0.0528756900926609,0.2304776345716452,0.7558004540874597,1.109609648399397,0.4324570685673125,4.0
32,LAWN AND GARDEN,Guayaquil,Guayas,C,3,2015-12-16,2015-12-20,5,5,0.0,1.8,0.8366600265340756,0.4648111258522642,0.0,5,0,1,1,0,0,0,0,1,Insufficient history,history_length < 365 or active_days < 90,0.0528756900926609,0.2304776345716452,0.7558004540874597,1.109609648399397,0.4324570685673125,4.0
32,LINGERIE,Guayaquil,Guayas,C,3,2013-01-02,2017-08-15,1687,1225,0.27213309566250743,2.301247771836007,2.5198695986304056,1.0950014289943126,0.010101010101010102,1683,4,1,0,1,0,0,0,1,Intermittent demand,zero_sales_rate >= eligible-series Q75,0.0528756900926609,0.2304776345716452,0.7558004540874597,1.109609648399397,0.4324570685673125,4.0
32,"LIQUOR,WINE,BEER",Guayaquil,Guayas,C,3,2013-01-02,2017-08-15,1687,1455,0.1354723707664884,75.51633986928104,131.72795693293472,1.7443636325721839,0.1289364230540701,1683,4,1,0,0,0,1,0,1,High volatility,coefficient_of_variation >= eligible-series Q75,0.0528756900926609,0.2304776345716452,0.7558004540874597,1.109609648399397,0.4324570685673125,4.0
32,MAGAZINES,Guayaquil,Guayas,C,3,2014-01-25,2017-08-14,1298,143,0.8895752895752895,0.12895752895752896,0.4042510703390178,3.134761293946276,0.0015444015444015444,1295,3,1,0,1,0,1,0,2,Intermittent demand,zero_sales_rate >= eligible-series Q75,0.0528756900926609,0.2304776345716452,0.7558004540874597,1.109609648399397,0.4324570685673125,4.0
32,MEATS,Guayaquil,Guayas,C,3,2013-01-02,2017-08-15,1687,1679,0.0023767082590612004,59.75446081402258,19.732044320763713,0.33021876612989526,0.1687462863933452,1683,4,1,0,0,0,0,1,0,Ready,"history_length >= 730, zero-sales <= median, CV <= median, and missing periods <= Q75",0.0528756900926609,0.2304776345716452,0.7558004540874597,1.109609648399397,0.4324570685673125,4.0
32,PERSONAL CARE,Guayaquil,Guayas,C,3,2013-01-02,2017-08-15,1687,1679,0.0023767082590612004,99.67736185383244,41.413748654018974,0.41547797698286176,0.3612596553773024,1683,4,1,0,0,0,0,1,0,Ready,"history_length >= 730, zero-sales <= median, CV <= median, and missing periods <= Q75",0.0528756900926609,0.2304776345716452,0.7558004540874597,1.109609648399397,0.4324570685673125,4.0
32,PET SUPPLIES,Guayaquil,Guayas,C,3,2014-01-21,2017-08-15,1303,168,0.8707692307692307,0.16538461538461538,0.4801224405136294,2.903065919384736,0.0015384615384615385,1300,3,1,0,1,0,1,0,2,Intermittent demand,zero_sales_rate >= eligible-series Q75,0.0528756900926609,0.2304776345716452,0.7558004540874597,1.109609648399397,0.4324570685673125,4.0
32,PLAYERS AND ELECTRONICS,Guayaquil,Guayas,C,3,2014-01-03,2017-08-15,1321,669,0.49241274658573597,1.024279210925645,1.4437630809461415,1.4095405486570478,0.006069802731411229,1318,3,1,0,1,0,1,0,2,Intermittent demand,zero_sales_rate >= eligible-series Q75,0.0528756900926609,0.2304776345716452,0.7558004540874597,1.109609648399397,0.4324570685673125,4.0
32,POULTRY,Guayaquil,Guayas,C,3,2013-01-02,2017-08-15,1687,1678,0.0029708853238265003,63.382903184789065,24.42855550462103,0.38541237900386227,0.16161616161616163,1683,4,1,0,0,0,0,1,0,Ready,"history_length >= 730, zero-sales <= median, CV <= median, and missing periods <= Q75",0.0528756900926609,0.2304776345716452,0.7558004540874597,1.109609648399397,0.4324570685673125,4.0
32,PREPARED FOODS,Guayaquil,Guayas,C,3,2013-01-02,2017-08-15,1687,1672,0.006535947712418301,11.491384432560903,5.290751194406434,0.4604102513022766,0.1295306001188354,1683,4,1,0,0,0,0,1,0,Ready,"history_length >= 730, zero-sales <= median, CV <= median, and missing periods <= Q75",0.0528756900926609,0.2304776345716452,0.7558004540874597,1.109609648399397,0.4324570685673125,4.0
32,PRODUCE,Guayaquil,Guayas,C,3,2014-01-02,2017-08-15,1322,1016,0.22971948445792267,150.3422645974223,110.35102454044464,0.733998685173036,0.4025777103866566,1319,3,1,0,0,0,0,0,0,Ready with caution,Sufficient history without an extreme Q75 risk flag,0.0528756900926609,0.2304776345716452,0.7558004540874597,1.109609648399397,0.4324570685673125,4.0
32,SCHOOL AND OFFICE SUPPLIES,Guayaquil,Guayas,C,3,2016-04-12,2017-06-01,416,114,0.7253012048192771,3.363855421686747,8.833136151931743,2.6258964921573593,0.21686746987951808,415,1,1,0,1,0,1,0,2,Intermittent demand,zero_sales_rate >= eligible-series Q75,0.0528756900926609,0.2304776345716452,0.7558004540874597,1.109609648399397,0.4324570685673125,4.0
32,SEAFOOD,Guayaquil,Guayas,C,3,2013-01-02,2017-08-15,1687,873,0.48128342245989303,1.374331550802139,1.9418066417347162,1.412909891067673,0.07011289364230541,1683,4,1,0,1,0,1,0,2,Intermittent demand,zero_sales_rate >= eligible-series Q75,0.0528756900926609,0.2304776345716452,0.7558004540874597,1.109609648399397,0.4324570685673125,4.0
33,AUTOMOTIVE,Quevedo,Los Rios,C,3,2013-01-02,2017-08-15,1687,1656,0.016042780748663103,7.7017231134878195,4.818357250055483,0.6256206798212758,0.027926322043969103,1683,4,1,0,0,0,0,1,0,Ready,"history_length >= 730, zero-sales <= median, CV <= median, and missing periods <= Q75",0.0528756900926609,0.2304776345716452,0.7558004540874597,1.109609648399397,0.4324570685673125,4.0
33,BABY CARE,Quevedo,Los Rios,C,3,2015-12-16,2017-03-17,458,157,0.6557017543859649,0.5460526315789473,0.9458212255127402,1.7321063406980304,0.0021929824561403508,456,2,1,0,1,0,1,0,2,Intermittent demand,zero_sales_rate >= eligible-series Q75,0.0528756900926609,0.2304776345716452,0.7558004540874597,1.109609648399397,0.4324570685673125,4.0
33,BEAUTY,Quevedo,Los Rios,C,3,2013-01-02,2017-08-15,1687,981,0.41711229946524064,1.1016042780748663,1.354436421280834,1.2295126736869706,0.06060606060606061,1683,4,1,0,1,0,1,0,2,Intermittent demand,zero_sales_rate >= eligible-series Q75,0.0528756900926609,0.2304776345716452,0.7558004540874597,1.109609648399397,0.4324570685673125,4.0
33,BEVERAGES,Quevedo,Los Rios,C,3,2013-01-02,2017-08-15,1687,1679,0.0023767082590612004,1357.6791443850268,765.6485584549814,0.5639392500219843,0.6060606060606061,1683,4,1,0,0,1,0,0,1,Promotion dependent,promotion_rate >= eligible-series Q75,0.0528756900926609,0.2304776345716452,0.7558004540874597,1.109609648399397,0.4324570685673125,4.0
33,BOOKS,Quevedo,Los Rios,C,3,,,0,0,1.0,0.0,0.0,,0.0,0,0,0,1,1,0,0,0,2,Insufficient history,history_length < 365 or active_days < 90,0.0528756900926609,0.2304776345716452,0.7558004540874597,1.109609648399397,0.4324570685673125,4.0
33,BREAD/BAKERY,Quevedo,Los Rios,C,3,2013-01-02,2017-08-15,1687,1679,0.0023767082590612004,274.62566844919786,88.40815172142472,0.3219223906514735,0.43612596553773025,1683,4,1,0,0,1,0,0,1,Promotion dependent,promotion_rate >= eligible-series Q75,0.0528756900926609,0.2304776345716452,0.7558004540874597,1.109609648399397,0.4324570685673125,4.0
33,CELEBRATION,Quevedo,Los Rios,C,3,2014-01-02,2017-08-15,1322,985,0.2532221379833207,6.426838514025777,8.928849166210128,1.3893066002396084,0.0310841546626232,1319,3,1,0,1,0,1,0,2,Intermittent demand,zero_sales_rate >= eligible-series Q75,0.0528756900926609,0.2304776345716452,0.7558004540874597,1.109609648399397,0.4324570685673125,4.0
33,CLEANING,Quevedo,Los Rios,C,3,2013-01-02,2017-08-15,1687,1679,0.0023767082590612004,1066.197266785502,327.5029953366461,0.3071692317539333,0.5680332739156269,1683,4,1,0,0,1,0,0,1,Promotion dependent,promotion_rate >= eligible-series Q75,0.0528756900926609,0.2304776345716452,0.7558004540874597,1.109609648399397,0.4324570685673125,4.0
33,DAIRY,Quevedo,Los Rios,C,3,2013-01-02,2017-08-15,1687,1679,0.0023767082590612004,385.1354723707665,156.10963157452073,0.4053369340755904,0.5020796197266786,1683,4,1,0,0,1,0,0,1,Promotion dependent,promotion_rate >= eligible-series Q75,0.0528756900926609,0.2304776345716452,0.7558004540874597,1.109609648399397,0.4324570685673125,4.0
33,DELI,Quevedo,Los Rios,C,3,2013-01-02,2017-08-15,1687,1679,0.0023767082590612004,198.38978015448603,57.724973751924,0.2909674767872296,0.4474153297682709,1683,4,1,0,0,1,0,0,1,Promotion dependent,promotion_rate >= eligible-series Q75,0.0528756900926609,0.2304776345716452,0.7558004540874597,1.109609648399397,0.4324570685673125,4.0
33,EGGS,Quevedo,Los Rios,C,3,2013-01-02,2017-08-15,1687,1679,0.0023767082590612004,170.35056446821153,154.5050191146147,0.9069827246944421,0.3107546048722519,1683,4,1,0,0,0,0,0,0,Ready with caution,Sufficient history without an extreme Q75 risk flag,0.0528756900926609,0.2304776345716452,0.7558004540874597,1.109609648399397,0.4324570685673125,4.0
33,FROZEN FOODS,Quevedo,Los Rios,C,3,2013-01-02,2017-08-15,1687,1679,0.0023767082590612004,75.39747176292336,149.71728081544197,1.9857069118472128,0.3256090314913844,1683,4,1,0,0,0,1,0,1,High volatility,coefficient_of_variation >= eligible-series Q75,0.0528756900926609,0.2304776345716452,0.7558004540874597,1.109609648399397,0.4324570685673125,4.0
33,GROCERY I,Quevedo,Los Rios,C,3,2013-01-02,2017-08-15,1687,1679,0.0023767082590612004,3067.63810932858,942.5717373478531,0.30726301596056116,0.679144385026738,1683,4,1,0,0,1,0,0,1,Promotion dependent,promotion_rate >= eligible-series Q75,0.0528756900926609,0.2304776345716452,0.7558004540874597,1.109609648399397,0.4324570685673125,4.0
33,GROCERY II,Quevedo,Los Rios,C,3,2013-01-02,2017-08-15,1687,1308,0.22281639928698752,3.09982174688057,3.404133839568539,1.0981708361115299,0.0451574569221628,1683,4,1,0,0,0,0,0,0,Ready with caution,Sufficient history without an extreme Q75 risk flag,0.0528756900926609,0.2304776345716452,0.7558004540874597,1.109609648399397,0.4324570685673125,4.0
33,HARDWARE,Quevedo,Los Rios,C,3,2013-01-05,2017-08-13,1682,745,0.5560190703218116,0.7413587604290822,1.09145040405497,1.472229725083794,0.0059594755661501785,1678,4,1,0,1,0,1,0,2,Intermittent demand,zero_sales_rate >= eligible-series Q75,0.0528756900926609,0.2304776345716452,0.7558004540874597,1.109609648399397,0.4324570685673125,4.0
33,HOME AND KITCHEN I,Quevedo,Los Rios,C,3,2014-01-02,2017-08-15,1322,1166,0.11599696739954511,37.696739954510996,30.14867932319894,0.7997688754937332,0.23805913570887036,1319,3,1,0,0,0,0,0,0,Ready with caution,Sufficient history without an extreme Q75 risk flag,0.0528756900926609,0.2304776345716452,0.7558004540874597,1.109609648399397,0.4324570685673125,4.0
33,HOME AND KITCHEN II,Quevedo,Los Rios,C,3,2014-01-02,2017-08-15,1322,1166,0.11599696739954511,14.778620166793026,12.803207497423491,0.8663330779819209,0.21455648218347234,1319,3,1,0,0,0,0,0,0,Ready with caution,Sufficient history without an extreme Q75 risk flag,0.0528756900926609,0.2304776345716452,0.7558004540874597,1.109609648399397,0.4324570685673125,4.0
33,HOME APPLIANCES,Quevedo,Los Rios,C,3,2013-01-04,2017-08-08,1678,251,0.8500597371565114,0.17622461170848266,0.45147943005159397,2.5619544606995537,0.0005973715651135006,1674,4,1,0,1,0,1,0,2,Intermittent demand,zero_sales_rate >= eligible-series Q75,0.0528756900926609,0.2304776345716452,0.7558004540874597,1.109609648399397,0.4324570685673125,4.0
33,HOME CARE,Quevedo,Los Rios,C,3,2014-01-02,2017-08-15,1322,1044,0.20849128127369218,185.42683851402577,124.31346731643423,0.6704178764663082,0.44351781652767247,1319,3,1,0,0,1,0,0,1,Promotion dependent,promotion_rate >= eligible-series Q75,0.0528756900926609,0.2304776345716452,0.7558004540874597,1.109609648399397,0.4324570685673125,4.0
33,LADIESWEAR,Quevedo,Los Rios,C,3,,,0,0,1.0,0.0,0.0,,0.0,0,0,0,1,1,0,0,0,2,Insufficient history,history_length < 365 or active_days < 90,0.0528756900926609,0.2304776345716452,0.7558004540874597,1.109609648399397,0.4324570685673125,4.0
33,LAWN AND GARDEN,Quevedo,Los Rios,C,3,2014-10-29,2015-02-18,113,10,0.9107142857142857,0.4642857142857143,2.0309699960460086,4.374396914560633,0.017857142857142856,112,1,1,1,1,0,1,0,3,Insufficient history,history_length < 365 or active_days < 90,0.0528756900926609,0.2304776345716452,0.7558004540874597,1.109609648399397,0.4324570685673125,4.0
33,LINGERIE,Quevedo,Los Rios,C,3,2013-01-02,2017-08-15,1687,1652,0.0184194890077243,12.610219845513964,8.175116104171291,0.6482929087933036,0.0213903743315508,1683,4,1,0,0,0,0,1,0,Ready,"history_length >= 730, zero-sales <= median, CV <= median, and missing periods <= Q75",0.0528756900926609,0.2304776345716452,0.7558004540874597,1.109609648399397,0.4324570685673125,4.0
33,"LIQUOR,WINE,BEER",Quevedo,Los Rios,C,3,2013-01-02,2017-08-15,1687,1497,0.11051693404634581,64.40106951871658,87.38985688085815,1.3569628196230568,0.1497326203208556,1683,4,1,0,0,0,1,0,1,High volatility,coefficient_of_variation >= eligible-series Q75,0.0528756900926609,0.2304776345716452,0.7558004540874597,1.109609648399397,0.4324570685673125,4.0
33,MAGAZINES,Quevedo,Los Rios,C,3,2014-01-04,2017-08-15,1320,666,0.49430523917995445,1.1579347000759301,1.6597207400470735,1.4333457145193416,0.0037965072133637054,1317,3,1,0,1,0,1,0,2,Intermittent demand,zero_sales_rate >= eligible-series Q75,0.0528756900926609,0.2304776345716452,0.7558004540874597,1.109609648399397,0.4324570685673125,4.0
33,MEATS,Quevedo,Los Rios,C,3,2013-01-02,2017-08-15,1687,1679,0.0023767082590612004,251.79318430243612,87.29104856479555,0.3466775671733343,0.20499108734402852,1683,4,1,0,0,0,0,1,0,Ready,"history_length >= 730, zero-sales <= median, CV <= median, and missing periods <= Q75",0.0528756900926609,0.2304776345716452,0.7558004540874597,1.109609648399397,0.4324570685673125,4.0
33,PERSONAL CARE,Quevedo,Los Rios,C,3,2013-01-02,2017-08-15,1687,1679,0.0023767082590612004,238.44266191325013,85.5579269766061,0.3588197107434309,0.40106951871657753,1683,4,1,0,0,0,0,1,0,Ready,"history_length >= 730, zero-sales <= median, CV <= median, and missing periods <= Q75",0.0528756900926609,0.2304776345716452,0.7558004540874597,1.109609648399397,0.4324570685673125,4.0
33,PET SUPPLIES,Quevedo,Los Rios,C,3,2014-01-12,2017-08-15,1312,555,0.5760122230710466,0.8663101604278075,1.411400793666719,1.6292095581214596,0.009931245225362872,1309,3,1,0,1,0,1,0,2,Intermittent demand,zero_sales_rate >= eligible-series Q75,0.0528756900926609,0.2304776345716452,0.7558004540874597,1.109609648399397,0.4324570685673125,4.0
33,PLAYERS AND ELECTRONICS,Quevedo,Los Rios,C,3,2014-01-02,2017-08-15,1322,980,0.25701288855193327,3.8984078847611827,3.807028347419561,0.9765597802890705,0.014404852160727824,1319,3,1,0,1,0,0,0,1,Intermittent demand,zero_sales_rate >= eligible-series Q75,0.0528756900926609,0.2304776345716452,0.7558004540874597,1.109609648399397,0.4324570685673125,4.0
33,POULTRY,Quevedo,Los Rios,C,3,2013-01-02,2017-08-15,1687,1677,0.0035650623885918,211.51389928163994,87.12460967181246,0.41190961902603984,0.21865715983363043,1683,4,1,0,0,0,0,1,0,Ready,"history_length >= 730, zero-sales <= median, CV <= median, and missing periods <= Q75",0.0528756900926609,0.2304776345716452,0.7558004540874597,1.109609648399397,0.4324570685673125,4.0
33,PREPARED FOODS,Quevedo,Los Rios,C,3,2013-01-02,2017-08-15,1687,1679,0.0023767082590612004,37.188948306595364,12.956754064385107,0.3484033470795209,0.16755793226381463,1683,4,1,0,0,0,0,1,0,Ready,"history_length >= 730, zero-sales <= median, CV <= median, and missing periods <= Q75",0.0528756900926609,0.2304776345716452,0.7558004540874597,1.109609648399397,0.4324570685673125,4.0
33,PRODUCE,Quevedo,Los Rios,C,3,2014-01-02,2017-08-15,1322,1016,0.22971948445792267,1022.5212955269144,674.6593994252186,0.6597998519703793,0.467778620166793,1319,3,1,0,0,1,0,0,1,Promotion dependent,promotion_rate >= eligible-series Q75,0.0528756900926609,0.2304776345716452,0.7558004540874597,1.109609648399397,0.4324570685673125,4.0
33,SCHOOL AND OFFICE SUPPLIES,Quevedo,Los Rios,C,3,2015-12-18,2017-05-17,517,109,0.7883495145631068,3.495145631067961,10.127853670399405,2.897691466808719,0.16893203883495145,515,2,1,0,1,0,1,0,2,Intermittent demand,zero_sales_rate >= eligible-series Q75,0.0528756900926609,0.2304776345716452,0.7558004540874597,1.109609648399397,0.4324570685673125,4.0
33,SEAFOOD,Quevedo,Los Rios,C,3,2013-01-02,2017-08-15,1687,1046,0.37849079025549615,1.6203208556149733,2.192353079549237,1.3530363890287371,0.0974450386215092,1683,4,1,0,1,0,1,0,2,Intermittent demand,zero_sales_rate >= eligible-series Q75,0.0528756900926609,0.2304776345716452,0.7558004540874597,1.109609648399397,0.4324570685673125,4.0
34,AUTOMOTIVE,Guayaquil,Guayas,B,6,2013-01-02,2017-08-15,1687,1509,0.10338680926916222,3.335115864527629,2.9136395238455006,0.8736246781813607,0.0255496137849079,1683,4,1,0,0,0,0,0,0,Ready with caution,Sufficient history without an extreme Q75 risk flag,0.0528756900926609,0.2304776345716452,0.7558004540874597,1.109609648399397,0.4324570685673125,4.0
34,BABY CARE,Guayaquil,Guayas,B,6,2014-03-01,2017-08-12,1261,211,0.8322734499205088,0.24880763116057233,0.683434638345181,2.7468395368633796,0.001589825119236884,1258,3,1,0,1,0,1,0,2,Intermittent demand,zero_sales_rate >= eligible-series Q75,0.0528756900926609,0.2304776345716452,0.7558004540874597,1.109609648399397,0.4324570685673125,4.0
34,BEAUTY,Guayaquil,Guayas,B,6,2013-01-02,2017-08-14,1686,1442,0.1426872770511296,2.7413793103448274,2.427350109570492,0.8854484676420663,0.1206896551724138,1682,4,1,0,0,0,0,0,0,Ready with caution,Sufficient history without an extreme Q75 risk flag,0.0528756900926609,0.2304776345716452,0.7558004540874597,1.109609648399397,0.4324570685673125,4.0
34,BEVERAGES,Guayaquil,Guayas,B,6,2013-01-02,2017-08-15,1687,1679,0.0023767082590612004,2245.323826500297,909.2353258825092,0.4049461886750209,0.6048722519310754,1683,4,1,0,0,1,0,0,1,Promotion dependent,promotion_rate >= eligible-series Q75,0.0528756900926609,0.2304776345716452,0.7558004540874597,1.109609648399397,0.4324570685673125,4.0
34,BOOKS,Guayaquil,Guayas,B,6,,,0,0,1.0,0.0,0.0,,0.0,0,0,0,1,1,0,0,0,2,Insufficient history,history_length < 365 or active_days < 90,0.0528756900926609,0.2304776345716452,0.7558004540874597,1.109609648399397,0.4324570685673125,4.0
34,BREAD/BAKERY,Guayaquil,Guayas,B,6,2013-01-02,2017-08-15,1687,1679,0.0023767082590612004,684.4396910279263,131.49484608663548,0.192120427570689,0.46464646464646464,1683,4,1,0,0,1,0,0,1,Promotion dependent,promotion_rate >= eligible-series Q75,0.0528756900926609,0.2304776345716452,0.7558004540874597,1.109609648399397,0.4324570685673125,4.0
34,CELEBRATION,Guayaquil,Guayas,B,6,2014-01-02,2017-08-15,1322,1007,0.23654283548142532,8.86732373009856,8.618265075293149,0.9719127594315716,0.03790750568612585,1319,3,1,0,1,0,0,0,1,Intermittent demand,zero_sales_rate >= eligible-series Q75,0.0528756900926609,0.2304776345716452,0.7558004540874597,1.109609648399397,0.4324570685673125,4.0
34,CLEANING,Guayaquil,Guayas,B,6,2013-01-02,2017-08-15,1687,1679,0.0023767082590612004,914.9566250742721,206.12683809983568,0.22528591241481336,0.5894236482471776,1683,4,1,0,0,1,0,0,1,Promotion dependent,promotion_rate >= eligible-series Q75,0.0528756900926609,0.2304776345716452,0.7558004540874597,1.109609648399397,0.4324570685673125,4.0
34,DAIRY,Guayaquil,Guayas,B,6,2013-01-02,2017-08-15,1687,1679,0.0023767082590612004,570.3000594177065,226.7590473583247,0.3976135783500575,0.5163398692810458,1683,4,1,0,0,1,0,0,1,Promotion dependent,promotion_rate >= eligible-series Q75,0.0528756900926609,0.2304776345716452,0.7558004540874597,1.109609648399397,0.4324570685673125,4.0
34,DELI,Guayaquil,Guayas,B,6,2013-01-02,2017-08-15,1687,1679,0.0023767082590612004,251.28772391562686,51.76509040682866,0.2059992808252323,0.43909685086155675,1683,4,1,0,0,1,0,0,1,Promotion dependent,promotion_rate >= eligible-series Q75,0.0528756900926609,0.2304776345716452,0.7558004540874597,1.109609648399397,0.4324570685673125,4.0
34,EGGS,Guayaquil,Guayas,B,6,2013-01-02,2017-08-15,1687,1679,0.0023767082590612004,114.81877599524658,94.97284713241314,0.827154324797409,0.3214497920380273,1683,4,1,0,0,0,0,0,0,Ready with caution,Sufficient history without an extreme Q75 risk flag,0.0528756900926609,0.2304776345716452,0.7558004540874597,1.109609648399397,0.4324570685673125,4.0
34,FROZEN FOODS,Guayaquil,Guayas,B,6,2013-01-02,2017-08-15,1687,1679,0.0023767082590612004,127.4894948912656,170.6214422908644,1.3383176585363803,0.3808674985145573,1683,4,1,0,0,0,1,0,1,High volatility,coefficient_of_variation >= eligible-series Q75,0.0528756900926609,0.2304776345716452,0.7558004540874597,1.109609648399397,0.4324570685673125,4.0
34,GROCERY I,Guayaquil,Guayas,B,6,2013-01-02,2017-08-15,1687,1679,0.0023767082590612004,3798.9879257278667,1013.8998393927924,0.26688682860147134,0.6702317290552585,1683,4,1,0,0,1,0,0,1,Promotion dependent,promotion_rate >= eligible-series Q75,0.0528756900926609,0.2304776345716452,0.7558004540874597,1.109609648399397,0.4324570685673125,4.0
34,GROCERY II,Guayaquil,Guayas,B,6,2013-01-02,2017-08-15,1687,1483,0.11883541295306001,5.846702317290553,6.436853667396068,1.1009374717710958,0.047534165181224004,1683,4,1,0,0,0,0,0,0,Ready with caution,Sufficient history without an extreme Q75 risk flag,0.0528756900926609,0.2304776345716452,0.7558004540874597,1.109609648399397,0.4324570685673125,4.0
34,HARDWARE,Guayaquil,Guayas,B,6,2013-01-02,2017-08-15,1687,1195,0.28995840760546643,1.8211527035056447,1.9960077520758093,1.096013392085999,0.0011883541295306002,1683,4,1,0,1,0,0,0,1,Intermittent demand,zero_sales_rate >= eligible-series Q75,0.0528756900926609,0.2304776345716452,0.7558004540874597,1.109609648399397,0.4324570685673125,4.0
34,HOME AND KITCHEN I,Guayaquil,Guayas,B,6,2014-01-02,2017-08-15,1322,1166,0.11599696739954511,31.347232752084913,31.424995215256054,1.002480680313511,0.2608036391205459,1319,3,1,0,0,0,0,0,0,Ready with caution,Sufficient history without an extreme Q75 risk flag,0.0528756900926609,0.2304776345716452,0.7558004540874597,1.109609648399397,0.4324570685673125,4.0
34,HOME AND KITCHEN II,Guayaquil,Guayas,B,6,2014-01-02,2017-08-15,1322,1166,0.11599696739954511,28.654283548142534,17.13745096469984,0.5980764075258391,0.21455648218347234,1319,3,1,0,0,0,0,0,0,Ready with caution,Sufficient history without an extreme Q75 risk flag,0.0528756900926609,0.2304776345716452,0.7558004540874597,1.109609648399397,0.4324570685673125,4.0
34,HOME APPLIANCES,Guayaquil,Guayas,B,6,2013-01-02,2017-08-02,1674,705,0.5778443113772455,0.6610778443113773,0.9347079145318395,1.413915051873344,0.0005988023952095808,1670,4,1,0,1,0,1,0,2,Intermittent demand,zero_sales_rate >= eligible-series Q75,0.0528756900926609,0.2304776345716452,0.7558004540874597,1.109609648399397,0.4324570685673125,4.0
34,HOME CARE,Guayaquil,Guayas,B,6,2014-01-02,2017-08-15,1322,1044,0.20849128127369218,192.8726307808946,112.38755500705457,0.5827034896139724,0.4541319181197877,1319,3,1,0,0,1,0,0,1,Promotion dependent,promotion_rate >= eligible-series Q75,0.0528756900926609,0.2304776345716452,0.7558004540874597,1.109609648399397,0.4324570685673125,4.0
34,LADIESWEAR,Guayaquil,Guayas,B,6,2014-01-02,2017-08-15,1322,950,0.27975739196360877,4.400303260045489,4.481172879768567,1.018378192352643,0.00530705079605762,1319,3,1,0,1,0,0,0,1,Intermittent demand,zero_sales_rate >= eligible-series Q75,0.0528756900926609,0.2304776345716452,0.7558004540874597,1.109609648399397,0.4324570685673125,4.0
34,LAWN AND GARDEN,Guayaquil,Guayas,B,6,2013-01-12,2017-08-15,1677,794,0.525403466826061,2.054991034070532,5.301267160565922,2.5797033041381,0.023311416616855946,1673,4,1,0,1,0,1,0,2,Intermittent demand,zero_sales_rate >= eligible-series Q75,0.0528756900926609,0.2304776345716452,0.7558004540874597,1.109609648399397,0.4324570685673125,4.0
34,LINGERIE,Guayaquil,Guayas,B,6,2013-01-02,2017-08-15,1687,1657,0.015448603683897801,10.271538918597741,8.493576880493391,0.826904025560848,0.017825311942959002,1683,4,1,0,0,0,0,0,0,Ready with caution,Sufficient history without an extreme Q75 risk flag,0.0528756900926609,0.2304776345716452,0.7558004540874597,1.109609648399397,0.4324570685673125,4.0
34,"LIQUOR,WINE,BEER",Guayaquil,Guayas,B,6,2013-01-02,2017-08-15,1687,1498,0.10992275698158051,52.99465240641711,60.83215515657696,1.1478923324197672,0.17884729649435532,1683,4,1,0,0,0,1,0,1,High volatility,coefficient_of_variation >= eligible-series Q75,0.0528756900926609,0.2304776345716452,0.7558004540874597,1.109609648399397,0.4324570685673125,4.0
34,MAGAZINES,Guayaquil,Guayas,B,6,2014-01-24,2017-08-15,1300,693,0.4656900539707016,1.3939861218195837,1.8155010471702797,1.3023810056304495,0.0038550501156515036,1297,3,1,0,1,0,1,0,2,Intermittent demand,zero_sales_rate >= eligible-series Q75,0.0528756900926609,0.2304776345716452,0.7558004540874597,1.109609648399397,0.4324570685673125,4.0
34,MEATS,Guayaquil,Guayas,B,6,2013-01-02,2017-08-15,1687,1679,0.0023767082590612004,184.37413129352345,42.62160678606332,0.2311691259887742,0.20796197266785502,1683,4,1,0,0,0,0,1,0,Ready,"history_length >= 730, zero-sales <= median, CV <= median, and missing periods <= Q75",0.0528756900926609,0.2304776345716452,0.7558004540874597,1.109609648399397,0.4324570685673125,4.0
34,PERSONAL CARE,Guayaquil,Guayas,B,6,2013-01-02,2017-08-15,1687,1679,0.0023767082590612004,317.8716577540107,93.87930330918827,0.29533713062848166,0.39037433155080214,1683,4,1,0,0,0,0,1,0,Ready,"history_length >= 730, zero-sales <= median, CV <= median, and missing periods <= Q75",0.0528756900926609,0.2304776345716452,0.7558004540874597,1.109609648399397,0.4324570685673125,4.0
34,PET SUPPLIES,Guayaquil,Guayas,B,6,2014-01-02,2017-08-15,1322,889,0.3260045489006823,2.0136467020470055,2.1983844184105146,1.0917428644139564,0.015163002274450341,1319,3,1,0,1,0,0,0,1,Intermittent demand,zero_sales_rate >= eligible-series Q75,0.0528756900926609,0.2304776345716452,0.7558004540874597,1.109609648399397,0.4324570685673125,4.0
34,PLAYERS AND ELECTRONICS,Guayaquil,Guayas,B,6,2014-01-02,2017-08-15,1322,996,0.244882486732373,4.793025018953752,4.350927885808626,0.9077623981938593,0.008339651250947688,1319,3,1,0,1,0,0,0,1,Intermittent demand,zero_sales_rate >= eligible-series Q75,0.0528756900926609,0.2304776345716452,0.7558004540874597,1.109609648399397,0.4324570685673125,4.0
34,POULTRY,Guayaquil,Guayas,B,6,2013-01-03,2017-08-15,1686,1678,0.0023781212841854932,140.5017506747919,47.82117336548573,0.3403599822480045,0.2502972651605232,1682,4,1,0,0,0,0,1,0,Ready,"history_length >= 730, zero-sales <= median, CV <= median, and missing periods <= Q75",0.0528756900926609,0.2304776345716452,0.7558004540874597,1.109609648399397,0.4324570685673125,4.0
34,PREPARED FOODS,Guayaquil,Guayas,B,6,2013-01-02,2017-08-15,1687,1679,0.0023767082590612004,34.981085559120615,11.922778597184715,0.3408350085944114,0.19904931669637552,1683,4,1,0,0,0,0,1,0,Ready,"history_length >= 730, zero-sales <= median, CV <= median, and missing periods <= Q75",0.0528756900926609,0.2304776345716452,0.7558004540874597,1.109609648399397,0.4324570685673125,4.0
34,PRODUCE,Guayaquil,Guayas,B,6,2014-01-02,2017-08-15,1322,1016,0.22971948445792267,595.8155013646702,382.6389393553015,0.6422104468227093,0.4700530705079606,1319,3,1,0,0,1,0,0,1,Promotion dependent,promotion_rate >= eligible-series Q75,0.0528756900926609,0.2304776345716452,0.7558004540874597,1.109609648399397,0.4324570685673125,4.0
34,SCHOOL AND OFFICE SUPPLIES,Guayaquil,Guayas,B,6,2014-01-02,2017-08-15,1322,919,0.3032600454890068,5.996209249431387,16.11408918595946,2.687379395154954,0.09021986353297953,1319,3,1,0,1,0,1,0,2,Intermittent demand,zero_sales_rate >= eligible-series Q75,0.0528756900926609,0.2304776345716452,0.7558004540874597,1.109609648399397,0.4324570685673125,4.0
34,SEAFOOD,Guayaquil,Guayas,B,6,2013-01-03,2017-08-15,1686,1315,0.21819262782401902,3.140309155766944,3.1370525615753175,0.9989629701949421,0.133769322235434,1682,4,1,0,0,0,0,0,0,Ready with caution,Sufficient history without an extreme Q75 risk flag,0.0528756900926609,0.2304776345716452,0.7558004540874597,1.109609648399397,0.4324570685673125,4.0
35,AUTOMOTIVE,Playas,Guayas,C,3,2013-01-02,2017-08-15,1687,1601,0.0487225193107546,4.409387997623292,3.108514224431731,0.7049763427730229,0.030303030303030304,1683,4,1,0,0,0,0,1,0,Ready,"history_length >= 730, zero-sales <= median, CV <= median, and missing periods <= Q75",0.0528756900926609,0.2304776345716452,0.7558004540874597,1.109609648399397,0.4324570685673125,4.0
35,BABY CARE,Playas,Guayas,C,3,2014-09-03,2017-06-30,1032,53,0.9484936831875608,0.08746355685131195,0.43679087041511977,4.993975618412869,0.0029154518950437317,1029,3,1,1,1,0,1,0,3,Insufficient history,history_length < 365 or active_days < 90,0.0528756900926609,0.2304776345716452,0.7558004540874597,1.109609648399397,0.4324570685673125,4.0
35,BEAUTY,Playas,Guayas,C,3,2013-01-04,2017-08-15,1685,374,0.7775133848899465,0.26710291493158833,0.5450375648891623,2.0405526649859285,0.0362879238548483,1681,4,1,0,1,0,1,0,2,Intermittent demand,zero_sales_rate >= eligible-series Q75,0.0528756900926609,0.2304776345716452,0.7558004540874597,1.109609648399397,0.4324570685673125,4.0
35,BEVERAGES,Playas,Guayas,C,3,2013-01-02,2017-08-15,1687,1679,0.0023767082590612004,1117.6625074272133,609.3497520111025,0.5452001368586534,0.6702317290552585,1683,4,1,0,0,1,0,0,1,Promotion dependent,promotion_rate >= eligible-series Q75,0.0528756900926609,0.2304776345716452,0.7558004540874597,1.109609648399397,0.4324570685673125,4.0
35,BOOKS,Playas,Guayas,C,3,,,0,0,1.0,0.0,0.0,,0.0,0,0,0,1,1,0,0,0,2,Insufficient history,history_length < 365 or active_days < 90,0.0528756900926609,0.2304776345716452,0.7558004540874597,1.109609648399397,0.4324570685673125,4.0
35,BREAD/BAKERY,Playas,Guayas,C,3,2013-01-02,2017-08-15,1687,1679,0.0023767082590612004,93.05941770647652,36.26984723168926,0.38974934644540593,0.4325609031491384,1683,4,1,0,0,1,0,0,1,Promotion dependent,promotion_rate >= eligible-series Q75,0.0528756900926609,0.2304776345716452,0.7558004540874597,1.109609648399397,0.4324570685673125,4.0
35,CELEBRATION,Playas,Guayas,C,3,2014-01-02,2017-08-15,1322,822,0.37680060652009095,1.9962092494313874,2.5171612871564877,1.2609706561942298,0.03411675511751327,1319,3,1,0,1,0,1,0,2,Intermittent demand,zero_sales_rate >= eligible-series Q75,0.0528756900926609,0.2304776345716452,0.7558004540874597,1.109609648399397,0.4324570685673125,4.0
35,CLEANING,Playas,Guayas,C,3,2013-01-02,2017-08-15,1687,1679,0.0023767082590612004,474.67082590612,157.78600410081467,0.33241142174602795,0.6583481877599525,1683,4,1,0,0,1,0,0,1,Promotion dependent,promotion_rate >= eligible-series Q75,0.0528756900926609,0.2304776345716452,0.7558004540874597,1.109609648399397,0.4324570685673125,4.0
35,DAIRY,Playas,Guayas,C,3,2013-01-02,2017-08-15,1687,1679,0.0023767082590612004,158.25074272133097,72.70242226823812,0.4594128344551422,0.5157456922162804,1683,4,1,0,0,1,0,0,1,Promotion dependent,promotion_rate >= eligible-series Q75,0.0528756900926609,0.2304776345716452,0.7558004540874597,1.109609648399397,0.4324570685673125,4.0
35,DELI,Playas,Guayas,C,3,2013-01-02,2017-08-15,1687,1679,0.0023767082590612004,82.10873440285205,33.44940543421755,0.40737938146877206,0.40344622697563876,1683,4,1,0,0,0,0,1,0,Ready,"history_length >= 730, zero-sales <= median, CV <= median, and missing periods <= Q75",0.0528756900926609,0.2304776345716452,0.7558004540874597,1.109609648399397,0.4324570685673125,4.0
35,EGGS,Playas,Guayas,C,3,2013-01-02,2017-08-15,1687,1679,0.0023767082590612004,167.2774806892454,171.8329689353877,1.0272331232355485,0.3166963755199049,1683,4,1,0,0,0,0,0,0,Ready with caution,Sufficient history without an extreme Q75 risk flag,0.0528756900926609,0.2304776345716452,0.7558004540874597,1.109609648399397,0.4324570685673125,4.0
35,FROZEN FOODS,Playas,Guayas,C,3,2013-01-02,2017-08-15,1687,1678,0.0029708853238265003,53.31422640047534,62.093126316244586,1.1646633648929954,0.25430778371954843,1683,4,1,0,0,0,1,0,1,High volatility,coefficient_of_variation >= eligible-series Q75,0.0528756900926609,0.2304776345716452,0.7558004540874597,1.109609648399397,0.4324570685673125,4.0
35,GROCERY I,Playas,Guayas,C,3,2013-01-02,2017-08-15,1687,1679,0.0023767082590612004,1737.430108734403,1666.340573286737,0.9590835135811883,0.6904337492572786,1683,4,1,0,0,1,0,0,1,Promotion dependent,promotion_rate >= eligible-series Q75,0.0528756900926609,0.2304776345716452,0.7558004540874597,1.109609648399397,0.4324570685673125,4.0
35,GROCERY II,Playas,Guayas,C,3,2013-01-02,2017-08-15,1687,1415,0.1592394533571004,2.9988116458704694,2.995636702413835,0.9989412661308666,0.055852644087938205,1683,4,1,0,0,0,0,0,0,Ready with caution,Sufficient history without an extreme Q75 risk flag,0.0528756900926609,0.2304776345716452,0.7558004540874597,1.109609648399397,0.4324570685673125,4.0
35,HARDWARE,Playas,Guayas,C,3,2013-01-03,2017-08-12,1683,661,0.6063132817153067,0.6456223942823109,1.0857582018219274,1.681723266475107,0.004764740917212627,1679,4,1,0,1,0,1,0,2,Intermittent demand,zero_sales_rate >= eligible-series Q75,0.0528756900926609,0.2304776345716452,0.7558004540874597,1.109609648399397,0.4324570685673125,4.0
35,HOME AND KITCHEN I,Playas,Guayas,C,3,2014-01-02,2017-08-15,1322,1134,0.14025777103866566,9.119029567854435,10.75821711420453,1.179754603727617,0.2047005307050796,1319,3,1,0,0,0,1,0,1,High volatility,coefficient_of_variation >= eligible-series Q75,0.0528756900926609,0.2304776345716452,0.7558004540874597,1.109609648399397,0.4324570685673125,4.0
35,HOME AND KITCHEN II,Playas,Guayas,C,3,2014-01-02,2017-08-15,1322,1153,0.12585291887793784,7.426838514025777,6.6547580110464555,0.8960418350929231,0.17210007581501138,1319,3,1,0,0,0,0,0,0,Ready with caution,Sufficient history without an extreme Q75 risk flag,0.0528756900926609,0.2304776345716452,0.7558004540874597,1.109609648399397,0.4324570685673125,4.0
35,HOME APPLIANCES,Playas,Guayas,C,3,2013-03-03,2017-08-15,1627,287,0.8231669747381393,0.20702402957486138,0.4804693079643204,2.320838353649083,0.0012322858903265558,1623,4,1,0,1,0,1,0,2,Intermittent demand,zero_sales_rate >= eligible-series Q75,0.0528756900926609,0.2304776345716452,0.7558004540874597,1.109609648399397,0.4324570685673125,4.0
35,HOME CARE,Playas,Guayas,C,3,2014-01-02,2017-08-15,1322,1044,0.20849128127369218,82.95451099317665,51.88439401136773,0.6254559684600568,0.4874905231235785,1319,3,1,0,0,1,0,0,1,Promotion dependent,promotion_rate >= eligible-series Q75,0.0528756900926609,0.2304776345716452,0.7558004540874597,1.109609648399397,0.4324570685673125,4.0
35,LADIESWEAR,Playas,Guayas,C,3,,,0,0,1.0,0.0,0.0,,0.0,0,0,0,1,1,0,0,0,2,Insufficient history,history_length < 365 or active_days < 90,0.0528756900926609,0.2304776345716452,0.7558004540874597,1.109609648399397,0.4324570685673125,4.0
35,LAWN AND GARDEN,Playas,Guayas,C,3,2014-05-08,2015-11-01,543,8,0.985239852398524,0.16236162361623616,1.6414862844497198,10.110063251951683,0.0,542,1,1,1,1,0,1,0,3,Insufficient history,history_length < 365 or active_days < 90,0.0528756900926609,0.2304776345716452,0.7558004540874597,1.109609648399397,0.4324570685673125,4.0
35,LINGERIE,Playas,Guayas,C,3,2013-01-02,2017-08-13,1685,878,0.4776918500892326,1.513979773944081,2.438520418315794,1.6106690857323573,0.009518143961927425,1681,4,1,0,1,0,1,0,2,Intermittent demand,zero_sales_rate >= eligible-series Q75,0.0528756900926609,0.2304776345716452,0.7558004540874597,1.109609648399397,0.4324570685673125,4.0
35,"LIQUOR,WINE,BEER",Playas,Guayas,C,3,2013-01-02,2017-08-15,1687,1484,0.11824123588829472,44.90493166963755,80.05520089097952,1.7827707985381216,0.16102198455139632,1683,4,1,0,0,0,1,0,1,High volatility,coefficient_of_variation >= eligible-series Q75,0.0528756900926609,0.2304776345716452,0.7558004540874597,1.109609648399397,0.4324570685673125,4.0
35,MAGAZINES,Playas,Guayas,C,3,2014-01-31,2017-08-15,1293,342,0.7348837209302326,0.3643410852713178,0.6950783927092212,1.9077683544572244,0.004651162790697674,1290,3,1,0,1,0,1,0,2,Intermittent demand,zero_sales_rate >= eligible-series Q75,0.0528756900926609,0.2304776345716452,0.7558004540874597,1.109609648399397,0.4324570685673125,4.0
35,MEATS,Playas,Guayas,C,3,2013-01-02,2017-08-15,1687,1679,0.0023767082590612004,161.30841766785503,56.051688387976384,0.3474814842173371,0.1800356506238859,1683,4,1,0,0,0,0,1,0,Ready,"history_length >= 730, zero-sales <= median, CV <= median, and missing periods <= Q75",0.0528756900926609,0.2304776345716452,0.7558004540874597,1.109609648399397,0.4324570685673125,4.0
35,PERSONAL CARE,Playas,Guayas,C,3,2013-01-02,2017-08-15,1687,1679,0.0023767082590612004,87.37908496732027,35.17427432360109,0.4025479820114419,0.4266191325014854,1683,4,1,0,0,0,0,1,0,Ready,"history_length >= 730, zero-sales <= median, CV <= median, and missing periods <= Q75",0.0528756900926609,0.2304776345716452,0.7558004540874597,1.109609648399397,0.4324570685673125,4.0
35,PET SUPPLIES,Playas,Guayas,C,3,2014-01-26,2017-08-15,1298,285,0.7799227799227799,0.3521235521235521,0.8206340426878989,2.330528695791292,0.003861003861003861,1295,3,1,0,1,0,1,0,2,Intermittent demand,zero_sales_rate >= eligible-series Q75,0.0528756900926609,0.2304776345716452,0.7558004540874597,1.109609648399397,0.4324570685673125,4.0
35,PLAYERS AND ELECTRONICS,Playas,Guayas,C,3,2014-01-03,2017-08-15,1321,592,0.5508345978755691,0.8998482549317147,1.4068872704258855,1.5634716883822235,0.010622154779969651,1318,3,1,0,1,0,1,0,2,Intermittent demand,zero_sales_rate >= eligible-series Q75,0.0528756900926609,0.2304776345716452,0.7558004540874597,1.109609648399397,0.4324570685673125,4.0
35,POULTRY,Playas,Guayas,C,3,2013-01-02,2017-08-15,1687,1677,0.0035650623885918,56.342600560071304,30.703412210761375,0.5449413393339209,0.1628045157456922,1683,4,1,0,0,0,0,1,0,Ready,"history_length >= 730, zero-sales <= median, CV <= median, and missing periods <= Q75",0.0528756900926609,0.2304776345716452,0.7558004540874597,1.109609648399397,0.4324570685673125,4.0
35,PREPARED FOODS,Playas,Guayas,C,3,2013-01-02,2017-08-15,1687,1676,0.0041592394533571005,17.383838383838384,8.401419689355755,0.4832891047334223,0.1538918597742127,1683,4,1,0,0,0,0,1,0,Ready,"history_length >= 730, zero-sales <= median, CV <= median, and missing periods <= Q75",0.0528756900926609,0.2304776345716452,0.7558004540874597,1.109609648399397,0.4324570685673125,4.0
35,PRODUCE,Playas,Guayas,C,3,2014-01-02,2017-08-15,1322,1016,0.22971948445792267,278.1327080818802,200.25720027691764,0.7200059340664221,0.4655041698256255,1319,3,1,0,0,1,0,0,1,Promotion dependent,promotion_rate >= eligible-series Q75,0.0528756900926609,0.2304776345716452,0.7558004540874597,1.109609648399397,0.4324570685673125,4.0
35,SCHOOL AND OFFICE SUPPLIES,Playas,Guayas,C,3,2015-12-04,2017-08-06,612,127,0.7918032786885246,2.0704918032786885,6.418872120393291,3.100167849121067,0.14426229508196722,610,2,1,0,1,0,1,0,2,Intermittent demand,zero_sales_rate >= eligible-series Q75,0.0528756900926609,0.2304776345716452,0.7558004540874597,1.109609648399397,0.4324570685673125,4.0
35,SEAFOOD,Playas,Guayas,C,3,2013-01-03,2017-08-15,1686,416,0.7526753864447087,0.549346016646849,1.295304355493368,2.3579025172509147,0.03032104637336504,1682,4,1,0,1,0,1,0,2,Intermittent demand,zero_sales_rate >= eligible-series Q75,0.0528756900926609,0.2304776345716452,0.7558004540874597,1.109609648399397,0.4324570685673125,4.0
36,AUTOMOTIVE,Libertad,Guayas,E,10,2013-05-09,2017-08-15,1560,1417,0.08933161953727506,3.9697943444730077,3.0565495892856376,0.7699516206780722,0.019280205655526992,1556,4,1,0,0,0,0,0,0,Ready with caution,Sufficient history without an extreme Q75 risk flag,0.0528756900926609,0.2304776345716452,0.7558004540874597,1.109609648399397,0.4324570685673125,4.0
36,BABY CARE,Libertad,Guayas,E,10,2015-12-22,2017-07-15,572,48,0.9157894736842105,0.11403508771929824,0.4428453281981581,3.8834128780453865,0.0,570,2,1,1,1,0,1,0,3,Insufficient history,history_length < 365 or active_days < 90,0.0528756900926609,0.2304776345716452,0.7558004540874597,1.109609648399397,0.4324570685673125,4.0
36,BEAUTY,Libertad,Guayas,E,10,2013-05-09,2017-08-14,1559,1030,0.33762057877813506,1.4585209003215434,1.632613753857964,1.1193626046072018,0.10996784565916398,1555,4,1,0,1,0,1,0,2,Intermittent demand,zero_sales_rate >= eligible-series Q75,0.0528756900926609,0.2304776345716452,0.7558004540874597,1.109609648399397,0.4324570685673125,4.0
36,BEVERAGES,Libertad,Guayas,E,10,2013-05-09,2017-08-15,1560,1553,0.0019280205655526992,2123.508997429306,1054.6062817778468,0.4966337712976683,0.660025706940874,1556,4,1,0,0,1,0,0,1,Promotion dependent,promotion_rate >= eligible-series Q75,0.0528756900926609,0.2304776345716452,0.7558004540874597,1.109609648399397,0.4324570685673125,4.0
36,BOOKS,Libertad,Guayas,E,10,,,0,0,1.0,0.0,0.0,,0.0,0,0,0,1,1,0,0,0,2,Insufficient history,history_length < 365 or active_days < 90,0.0528756900926609,0.2304776345716452,0.7558004540874597,1.109609648399397,0.4324570685673125,4.0
36,BREAD/BAKERY,Libertad,Guayas,E,10,2013-05-09,2017-08-15,1560,1553,0.0019280205655526992,493.1561696658098,132.10150304445924,0.267869513087464,0.4794344473007712,1556,4,1,0,0,1,0,0,1,Promotion dependent,promotion_rate >= eligible-series Q75,0.0528756900926609,0.2304776345716452,0.7558004540874597,1.109609648399397,0.4324570685673125,4.0
36,CELEBRATION,Libertad,Guayas,E,10,2014-01-01,2017-08-15,1323,1001,0.24166666666666667,6.126515151515152,6.210721730989516,1.0137446129474665,0.03106060606060606,1320,3,1,0,1,0,0,0,1,Intermittent demand,zero_sales_rate >= eligible-series Q75,0.0528756900926609,0.2304776345716452,0.7558004540874597,1.109609648399397,0.4324570685673125,4.0
36,CLEANING,Libertad,Guayas,E,10,2013-05-09,2017-08-15,1560,1553,0.0019280205655526992,881.2596401028278,282.84321393497595,0.32095332755959755,0.666452442159383,1556,4,1,0,0,1,0,0,1,Promotion dependent,promotion_rate >= eligible-series Q75,0.0528756900926609,0.2304776345716452,0.7558004540874597,1.109609648399397,0.4324570685673125,4.0
36,DAIRY,Libertad,Guayas,E,10,2013-05-09,2017-08-15,1560,1553,0.0019280205655526992,534.3457583547557,207.63823967091602,0.3885840514767661,0.5649100257069408,1556,4,1,0,0,1,0,0,1,Promotion dependent,promotion_rate >= eligible-series Q75,0.0528756900926609,0.2304776345716452,0.7558004540874597,1.109609648399397,0.4324570685673125,4.0
36,DELI,Libertad,Guayas,E,10,2013-05-09,2017-08-15,1560,1553,0.0019280205655526992,212.5956915462725,76.35601751063452,0.3591607005545324,0.4730077120822622,1556,4,1,0,0,1,0,0,1,Promotion dependent,promotion_rate >= eligible-series Q75,0.0528756900926609,0.2304776345716452,0.7558004540874597,1.109609648399397,0.4324570685673125,4.0
36,EGGS,Libertad,Guayas,E,10,2013-05-09,2017-08-15,1560,1553,0.0019280205655526992,118.72172236503856,57.57988721836631,0.48499875230350065,0.32840616966580977,1556,4,1,0,0,0,0,1,0,Ready,"history_length >= 730, zero-sales <= median, CV <= median, and missing periods <= Q75",0.0528756900926609,0.2304776345716452,0.7558004540874597,1.109609648399397,0.4324570685673125,4.0
36,FROZEN FOODS,Libertad,Guayas,E,10,2013-05-09,2017-08-15,1560,1553,0.0019280205655526992,106.0007370822622,176.24648809022602,1.6626911561327105,0.35411311053984573,1556,4,1,0,0,0,1,0,1,High volatility,coefficient_of_variation >= eligible-series Q75,0.0528756900926609,0.2304776345716452,0.7558004540874597,1.109609648399397,0.4324570685673125,4.0
36,GROCERY I,Libertad,Guayas,E,10,2013-05-09,2017-08-15,1560,1553,0.0019280205655526992,3455.674076478149,1122.8227166182203,0.32492147458609444,0.7230077120822622,1556,4,1,0,0,1,0,0,1,Promotion dependent,promotion_rate >= eligible-series Q75,0.0528756900926609,0.2304776345716452,0.7558004540874597,1.109609648399397,0.4324570685673125,4.0
36,GROCERY II,Libertad,Guayas,E,10,2013-05-09,2017-08-15,1560,1446,0.07069408740359898,6.321979434447301,6.805222521804923,1.0764385731349457,0.055912596401028275,1556,4,1,0,0,0,0,0,0,Ready with caution,Sufficient history without an extreme Q75 risk flag,0.0528756900926609,0.2304776345716452,0.7558004540874597,1.109609648399397,0.4324570685673125,4.0
36,HARDWARE,Libertad,Guayas,E,10,2013-05-09,2017-08-14,1559,548,0.647588424437299,0.5228295819935691,0.8997137932734237,1.7208547952523665,0.0012861736334405145,1555,4,1,0,1,0,1,0,2,Intermittent demand,zero_sales_rate >= eligible-series Q75,0.0528756900926609,0.2304776345716452,0.7558004540874597,1.109609648399397,0.4324570685673125,4.0
36,HOME AND KITCHEN I,Libertad,Guayas,E,10,2014-01-01,2017-08-15,1323,1167,0.1159090909090909,25.856060606060606,41.15608201493034,1.5917383023647247,0.24924242424242424,1320,3,1,0,0,0,1,0,1,High volatility,coefficient_of_variation >= eligible-series Q75,0.0528756900926609,0.2304776345716452,0.7558004540874597,1.109609648399397,0.4324570685673125,4.0
36,HOME AND KITCHEN II,Libertad,Guayas,E,10,2014-01-01,2017-08-15,1323,1161,0.12045454545454545,13.678030303030303,12.808798710119216,0.9364505287929862,0.19015151515151515,1320,3,1,0,0,0,0,0,0,Ready with caution,Sufficient history without an extreme Q75 risk flag,0.0528756900926609,0.2304776345716452,0.7558004540874597,1.109609648399397,0.4324570685673125,4.0
36,HOME APPLIANCES,Libertad,Guayas,E,10,2013-05-11,2017-08-01,1544,241,0.8435064935064935,0.20324675324675326,0.5269746220299946,2.5927824853871937,0.0006493506493506494,1540,4,1,0,1,0,1,0,2,Intermittent demand,zero_sales_rate >= eligible-series Q75,0.0528756900926609,0.2304776345716452,0.7558004540874597,1.109609648399397,0.4324570685673125,4.0
36,HOME CARE,Libertad,Guayas,E,10,2014-01-01,2017-08-15,1323,1045,0.20833333333333334,180.2037878787879,114.12425620227714,0.6333066443588943,0.4772727272727273,1320,3,1,0,0,1,0,0,1,Promotion dependent,promotion_rate >= eligible-series Q75,0.0528756900926609,0.2304776345716452,0.7558004540874597,1.109609648399397,0.4324570685673125,4.0
36,LADIESWEAR,Libertad,Guayas,E,10,2014-03-02,2016-09-16,930,51,0.9450431034482759,0.10021551724137931,0.4955899983760233,4.9452421343327915,0.0,928,2,1,1,1,0,1,0,3,Insufficient history,history_length < 365 or active_days < 90,0.0528756900926609,0.2304776345716452,0.7558004540874597,1.109609648399397,0.4324570685673125,4.0
36,LAWN AND GARDEN,Libertad,Guayas,E,10,2013-05-13,2017-08-15,1556,1320,0.14948453608247422,8.730025773195877,13.026825489477986,1.4921863724016409,0.11275773195876289,1552,4,1,0,0,0,1,0,1,High volatility,coefficient_of_variation >= eligible-series Q75,0.0528756900926609,0.2304776345716452,0.7558004540874597,1.109609648399397,0.4324570685673125,4.0
36,LINGERIE,Libertad,Guayas,E,10,2013-05-09,2017-08-15,1560,1262,0.18894601542416453,3.2056555269922877,3.3881000595817587,1.0569133305351277,0.012853470437017995,1556,4,1,0,0,0,0,0,0,Ready with caution,Sufficient history without an extreme Q75 risk flag,0.0528756900926609,0.2304776345716452,0.7558004540874597,1.109609648399397,0.4324570685673125,4.0
36,"LIQUOR,WINE,BEER",Libertad,Guayas,E,10,2013-05-09,2017-08-15,1560,1390,0.10668380462724936,129.22686375321337,207.58812008257613,1.606385189994323,0.21401028277634962,1556,4,1,0,0,0,1,0,1,High volatility,coefficient_of_variation >= eligible-series Q75,0.0528756900926609,0.2304776345716452,0.7558004540874597,1.109609648399397,0.4324570685673125,4.0
36,MAGAZINES,Libertad,Guayas,E,10,2014-01-27,2017-08-15,1297,544,0.5795981452859351,0.7619783616692427,1.1649327526386426,1.5288265536657235,0.0038639876352395673,1294,3,1,0,1,0,1,0,2,Intermittent demand,zero_sales_rate >= eligible-series Q75,0.0528756900926609,0.2304776345716452,0.7558004540874597,1.109609648399397,0.4324570685673125,4.0
36,MEATS,Libertad,Guayas,E,10,2013-05-09,2017-08-15,1560,1553,0.0019280205655526992,205.1653233419023,76.49081788186719,0.3728252739591737,0.2069408740359897,1556,4,1,0,0,0,0,1,0,Ready,"history_length >= 730, zero-sales <= median, CV <= median, and missing periods <= Q75",0.0528756900926609,0.2304776345716452,0.7558004540874597,1.109609648399397,0.4324570685673125,4.0
36,PERSONAL CARE,Libertad,Guayas,E,10,2013-05-09,2017-08-15,1560,1553,0.0019280205655526992,239.27313624678663,86.85631005403486,0.36300067536395375,0.461439588688946,1556,4,1,0,0,1,0,0,1,Promotion dependent,promotion_rate >= eligible-series Q75,0.0528756900926609,0.2304776345716452,0.7558004540874597,1.109609648399397,0.4324570685673125,4.0
36,PET SUPPLIES,Libertad,Guayas,E,10,2014-01-02,2017-08-15,1322,727,0.4488248673237301,1.4298711144806673,1.8773595326785164,1.3129571705211893,0.015163002274450341,1319,3,1,0,1,0,1,0,2,Intermittent demand,zero_sales_rate >= eligible-series Q75,0.0528756900926609,0.2304776345716452,0.7558004540874597,1.109609648399397,0.4324570685673125,4.0
36,PLAYERS AND ELECTRONICS,Libertad,Guayas,E,10,2014-01-02,2017-08-15,1322,957,0.2744503411675512,3.8938589840788476,4.009202261702893,1.0296218425206614,0.009855951478392721,1319,3,1,0,1,0,0,0,1,Intermittent demand,zero_sales_rate >= eligible-series Q75,0.0528756900926609,0.2304776345716452,0.7558004540874597,1.109609648399397,0.4324570685673125,4.0
36,POULTRY,Libertad,Guayas,E,10,2013-05-09,2017-08-15,1560,1553,0.0019280205655526992,122.77037345437017,52.76177789180328,0.4297598549817326,0.2300771208226221,1556,4,1,0,0,0,0,1,0,Ready,"history_length >= 730, zero-sales <= median, CV <= median, and missing periods <= Q75",0.0528756900926609,0.2304776345716452,0.7558004540874597,1.109609648399397,0.4324570685673125,4.0
36,PREPARED FOODS,Libertad,Guayas,E,10,2013-05-09,2017-08-15,1560,1553,0.0019280205655526992,53.22689718958869,21.812878656781546,0.40980932213813503,0.2763496143958869,1556,4,1,0,0,0,0,1,0,Ready,"history_length >= 730, zero-sales <= median, CV <= median, and missing periods <= Q75",0.0528756900926609,0.2304776345716452,0.7558004540874597,1.109609648399397,0.4324570685673125,4.0
36,PRODUCE,Libertad,Guayas,E,10,2014-01-01,2017-08-15,1323,1017,0.22954545454545455,1113.8863144621212,830.8661107248063,0.7459164368367511,0.4462121212121212,1320,3,1,0,0,1,0,0,1,Promotion dependent,promotion_rate >= eligible-series Q75,0.0528756900926609,0.2304776345716452,0.7558004540874597,1.109609648399397,0.4324570685673125,4.0
36,SCHOOL AND OFFICE SUPPLIES,Libertad,Guayas,E,10,2014-01-02,2017-08-15,1322,560,0.5754359363153905,6.133434420015163,25.61537787874844,4.176351473679752,0.08642911296436695,1319,3,1,0,1,0,1,0,2,Intermittent demand,zero_sales_rate >= eligible-series Q75,0.0528756900926609,0.2304776345716452,0.7558004540874597,1.109609648399397,0.4324570685673125,4.0
36,SEAFOOD,Libertad,Guayas,E,10,2013-05-09,2017-08-13,1558,723,0.5347490347490348,1.0136803732303732,1.5366442571945378,1.5159060960188027,0.0933075933075933,1554,4,1,0,1,0,1,0,2,Intermittent demand,zero_sales_rate >= eligible-series Q75,0.0528756900926609,0.2304776345716452,0.7558004540874597,1.109609648399397,0.4324570685673125,4.0
37,AUTOMOTIVE,Cuenca,Azuay,D,2,2013-01-02,2017-08-15,1687,1538,0.08615567439096851,4.051693404634581,4.050403502586796,0.999681638781871,0.004753416518122401,1683,4,1,0,0,0,0,0,0,Ready with caution,Sufficient history without an extreme Q75 risk flag,0.0528756900926609,0.2304776345716452,0.7558004540874597,1.109609648399397,0.4324570685673125,4.0
37,BABY CARE,Cuenca,Azuay,D,2,2016-12-10,2017-03-24,105,23,0.7788461538461539,0.34615384615384615,0.7343080855138956,2.121334469262365,0.0,104,1,1,1,1,0,1,0,3,Insufficient history,history_length < 365 or active_days < 90,0.0528756900926609,0.2304776345716452,0.7558004540874597,1.109609648399397,0.4324570685673125,4.0
37,BEAUTY,Cuenca,Azuay,D,2,2013-01-02,2017-08-15,1687,1627,0.033273915626856804,4.327391562685681,2.729001251254043,0.6306342312042502,0.15805109922756982,1683,4,1,0,0,0,0,1,0,Ready,"history_length >= 730, zero-sales <= median, CV <= median, and missing periods <= Q75",0.0528756900926609,0.2304776345716452,0.7558004540874597,1.109609648399397,0.4324570685673125,4.0
37,BEVERAGES,Cuenca,Azuay,D,2,2013-01-02,2017-08-15,1687,1679,0.0023767082590612004,2091.50623885918,952.7782688841332,0.4555464627271826,0.6327985739750446,1683,4,1,0,0,1,0,0,1,Promotion dependent,promotion_rate >= eligible-series Q75,0.0528756900926609,0.2304776345716452,0.7558004540874597,1.109609648399397,0.4324570685673125,4.0
37,BOOKS,Cuenca,Azuay,D,2,2016-10-12,2017-05-22,223,97,0.5630630630630631,1.135135135135135,2.0491096686474712,1.8051680414275342,0.0,222,1,1,1,1,0,1,0,3,Insufficient history,history_length < 365 or active_days < 90,0.0528756900926609,0.2304776345716452,0.7558004540874597,1.109609648399397,0.4324570685673125,4.0
37,BREAD/BAKERY,Cuenca,Azuay,D,2,2013-01-02,2017-08-15,1687,1679,0.0023767082590612004,547.831182358883,115.80581644298506,0.21138960353505568,0.48068924539512775,1683,4,1,0,0,1,0,0,1,Promotion dependent,promotion_rate >= eligible-series Q75,0.0528756900926609,0.2304776345716452,0.7558004540874597,1.109609648399397,0.4324570685673125,4.0
37,CELEBRATION,Cuenca,Azuay,D,2,2014-01-02,2017-08-15,1322,1013,0.23199393479909022,9.685367702805156,8.416889390273052,0.8690314759898361,0.04852160727824109,1319,3,1,0,1,0,0,0,1,Intermittent demand,zero_sales_rate >= eligible-series Q75,0.0528756900926609,0.2304776345716452,0.7558004540874597,1.109609648399397,0.4324570685673125,4.0
37,CLEANING,Cuenca,Azuay,D,2,2013-01-02,2017-08-15,1687,1679,0.0023767082590612004,1054.5739750445632,228.09374381851856,0.216289941925487,0.6078431372549019,1683,4,1,0,0,1,0,0,1,Promotion dependent,promotion_rate >= eligible-series Q75,0.0528756900926609,0.2304776345716452,0.7558004540874597,1.109609648399397,0.4324570685673125,4.0
37,DAIRY,Cuenca,Azuay,D,2,2013-01-02,2017-08-15,1687,1678,0.0029708853238265003,885.194890077243,225.75862869023274,0.2550383324857793,0.5894236482471776,1683,4,1,0,0,1,0,0,1,Promotion dependent,promotion_rate >= eligible-series Q75,0.0528756900926609,0.2304776345716452,0.7558004540874597,1.109609648399397,0.4324570685673125,4.0
37,DELI,Cuenca,Azuay,D,2,2013-01-02,2017-08-15,1687,1679,0.0023767082590612004,145.99585768270944,35.219710958796625,0.24123774138399928,0.4741532976827095,1683,4,1,0,0,1,0,0,1,Promotion dependent,promotion_rate >= eligible-series Q75,0.0528756900926609,0.2304776345716452,0.7558004540874597,1.109609648399397,0.4324570685673125,4.0
37,EGGS,Cuenca,Azuay,D,2,2013-01-02,2017-08-15,1687,1679,0.0023767082590612004,155.21806298276886,37.71650123552105,0.24299041304044655,0.33392751039809865,1683,4,1,0,0,0,0,1,0,Ready,"history_length >= 730, zero-sales <= median, CV <= median, and missing periods <= Q75",0.0528756900926609,0.2304776345716452,0.7558004540874597,1.109609648399397,0.4324570685673125,4.0
37,FROZEN FOODS,Cuenca,Azuay,D,2,2013-01-02,2017-08-15,1687,1677,0.0035650623885918,193.5624511681521,249.004033782526,1.2864273637773398,0.46939988116458703,1683,4,1,0,0,1,1,0,2,Promotion dependent,promotion_rate >= eligible-series Q75,0.0528756900926609,0.2304776345716452,0.7558004540874597,1.109609648399397,0.4324570685673125,4.0
37,GROCERY I,Cuenca,Azuay,D,2,2013-01-02,2017-08-15,1687,1678,0.0029708853238265003,3643.6446821152704,781.2959201324682,0.21442703345017083,0.6797385620915033,1683,4,1,0,0,1,0,0,1,Promotion dependent,promotion_rate >= eligible-series Q75,0.0528756900926609,0.2304776345716452,0.7558004540874597,1.109609648399397,0.4324570685673125,4.0
37,GROCERY II,Cuenca,Azuay,D,2,2013-01-02,2017-08-15,1687,1679,0.0023767082590612004,46.60011883541295,16.614605410500456,0.35653568758443754,0.04040404040404041,1683,4,1,0,0,0,0,1,0,Ready,"history_length >= 730, zero-sales <= median, CV <= median, and missing periods <= Q75",0.0528756900926609,0.2304776345716452,0.7558004540874597,1.109609648399397,0.4324570685673125,4.0
37,HARDWARE,Cuenca,Azuay,D,2,2013-01-03,2017-08-15,1686,1314,0.21878715814506539,1.926872770511296,1.7796532208327878,0.9235966422217677,0.0,1682,4,1,0,0,0,0,0,0,Ready with caution,Sufficient history without an extreme Q75 risk flag,0.0528756900926609,0.2304776345716452,0.7558004540874597,1.109609648399397,0.4324570685673125,4.0
37,HOME AND KITCHEN I,Cuenca,Azuay,D,2,2014-01-02,2017-08-15,1322,1166,0.11599696739954511,26.934799090219865,21.481939916613694,0.7975533748983438,0.19484457922668688,1319,3,1,0,0,0,0,0,0,Ready with caution,Sufficient history without an extreme Q75 risk flag,0.0528756900926609,0.2304776345716452,0.7558004540874597,1.109609648399397,0.4324570685673125,4.0
37,HOME AND KITCHEN II,Cuenca,Azuay,D,2,2014-01-02,2017-08-15,1322,1166,0.11599696739954511,19.42456406368461,27.24928816884773,1.402826239987126,0.42835481425322214,1319,3,1,0,0,0,1,0,1,High volatility,coefficient_of_variation >= eligible-series Q75,0.0528756900926609,0.2304776345716452,0.7558004540874597,1.109609648399397,0.4324570685673125,4.0
37,HOME APPLIANCES,Cuenca,Azuay,D,2,2013-01-07,2017-08-01,1668,445,0.7325721153846154,0.33774038461538464,0.6348232379988934,1.8796189822600686,0.0,1664,4,1,0,1,0,1,0,2,Intermittent demand,zero_sales_rate >= eligible-series Q75,0.0528756900926609,0.2304776345716452,0.7558004540874597,1.109609648399397,0.4324570685673125,4.0
37,HOME CARE,Cuenca,Azuay,D,2,2014-01-02,2017-08-15,1322,1044,0.20849128127369218,199.94162244124337,114.52693656729882,0.5728018767125626,0.4473085670962851,1319,3,1,0,0,1,0,0,1,Promotion dependent,promotion_rate >= eligible-series Q75,0.0528756900926609,0.2304776345716452,0.7558004540874597,1.109609648399397,0.4324570685673125,4.0
37,LADIESWEAR,Cuenca,Azuay,D,2,2014-01-02,2017-08-15,1322,1016,0.22971948445792267,20.628506444275967,15.330599791029954,0.7431754612212322,0.001516300227445034,1319,3,1,0,0,0,0,0,0,Ready with caution,Sufficient history without an extreme Q75 risk flag,0.0528756900926609,0.2304776345716452,0.7558004540874597,1.109609648399397,0.4324570685673125,4.0
37,LAWN AND GARDEN,Cuenca,Azuay,D,2,2013-01-02,2017-08-15,1687,1621,0.0368389780154486,12.729055258467023,10.489121514850819,0.8240298515377832,0.09566250742721331,1683,4,1,0,0,0,0,0,0,Ready with caution,Sufficient history without an extreme Q75 risk flag,0.0528756900926609,0.2304776345716452,0.7558004540874597,1.109609648399397,0.4324570685673125,4.0
37,LINGERIE,Cuenca,Azuay,D,2,2013-01-02,2017-08-15,1687,1570,0.06714200831847891,6.483660130718954,6.26867249483966,0.9668416247081331,0.020202020202020204,1683,4,1,0,0,0,0,0,0,Ready with caution,Sufficient history without an extreme Q75 risk flag,0.0528756900926609,0.2304776345716452,0.7558004540874597,1.109609648399397,0.4324570685673125,4.0
37,"LIQUOR,WINE,BEER",Cuenca,Azuay,D,2,2013-01-02,2017-08-15,1687,1498,0.10992275698158051,107.62269756387404,74.06474098975401,0.6881888548258754,0.23529411764705882,1683,4,1,0,0,0,0,0,0,Ready with caution,Sufficient history without an extreme Q75 risk flag,0.0528756900926609,0.2304776345716452,0.7558004540874597,1.109609648399397,0.4324570685673125,4.0
37,MAGAZINES,Cuenca,Azuay,D,2,2014-01-02,2017-08-15,1322,1005,0.23805913570887036,6.035633055344959,5.466224423072857,0.9056588385922746,0.0,1319,3,1,0,1,0,0,0,1,Intermittent demand,zero_sales_rate >= eligible-series Q75,0.0528756900926609,0.2304776345716452,0.7558004540874597,1.109609648399397,0.4324570685673125,4.0
37,MEATS,Cuenca,Azuay,D,2,2013-01-02,2017-08-15,1687,1679,0.0023767082590612004,249.57448187759954,71.97226771259365,0.2883799143691761,0.2638146167557932,1683,4,1,0,0,0,0,1,0,Ready,"history_length >= 730, zero-sales <= median, CV <= median, and missing periods <= Q75",0.0528756900926609,0.2304776345716452,0.7558004540874597,1.109609648399397,0.4324570685673125,4.0
37,PERSONAL CARE,Cuenca,Azuay,D,2,2013-01-02,2017-08-15,1687,1679,0.0023767082590612004,255.47058823529412,76.55605491833887,0.2996668048841264,0.47653000594177064,1683,4,1,0,0,1,0,0,1,Promotion dependent,promotion_rate >= eligible-series Q75,0.0528756900926609,0.2304776345716452,0.7558004540874597,1.109609648399397,0.4324570685673125,4.0
37,PET SUPPLIES,Cuenca,Azuay,D,2,2014-01-02,2017-08-15,1322,1016,0.22971948445792267,8.13874147081122,5.954150202711581,0.7315811939801188,0.08339651250947688,1319,3,1,0,0,0,0,0,0,Ready with caution,Sufficient history without an extreme Q75 risk flag,0.0528756900926609,0.2304776345716452,0.7558004540874597,1.109609648399397,0.4324570685673125,4.0
37,PLAYERS AND ELECTRONICS,Cuenca,Azuay,D,2,2014-01-02,2017-08-15,1322,1015,0.2304776345716452,8.069749810462472,6.098183951754541,0.7556843886099435,0.012130401819560273,1319,3,1,0,1,0,0,0,1,Intermittent demand,zero_sales_rate >= eligible-series Q75,0.0528756900926609,0.2304776345716452,0.7558004540874597,1.109609648399397,0.4324570685673125,4.0
37,POULTRY,Cuenca,Azuay,D,2,2013-01-02,2017-08-15,1687,1679,0.0023767082590612004,244.46609865418895,78.71300657022064,0.3219792314907623,0.20855614973262032,1683,4,1,0,0,0,0,1,0,Ready,"history_length >= 730, zero-sales <= median, CV <= median, and missing periods <= Q75",0.0528756900926609,0.2304776345716452,0.7558004540874597,1.109609648399397,0.4324570685673125,4.0
37,PREPARED FOODS,Cuenca,Azuay,D,2,2013-01-02,2017-08-15,1687,1679,0.0023767082590612004,132.26817590314914,37.40143682165763,0.28276973328069577,0.20677361853832443,1683,4,1,0,0,0,0,1,0,Ready,"history_length >= 730, zero-sales <= median, CV <= median, and missing periods <= Q75",0.0528756900926609,0.2304776345716452,0.7558004540874597,1.109609648399397,0.4324570685673125,4.0
37,PRODUCE,Cuenca,Azuay,D,2,2013-03-16,2017-08-15,1614,1563,0.029192546583850933,1910.9790696273292,1580.1347225333777,0.8268718101876065,0.37577639751552794,1610,4,1,0,0,0,0,0,0,Ready with caution,Sufficient history without an extreme Q75 risk flag,0.0528756900926609,0.2304776345716452,0.7558004540874597,1.109609648399397,0.4324570685673125,4.0
37,SCHOOL AND OFFICE SUPPLIES,Cuenca,Azuay,D,2,2014-07-03,2017-07-10,1104,345,0.6866485013623979,0.44868301544050865,0.8024681190905455,1.788496759349576,0.0,1101,3,1,0,1,0,1,0,2,Intermittent demand,zero_sales_rate >= eligible-series Q75,0.0528756900926609,0.2304776345716452,0.7558004540874597,1.109609648399397,0.4324570685673125,4.0
37,SEAFOOD,Cuenca,Azuay,D,2,2013-01-02,2017-08-15,1687,1678,0.0029708853238265003,19.93592489150327,8.001865539976729,0.4013791977811443,0.2519310754604872,1683,4,1,0,0,0,0,1,0,Ready,"history_length >= 730, zero-sales <= median, CV <= median, and missing periods <= Q75",0.0528756900926609,0.2304776345716452,0.7558004540874597,1.109609648399397,0.4324570685673125,4.0
38,AUTOMOTIVE,Loja,Loja,D,4,2013-01-02,2017-08-15,1687,1659,0.0142602495543672,6.499702911467617,4.1670491196897474,0.6411137826526964,0.011883541295306001,1683,4,1,0,0,0,0,1,0,Ready,"history_length >= 730, zero-sales <= median, CV <= median, and missing periods <= Q75",0.0528756900926609,0.2304776345716452,0.7558004540874597,1.109609648399397,0.4324570685673125,4.0
38,BABY CARE,Loja,Loja,D,4,2016-07-15,2017-03-03,232,11,0.9523809523809523,0.09523809523809523,0.7572971443253386,7.951620015416055,0.0,231,1,1,1,1,0,1,0,3,Insufficient history,history_length < 365 or active_days < 90,0.0528756900926609,0.2304776345716452,0.7558004540874597,1.109609648399397,0.4324570685673125,4.0
38,BEAUTY,Loja,Loja,D,4,2013-01-02,2017-08-15,1687,1597,0.0510992275698158,5.067736185383244,3.9623884264584883,0.7818852997689807,0.15151515151515152,1683,4,1,0,0,0,0,0,0,Ready with caution,Sufficient history without an extreme Q75 risk flag,0.0528756900926609,0.2304776345716452,0.7558004540874597,1.109609648399397,0.4324570685673125,4.0
38,BEVERAGES,Loja,Loja,D,4,2013-01-02,2017-08-15,1687,1679,0.0023767082590612004,1824.58229352347,1178.7470784699294,0.6460366751634088,0.6452762923351159,1683,4,1,0,0,1,0,0,1,Promotion dependent,promotion_rate >= eligible-series Q75,0.0528756900926609,0.2304776345716452,0.7558004540874597,1.109609648399397,0.4324570685673125,4.0
38,BOOKS,Loja,Loja,D,4,2016-10-12,2017-07-01,263,88,0.6641221374045801,0.6221374045801527,1.133927503229466,1.8226319377062583,0.0,262,1,1,1,1,0,1,0,3,Insufficient history,history_length < 365 or active_days < 90,0.0528756900926609,0.2304776345716452,0.7558004540874597,1.109609648399397,0.4324570685673125,4.0
38,BREAD/BAKERY,Loja,Loja,D,4,2013-01-02,2017-08-15,1687,1679,0.0023767082590612004,533.9754682174688,163.70167065495718,0.30657151947715966,0.48187759952465836,1683,4,1,0,0,1,0,0,1,Promotion dependent,promotion_rate >= eligible-series Q75,0.0528756900926609,0.2304776345716452,0.7558004540874597,1.109609648399397,0.4324570685673125,4.0
38,CELEBRATION,Loja,Loja,D,4,2014-01-02,2017-08-15,1322,1013,0.23199393479909022,11.844579226686884,10.531733200402218,0.8891606024022611,0.08794541319181198,1319,3,1,0,1,0,0,0,1,Intermittent demand,zero_sales_rate >= eligible-series Q75,0.0528756900926609,0.2304776345716452,0.7558004540874597,1.109609648399397,0.4324570685673125,4.0
38,CLEANING,Loja,Loja,D,4,2013-01-02,2017-08-15,1687,1679,0.0023767082590612004,1070.6714200831848,353.7322083233233,0.3303835347504096,0.6488413547237076,1683,4,1,0,0,1,0,0,1,Promotion dependent,promotion_rate >= eligible-series Q75,0.0528756900926609,0.2304776345716452,0.7558004540874597,1.109609648399397,0.4324570685673125,4.0
38,DAIRY,Loja,Loja,D,4,2013-01-02,2017-08-15,1687,1679,0.0023767082590612004,815.3107546048723,272.2274116607969,0.3338940522043374,0.6149732620320856,1683,4,1,0,0,1,0,0,1,Promotion dependent,promotion_rate >= eligible-series Q75,0.0528756900926609,0.2304776345716452,0.7558004540874597,1.109609648399397,0.4324570685673125,4.0
38,DELI,Loja,Loja,D,4,2013-01-02,2017-08-15,1687,1679,0.0023767082590612004,169.12997397623292,52.38965172809645,0.30975971021824045,0.49732620320855614,1683,4,1,0,0,1,0,0,1,Promotion dependent,promotion_rate >= eligible-series Q75,0.0528756900926609,0.2304776345716452,0.7558004540874597,1.109609648399397,0.4324570685673125,4.0
38,EGGS,Loja,Loja,D,4,2013-01-02,2017-08-15,1687,1679,0.0023767082590612004,120.49019607843137,47.236889971910415,0.392039282110241,0.3719548425430778,1683,4,1,0,0,0,0,1,0,Ready,"history_length >= 730, zero-sales <= median, CV <= median, and missing periods <= Q75",0.0528756900926609,0.2304776345716452,0.7558004540874597,1.109609648399397,0.4324570685673125,4.0
38,FROZEN FOODS,Loja,Loja,D,4,2013-01-02,2017-08-15,1687,1678,0.0029708853238265003,208.4920211117053,520.4884177359172,2.496442861269263,0.5151515151515151,1683,4,1,0,0,1,1,0,2,Promotion dependent,promotion_rate >= eligible-series Q75,0.0528756900926609,0.2304776345716452,0.7558004540874597,1.109609648399397,0.4324570685673125,4.0
38,GROCERY I,Loja,Loja,D,4,2013-01-02,2017-08-15,1687,1679,0.0023767082590612004,3763.5519994058227,1197.2867115733907,0.31812678867261945,0.7011289364230541,1683,4,1,0,0,1,0,0,1,Promotion dependent,promotion_rate >= eligible-series Q75,0.0528756900926609,0.2304776345716452,0.7558004540874597,1.109609648399397,0.4324570685673125,4.0
38,GROCERY II,Loja,Loja,D,4,2013-01-02,2017-08-15,1687,1677,0.0035650623885918,26.440879382055854,14.901955986070057,0.5635953241473237,0.027332144979203804,1683,4,1,0,0,0,0,1,0,Ready,"history_length >= 730, zero-sales <= median, CV <= median, and missing periods <= Q75",0.0528756900926609,0.2304776345716452,0.7558004540874597,1.109609648399397,0.4324570685673125,4.0
38,HARDWARE,Loja,Loja,D,4,2013-01-02,2017-08-12,1684,1255,0.25297619047619047,1.7226190476190477,1.625207271555071,0.9434513532178711,0.0,1680,4,1,0,1,0,0,0,1,Intermittent demand,zero_sales_rate >= eligible-series Q75,0.0528756900926609,0.2304776345716452,0.7558004540874597,1.109609648399397,0.4324570685673125,4.0
38,HOME AND KITCHEN I,Loja,Loja,D,4,2014-01-02,2017-08-15,1322,1166,0.11599696739954511,29.03866565579985,24.239244882047444,0.8347230953845903,0.19332827899924185,1319,3,1,0,0,0,0,0,0,Ready with caution,Sufficient history without an extreme Q75 risk flag,0.0528756900926609,0.2304776345716452,0.7558004540874597,1.109609648399397,0.4324570685673125,4.0
38,HOME AND KITCHEN II,Loja,Loja,D,4,2014-01-02,2017-08-15,1322,1166,0.11599696739954511,22.30705079605762,30.346664792977773,1.360406853887696,0.3206974981046247,1319,3,1,0,0,0,1,0,1,High volatility,coefficient_of_variation >= eligible-series Q75,0.0528756900926609,0.2304776345716452,0.7558004540874597,1.109609648399397,0.4324570685673125,4.0
38,HOME APPLIANCES,Loja,Loja,D,4,2014-01-25,2017-07-16,1269,191,0.84913112164297,0.18167456556082148,0.4839028174090865,2.663569421043059,0.0,1266,3,1,0,1,0,1,0,2,Intermittent demand,zero_sales_rate >= eligible-series Q75,0.0528756900926609,0.2304776345716452,0.7558004540874597,1.109609648399397,0.4324570685673125,4.0
38,HOME CARE,Loja,Loja,D,4,2014-01-02,2017-08-15,1322,1044,0.20849128127369218,260.5595147839272,170.37503726123558,0.6538814650561564,0.4965883244882487,1319,3,1,0,0,1,0,0,1,Promotion dependent,promotion_rate >= eligible-series Q75,0.0528756900926609,0.2304776345716452,0.7558004540874597,1.109609648399397,0.4324570685673125,4.0
38,LADIESWEAR,Loja,Loja,D,4,2014-01-02,2017-08-15,1322,1016,0.22971948445792267,22.236542835481426,20.01232925427686,0.8999748478142235,0.001516300227445034,1319,3,1,0,0,0,0,0,0,Ready with caution,Sufficient history without an extreme Q75 risk flag,0.0528756900926609,0.2304776345716452,0.7558004540874597,1.109609648399397,0.4324570685673125,4.0
38,LAWN AND GARDEN,Loja,Loja,D,4,2013-01-02,2017-08-15,1687,1600,0.04931669637551991,8.551396316102199,9.156269958845096,1.070733903608692,0.08615567439096851,1683,4,1,0,0,0,0,0,0,Ready with caution,Sufficient history without an extreme Q75 risk flag,0.0528756900926609,0.2304776345716452,0.7558004540874597,1.109609648399397,0.4324570685673125,4.0
38,LINGERIE,Loja,Loja,D,4,2013-01-02,2017-08-15,1687,1644,0.023172905525846704,13.976232917409387,9.93519576720246,0.7108636372843186,0.027926322043969103,1683,4,1,0,0,0,0,1,0,Ready,"history_length >= 730, zero-sales <= median, CV <= median, and missing periods <= Q75",0.0528756900926609,0.2304776345716452,0.7558004540874597,1.109609648399397,0.4324570685673125,4.0
38,"LIQUOR,WINE,BEER",Loja,Loja,D,4,2013-01-02,2017-08-15,1687,1499,0.10932857991681522,78.7807486631016,67.15582575157687,0.8524395476204775,0.24242424242424243,1683,4,1,0,0,0,0,0,0,Ready with caution,Sufficient history without an extreme Q75 risk flag,0.0528756900926609,0.2304776345716452,0.7558004540874597,1.109609648399397,0.4324570685673125,4.0
38,MAGAZINES,Loja,Loja,D,4,2014-01-04,2017-08-15,1320,1003,0.2384206529992407,6.421412300683372,6.638466480567447,1.0338016264523269,0.0007593014426727411,1317,3,1,0,1,0,0,0,1,Intermittent demand,zero_sales_rate >= eligible-series Q75,0.0528756900926609,0.2304776345716452,0.7558004540874597,1.109609648399397,0.4324570685673125,4.0
38,MEATS,Loja,Loja,D,4,2013-01-02,2017-08-15,1687,1679,0.0023767082590612004,185.3818408211527,59.14681288587087,0.31905397326878854,0.29827688651218065,1683,4,1,0,0,0,0,1,0,Ready,"history_length >= 730, zero-sales <= median, CV <= median, and missing periods <= Q75",0.0528756900926609,0.2304776345716452,0.7558004540874597,1.109609648399397,0.4324570685673125,4.0
38,PERSONAL CARE,Loja,Loja,D,4,2013-01-02,2017-08-15,1687,1679,0.0023767082590612004,358.70944741532975,150.5454863884331,0.41968642719946214,0.5145573380867499,1683,4,1,0,0,1,0,0,1,Promotion dependent,promotion_rate >= eligible-series Q75,0.0528756900926609,0.2304776345716452,0.7558004540874597,1.109609648399397,0.4324570685673125,4.0
38,PET SUPPLIES,Loja,Loja,D,4,2014-01-02,2017-08-15,1322,1004,0.23881728582259287,4.9310083396512505,4.147573815810099,0.8411208276527554,0.06444275966641395,1319,3,1,0,1,0,0,0,1,Intermittent demand,zero_sales_rate >= eligible-series Q75,0.0528756900926609,0.2304776345716452,0.7558004540874597,1.109609648399397,0.4324570685673125,4.0
38,PLAYERS AND ELECTRONICS,Loja,Loja,D,4,2014-01-02,2017-08-15,1322,1012,0.23275208491281274,7.547384382107658,6.25087480834395,0.8282173653647081,0.0037907505686125853,1319,3,1,0,1,0,0,0,1,Intermittent demand,zero_sales_rate >= eligible-series Q75,0.0528756900926609,0.2304776345716452,0.7558004540874597,1.109609648399397,0.4324570685673125,4.0
38,POULTRY,Loja,Loja,D,4,2013-01-02,2017-08-15,1687,1679,0.0023767082590612004,157.3711551449792,63.50552963408634,0.403539832795797,0.2976827094474153,1683,4,1,0,0,0,0,1,0,Ready,"history_length >= 730, zero-sales <= median, CV <= median, and missing periods <= Q75",0.0528756900926609,0.2304776345716452,0.7558004540874597,1.109609648399397,0.4324570685673125,4.0
38,PREPARED FOODS,Loja,Loja,D,4,2013-01-02,2017-08-15,1687,1679,0.0023767082590612004,121.88211883125372,40.02121089558409,0.3283599865128175,0.23054070112893643,1683,4,1,0,0,0,0,1,0,Ready,"history_length >= 730, zero-sales <= median, CV <= median, and missing periods <= Q75",0.0528756900926609,0.2304776345716452,0.7558004540874597,1.109609648399397,0.4324570685673125,4.0
38,PRODUCE,Loja,Loja,D,4,2013-03-16,2017-08-15,1614,1543,0.04161490683229813,1494.0657272049689,1276.0539802592255,0.854081555465709,0.40869565217391307,1610,4,1,0,0,0,0,0,0,Ready with caution,Sufficient history without an extreme Q75 risk flag,0.0528756900926609,0.2304776345716452,0.7558004540874597,1.109609648399397,0.4324570685673125,4.0
38,SCHOOL AND OFFICE SUPPLIES,Loja,Loja,D,4,2014-07-02,2017-08-15,1141,335,0.7056239015817223,0.5184534270650264,1.8539725296640777,3.5759673538266443,0.0026362038664323375,1138,3,1,0,1,0,1,0,2,Intermittent demand,zero_sales_rate >= eligible-series Q75,0.0528756900926609,0.2304776345716452,0.7558004540874597,1.109609648399397,0.4324570685673125,4.0
38,SEAFOOD,Loja,Loja,D,4,2013-01-02,2017-08-15,1687,1679,0.0023767082590612004,19.775398563636365,8.116188870773074,0.41041847245988666,0.25965537730243615,1683,4,1,0,0,0,0,1,0,Ready,"history_length >= 730, zero-sales <= median, CV <= median, and missing periods <= Q75",0.0528756900926609,0.2304776345716452,0.7558004540874597,1.109609648399397,0.4324570685673125,4.0
39,AUTOMOTIVE,Cuenca,Azuay,B,6,2013-01-02,2017-08-15,1687,1669,0.008318478906714201,8.864527629233512,8.835096222861456,0.9966798674894985,0.0540701128936423,1683,4,1,0,0,0,0,0,0,Ready with caution,Sufficient history without an extreme Q75 risk flag,0.0528756900926609,0.2304776345716452,0.7558004540874597,1.109609648399397,0.4324570685673125,4.0
39,BABY CARE,Cuenca,Azuay,B,6,2014-03-01,2017-08-11,1260,277,0.7796340493237868,0.3492442322991249,0.8147142938415379,2.332792408562217,0.0007955449482895784,1257,3,1,0,1,0,1,0,2,Intermittent demand,zero_sales_rate >= eligible-series Q75,0.0528756900926609,0.2304776345716452,0.7558004540874597,1.109609648399397,0.4324570685673125,4.0
39,BEAUTY,Cuenca,Azuay,B,6,2013-01-02,2017-08-15,1687,1540,0.08496732026143791,3.7950089126559714,3.1055814579485466,0.818333113156005,0.12418300653594772,1683,4,1,0,0,0,0,0,0,Ready with caution,Sufficient history without an extreme Q75 risk flag,0.0528756900926609,0.2304776345716452,0.7558004540874597,1.109609648399397,0.4324570685673125,4.0
39,BEVERAGES,Cuenca,Azuay,B,6,2013-01-02,2017-08-15,1687,1679,0.0023767082590612004,2272.562685680333,1330.9594409203282,0.5856645668376278,0.5727866904337493,1683,4,1,0,0,1,0,0,1,Promotion dependent,promotion_rate >= eligible-series Q75,0.0528756900926609,0.2304776345716452,0.7558004540874597,1.109609648399397,0.4324570685673125,4.0
39,BOOKS,Cuenca,Azuay,B,6,,,0,0,1.0,0.0,0.0,,0.0,0,0,0,1,1,0,0,0,2,Insufficient history,history_length < 365 or active_days < 90,0.0528756900926609,0.2304776345716452,0.7558004540874597,1.109609648399397,0.4324570685673125,4.0
39,BREAD/BAKERY,Cuenca,Azuay,B,6,2013-01-02,2017-08-15,1687,1679,0.0023767082590612004,722.3719548425431,171.51045276602667,0.23742678770441905,0.5109922756981581,1683,4,1,0,0,1,0,0,1,Promotion dependent,promotion_rate >= eligible-series Q75,0.0528756900926609,0.2304776345716452,0.7558004540874597,1.109609648399397,0.4324570685673125,4.0
39,CELEBRATION,Cuenca,Azuay,B,6,2014-01-02,2017-08-15,1322,1010,0.23426838514025777,8.515542077331311,7.992287224187517,0.938552960176579,0.014404852160727824,1319,3,1,0,1,0,0,0,1,Intermittent demand,zero_sales_rate >= eligible-series Q75,0.0528756900926609,0.2304776345716452,0.7558004540874597,1.109609648399397,0.4324570685673125,4.0
39,CLEANING,Cuenca,Azuay,B,6,2013-01-02,2017-08-15,1687,1679,0.0023767082590612004,1295.8425430778373,492.29037818444357,0.379899842626847,0.5335710041592394,1683,4,1,0,0,1,0,0,1,Promotion dependent,promotion_rate >= eligible-series Q75,0.0528756900926609,0.2304776345716452,0.7558004540874597,1.109609648399397,0.4324570685673125,4.0
39,DAIRY,Cuenca,Azuay,B,6,2013-01-02,2017-08-15,1687,1679,0.0023767082590612004,514.5181224004754,233.70977585993532,0.4542304064423745,0.5638740344622698,1683,4,1,0,0,1,0,0,1,Promotion dependent,promotion_rate >= eligible-series Q75,0.0528756900926609,0.2304776345716452,0.7558004540874597,1.109609648399397,0.4324570685673125,4.0
39,DELI,Cuenca,Azuay,B,6,2013-01-02,2017-08-15,1687,1679,0.0023767082590612004,184.76416427332143,68.00878178894827,0.36808426599620775,0.48841354723707664,1683,4,1,0,0,1,0,0,1,Promotion dependent,promotion_rate >= eligible-series Q75,0.0528756900926609,0.2304776345716452,0.7558004540874597,1.109609648399397,0.4324570685673125,4.0
39,EGGS,Cuenca,Azuay,B,6,2013-01-02,2017-08-15,1687,1679,0.0023767082590612004,385.8163992869875,349.4456781337228,0.9057304945552339,0.38443256090314915,1683,4,1,0,0,0,0,0,0,Ready with caution,Sufficient history without an extreme Q75 risk flag,0.0528756900926609,0.2304776345716452,0.7558004540874597,1.109609648399397,0.4324570685673125,4.0
39,FROZEN FOODS,Cuenca,Azuay,B,6,2013-01-02,2017-08-15,1687,1679,0.0023767082590612004,90.53937732144979,128.6950815067793,1.4214266246813474,0.3660130718954248,1683,4,1,0,0,0,1,0,1,High volatility,coefficient_of_variation >= eligible-series Q75,0.0528756900926609,0.2304776345716452,0.7558004540874597,1.109609648399397,0.4324570685673125,4.0
39,GROCERY I,Cuenca,Azuay,B,6,2013-01-02,2017-08-15,1687,1679,0.0023767082590612004,4278.0610576351755,1545.2307996373934,0.3611988652849114,0.6922162804515746,1683,4,1,0,0,1,0,0,1,Promotion dependent,promotion_rate >= eligible-series Q75,0.0528756900926609,0.2304776345716452,0.7558004540874597,1.109609648399397,0.4324570685673125,4.0
39,GROCERY II,Cuenca,Azuay,B,6,2013-01-02,2017-08-15,1687,1679,0.0023767082590612004,28.629233511586452,14.437009880418271,0.5042751100750047,0.061200237670825906,1683,4,1,0,0,0,0,1,0,Ready,"history_length >= 730, zero-sales <= median, CV <= median, and missing periods <= Q75",0.0528756900926609,0.2304776345716452,0.7558004540874597,1.109609648399397,0.4324570685673125,4.0
39,HARDWARE,Cuenca,Azuay,B,6,2013-01-02,2017-08-15,1687,1282,0.23826500297088532,1.8478906714200831,1.7992368596107304,0.9736706220980256,0.0011883541295306002,1683,4,1,0,1,0,0,0,1,Intermittent demand,zero_sales_rate >= eligible-series Q75,0.0528756900926609,0.2304776345716452,0.7558004540874597,1.109609648399397,0.4324570685673125,4.0
39,HOME AND KITCHEN I,Cuenca,Azuay,B,6,2014-01-02,2017-08-15,1322,1165,0.11675511751326763,28.664897649734648,25.641124924146904,0.8945130464955372,0.20621683093252463,1319,3,1,0,0,0,0,0,0,Ready with caution,Sufficient history without an extreme Q75 risk flag,0.0528756900926609,0.2304776345716452,0.7558004540874597,1.109609648399397,0.4324570685673125,4.0
39,HOME AND KITCHEN II,Cuenca,Azuay,B,6,2014-01-02,2017-08-15,1322,1166,0.11599696739954511,17.23805913570887,10.529503654804007,0.6108288393669563,0.19484457922668688,1319,3,1,0,0,0,0,0,0,Ready with caution,Sufficient history without an extreme Q75 risk flag,0.0528756900926609,0.2304776345716452,0.7558004540874597,1.109609648399397,0.4324570685673125,4.0
39,HOME APPLIANCES,Cuenca,Azuay,B,6,2013-01-02,2017-08-06,1678,522,0.6881720430107527,0.4211469534050179,0.7318602904024369,1.7377789023172758,0.0011947431302270011,1674,4,1,0,1,0,1,0,2,Intermittent demand,zero_sales_rate >= eligible-series Q75,0.0528756900926609,0.2304776345716452,0.7558004540874597,1.109609648399397,0.4324570685673125,4.0
39,HOME CARE,Cuenca,Azuay,B,6,2014-01-02,2017-08-15,1322,1044,0.20849128127369218,258.71569370735403,164.7638545254179,0.6368529568669706,0.44200151630022744,1319,3,1,0,0,1,0,0,1,Promotion dependent,promotion_rate >= eligible-series Q75,0.0528756900926609,0.2304776345716452,0.7558004540874597,1.109609648399397,0.4324570685673125,4.0
39,LADIESWEAR,Cuenca,Azuay,B,6,2014-01-02,2017-08-15,1322,985,0.2532221379833207,5.855193328278999,6.004129959859898,1.0254366718963104,0.00530705079605762,1319,3,1,0,1,0,0,0,1,Intermittent demand,zero_sales_rate >= eligible-series Q75,0.0528756900926609,0.2304776345716452,0.7558004540874597,1.109609648399397,0.4324570685673125,4.0
39,LAWN AND GARDEN,Cuenca,Azuay,B,6,2013-01-02,2017-08-15,1687,1602,0.0481283422459893,7.736779560308972,6.2688665703477335,0.8102682157971919,0.0873440285204991,1683,4,1,0,0,0,0,0,0,Ready with caution,Sufficient history without an extreme Q75 risk flag,0.0528756900926609,0.2304776345716452,0.7558004540874597,1.109609648399397,0.4324570685673125,4.0
39,LINGERIE,Cuenca,Azuay,B,6,2013-01-02,2017-08-15,1687,1635,0.0285204991087344,6.910873440285205,4.8577035315569645,0.7029073204032646,0.019013666072489603,1683,4,1,0,0,0,0,1,0,Ready,"history_length >= 730, zero-sales <= median, CV <= median, and missing periods <= Q75",0.0528756900926609,0.2304776345716452,0.7558004540874597,1.109609648399397,0.4324570685673125,4.0
39,"LIQUOR,WINE,BEER",Cuenca,Azuay,B,6,2013-01-02,2017-08-15,1687,1498,0.10992275698158051,64.24955436720143,66.6382463621293,1.0371783433901491,0.20677361853832443,1683,4,1,0,0,0,0,0,0,Ready with caution,Sufficient history without an extreme Q75 risk flag,0.0528756900926609,0.2304776345716452,0.7558004540874597,1.109609648399397,0.4324570685673125,4.0
39,MAGAZINES,Cuenca,Azuay,B,6,2014-01-23,2017-08-15,1301,805,0.3798151001540832,2.478428351309707,3.2159366070361917,1.2975709406070801,0.0030816640986132513,1298,3,1,0,1,0,1,0,2,Intermittent demand,zero_sales_rate >= eligible-series Q75,0.0528756900926609,0.2304776345716452,0.7558004540874597,1.109609648399397,0.4324570685673125,4.0
39,MEATS,Cuenca,Azuay,B,6,2013-01-02,2017-08-15,1687,1679,0.0023767082590612004,240.1163987724302,2223.8164249437154,9.261410034103221,0.27748068924539515,1683,4,1,0,0,0,1,0,1,High volatility,coefficient_of_variation >= eligible-series Q75,0.0528756900926609,0.2304776345716452,0.7558004540874597,1.109609648399397,0.4324570685673125,4.0
39,PERSONAL CARE,Cuenca,Azuay,B,6,2013-01-02,2017-08-15,1687,1679,0.0023767082590612004,307.78312537136065,122.30672792636005,0.3973795762155216,0.3749257278669043,1683,4,1,0,0,0,0,1,0,Ready,"history_length >= 730, zero-sales <= median, CV <= median, and missing periods <= Q75",0.0528756900926609,0.2304776345716452,0.7558004540874597,1.109609648399397,0.4324570685673125,4.0
39,PET SUPPLIES,Cuenca,Azuay,B,6,2014-01-02,2017-08-15,1322,955,0.2759666413949962,3.4480667172100077,3.353275364144152,0.9725088402168286,0.037149355572403335,1319,3,1,0,1,0,0,0,1,Intermittent demand,zero_sales_rate >= eligible-series Q75,0.0528756900926609,0.2304776345716452,0.7558004540874597,1.109609648399397,0.4324570685673125,4.0
39,PLAYERS AND ELECTRONICS,Cuenca,Azuay,B,6,2014-01-02,2017-08-15,1322,1012,0.23275208491281274,6.895375284306293,5.891762838007649,0.8544513670513567,0.01288855193328279,1319,3,1,0,1,0,0,0,1,Intermittent demand,zero_sales_rate >= eligible-series Q75,0.0528756900926609,0.2304776345716452,0.7558004540874597,1.109609648399397,0.4324570685673125,4.0
39,POULTRY,Cuenca,Azuay,B,6,2013-01-02,2017-08-15,1687,1679,0.0023767082590612004,205.57499511467617,80.715364378728,0.39263220866770515,0.33392751039809865,1683,4,1,0,0,0,0,1,0,Ready,"history_length >= 730, zero-sales <= median, CV <= median, and missing periods <= Q75",0.0528756900926609,0.2304776345716452,0.7558004540874597,1.109609648399397,0.4324570685673125,4.0
39,PREPARED FOODS,Cuenca,Azuay,B,6,2013-01-02,2017-08-15,1687,1679,0.0023767082590612004,76.134890704694,26.284206339417825,0.3452320755455856,0.30124777183600715,1683,4,1,0,0,0,0,1,0,Ready,"history_length >= 730, zero-sales <= median, CV <= median, and missing periods <= Q75",0.0528756900926609,0.2304776345716452,0.7558004540874597,1.109609648399397,0.4324570685673125,4.0
39,PRODUCE,Cuenca,Azuay,B,6,2014-01-02,2017-08-15,1322,1016,0.22971948445792267,1356.8503989916603,888.734919047979,0.6549984579791847,0.5344958301743745,1319,3,1,0,0,1,0,0,1,Promotion dependent,promotion_rate >= eligible-series Q75,0.0528756900926609,0.2304776345716452,0.7558004540874597,1.109609648399397,0.4324570685673125,4.0
39,SCHOOL AND OFFICE SUPPLIES,Cuenca,Azuay,B,6,2014-01-03,2017-08-15,1321,770,0.4157814871016692,2.374051593323217,4.5775684098733445,1.9281671985340583,0.09180576631259484,1318,3,1,0,1,0,1,0,2,Intermittent demand,zero_sales_rate >= eligible-series Q75,0.0528756900926609,0.2304776345716452,0.7558004540874597,1.109609648399397,0.4324570685673125,4.0
39,SEAFOOD,Cuenca,Azuay,B,6,2013-01-02,2017-08-15,1687,1666,0.010101010101010102,11.323588709447415,7.541470949791314,0.6659965443198558,0.23351158645276293,1683,4,1,0,0,0,0,1,0,Ready,"history_length >= 730, zero-sales <= median, CV <= median, and missing periods <= Q75",0.0528756900926609,0.2304776345716452,0.7558004540874597,1.109609648399397,0.4324570685673125,4.0
40,AUTOMOTIVE,Machala,El Oro,C,3,2013-01-02,2017-08-15,1687,1570,0.06714200831847891,3.8383838383838382,2.670359655937252,0.6956989629941789,0.0196078431372549,1683,4,1,0,0,0,0,0,0,Ready with caution,Sufficient history without an extreme Q75 risk flag,0.0528756900926609,0.2304776345716452,0.7558004540874597,1.109609648399397,0.4324570685673125,4.0
40,BABY CARE,Machala,El Oro,C,3,2014-03-03,2017-08-01,1248,249,0.8,0.39759036144578314,1.039490650640381,2.6144764849439883,0.0024096385542168677,1245,3,1,0,1,0,1,0,2,Intermittent demand,zero_sales_rate >= eligible-series Q75,0.0528756900926609,0.2304776345716452,0.7558004540874597,1.109609648399397,0.4324570685673125,4.0
40,BEAUTY,Machala,El Oro,C,3,2013-01-02,2017-08-15,1687,1015,0.3969102792632204,1.202020202020202,1.3980011914657133,1.1630430080260976,0.06060606060606061,1683,4,1,0,1,0,1,0,2,Intermittent demand,zero_sales_rate >= eligible-series Q75,0.0528756900926609,0.2304776345716452,0.7558004540874597,1.109609648399397,0.4324570685673125,4.0
40,BEVERAGES,Machala,El Oro,C,3,2013-01-02,2017-08-15,1687,1679,0.0023767082590612004,2307.8627450980393,1450.8439147539857,0.6286525998288313,0.5668449197860963,1683,4,1,0,0,1,0,0,1,Promotion dependent,promotion_rate >= eligible-series Q75,0.0528756900926609,0.2304776345716452,0.7558004540874597,1.109609648399397,0.4324570685673125,4.0
40,BOOKS,Machala,El Oro,C,3,,,0,0,1.0,0.0,0.0,,0.0,0,0,0,1,1,0,0,0,2,Insufficient history,history_length < 365 or active_days < 90,0.0528756900926609,0.2304776345716452,0.7558004540874597,1.109609648399397,0.4324570685673125,4.0
40,BREAD/BAKERY,Machala,El Oro,C,3,2013-01-02,2017-08-15,1687,1679,0.0023767082590612004,363.8478906714201,113.63779124087452,0.31232224826472155,0.42721330956625075,1683,4,1,0,0,0,0,1,0,Ready,"history_length >= 730, zero-sales <= median, CV <= median, and missing periods <= Q75",0.0528756900926609,0.2304776345716452,0.7558004540874597,1.109609648399397,0.4324570685673125,4.0
40,CELEBRATION,Machala,El Oro,C,3,2014-01-02,2017-08-15,1322,982,0.25549658832448824,7.124336618650493,9.814424087940784,1.377591292113855,0.030326004548900682,1319,3,1,0,1,0,1,0,2,Intermittent demand,zero_sales_rate >= eligible-series Q75,0.0528756900926609,0.2304776345716452,0.7558004540874597,1.109609648399397,0.4324570685673125,4.0
40,CLEANING,Machala,El Oro,C,3,2013-01-02,2017-08-15,1687,1679,0.0023767082590612004,1380.7189542483661,546.134900375956,0.3955438568403373,0.5407011289364231,1683,4,1,0,0,1,0,0,1,Promotion dependent,promotion_rate >= eligible-series Q75,0.0528756900926609,0.2304776345716452,0.7558004540874597,1.109609648399397,0.4324570685673125,4.0
40,DAIRY,Machala,El Oro,C,3,2013-01-02,2017-08-15,1687,1679,0.0023767082590612004,466.6232917409388,203.76041100596484,0.43667003900673074,0.48068924539512775,1683,4,1,0,0,1,0,0,1,Promotion dependent,promotion_rate >= eligible-series Q75,0.0528756900926609,0.2304776345716452,0.7558004540874597,1.109609648399397,0.4324570685673125,4.0
40,DELI,Machala,El Oro,C,3,2013-01-02,2017-08-15,1687,1679,0.0023767082590612004,249.293045751634,82.13484983204819,0.3294710832562799,0.43969102792632203,1683,4,1,0,0,1,0,0,1,Promotion dependent,promotion_rate >= eligible-series Q75,0.0528756900926609,0.2304776345716452,0.7558004540874597,1.109609648399397,0.4324570685673125,4.0
40,EGGS,Machala,El Oro,C,3,2013-01-02,2017-08-15,1687,1679,0.0023767082590612004,141.75103980986333,54.311727873360546,0.3831487087940319,0.2947118241235888,1683,4,1,0,0,0,0,1,0,Ready,"history_length >= 730, zero-sales <= median, CV <= median, and missing periods <= Q75",0.0528756900926609,0.2304776345716452,0.7558004540874597,1.109609648399397,0.4324570685673125,4.0
40,FROZEN FOODS,Machala,El Oro,C,3,2013-01-02,2017-08-15,1687,1678,0.0029708853238265003,70.53143495127748,135.2695600841841,1.9178620168103366,0.3143196672608437,1683,4,1,0,0,0,1,0,1,High volatility,coefficient_of_variation >= eligible-series Q75,0.0528756900926609,0.2304776345716452,0.7558004540874597,1.109609648399397,0.4324570685673125,4.0
40,GROCERY I,Machala,El Oro,C,3,2013-01-02,2017-08-15,1687,1679,0.0023767082590612004,4321.390931669637,1420.4637246426778,0.3287052125353212,0.6583481877599525,1683,4,1,0,0,1,0,0,1,Promotion dependent,promotion_rate >= eligible-series Q75,0.0528756900926609,0.2304776345716452,0.7558004540874597,1.109609648399397,0.4324570685673125,4.0
40,GROCERY II,Machala,El Oro,C,3,2013-01-02,2017-08-15,1687,1646,0.021984551396316103,8.848484848484848,6.6588503164196915,0.7525413028830474,0.0510992275698158,1683,4,1,0,0,0,0,1,0,Ready,"history_length >= 730, zero-sales <= median, CV <= median, and missing periods <= Q75",0.0528756900926609,0.2304776345716452,0.7558004540874597,1.109609648399397,0.4324570685673125,4.0
40,HARDWARE,Machala,El Oro,C,3,2013-01-08,2017-08-15,1681,898,0.46451997614788315,1.069767441860465,1.4164978345678878,1.3241175410091126,0.0005963029218843172,1677,4,1,0,1,0,1,0,2,Intermittent demand,zero_sales_rate >= eligible-series Q75,0.0528756900926609,0.2304776345716452,0.7558004540874597,1.109609648399397,0.4324570685673125,4.0
40,HOME AND KITCHEN I,Machala,El Oro,C,3,2014-01-02,2017-08-15,1322,1166,0.11599696739954511,27.145564821834725,21.264467565527656,0.7833496081254288,0.24639878695981804,1319,3,1,0,0,0,0,0,0,Ready with caution,Sufficient history without an extreme Q75 risk flag,0.0528756900926609,0.2304776345716452,0.7558004540874597,1.109609648399397,0.4324570685673125,4.0
40,HOME AND KITCHEN II,Machala,El Oro,C,3,2014-01-02,2017-08-15,1322,1166,0.11599696739954511,20.15617892342684,12.953219997429244,0.6426426381031058,0.2395754359363154,1319,3,1,0,0,0,0,0,0,Ready with caution,Sufficient history without an extreme Q75 risk flag,0.0528756900926609,0.2304776345716452,0.7558004540874597,1.109609648399397,0.4324570685673125,4.0
40,HOME APPLIANCES,Machala,El Oro,C,3,2013-01-13,2017-08-07,1668,318,0.8088942307692307,0.22175480769230768,0.49602901538312,2.2368354514837714,0.001201923076923077,1664,4,1,0,1,0,1,0,2,Intermittent demand,zero_sales_rate >= eligible-series Q75,0.0528756900926609,0.2304776345716452,0.7558004540874597,1.109609648399397,0.4324570685673125,4.0
40,HOME CARE,Machala,El Oro,C,3,2014-01-02,2017-08-15,1322,1044,0.20849128127369218,269.8021228203184,164.89008928158762,0.611151934454572,0.43896891584533737,1319,3,1,0,0,1,0,0,1,Promotion dependent,promotion_rate >= eligible-series Q75,0.0528756900926609,0.2304776345716452,0.7558004540874597,1.109609648399397,0.4324570685673125,4.0
40,LADIESWEAR,Machala,El Oro,C,3,,,0,0,1.0,0.0,0.0,,0.0,0,0,0,1,1,0,0,0,2,Insufficient history,history_length < 365 or active_days < 90,0.0528756900926609,0.2304776345716452,0.7558004540874597,1.109609648399397,0.4324570685673125,4.0
40,LAWN AND GARDEN,Machala,El Oro,C,3,2014-02-13,2017-08-14,1279,132,0.896551724137931,0.18181818181818182,0.9312939266937234,5.122116596815478,0.0,1276,3,1,0,1,0,1,0,2,Intermittent demand,zero_sales_rate >= eligible-series Q75,0.0528756900926609,0.2304776345716452,0.7558004540874597,1.109609648399397,0.4324570685673125,4.0
40,LINGERIE,Machala,El Oro,C,3,2013-01-04,2017-08-15,1685,1579,0.06067816775728733,8.046400951814396,6.26737493112046,0.7789041297658948,0.016061867935752528,1681,4,1,0,0,0,0,0,0,Ready with caution,Sufficient history without an extreme Q75 risk flag,0.0528756900926609,0.2304776345716452,0.7558004540874597,1.109609648399397,0.4324570685673125,4.0
40,"LIQUOR,WINE,BEER",Machala,El Oro,C,3,2013-01-02,2017-08-15,1687,1498,0.10992275698158051,69.4503862150921,102.38028770177544,1.47415001242322,0.17825311942959002,1683,4,1,0,0,0,1,0,1,High volatility,coefficient_of_variation >= eligible-series Q75,0.0528756900926609,0.2304776345716452,0.7558004540874597,1.109609648399397,0.4324570685673125,4.0
40,MAGAZINES,Machala,El Oro,C,3,2014-01-08,2017-08-15,1316,682,0.4805788271134806,1.191926884996192,1.5762225280920064,1.322415450086137,0.00456968773800457,1313,3,1,0,1,0,1,0,2,Intermittent demand,zero_sales_rate >= eligible-series Q75,0.0528756900926609,0.2304776345716452,0.7558004540874597,1.109609648399397,0.4324570685673125,4.0
40,MEATS,Machala,El Oro,C,3,2013-01-02,2017-08-15,1687,1679,0.0023767082590612004,112.14043715389187,37.72771394874581,0.33643273475893043,0.20023767082590613,1683,4,1,0,0,0,0,1,0,Ready,"history_length >= 730, zero-sales <= median, CV <= median, and missing periods <= Q75",0.0528756900926609,0.2304776345716452,0.7558004540874597,1.109609648399397,0.4324570685673125,4.0
40,PERSONAL CARE,Machala,El Oro,C,3,2013-01-02,2017-08-15,1687,1679,0.0023767082590612004,284.50742721330954,124.27784418307138,0.4368175741503368,0.37967914438502676,1683,4,1,0,0,0,0,1,0,Ready,"history_length >= 730, zero-sales <= median, CV <= median, and missing periods <= Q75",0.0528756900926609,0.2304776345716452,0.7558004540874597,1.109609648399397,0.4324570685673125,4.0
40,PET SUPPLIES,Machala,El Oro,C,3,2014-01-02,2017-08-15,1322,760,0.42380591357088704,1.4526156178923426,1.877263626238004,1.2923333627390017,0.00530705079605762,1319,3,1,0,1,0,1,0,2,Intermittent demand,zero_sales_rate >= eligible-series Q75,0.0528756900926609,0.2304776345716452,0.7558004540874597,1.109609648399397,0.4324570685673125,4.0
40,PLAYERS AND ELECTRONICS,Machala,El Oro,C,3,2014-01-02,2017-08-15,1322,1003,0.2395754359363154,5.308567096285064,4.53643262207287,0.8545493613987597,0.015163002274450341,1319,3,1,0,1,0,0,0,1,Intermittent demand,zero_sales_rate >= eligible-series Q75,0.0528756900926609,0.2304776345716452,0.7558004540874597,1.109609648399397,0.4324570685673125,4.0
40,POULTRY,Machala,El Oro,C,3,2013-01-02,2017-08-15,1687,1679,0.0023767082590612004,150.7584788265003,74.45674119672789,0.4938809530070683,0.21865715983363043,1683,4,1,0,0,0,0,1,0,Ready,"history_length >= 730, zero-sales <= median, CV <= median, and missing periods <= Q75",0.0528756900926609,0.2304776345716452,0.7558004540874597,1.109609648399397,0.4324570685673125,4.0
40,PREPARED FOODS,Machala,El Oro,C,3,2013-01-02,2017-08-15,1687,1679,0.0023767082590612004,49.37017231134878,19.80313909120607,0.4011154542122977,0.1527035056446821,1683,4,1,0,0,0,0,1,0,Ready,"history_length >= 730, zero-sales <= median, CV <= median, and missing periods <= Q75",0.0528756900926609,0.2304776345716452,0.7558004540874597,1.109609648399397,0.4324570685673125,4.0
40,PRODUCE,Machala,El Oro,C,3,2014-01-02,2017-08-15,1322,1016,0.22971948445792267,858.7270594010614,565.5364471661691,0.658575319101526,0.4579226686884003,1319,3,1,0,0,1,0,0,1,Promotion dependent,promotion_rate >= eligible-series Q75,0.0528756900926609,0.2304776345716452,0.7558004540874597,1.109609648399397,0.4324570685673125,4.0
40,SCHOOL AND OFFICE SUPPLIES,Machala,El Oro,C,3,2014-07-01,2017-05-17,1052,129,0.877025738798856,3.2202097235462346,13.438868217361446,4.173289745415085,0.07912297426120114,1049,3,1,0,1,0,1,0,2,Intermittent demand,zero_sales_rate >= eligible-series Q75,0.0528756900926609,0.2304776345716452,0.7558004540874597,1.109609648399397,0.4324570685673125,4.0
40,SEAFOOD,Machala,El Oro,C,3,2013-01-02,2017-08-15,1687,1246,0.25965537730243615,3.106951871657754,3.409152947394508,1.0972660949445319,0.10754604872251931,1683,4,1,0,1,0,0,0,1,Intermittent demand,zero_sales_rate >= eligible-series Q75,0.0528756900926609,0.2304776345716452,0.7558004540874597,1.109609648399397,0.4324570685673125,4.0
41,AUTOMOTIVE,Machala,El Oro,D,4,2013-01-02,2017-08-15,1687,1624,0.035056446821152706,4.830065359477124,3.2435244820842914,0.6715280727454622,0.0112893642305407,1683,4,1,0,0,0,0,1,0,Ready,"history_length >= 730, zero-sales <= median, CV <= median, and missing periods <= Q75",0.0528756900926609,0.2304776345716452,0.7558004540874597,1.109609648399397,0.4324570685673125,4.0
41,BABY CARE,Machala,El Oro,D,4,2016-08-31,2017-07-22,326,27,0.916923076923077,0.1476923076923077,0.5797795697311892,3.925590836721593,0.0,325,1,1,1,1,0,1,0,3,Insufficient history,history_length < 365 or active_days < 90,0.0528756900926609,0.2304776345716452,0.7558004540874597,1.109609648399397,0.4324570685673125,4.0
41,BEAUTY,Machala,El Oro,D,4,2013-01-02,2017-08-15,1687,1577,0.0629827688651218,4.333333333333333,3.238443277758316,0.747333064098073,0.12061794414735591,1683,4,1,0,0,0,0,0,0,Ready with caution,Sufficient history without an extreme Q75 risk flag,0.0528756900926609,0.2304776345716452,0.7558004540874597,1.109609648399397,0.4324570685673125,4.0
41,BEVERAGES,Machala,El Oro,D,4,2013-01-02,2017-08-15,1687,1679,0.0023767082590612004,1519.5026737967914,942.3248127675578,0.6201534416605957,0.6423054070112894,1683,4,1,0,0,1,0,0,1,Promotion dependent,promotion_rate >= eligible-series Q75,0.0528756900926609,0.2304776345716452,0.7558004540874597,1.109609648399397,0.4324570685673125,4.0
41,BOOKS,Machala,El Oro,D,4,2016-10-20,2017-05-24,217,40,0.8148148148148148,0.2361111111111111,0.5496651552952364,2.327993598897472,0.0,216,1,1,1,1,0,1,0,3,Insufficient history,history_length < 365 or active_days < 90,0.0528756900926609,0.2304776345716452,0.7558004540874597,1.109609648399397,0.4324570685673125,4.0
41,BREAD/BAKERY,Machala,El Oro,D,4,2013-01-02,2017-08-15,1687,1679,0.0023767082590612004,417.1505441770647,185.93485618306286,0.44572603051463483,0.45573380867498514,1683,4,1,0,0,1,0,0,1,Promotion dependent,promotion_rate >= eligible-series Q75,0.0528756900926609,0.2304776345716452,0.7558004540874597,1.109609648399397,0.4324570685673125,4.0
41,CELEBRATION,Machala,El Oro,D,4,2014-01-02,2017-08-15,1322,1013,0.23199393479909022,9.28885519332828,7.854661692073119,0.8456006180088511,0.07050796057619409,1319,3,1,0,1,0,0,0,1,Intermittent demand,zero_sales_rate >= eligible-series Q75,0.0528756900926609,0.2304776345716452,0.7558004540874597,1.109609648399397,0.4324570685673125,4.0
41,CLEANING,Machala,El Oro,D,4,2013-01-02,2017-08-15,1687,1679,0.0023767082590612004,866.3630421865716,385.60138892673365,0.44508060726313187,0.6339869281045751,1683,4,1,0,0,1,0,0,1,Promotion dependent,promotion_rate >= eligible-series Q75,0.0528756900926609,0.2304776345716452,0.7558004540874597,1.109609648399397,0.4324570685673125,4.0
41,DAIRY,Machala,El Oro,D,4,2013-01-02,2017-08-15,1687,1679,0.0023767082590612004,555.2091503267974,230.36023897841136,0.4149071369641887,0.5840760546642899,1683,4,1,0,0,1,0,0,1,Promotion dependent,promotion_rate >= eligible-series Q75,0.0528756900926609,0.2304776345716452,0.7558004540874597,1.109609648399397,0.4324570685673125,4.0
41,DELI,Machala,El Oro,D,4,2013-01-02,2017-08-15,1687,1679,0.0023767082590612004,194.97342997504455,64.15648582909029,0.32905245518480103,0.48425430778371953,1683,4,1,0,0,1,0,0,1,Promotion dependent,promotion_rate >= eligible-series Q75,0.0528756900926609,0.2304776345716452,0.7558004540874597,1.109609648399397,0.4324570685673125,4.0
41,EGGS,Machala,El Oro,D,4,2013-01-02,2017-08-15,1687,1679,0.0023767082590612004,117.40285204991088,38.957588957762795,0.3318283012511566,0.3630421865715983,1683,4,1,0,0,0,0,1,0,Ready,"history_length >= 730, zero-sales <= median, CV <= median, and missing periods <= Q75",0.0528756900926609,0.2304776345716452,0.7558004540874597,1.109609648399397,0.4324570685673125,4.0
41,FROZEN FOODS,Machala,El Oro,D,4,2013-01-02,2017-08-15,1687,1679,0.0023767082590612004,179.46824467676768,292.44892813348343,1.6295302194558166,0.45989304812834225,1683,4,1,0,0,1,1,0,2,Promotion dependent,promotion_rate >= eligible-series Q75,0.0528756900926609,0.2304776345716452,0.7558004540874597,1.109609648399397,0.4324570685673125,4.0
41,GROCERY I,Machala,El Oro,D,4,2013-01-02,2017-08-15,1687,1679,0.0023767082590612004,2907.2846108140225,1127.7395621413127,0.38790132825198437,0.6957813428401664,1683,4,1,0,0,1,0,0,1,Promotion dependent,promotion_rate >= eligible-series Q75,0.0528756900926609,0.2304776345716452,0.7558004540874597,1.109609648399397,0.4324570685673125,4.0
41,GROCERY II,Machala,El Oro,D,4,2013-01-02,2017-08-15,1687,1678,0.0029708853238265003,22.71420083184789,12.645950097344127,0.5567420219166623,0.036244800950683304,1683,4,1,0,0,0,0,1,0,Ready,"history_length >= 730, zero-sales <= median, CV <= median, and missing periods <= Q75",0.0528756900926609,0.2304776345716452,0.7558004540874597,1.109609648399397,0.4324570685673125,4.0
41,HARDWARE,Machala,El Oro,D,4,2013-01-02,2017-08-15,1687,782,0.5353535353535354,0.7700534759358288,1.070080257246332,1.3896181118407227,0.0011883541295306002,1683,4,1,0,1,0,1,0,2,Intermittent demand,zero_sales_rate >= eligible-series Q75,0.0528756900926609,0.2304776345716452,0.7558004540874597,1.109609648399397,0.4324570685673125,4.0
41,HOME AND KITCHEN I,Machala,El Oro,D,4,2014-01-02,2017-08-15,1322,1165,0.11675511751326763,21.495072024260804,20.89691655177613,0.9721724369283548,0.19408642911296436,1319,3,1,0,0,0,0,0,0,Ready with caution,Sufficient history without an extreme Q75 risk flag,0.0528756900926609,0.2304776345716452,0.7558004540874597,1.109609648399397,0.4324570685673125,4.0
41,HOME AND KITCHEN II,Machala,El Oro,D,4,2014-01-02,2017-08-15,1322,1166,0.11599696739954511,24.762699014404852,28.398485778835735,1.1468251406002183,0.27065959059893857,1319,3,1,0,0,0,1,0,1,High volatility,coefficient_of_variation >= eligible-series Q75,0.0528756900926609,0.2304776345716452,0.7558004540874597,1.109609648399397,0.4324570685673125,4.0
41,HOME APPLIANCES,Machala,El Oro,D,4,2013-03-04,2017-07-25,1605,380,0.7626483447845097,0.33354153653966273,0.682774129694358,2.047043785843946,0.0,1601,4,1,0,1,0,1,0,2,Intermittent demand,zero_sales_rate >= eligible-series Q75,0.0528756900926609,0.2304776345716452,0.7558004540874597,1.109609648399397,0.4324570685673125,4.0
41,HOME CARE,Machala,El Oro,D,4,2014-01-02,2017-08-15,1322,1044,0.20849128127369218,182.61410159211525,121.78742948290439,0.6669114182371709,0.489764973464746,1319,3,1,0,0,1,0,0,1,Promotion dependent,promotion_rate >= eligible-series Q75,0.0528756900926609,0.2304776345716452,0.7558004540874597,1.109609648399397,0.4324570685673125,4.0
41,LADIESWEAR,Machala,El Oro,D,4,2014-01-02,2017-08-15,1322,995,0.24564063684609552,10.255496588324489,10.991336692302804,1.0717508018886226,0.000758150113722517,1319,3,1,0,1,0,0,0,1,Intermittent demand,zero_sales_rate >= eligible-series Q75,0.0528756900926609,0.2304776345716452,0.7558004540874597,1.109609648399397,0.4324570685673125,4.0
41,LAWN AND GARDEN,Machala,El Oro,D,4,2013-01-02,2017-08-15,1687,1581,0.06060606060606061,9.656565656565656,12.606631867116356,1.3054984883310872,0.0903149138443256,1683,4,1,0,0,0,1,0,1,High volatility,coefficient_of_variation >= eligible-series Q75,0.0528756900926609,0.2304776345716452,0.7558004540874597,1.109609648399397,0.4324570685673125,4.0
41,LINGERIE,Machala,El Oro,D,4,2013-01-02,2017-08-15,1687,1651,0.019013666072489603,8.784907902554961,6.052001008536561,0.6889088736805569,0.027926322043969103,1683,4,1,0,0,0,0,1,0,Ready,"history_length >= 730, zero-sales <= median, CV <= median, and missing periods <= Q75",0.0528756900926609,0.2304776345716452,0.7558004540874597,1.109609648399397,0.4324570685673125,4.0
41,"LIQUOR,WINE,BEER",Machala,El Oro,D,4,2013-01-02,2017-08-15,1687,1498,0.10992275698158051,70.68211527035056,78.58325232250462,1.111784105808565,0.22935234699940582,1683,4,1,0,0,0,1,0,1,High volatility,coefficient_of_variation >= eligible-series Q75,0.0528756900926609,0.2304776345716452,0.7558004540874597,1.109609648399397,0.4324570685673125,4.0
41,MAGAZINES,Machala,El Oro,D,4,2014-01-02,2017-08-15,1322,1012,0.23275208491281274,7.115238817285823,6.647217160480251,0.9342226355539106,0.0,1319,3,1,0,1,0,0,0,1,Intermittent demand,zero_sales_rate >= eligible-series Q75,0.0528756900926609,0.2304776345716452,0.7558004540874597,1.109609648399397,0.4324570685673125,4.0
41,MEATS,Machala,El Oro,D,4,2013-01-02,2017-08-15,1687,1679,0.0023767082590612004,171.96544275282236,57.65031259999548,0.33524359125373926,0.30303030303030304,1683,4,1,0,0,0,0,1,0,Ready,"history_length >= 730, zero-sales <= median, CV <= median, and missing periods <= Q75",0.0528756900926609,0.2304776345716452,0.7558004540874597,1.109609648399397,0.4324570685673125,4.0
41,PERSONAL CARE,Machala,El Oro,D,4,2013-01-02,2017-08-15,1687,1679,0.0023767082590612004,260.5935828877005,174.1175543057531,0.6681574902049174,0.47771836007130125,1683,4,1,0,0,1,0,0,1,Promotion dependent,promotion_rate >= eligible-series Q75,0.0528756900926609,0.2304776345716452,0.7558004540874597,1.109609648399397,0.4324570685673125,4.0
41,PET SUPPLIES,Machala,El Oro,D,4,2014-01-02,2017-08-15,1322,1004,0.23881728582259287,5.832448824867324,5.251343580535488,0.9003668507378537,0.05307050796057619,1319,3,1,0,1,0,0,0,1,Intermittent demand,zero_sales_rate >= eligible-series Q75,0.0528756900926609,0.2304776345716452,0.7558004540874597,1.109609648399397,0.4324570685673125,4.0
41,PLAYERS AND ELECTRONICS,Machala,El Oro,D,4,2014-01-03,2017-08-15,1321,1000,0.24127465857359637,5.905159332321699,5.353923682466598,0.9066518583439517,0.0037936267071320183,1318,3,1,0,1,0,0,0,1,Intermittent demand,zero_sales_rate >= eligible-series Q75,0.0528756900926609,0.2304776345716452,0.7558004540874597,1.109609648399397,0.4324570685673125,4.0
41,POULTRY,Machala,El Oro,D,4,2013-01-02,2017-08-15,1687,1679,0.0023767082590612004,158.20727905050504,61.18532076558504,0.386741502241832,0.2560903149138443,1683,4,1,0,0,0,0,1,0,Ready,"history_length >= 730, zero-sales <= median, CV <= median, and missing periods <= Q75",0.0528756900926609,0.2304776345716452,0.7558004540874597,1.109609648399397,0.4324570685673125,4.0
41,PREPARED FOODS,Machala,El Oro,D,4,2013-01-02,2017-08-15,1687,1679,0.0023767082590612004,59.55268865240642,19.320417764547468,0.3244256170752547,0.1538918597742127,1683,4,1,0,0,0,0,1,0,Ready,"history_length >= 730, zero-sales <= median, CV <= median, and missing periods <= Q75",0.0528756900926609,0.2304776345716452,0.7558004540874597,1.109609648399397,0.4324570685673125,4.0
41,PRODUCE,Machala,El Oro,D,4,2013-03-16,2017-08-15,1614,1574,0.02236024844720497,1212.2411775155279,999.9899689805771,0.8249100818617986,0.3968944099378882,1610,4,1,0,0,0,0,0,0,Ready with caution,Sufficient history without an extreme Q75 risk flag,0.0528756900926609,0.2304776345716452,0.7558004540874597,1.109609648399397,0.4324570685673125,4.0
41,SCHOOL AND OFFICE SUPPLIES,Machala,El Oro,D,4,2014-07-01,2017-08-14,1141,384,0.6625659050966608,0.835676625659051,5.262859321709444,6.297722300846842,0.03954305799648506,1138,3,1,0,1,0,1,0,2,Intermittent demand,zero_sales_rate >= eligible-series Q75,0.0528756900926609,0.2304776345716452,0.7558004540874597,1.109609648399397,0.4324570685673125,4.0
41,SEAFOOD,Machala,El Oro,D,4,2013-01-02,2017-08-15,1687,1656,0.016042780748663103,7.824879797029115,4.426864018479695,0.5657421114839937,0.20796197266785502,1683,4,1,0,0,0,0,1,0,Ready,"history_length >= 730, zero-sales <= median, CV <= median, and missing periods <= Q75",0.0528756900926609,0.2304776345716452,0.7558004540874597,1.109609648399397,0.4324570685673125,4.0
42,AUTOMOTIVE,Cuenca,Azuay,D,2,2015-08-21,2017-08-15,726,671,0.07320441988950276,3.903314917127072,2.8535561866506005,0.7310596882997292,0.011049723756906077,724,2,1,0,0,0,0,0,0,Ready with caution,Sufficient history without an extreme Q75 risk flag,0.0528756900926609,0.2304776345716452,0.7558004540874597,1.109609648399397,0.4324570685673125,4.0
42,BABY CARE,Cuenca,Azuay,D,2,2016-08-14,2017-03-28,227,17,0.9247787610619469,0.10619469026548672,0.41873527799595306,3.9430905344618914,0.0,226,1,1,1,1,0,1,0,3,Insufficient history,history_length < 365 or active_days < 90,0.0528756900926609,0.2304776345716452,0.7558004540874597,1.109609648399397,0.4324570685673125,4.0
42,BEAUTY,Cuenca,Azuay,D,2,2015-08-21,2017-08-15,726,708,0.022099447513812154,5.502762430939226,3.5677583563055024,0.6483576932643533,0.2969613259668508,724,2,1,0,0,0,0,0,0,Ready with caution,Sufficient history without an extreme Q75 risk flag,0.0528756900926609,0.2304776345716452,0.7558004540874597,1.109609648399397,0.4324570685673125,4.0
42,BEVERAGES,Cuenca,Azuay,D,2,2015-08-21,2017-08-15,726,722,0.0027624309392265192,2581.8093922651933,831.6513290975199,0.3221195691630267,0.9875690607734806,724,2,1,0,0,1,0,0,1,Promotion dependent,promotion_rate >= eligible-series Q75,0.0528756900926609,0.2304776345716452,0.7558004540874597,1.109609648399397,0.4324570685673125,4.0
42,BOOKS,Cuenca,Azuay,D,2,2016-10-12,2017-04-21,192,120,0.3717277486910995,1.5863874345549738,1.9470958229736095,1.2273772349437604,0.0,191,1,1,1,1,0,1,0,3,Insufficient history,history_length < 365 or active_days < 90,0.0528756900926609,0.2304776345716452,0.7558004540874597,1.109609648399397,0.4324570685673125,4.0
42,BREAD/BAKERY,Cuenca,Azuay,D,2,2015-08-21,2017-08-15,726,722,0.0027624309392265192,526.565406077348,136.0795085889167,0.25842850103397746,0.7928176795580111,724,2,1,0,0,1,0,0,1,Promotion dependent,promotion_rate >= eligible-series Q75,0.0528756900926609,0.2304776345716452,0.7558004540874597,1.109609648399397,0.4324570685673125,4.0
42,CELEBRATION,Cuenca,Azuay,D,2,2015-08-21,2017-08-15,726,721,0.004143646408839779,12.056629834254144,7.246755192873803,0.6010597731287242,0.06767955801104972,724,2,1,0,0,0,0,0,0,Ready with caution,Sufficient history without an extreme Q75 risk flag,0.0528756900926609,0.2304776345716452,0.7558004540874597,1.109609648399397,0.4324570685673125,4.0
42,CLEANING,Cuenca,Azuay,D,2,2015-08-21,2017-08-15,726,722,0.0027624309392265192,840.3743093922652,277.87049722067206,0.3306508708263822,0.9461325966850829,724,2,1,0,0,1,0,0,1,Promotion dependent,promotion_rate >= eligible-series Q75,0.0528756900926609,0.2304776345716452,0.7558004540874597,1.109609648399397,0.4324570685673125,4.0
42,DAIRY,Cuenca,Azuay,D,2,2015-08-21,2017-08-15,726,722,0.0027624309392265192,860.4613259668508,224.15936066226013,0.26051067479457624,0.899171270718232,724,2,1,0,0,1,0,0,1,Promotion dependent,promotion_rate >= eligible-series Q75,0.0528756900926609,0.2304776345716452,0.7558004540874597,1.109609648399397,0.4324570685673125,4.0
42,DELI,Cuenca,Azuay,D,2,2015-08-21,2017-08-15,726,722,0.0027624309392265192,158.52639366574587,46.99816388597689,0.2964690156585085,0.7472375690607734,724,2,1,0,0,1,0,0,1,Promotion dependent,promotion_rate >= eligible-series Q75,0.0528756900926609,0.2304776345716452,0.7558004540874597,1.109609648399397,0.4324570685673125,4.0
42,EGGS,Cuenca,Azuay,D,2,2015-08-21,2017-08-15,726,722,0.0027624309392265192,131.5511049723757,37.993795611934004,0.28881396032296563,0.4972375690607735,724,2,1,0,0,1,0,0,1,Promotion dependent,promotion_rate >= eligible-series Q75,0.0528756900926609,0.2304776345716452,0.7558004540874597,1.109609648399397,0.4324570685673125,4.0
42,FROZEN FOODS,Cuenca,Azuay,D,2,2015-08-21,2017-08-15,726,722,0.0027624309392265192,164.46342823756905,165.64597595711294,1.0071903384978433,0.7375690607734806,724,2,1,0,0,1,0,0,1,Promotion dependent,promotion_rate >= eligible-series Q75,0.0528756900926609,0.2304776345716452,0.7558004540874597,1.109609648399397,0.4324570685673125,4.0
42,GROCERY I,Cuenca,Azuay,D,2,2015-08-21,2017-08-15,726,722,0.0027624309392265192,3228.3226118784532,980.0832570540883,0.3035890073216105,0.9917127071823204,724,2,1,0,0,1,0,0,1,Promotion dependent,promotion_rate >= eligible-series Q75,0.0528756900926609,0.2304776345716452,0.7558004540874597,1.109609648399397,0.4324570685673125,4.0
42,GROCERY II,Cuenca,Azuay,D,2,2015-08-21,2017-08-15,726,722,0.0027624309392265192,28.558011049723756,19.996077192603224,0.7001915209636649,0.04005524861878453,724,2,1,0,0,0,0,0,0,Ready with caution,Sufficient history without an extreme Q75 risk flag,0.0528756900926609,0.2304776345716452,0.7558004540874597,1.109609648399397,0.4324570685673125,4.0
42,HARDWARE,Cuenca,Azuay,D,2,2015-08-21,2017-08-14,725,437,0.39557399723374825,1.120331950207469,1.24021439501891,1.1070061822205826,0.0013831258644536654,723,2,1,0,1,0,0,0,1,Intermittent demand,zero_sales_rate >= eligible-series Q75,0.0528756900926609,0.2304776345716452,0.7558004540874597,1.109609648399397,0.4324570685673125,4.0
42,HOME AND KITCHEN I,Cuenca,Azuay,D,2,2015-08-21,2017-08-15,726,722,0.0027624309392265192,21.314917127071823,16.796652127027777,0.7880233372192917,0.31353591160220995,724,2,1,0,0,0,0,0,0,Ready with caution,Sufficient history without an extreme Q75 risk flag,0.0528756900926609,0.2304776345716452,0.7558004540874597,1.109609648399397,0.4324570685673125,4.0
42,HOME AND KITCHEN II,Cuenca,Azuay,D,2,2015-08-21,2017-08-15,726,722,0.0027624309392265192,27.375690607734807,49.85300400690739,1.8210683602926816,0.5179558011049724,724,2,1,0,0,1,1,0,2,Promotion dependent,promotion_rate >= eligible-series Q75,0.0528756900926609,0.2304776345716452,0.7558004540874597,1.109609648399397,0.4324570685673125,4.0
42,HOME APPLIANCES,Cuenca,Azuay,D,2,2015-08-23,2017-07-22,700,146,0.7908309455587392,0.2679083094555874,0.5854539326191539,2.185277245819088,0.0,698,2,1,0,1,0,1,0,2,Intermittent demand,zero_sales_rate >= eligible-series Q75,0.0528756900926609,0.2304776345716452,0.7558004540874597,1.109609648399397,0.4324570685673125,4.0
42,HOME CARE,Cuenca,Azuay,D,2,2015-08-21,2017-08-15,726,722,0.0027624309392265192,217.59668508287294,77.3697114088665,0.3555647521900428,0.7154696132596685,724,2,1,0,0,1,0,0,1,Promotion dependent,promotion_rate >= eligible-series Q75,0.0528756900926609,0.2304776345716452,0.7558004540874597,1.109609648399397,0.4324570685673125,4.0
42,LADIESWEAR,Cuenca,Azuay,D,2,2015-08-21,2017-08-15,726,722,0.0027624309392265192,18.882596685082873,12.497580441803635,0.6618570872551994,0.0013812154696132596,724,2,1,0,0,0,0,0,0,Ready with caution,Sufficient history without an extreme Q75 risk flag,0.0528756900926609,0.2304776345716452,0.7558004540874597,1.109609648399397,0.4324570685673125,4.0
42,LAWN AND GARDEN,Cuenca,Azuay,D,2,2015-08-21,2017-08-15,726,719,0.006906077348066298,26.174033149171272,17.483605117030343,0.6679752034158294,0.143646408839779,724,2,1,0,0,0,0,0,0,Ready with caution,Sufficient history without an extreme Q75 risk flag,0.0528756900926609,0.2304776345716452,0.7558004540874597,1.109609648399397,0.4324570685673125,4.0
42,LINGERIE,Cuenca,Azuay,D,2,2015-08-21,2017-08-15,726,665,0.08149171270718232,4.578729281767956,3.9126903562969244,0.8545362950102484,0.04281767955801105,724,2,1,0,0,0,0,0,0,Ready with caution,Sufficient history without an extreme Q75 risk flag,0.0528756900926609,0.2304776345716452,0.7558004540874597,1.109609648399397,0.4324570685673125,4.0
42,"LIQUOR,WINE,BEER",Cuenca,Azuay,D,2,2015-08-21,2017-08-15,726,680,0.06077348066298342,80.04834254143647,52.16522463432368,0.6516715147140081,0.5069060773480663,724,2,1,0,0,1,0,0,1,Promotion dependent,promotion_rate >= eligible-series Q75,0.0528756900926609,0.2304776345716452,0.7558004540874597,1.109609648399397,0.4324570685673125,4.0
42,MAGAZINES,Cuenca,Azuay,D,2,2015-08-21,2017-08-15,726,701,0.031767955801104975,8.762430939226519,5.13135051629573,0.5856080980135733,0.0,724,2,1,0,0,0,0,0,0,Ready with caution,Sufficient history without an extreme Q75 risk flag,0.0528756900926609,0.2304776345716452,0.7558004540874597,1.109609648399397,0.4324570685673125,4.0
42,MEATS,Cuenca,Azuay,D,2,2015-08-21,2017-08-15,726,722,0.0027624309392265192,214.54686600552486,55.94975249717615,0.26078102905374234,0.39640883977900554,724,2,1,0,0,0,0,0,0,Ready with caution,Sufficient history without an extreme Q75 risk flag,0.0528756900926609,0.2304776345716452,0.7558004540874597,1.109609648399397,0.4324570685673125,4.0
42,PERSONAL CARE,Cuenca,Azuay,D,2,2015-08-21,2017-08-15,726,722,0.0027624309392265192,235.92955801104972,97.6466050855241,0.4138803374562794,0.8494475138121547,724,2,1,0,0,1,0,0,1,Promotion dependent,promotion_rate >= eligible-series Q75,0.0528756900926609,0.2304776345716452,0.7558004540874597,1.109609648399397,0.4324570685673125,4.0
42,PET SUPPLIES,Cuenca,Azuay,D,2,2015-08-21,2017-08-15,726,716,0.011049723756906077,7.18232044198895,3.8043313928587783,0.5296799862364915,0.09116022099447514,724,2,1,0,0,0,0,0,0,Ready with caution,Sufficient history without an extreme Q75 risk flag,0.0528756900926609,0.2304776345716452,0.7558004540874597,1.109609648399397,0.4324570685673125,4.0
42,PLAYERS AND ELECTRONICS,Cuenca,Azuay,D,2,2015-08-21,2017-08-15,726,715,0.012430939226519336,8.537292817679559,5.080267618810174,0.5950677489109474,0.0027624309392265192,724,2,1,0,0,0,0,0,0,Ready with caution,Sufficient history without an extreme Q75 risk flag,0.0528756900926609,0.2304776345716452,0.7558004540874597,1.109609648399397,0.4324570685673125,4.0
42,POULTRY,Cuenca,Azuay,D,2,2015-08-21,2017-08-15,726,722,0.0027624309392265192,237.76133412983424,60.27086257832072,0.2534931207334521,0.287292817679558,724,2,1,0,0,0,0,0,0,Ready with caution,Sufficient history without an extreme Q75 risk flag,0.0528756900926609,0.2304776345716452,0.7558004540874597,1.109609648399397,0.4324570685673125,4.0
42,PREPARED FOODS,Cuenca,Azuay,D,2,2015-08-21,2017-08-15,726,722,0.0027624309392265192,80.2766187941989,24.406798331037486,0.304033711155772,0.3218232044198895,724,2,1,0,0,0,0,0,0,Ready with caution,Sufficient history without an extreme Q75 risk flag,0.0528756900926609,0.2304776345716452,0.7558004540874597,1.109609648399397,0.4324570685673125,4.0
42,PRODUCE,Cuenca,Azuay,D,2,2015-08-21,2017-08-15,726,722,0.0027624309392265192,2603.4633635359114,621.8448232049494,0.23885291873682704,0.6726519337016574,724,2,1,0,0,1,0,0,1,Promotion dependent,promotion_rate >= eligible-series Q75,0.0528756900926609,0.2304776345716452,0.7558004540874597,1.109609648399397,0.4324570685673125,4.0
42,SCHOOL AND OFFICE SUPPLIES,Cuenca,Azuay,D,2,2015-10-01,2017-08-15,685,263,0.6149341142020498,0.6017569546120058,0.9760158191641917,1.6219435632339243,0.0029282576866764276,683,2,1,0,1,0,1,0,2,Intermittent demand,zero_sales_rate >= eligible-series Q75,0.0528756900926609,0.2304776345716452,0.7558004540874597,1.109609648399397,0.4324570685673125,4.0
42,SEAFOOD,Cuenca,Azuay,D,2,2015-08-21,2017-08-15,726,722,0.0027624309392265192,19.111111878038674,7.205417360211792,0.3770276374391287,0.48204419889502764,724,2,1,0,0,1,0,0,1,Promotion dependent,promotion_rate >= eligible-series Q75,0.0528756900926609,0.2304776345716452,0.7558004540874597,1.109609648399397,0.4324570685673125,4.0
43,AUTOMOTIVE,Esmeraldas,Esmeraldas,E,10,2013-01-02,2017-08-15,1687,1592,0.0540701128936423,5.966131907308378,4.252093945849049,0.7127053192773578,0.0106951871657754,1683,4,1,0,0,0,0,0,0,Ready with caution,Sufficient history without an extreme Q75 risk flag,0.0528756900926609,0.2304776345716452,0.7558004540874597,1.109609648399397,0.4324570685673125,4.0
43,BABY CARE,Esmeraldas,Esmeraldas,E,10,2014-07-29,2017-08-03,1102,52,0.9526842584167425,0.06915377616014559,0.35802574549465355,5.177240714455582,0.0,1099,3,1,1,1,0,1,0,3,Insufficient history,history_length < 365 or active_days < 90,0.0528756900926609,0.2304776345716452,0.7558004540874597,1.109609648399397,0.4324570685673125,4.0
43,BEAUTY,Esmeraldas,Esmeraldas,E,10,2013-01-02,2017-08-15,1687,960,0.4295900178253119,1.1966726084373143,1.623237426359702,1.3564590807166725,0.0754604872251931,1683,4,1,0,1,0,1,0,2,Intermittent demand,zero_sales_rate >= eligible-series Q75,0.0528756900926609,0.2304776345716452,0.7558004540874597,1.109609648399397,0.4324570685673125,4.0
43,BEVERAGES,Esmeraldas,Esmeraldas,E,10,2013-01-02,2017-08-15,1687,1675,0.004753416518122401,2974.1717171717173,1275.4858973350806,0.42885415457719483,0.49554367201426025,1683,4,1,0,0,1,0,0,1,Promotion dependent,promotion_rate >= eligible-series Q75,0.0528756900926609,0.2304776345716452,0.7558004540874597,1.109609648399397,0.4324570685673125,4.0
43,BOOKS,Esmeraldas,Esmeraldas,E,10,,,0,0,1.0,0.0,0.0,,0.0,0,0,0,1,1,0,0,0,2,Insufficient history,history_length < 365 or active_days < 90,0.0528756900926609,0.2304776345716452,0.7558004540874597,1.109609648399397,0.4324570685673125,4.0
43,BREAD/BAKERY,Esmeraldas,Esmeraldas,E,10,2013-01-02,2017-08-15,1687,1675,0.004753416518122401,304.0207961972668,146.24732336368504,0.4810438140843203,0.35769459298871065,1683,4,1,0,0,0,0,1,0,Ready,"history_length >= 730, zero-sales <= median, CV <= median, and missing periods <= Q75",0.0528756900926609,0.2304776345716452,0.7558004540874597,1.109609648399397,0.4324570685673125,4.0
43,CELEBRATION,Esmeraldas,Esmeraldas,E,10,2014-01-02,2017-08-15,1322,991,0.2486732373009856,6.872630780894617,6.714681780972164,0.9770176799892205,0.02122820318423048,1319,3,1,0,1,0,0,0,1,Intermittent demand,zero_sales_rate >= eligible-series Q75,0.0528756900926609,0.2304776345716452,0.7558004540874597,1.109609648399397,0.4324570685673125,4.0
43,CLEANING,Esmeraldas,Esmeraldas,E,10,2013-01-02,2017-08-15,1687,1675,0.004753416518122401,1012.0784313725491,308.1921602474113,0.30451410749802343,0.49554367201426025,1683,4,1,0,0,1,0,0,1,Promotion dependent,promotion_rate >= eligible-series Q75,0.0528756900926609,0.2304776345716452,0.7558004540874597,1.109609648399397,0.4324570685673125,4.0
43,DAIRY,Esmeraldas,Esmeraldas,E,10,2013-01-02,2017-08-15,1687,1675,0.004753416518122401,353.9916815210933,214.97032934601174,0.6072750874322517,0.37967914438502676,1683,4,1,0,0,0,0,1,0,Ready,"history_length >= 730, zero-sales <= median, CV <= median, and missing periods <= Q75",0.0528756900926609,0.2304776345716452,0.7558004540874597,1.109609648399397,0.4324570685673125,4.0
43,DELI,Esmeraldas,Esmeraldas,E,10,2013-01-02,2017-08-15,1687,1674,0.0053475935828877,233.58562092691622,97.48823160212724,0.4173554485728775,0.37670825906120026,1683,4,1,0,0,0,0,1,0,Ready,"history_length >= 730, zero-sales <= median, CV <= median, and missing periods <= Q75",0.0528756900926609,0.2304776345716452,0.7558004540874597,1.109609648399397,0.4324570685673125,4.0
43,EGGS,Esmeraldas,Esmeraldas,E,10,2013-01-02,2017-08-15,1687,1674,0.0053475935828877,140.41711229946523,86.92837809058008,0.6190725380051214,0.25371360665478315,1683,4,1,0,0,0,0,1,0,Ready,"history_length >= 730, zero-sales <= median, CV <= median, and missing periods <= Q75",0.0528756900926609,0.2304776345716452,0.7558004540874597,1.109609648399397,0.4324570685673125,4.0
43,FROZEN FOODS,Esmeraldas,Esmeraldas,E,10,2013-01-02,2017-08-15,1687,1674,0.0053475935828877,50.966736262388594,73.11321502110661,1.4345280938670038,0.2828282828282828,1683,4,1,0,0,0,1,0,1,High volatility,coefficient_of_variation >= eligible-series Q75,0.0528756900926609,0.2304776345716452,0.7558004540874597,1.109609648399397,0.4324570685673125,4.0
43,GROCERY I,Esmeraldas,Esmeraldas,E,10,2013-01-02,2017-08-15,1687,1675,0.004753416518122401,3299.0317700534756,1082.5261901626195,0.3281345150989778,0.6131907308377896,1683,4,1,0,0,1,0,0,1,Promotion dependent,promotion_rate >= eligible-series Q75,0.0528756900926609,0.2304776345716452,0.7558004540874597,1.109609648399397,0.4324570685673125,4.0
43,GROCERY II,Esmeraldas,Esmeraldas,E,10,2013-01-02,2017-08-15,1687,1418,0.15745692216280452,4.292929292929293,5.549184783278438,1.2926336318695655,0.04040404040404041,1683,4,1,0,0,0,1,0,1,High volatility,coefficient_of_variation >= eligible-series Q75,0.0528756900926609,0.2304776345716452,0.7558004540874597,1.109609648399397,0.4324570685673125,4.0
43,HARDWARE,Esmeraldas,Esmeraldas,E,10,2013-01-04,2017-08-09,1679,950,0.43283582089552236,1.1976119402985075,1.543396626538606,1.2887284892583077,0.001791044776119403,1675,4,1,0,1,0,1,0,2,Intermittent demand,zero_sales_rate >= eligible-series Q75,0.0528756900926609,0.2304776345716452,0.7558004540874597,1.109609648399397,0.4324570685673125,4.0
43,HOME AND KITCHEN I,Esmeraldas,Esmeraldas,E,10,2014-01-02,2017-08-15,1322,1159,0.12130401819560273,18.706595905989385,16.709502548823778,0.893241219984541,0.1599696739954511,1319,3,1,0,0,0,0,0,0,Ready with caution,Sufficient history without an extreme Q75 risk flag,0.0528756900926609,0.2304776345716452,0.7558004540874597,1.109609648399397,0.4324570685673125,4.0
43,HOME AND KITCHEN II,Esmeraldas,Esmeraldas,E,10,2014-01-02,2017-08-15,1322,1152,0.12661106899166036,12.549658832448825,8.470178757498074,0.6749329898592376,0.16300227445034116,1319,3,1,0,0,0,0,0,0,Ready with caution,Sufficient history without an extreme Q75 risk flag,0.0528756900926609,0.2304776345716452,0.7558004540874597,1.109609648399397,0.4324570685673125,4.0
43,HOME APPLIANCES,Esmeraldas,Esmeraldas,E,10,2013-02-26,2017-08-13,1630,204,0.8745387453874539,0.14206642066420663,0.4016754578409475,2.8273778980492668,0.0006150061500615006,1626,4,1,0,1,0,1,0,2,Intermittent demand,zero_sales_rate >= eligible-series Q75,0.0528756900926609,0.2304776345716452,0.7558004540874597,1.109609648399397,0.4324570685673125,4.0
43,HOME CARE,Esmeraldas,Esmeraldas,E,10,2014-01-02,2017-08-15,1322,1039,0.21228203184230476,175.53070507960575,105.18888461461881,0.5992620183854107,0.40333586050037906,1319,3,1,0,0,0,0,0,0,Ready with caution,Sufficient history without an extreme Q75 risk flag,0.0528756900926609,0.2304776345716452,0.7558004540874597,1.109609648399397,0.4324570685673125,4.0
43,LADIESWEAR,Esmeraldas,Esmeraldas,E,10,,,0,0,1.0,0.0,0.0,,0.0,0,0,0,1,1,0,0,0,2,Insufficient history,history_length < 365 or active_days < 90,0.0528756900926609,0.2304776345716452,0.7558004540874597,1.109609648399397,0.4324570685673125,4.0
43,LAWN AND GARDEN,Esmeraldas,Esmeraldas,E,10,2014-02-13,2017-08-15,1280,238,0.8136256851996868,1.3304620203602193,3.8867737533290247,2.92137144379115,0.02662490211433046,1277,3,1,0,1,0,1,0,2,Intermittent demand,zero_sales_rate >= eligible-series Q75,0.0528756900926609,0.2304776345716452,0.7558004540874597,1.109609648399397,0.4324570685673125,4.0
43,LINGERIE,Esmeraldas,Esmeraldas,E,10,2013-01-02,2017-08-14,1686,1205,0.2835909631391201,3.492271105826397,4.254010916567129,1.218121614175334,0.008323424494649227,1682,4,1,0,1,0,1,0,2,Intermittent demand,zero_sales_rate >= eligible-series Q75,0.0528756900926609,0.2304776345716452,0.7558004540874597,1.109609648399397,0.4324570685673125,4.0
43,"LIQUOR,WINE,BEER",Esmeraldas,Esmeraldas,E,10,2013-01-02,2017-08-15,1687,1492,0.11348781937017231,90.59536541889483,129.94674076827104,1.4343641108728171,0.17884729649435532,1683,4,1,0,0,0,1,0,1,High volatility,coefficient_of_variation >= eligible-series Q75,0.0528756900926609,0.2304776345716452,0.7558004540874597,1.109609648399397,0.4324570685673125,4.0
43,MAGAZINES,Esmeraldas,Esmeraldas,E,10,2014-01-24,2017-08-15,1300,648,0.5003855050115652,1.510408635312259,2.6603091872519675,1.7613175170320583,0.0030840400925212026,1297,3,1,0,1,0,1,0,2,Intermittent demand,zero_sales_rate >= eligible-series Q75,0.0528756900926609,0.2304776345716452,0.7558004540874597,1.109609648399397,0.4324570685673125,4.0
43,MEATS,Esmeraldas,Esmeraldas,E,10,2013-01-02,2017-08-15,1687,1674,0.0053475935828877,148.07572009031492,45.27873334475187,0.30578094313595294,0.16102198455139632,1683,4,1,0,0,0,0,1,0,Ready,"history_length >= 730, zero-sales <= median, CV <= median, and missing periods <= Q75",0.0528756900926609,0.2304776345716452,0.7558004540874597,1.109609648399397,0.4324570685673125,4.0
43,PERSONAL CARE,Esmeraldas,Esmeraldas,E,10,2013-01-02,2017-08-15,1687,1674,0.0053475935828877,220.91978609625667,79.74313016203858,0.36095965676561814,0.3481877599524658,1683,4,1,0,0,0,0,1,0,Ready,"history_length >= 730, zero-sales <= median, CV <= median, and missing periods <= Q75",0.0528756900926609,0.2304776345716452,0.7558004540874597,1.109609648399397,0.4324570685673125,4.0
43,PET SUPPLIES,Esmeraldas,Esmeraldas,E,10,2014-01-27,2017-08-15,1297,426,0.6707882534775889,0.8732612055641422,1.6900635036400418,1.9353470563807202,0.006955177743431221,1294,3,1,0,1,0,1,0,2,Intermittent demand,zero_sales_rate >= eligible-series Q75,0.0528756900926609,0.2304776345716452,0.7558004540874597,1.109609648399397,0.4324570685673125,4.0
43,PLAYERS AND ELECTRONICS,Esmeraldas,Esmeraldas,E,10,2014-01-02,2017-08-15,1322,914,0.3070507960576194,3.4306292645943897,3.581842018304245,1.044077264562055,0.0037907505686125853,1319,3,1,0,1,0,0,0,1,Intermittent demand,zero_sales_rate >= eligible-series Q75,0.0528756900926609,0.2304776345716452,0.7558004540874597,1.109609648399397,0.4324570685673125,4.0
43,POULTRY,Esmeraldas,Esmeraldas,E,10,2013-01-02,2017-08-15,1687,1674,0.0053475935828877,169.50284343434345,299.9471459059818,1.7695699955745325,0.1556743909685086,1683,4,1,0,0,0,1,0,1,High volatility,coefficient_of_variation >= eligible-series Q75,0.0528756900926609,0.2304776345716452,0.7558004540874597,1.109609648399397,0.4324570685673125,4.0
43,PREPARED FOODS,Esmeraldas,Esmeraldas,E,10,2013-01-02,2017-08-15,1687,1674,0.0053475935828877,59.92447831729055,31.688011086763026,0.5287991147620854,0.14913844325609033,1683,4,1,0,0,0,0,1,0,Ready,"history_length >= 730, zero-sales <= median, CV <= median, and missing periods <= Q75",0.0528756900926609,0.2304776345716452,0.7558004540874597,1.109609648399397,0.4324570685673125,4.0
43,PRODUCE,Esmeraldas,Esmeraldas,E,10,2014-01-02,2017-08-15,1322,1012,0.23275208491281274,625.8699820621683,477.58979918409057,0.7630814911596944,0.42153146322971946,1319,3,1,0,1,0,0,0,1,Intermittent demand,zero_sales_rate >= eligible-series Q75,0.0528756900926609,0.2304776345716452,0.7558004540874597,1.109609648399397,0.4324570685673125,4.0
43,SCHOOL AND OFFICE SUPPLIES,Esmeraldas,Esmeraldas,E,10,2015-10-29,2017-08-15,657,324,0.5053435114503817,4.451908396946565,10.974270375146833,2.465071020480513,0.1465648854961832,655,2,1,0,1,0,1,0,2,Intermittent demand,zero_sales_rate >= eligible-series Q75,0.0528756900926609,0.2304776345716452,0.7558004540874597,1.109609648399397,0.4324570685673125,4.0
43,SEAFOOD,Esmeraldas,Esmeraldas,E,10,2013-01-08,2017-08-14,1680,611,0.6354415274463007,0.7464200477326969,1.3576161109270157,1.81883661224115,0.04892601431980907,1676,4,1,0,1,0,1,0,2,Intermittent demand,zero_sales_rate >= eligible-series Q75,0.0528756900926609,0.2304776345716452,0.7558004540874597,1.109609648399397,0.4324570685673125,4.0
44,AUTOMOTIVE,Quito,Pichincha,A,5,2013-01-02,2017-08-15,1687,1679,0.0023767082590612004,18.882947118241237,9.723218976579936,0.514920627362619,0.12358882947118241,1683,4,1,0,0,0,0,1,0,Ready,"history_length >= 730, zero-sales <= median, CV <= median, and missing periods <= Q75",0.0528756900926609,0.2304776345716452,0.7558004540874597,1.109609648399397,0.4324570685673125,4.0
44,BABY CARE,Quito,Pichincha,A,5,,,0,0,1.0,0.0,0.0,,0.0,0,0,0,1,1,0,0,0,2,Insufficient history,history_length < 365 or active_days < 90,0.0528756900926609,0.2304776345716452,0.7558004540874597,1.109609648399397,0.4324570685673125,4.0
44,BEAUTY,Quito,Pichincha,A,5,2013-01-02,2017-08-15,1687,1670,0.007724301841948901,11.658942364824718,8.314143963384446,0.7131130511862207,0.21152703505644682,1683,4,1,0,0,0,0,1,0,Ready,"history_length >= 730, zero-sales <= median, CV <= median, and missing periods <= Q75",0.0528756900926609,0.2304776345716452,0.7558004540874597,1.109609648399397,0.4324570685673125,4.0
44,BEVERAGES,Quito,Pichincha,A,5,2013-01-02,2017-08-15,1687,1679,0.0023767082590612004,7972.584076054664,3881.3637689360294,0.48683886327314496,0.6345811051693404,1683,4,1,0,0,1,0,0,1,Promotion dependent,promotion_rate >= eligible-series Q75,0.0528756900926609,0.2304776345716452,0.7558004540874597,1.109609648399397,0.4324570685673125,4.0
44,BOOKS,Quito,Pichincha,A,5,2016-10-12,2017-07-15,277,166,0.39855072463768115,1.9130434782608696,3.8423066194803823,2.008478460182927,0.0,276,1,1,1,1,0,1,0,3,Insufficient history,history_length < 365 or active_days < 90,0.0528756900926609,0.2304776345716452,0.7558004540874597,1.109609648399397,0.4324570685673125,4.0
44,BREAD/BAKERY,Quito,Pichincha,A,5,2013-01-02,2017-08-15,1687,1679,0.0023767082590612004,1386.2497198276885,480.9133878441404,0.34691685124662686,0.48484848484848486,1683,4,1,0,0,1,0,0,1,Promotion dependent,promotion_rate >= eligible-series Q75,0.0528756900926609,0.2304776345716452,0.7558004540874597,1.109609648399397,0.4324570685673125,4.0
44,CELEBRATION,Quito,Pichincha,A,5,2014-01-02,2017-08-15,1322,1016,0.22971948445792267,28.637604245640638,41.53740087370053,1.4504495738334522,0.06520090978013647,1319,3,1,0,0,0,1,0,1,High volatility,coefficient_of_variation >= eligible-series Q75,0.0528756900926609,0.2304776345716452,0.7558004540874597,1.109609648399397,0.4324570685673125,4.0
44,CLEANING,Quito,Pichincha,A,5,2013-01-02,2017-08-15,1687,1679,0.0023767082590612004,2559.8692810457514,675.0413803504134,0.2637015043497249,0.6316102198455139,1683,4,1,0,0,1,0,0,1,Promotion dependent,promotion_rate >= eligible-series Q75,0.0528756900926609,0.2304776345716452,0.7558004540874597,1.109609648399397,0.4324570685673125,4.0
44,DAIRY,Quito,Pichincha,A,5,2013-01-02,2017-08-15,1687,1679,0.0023767082590612004,2541.8621509209743,849.9478636941353,0.33437999908302657,0.6114081996434938,1683,4,1,0,0,1,0,0,1,Promotion dependent,promotion_rate >= eligible-series Q75,0.0528756900926609,0.2304776345716452,0.7558004540874597,1.109609648399397,0.4324570685673125,4.0
44,DELI,Quito,Pichincha,A,5,2013-01-02,2017-08-15,1687,1679,0.0023767082590612004,596.9661544682115,207.86211633425538,0.34819748955352886,0.5086155674390969,1683,4,1,0,0,1,0,0,1,Promotion dependent,promotion_rate >= eligible-series Q75,0.0528756900926609,0.2304776345716452,0.7558004540874597,1.109609648399397,0.4324570685673125,4.0
44,EGGS,Quito,Pichincha,A,5,2013-01-02,2017-08-15,1687,1679,0.0023767082590612004,648.7605466428996,204.65191366591392,0.3154506153694353,0.32204396910279265,1683,4,1,0,0,0,0,1,0,Ready,"history_length >= 730, zero-sales <= median, CV <= median, and missing periods <= Q75",0.0528756900926609,0.2304776345716452,0.7558004540874597,1.109609648399397,0.4324570685673125,4.0
44,FROZEN FOODS,Quito,Pichincha,A,5,2013-01-02,2017-08-15,1687,1679,0.0023767082590612004,606.7109273499702,658.2285479606484,1.084912959843496,0.5519904931669638,1683,4,1,0,0,1,0,0,1,Promotion dependent,promotion_rate >= eligible-series Q75,0.0528756900926609,0.2304776345716452,0.7558004540874597,1.109609648399397,0.4324570685673125,4.0
44,GROCERY I,Quito,Pichincha,A,5,2013-01-02,2017-08-15,1687,1679,0.0023767082590612004,9736.218085561497,3569.2674882470287,0.36659691236170433,0.673202614379085,1683,4,1,0,0,1,0,0,1,Promotion dependent,promotion_rate >= eligible-series Q75,0.0528756900926609,0.2304776345716452,0.7558004540874597,1.109609648399397,0.4324570685673125,4.0
44,GROCERY II,Quito,Pichincha,A,5,2013-01-02,2017-08-15,1687,1679,0.0023767082590612004,81.56862745098039,32.68200499317941,0.4006688112144592,0.046939988116458706,1683,4,1,0,0,0,0,1,0,Ready,"history_length >= 730, zero-sales <= median, CV <= median, and missing periods <= Q75",0.0528756900926609,0.2304776345716452,0.7558004540874597,1.109609648399397,0.4324570685673125,4.0
44,HARDWARE,Quito,Pichincha,A,5,2013-01-02,2017-08-15,1687,1553,0.07724301841948901,4.1794414735591205,3.2878011723251572,0.7866604169779983,0.0011883541295306002,1683,4,1,0,0,0,0,0,0,Ready with caution,Sufficient history without an extreme Q75 risk flag,0.0528756900926609,0.2304776345716452,0.7558004540874597,1.109609648399397,0.4324570685673125,4.0
44,HOME AND KITCHEN I,Quito,Pichincha,A,5,2014-01-02,2017-08-15,1322,1166,0.11599696739954511,102.2153146322972,106.18012600436963,1.0387888193304027,0.2608036391205459,1319,3,1,0,0,0,0,0,0,Ready with caution,Sufficient history without an extreme Q75 risk flag,0.0528756900926609,0.2304776345716452,0.7558004540874597,1.109609648399397,0.4324570685673125,4.0
44,HOME AND KITCHEN II,Quito,Pichincha,A,5,2014-01-02,2017-08-15,1322,1166,0.11599696739954511,77.08718726307809,85.43123215496186,1.108241657117515,0.5056861258529188,1319,3,1,0,0,1,0,0,1,Promotion dependent,promotion_rate >= eligible-series Q75,0.0528756900926609,0.2304776345716452,0.7558004540874597,1.109609648399397,0.4324570685673125,4.0
44,HOME APPLIANCES,Quito,Pichincha,A,5,2013-02-24,2017-08-02,1621,1117,0.30921459492888065,1.9888682745825603,1.992218716393751,1.0016845971420072,0.0012368583797155227,1617,4,1,0,1,0,0,0,1,Intermittent demand,zero_sales_rate >= eligible-series Q75,0.0528756900926609,0.2304776345716452,0.7558004540874597,1.109609648399397,0.4324570685673125,4.0
44,HOME CARE,Quito,Pichincha,A,5,2014-01-02,2017-08-15,1322,1044,0.20849128127369218,509.60348749052315,352.0784801203458,0.6908871088267291,0.5382865807429871,1319,3,1,0,0,1,0,0,1,Promotion dependent,promotion_rate >= eligible-series Q75,0.0528756900926609,0.2304776345716452,0.7558004540874597,1.109609648399397,0.4324570685673125,4.0
44,LADIESWEAR,Quito,Pichincha,A,5,2014-01-02,2017-08-15,1322,1016,0.22971948445792267,25.357088703563306,20.30247021495168,0.8006625071315333,0.024260803639120546,1319,3,1,0,0,0,0,0,0,Ready with caution,Sufficient history without an extreme Q75 risk flag,0.0528756900926609,0.2304776345716452,0.7558004540874597,1.109609648399397,0.4324570685673125,4.0
44,LAWN AND GARDEN,Quito,Pichincha,A,5,2013-01-02,2017-08-15,1687,1624,0.035056446821152706,12.966131907308379,12.436833730711873,0.9591784056817928,0.0213903743315508,1683,4,1,0,0,0,0,0,0,Ready with caution,Sufficient history without an extreme Q75 risk flag,0.0528756900926609,0.2304776345716452,0.7558004540874597,1.109609648399397,0.4324570685673125,4.0
44,LINGERIE,Quito,Pichincha,A,5,2013-01-02,2017-08-15,1687,1678,0.0029708853238265003,19.292335115864528,13.955001812198898,0.72334436077276,0.061794414735591205,1683,4,1,0,0,0,0,1,0,Ready,"history_length >= 730, zero-sales <= median, CV <= median, and missing periods <= Q75",0.0528756900926609,0.2304776345716452,0.7558004540874597,1.109609648399397,0.4324570685673125,4.0
44,"LIQUOR,WINE,BEER",Quito,Pichincha,A,5,2013-01-02,2017-08-15,1687,1498,0.10992275698158051,329.11586452762924,223.23139273096137,0.6782760018310242,0.2519310754604872,1683,4,1,0,0,0,0,0,0,Ready with caution,Sufficient history without an extreme Q75 risk flag,0.0528756900926609,0.2304776345716452,0.7558004540874597,1.109609648399397,0.4324570685673125,4.0
44,MAGAZINES,Quito,Pichincha,A,5,2014-01-02,2017-08-15,1322,1060,0.19636087945413191,14.594389689158453,14.118079931195545,0.9673635028180221,0.0,1319,3,1,0,0,0,0,0,0,Ready with caution,Sufficient history without an extreme Q75 risk flag,0.0528756900926609,0.2304776345716452,0.7558004540874597,1.109609648399397,0.4324570685673125,4.0
44,MEATS,Quito,Pichincha,A,5,2013-01-02,2017-08-15,1687,1679,0.0023767082590612004,972.4367281164587,310.1278933327783,0.3189183258570191,0.3256090314913844,1683,4,1,0,0,0,0,1,0,Ready,"history_length >= 730, zero-sales <= median, CV <= median, and missing periods <= Q75",0.0528756900926609,0.2304776345716452,0.7558004540874597,1.109609648399397,0.4324570685673125,4.0
44,PERSONAL CARE,Quito,Pichincha,A,5,2013-01-02,2017-08-15,1687,1679,0.0023767082590612004,559.5014854426619,291.03987242342146,0.5201771219484054,0.5204991087344029,1683,4,1,0,0,1,0,0,1,Promotion dependent,promotion_rate >= eligible-series Q75,0.0528756900926609,0.2304776345716452,0.7558004540874597,1.109609648399397,0.4324570685673125,4.0
44,PET SUPPLIES,Quito,Pichincha,A,5,2014-01-02,2017-08-15,1322,1010,0.23426838514025777,25.88855193328279,20.683990883229125,0.7989628364125462,0.12736921910538287,1319,3,1,0,1,0,0,0,1,Intermittent demand,zero_sales_rate >= eligible-series Q75,0.0528756900926609,0.2304776345716452,0.7558004540874597,1.109609648399397,0.4324570685673125,4.0
44,PLAYERS AND ELECTRONICS,Quito,Pichincha,A,5,2014-01-02,2017-08-15,1322,1016,0.22971948445792267,33.59893858984079,24.692660753327637,0.7349238335997281,0.030326004548900682,1319,3,1,0,0,0,0,0,0,Ready with caution,Sufficient history without an extreme Q75 risk flag,0.0528756900926609,0.2304776345716452,0.7558004540874597,1.109609648399397,0.4324570685673125,4.0
44,POULTRY,Quito,Pichincha,A,5,2013-01-02,2017-08-15,1687,1679,0.0023767082590612004,1240.0140378371955,496.5285972725618,0.400421755013835,0.27035056446821154,1683,4,1,0,0,0,0,1,0,Ready,"history_length >= 730, zero-sales <= median, CV <= median, and missing periods <= Q75",0.0528756900926609,0.2304776345716452,0.7558004540874597,1.109609648399397,0.4324570685673125,4.0
44,PREPARED FOODS,Quito,Pichincha,A,5,2013-01-02,2017-08-15,1687,1679,0.0023767082590612004,471.1893397326203,122.2073684455365,0.2593593660562948,0.22400475341651813,1683,4,1,0,0,0,0,1,0,Ready,"history_length >= 730, zero-sales <= median, CV <= median, and missing periods <= Q75",0.0528756900926609,0.2304776345716452,0.7558004540874597,1.109609648399397,0.4324570685673125,4.0
44,PRODUCE,Quito,Pichincha,A,5,2013-03-16,2017-08-15,1614,1603,0.004347826086956522,6624.881042484471,5525.552580119592,0.8340606487399496,0.3732919254658385,1610,4,1,0,0,0,0,0,0,Ready with caution,Sufficient history without an extreme Q75 risk flag,0.0528756900926609,0.2304776345716452,0.7558004540874597,1.109609648399397,0.4324570685673125,4.0
44,SCHOOL AND OFFICE SUPPLIES,Quito,Pichincha,A,5,2014-01-02,2017-08-15,1322,1010,0.23426838514025777,22.39802880970432,62.6107882106616,2.7953704650801425,0.13419257012888552,1319,3,1,0,1,0,1,0,2,Intermittent demand,zero_sales_rate >= eligible-series Q75,0.0528756900926609,0.2304776345716452,0.7558004540874597,1.109609648399397,0.4324570685673125,4.0
44,SEAFOOD,Quito,Pichincha,A,5,2013-01-02,2017-08-15,1687,1679,0.0023767082590612004,123.38242938146168,39.300694940475296,0.31852748513298657,0.28520499108734404,1683,4,1,0,0,0,0,1,0,Ready,"history_length >= 730, zero-sales <= median, CV <= median, and missing periods <= Q75",0.0528756900926609,0.2304776345716452,0.7558004540874597,1.109609648399397,0.4324570685673125,4.0
45,AUTOMOTIVE,Quito,Pichincha,A,11,2013-01-02,2017-08-15,1687,1678,0.0029708853238265003,15.688057040998217,7.87239302286006,0.501808031567378,0.13368983957219252,1683,4,1,0,0,0,0,1,0,Ready,"history_length >= 730, zero-sales <= median, CV <= median, and missing periods <= Q75",0.0528756900926609,0.2304776345716452,0.7558004540874597,1.109609648399397,0.4324570685673125,4.0
45,BABY CARE,Quito,Pichincha,A,11,,,0,0,1.0,0.0,0.0,,0.0,0,0,0,1,1,0,0,0,2,Insufficient history,history_length < 365 or active_days < 90,0.0528756900926609,0.2304776345716452,0.7558004540874597,1.109609648399397,0.4324570685673125,4.0
45,BEAUTY,Quito,Pichincha,A,11,2013-01-02,2017-08-15,1687,1674,0.0053475935828877,9.9708853238265,6.4184064508205925,0.6437147998767092,0.22994652406417113,1683,4,1,0,0,0,0,1,0,Ready,"history_length >= 730, zero-sales <= median, CV <= median, and missing periods <= Q75",0.0528756900926609,0.2304776345716452,0.7558004540874597,1.109609648399397,0.4324570685673125,4.0
45,BEVERAGES,Quito,Pichincha,A,11,2013-01-02,2017-08-15,1687,1679,0.0023767082590612004,6756.002376708259,3810.9499822142075,0.5640835763102594,0.6333927510398099,1683,4,1,0,0,1,0,0,1,Promotion dependent,promotion_rate >= eligible-series Q75,0.0528756900926609,0.2304776345716452,0.7558004540874597,1.109609648399397,0.4324570685673125,4.0
45,BOOKS,Quito,Pichincha,A,11,2016-10-08,2017-07-24,290,170,0.4117647058823529,2.0034602076124566,2.817970938035462,1.406551988069514,0.0,289,1,1,1,1,0,1,0,3,Insufficient history,history_length < 365 or active_days < 90,0.0528756900926609,0.2304776345716452,0.7558004540874597,1.109609648399397,0.4324570685673125,4.0
45,BREAD/BAKERY,Quito,Pichincha,A,11,2013-01-02,2017-08-15,1687,1679,0.0023767082590612004,1137.5820659239453,378.8643133944428,0.33304350054668697,0.49554367201426025,1683,4,1,0,0,1,0,0,1,Promotion dependent,promotion_rate >= eligible-series Q75,0.0528756900926609,0.2304776345716452,0.7558004540874597,1.109609648399397,0.4324570685673125,4.0
45,CELEBRATION,Quito,Pichincha,A,11,2014-01-02,2017-08-15,1322,1015,0.2304776345716452,29.465504169825625,23.500462986427,0.7975584891058076,0.1068991660348749,1319,3,1,0,1,0,0,0,1,Intermittent demand,zero_sales_rate >= eligible-series Q75,0.0528756900926609,0.2304776345716452,0.7558004540874597,1.109609648399397,0.4324570685673125,4.0
45,CLEANING,Quito,Pichincha,A,11,2013-01-02,2017-08-15,1687,1679,0.0023767082590612004,2506.194295900178,799.6608992468804,0.3190737847241238,0.649435531788473,1683,4,1,0,0,1,0,0,1,Promotion dependent,promotion_rate >= eligible-series Q75,0.0528756900926609,0.2304776345716452,0.7558004540874597,1.109609648399397,0.4324570685673125,4.0
45,DAIRY,Quito,Pichincha,A,11,2013-01-02,2017-08-15,1687,1679,0.0023767082590612004,2109.3713606654783,811.05042167791,0.38449864106528614,0.6120023767082591,1683,4,1,0,0,1,0,0,1,Promotion dependent,promotion_rate >= eligible-series Q75,0.0528756900926609,0.2304776345716452,0.7558004540874597,1.109609648399397,0.4324570685673125,4.0
45,DELI,Quito,Pichincha,A,11,2013-01-02,2017-08-15,1687,1679,0.0023767082590612004,643.5750535353535,239.30040378429783,0.37182983160976785,0.5228758169934641,1683,4,1,0,0,1,0,0,1,Promotion dependent,promotion_rate >= eligible-series Q75,0.0528756900926609,0.2304776345716452,0.7558004540874597,1.109609648399397,0.4324570685673125,4.0
45,EGGS,Quito,Pichincha,A,11,2013-01-02,2017-08-15,1687,1679,0.0023767082590612004,413.7344028520499,140.5190528296078,0.33963589167579317,0.32798573975044565,1683,4,1,0,0,0,0,1,0,Ready,"history_length >= 730, zero-sales <= median, CV <= median, and missing periods <= Q75",0.0528756900926609,0.2304776345716452,0.7558004540874597,1.109609648399397,0.4324570685673125,4.0
45,FROZEN FOODS,Quito,Pichincha,A,11,2013-01-02,2017-08-15,1687,1679,0.0023767082590612004,521.4998692863933,700.8626504521657,1.3439363875799388,0.5591206179441474,1683,4,1,0,0,1,1,0,2,Promotion dependent,promotion_rate >= eligible-series Q75,0.0528756900926609,0.2304776345716452,0.7558004540874597,1.109609648399397,0.4324570685673125,4.0
45,GROCERY I,Quito,Pichincha,A,11,2013-01-02,2017-08-15,1687,1679,0.0023767082590612004,9714.647231729055,3963.090439716152,0.4079500104514638,0.6755793226381461,1683,4,1,0,0,1,0,0,1,Promotion dependent,promotion_rate >= eligible-series Q75,0.0528756900926609,0.2304776345716452,0.7558004540874597,1.109609648399397,0.4324570685673125,4.0
45,GROCERY II,Quito,Pichincha,A,11,2013-01-02,2017-08-15,1687,1679,0.0023767082590612004,82.9090909090909,35.784042196584316,0.4316057721079249,0.04634581105169341,1683,4,1,0,0,0,0,1,0,Ready,"history_length >= 730, zero-sales <= median, CV <= median, and missing periods <= Q75",0.0528756900926609,0.2304776345716452,0.7558004540874597,1.109609648399397,0.4324570685673125,4.0
45,HARDWARE,Quito,Pichincha,A,11,2013-01-03,2017-08-15,1686,981,0.4167657550535077,1.089179548156956,1.3226222461662327,1.2143289399844996,0.0,1682,4,1,0,1,0,1,0,2,Intermittent demand,zero_sales_rate >= eligible-series Q75,0.0528756900926609,0.2304776345716452,0.7558004540874597,1.109609648399397,0.4324570685673125,4.0
45,HOME AND KITCHEN I,Quito,Pichincha,A,11,2014-01-02,2017-08-15,1322,1166,0.11599696739954511,60.128885519332826,46.81244735333957,0.7785350908971743,0.2562547384382108,1319,3,1,0,0,0,0,0,0,Ready with caution,Sufficient history without an extreme Q75 risk flag,0.0528756900926609,0.2304776345716452,0.7558004540874597,1.109609648399397,0.4324570685673125,4.0
45,HOME AND KITCHEN II,Quito,Pichincha,A,11,2014-01-02,2017-08-15,1322,1166,0.11599696739954511,65.45261561789235,64.36137064039465,0.9833277101732908,0.5034116755117514,1319,3,1,0,0,1,0,0,1,Promotion dependent,promotion_rate >= eligible-series Q75,0.0528756900926609,0.2304776345716452,0.7558004540874597,1.109609648399397,0.4324570685673125,4.0
45,HOME APPLIANCES,Quito,Pichincha,A,11,2013-01-02,2017-08-14,1686,1078,0.3590963139120095,1.3733650416171226,1.4620983417318298,1.0646101345423973,0.0017835909631391202,1682,4,1,0,1,0,0,0,1,Intermittent demand,zero_sales_rate >= eligible-series Q75,0.0528756900926609,0.2304776345716452,0.7558004540874597,1.109609648399397,0.4324570685673125,4.0
45,HOME CARE,Quito,Pichincha,A,11,2014-01-02,2017-08-15,1322,1044,0.20849128127369218,521.420773313116,345.54075352276,0.6626908079000928,0.5390447308567097,1319,3,1,0,0,1,0,0,1,Promotion dependent,promotion_rate >= eligible-series Q75,0.0528756900926609,0.2304776345716452,0.7558004540874597,1.109609648399397,0.4324570685673125,4.0
45,LADIESWEAR,Quito,Pichincha,A,11,2014-01-02,2017-08-15,1322,1014,0.2312357846853677,20.494313874147082,18.895120391882,0.9219689182040677,0.028051554207733132,1319,3,1,0,1,0,0,0,1,Intermittent demand,zero_sales_rate >= eligible-series Q75,0.0528756900926609,0.2304776345716452,0.7558004540874597,1.109609648399397,0.4324570685673125,4.0
45,LAWN AND GARDEN,Quito,Pichincha,A,11,2013-01-02,2017-08-15,1687,1646,0.021984551396316103,17.920974450386215,21.80993579556346,1.2170061318899674,0.08615567439096851,1683,4,1,0,0,0,1,0,1,High volatility,coefficient_of_variation >= eligible-series Q75,0.0528756900926609,0.2304776345716452,0.7558004540874597,1.109609648399397,0.4324570685673125,4.0
45,LINGERIE,Quito,Pichincha,A,11,2013-01-02,2017-08-15,1687,1543,0.08318478906714201,5.149732620320855,4.294748845447094,0.8339751132903496,0.038027332144979206,1683,4,1,0,0,0,0,0,0,Ready with caution,Sufficient history without an extreme Q75 risk flag,0.0528756900926609,0.2304776345716452,0.7558004540874597,1.109609648399397,0.4324570685673125,4.0
45,"LIQUOR,WINE,BEER",Quito,Pichincha,A,11,2013-01-02,2017-08-15,1687,1497,0.11051693404634581,208.27807486631016,191.01862852947338,0.9171326778014666,0.24301841948900774,1683,4,1,0,0,0,0,0,0,Ready with caution,Sufficient history without an extreme Q75 risk flag,0.0528756900926609,0.2304776345716452,0.7558004540874597,1.109609648399397,0.4324570685673125,4.0
45,MAGAZINES,Quito,Pichincha,A,11,2014-01-03,2017-08-15,1321,1002,0.23975720789074356,11.149468892261002,11.406932666305408,1.0230920213807777,0.0,1318,3,1,0,1,0,0,0,1,Intermittent demand,zero_sales_rate >= eligible-series Q75,0.0528756900926609,0.2304776345716452,0.7558004540874597,1.109609648399397,0.4324570685673125,4.0
45,MEATS,Quito,Pichincha,A,11,2013-01-02,2017-08-15,1687,1679,0.0023767082590612004,1193.4708599286987,377.2244743127518,0.31607346855145524,0.32501485442661915,1683,4,1,0,0,0,0,1,0,Ready,"history_length >= 730, zero-sales <= median, CV <= median, and missing periods <= Q75",0.0528756900926609,0.2304776345716452,0.7558004540874597,1.109609648399397,0.4324570685673125,4.0
45,PERSONAL CARE,Quito,Pichincha,A,11,2013-01-02,2017-08-15,1687,1679,0.0023767082590612004,634.2097445038621,293.44158888627805,0.4626885528475053,0.5204991087344029,1683,4,1,0,0,1,0,0,1,Promotion dependent,promotion_rate >= eligible-series Q75,0.0528756900926609,0.2304776345716452,0.7558004540874597,1.109609648399397,0.4324570685673125,4.0
45,PET SUPPLIES,Quito,Pichincha,A,11,2014-01-02,2017-08-15,1322,1019,0.22744503411675512,17.257012888551934,13.319121325798337,0.7718092008052019,0.11827141774071266,1319,3,1,0,0,0,0,0,0,Ready with caution,Sufficient history without an extreme Q75 risk flag,0.0528756900926609,0.2304776345716452,0.7558004540874597,1.109609648399397,0.4324570685673125,4.0
45,PLAYERS AND ELECTRONICS,Quito,Pichincha,A,11,2014-01-02,2017-08-15,1322,1016,0.22971948445792267,23.99924184988628,20.552146918889203,0.8563665072189183,0.029567854435178165,1319,3,1,0,0,0,0,0,0,Ready with caution,Sufficient history without an extreme Q75 risk flag,0.0528756900926609,0.2304776345716452,0.7558004540874597,1.109609648399397,0.4324570685673125,4.0
45,POULTRY,Quito,Pichincha,A,11,2013-01-02,2017-08-15,1687,1679,0.0023767082590612004,1273.964424848485,494.56747795198,0.38821137255131744,0.2739156268568033,1683,4,1,0,0,0,0,1,0,Ready,"history_length >= 730, zero-sales <= median, CV <= median, and missing periods <= Q75",0.0528756900926609,0.2304776345716452,0.7558004540874597,1.109609648399397,0.4324570685673125,4.0
45,PREPARED FOODS,Quito,Pichincha,A,11,2013-01-02,2017-08-15,1687,1679,0.0023767082590612004,325.72197517528224,96.35938716812034,0.29583323973233927,0.21865715983363043,1683,4,1,0,0,0,0,1,0,Ready,"history_length >= 730, zero-sales <= median, CV <= median, and missing periods <= Q75",0.0528756900926609,0.2304776345716452,0.7558004540874597,1.109609648399397,0.4324570685673125,4.0
45,PRODUCE,Quito,Pichincha,A,11,2013-03-16,2017-08-15,1614,1596,0.008695652173913044,4294.15096689441,3579.0443494010938,0.83346961413178,0.4,1610,4,1,0,0,0,0,0,0,Ready with caution,Sufficient history without an extreme Q75 risk flag,0.0528756900926609,0.2304776345716452,0.7558004540874597,1.109609648399397,0.4324570685673125,4.0
45,SCHOOL AND OFFICE SUPPLIES,Quito,Pichincha,A,11,2014-01-02,2017-08-15,1322,1003,0.2395754359363154,20.770280515542076,71.89904718131766,3.461631013000365,0.1288855193328279,1319,3,1,0,1,0,1,0,2,Intermittent demand,zero_sales_rate >= eligible-series Q75,0.0528756900926609,0.2304776345716452,0.7558004540874597,1.109609648399397,0.4324570685673125,4.0
45,SEAFOOD,Quito,Pichincha,A,11,2013-01-02,2017-08-15,1687,1679,0.0023767082590612004,97.31413453060013,37.28526328841117,0.3831433477598975,0.27629233511586454,1683,4,1,0,0,0,0,1,0,Ready,"history_length >= 730, zero-sales <= median, CV <= median, and missing periods <= Q75",0.0528756900926609,0.2304776345716452,0.7558004540874597,1.109609648399397,0.4324570685673125,4.0
46,AUTOMOTIVE,Quito,Pichincha,A,14,2013-01-02,2017-08-15,1687,1678,0.0029708853238265003,15.199049316696376,8.43962676473352,0.5552733324881358,0.13368983957219252,1683,4,1,0,0,0,0,1,0,Ready,"history_length >= 730, zero-sales <= median, CV <= median, and missing periods <= Q75",0.0528756900926609,0.2304776345716452,0.7558004540874597,1.109609648399397,0.4324570685673125,4.0
46,BABY CARE,Quito,Pichincha,A,14,,,0,0,1.0,0.0,0.0,,0.0,0,0,0,1,1,0,0,0,2,Insufficient history,history_length < 365 or active_days < 90,0.0528756900926609,0.2304776345716452,0.7558004540874597,1.109609648399397,0.4324570685673125,4.0
46,BEAUTY,Quito,Pichincha,A,14,2013-01-02,2017-08-15,1687,1677,0.0035650623885918,11.824717765894237,7.570960060074019,0.640265603794009,0.23588829471182413,1683,4,1,0,0,0,0,1,0,Ready,"history_length >= 730, zero-sales <= median, CV <= median, and missing periods <= Q75",0.0528756900926609,0.2304776345716452,0.7558004540874597,1.109609648399397,0.4324570685673125,4.0
46,BEVERAGES,Quito,Pichincha,A,14,2013-01-02,2017-08-15,1687,1679,0.0023767082590612004,4671.182412358883,2809.5613038294546,0.6014668355481037,0.655377302436126,1683,4,1,0,0,1,0,0,1,Promotion dependent,promotion_rate >= eligible-series Q75,0.0528756900926609,0.2304776345716452,0.7558004540874597,1.109609648399397,0.4324570685673125,4.0
46,BOOKS,Quito,Pichincha,A,14,2016-10-13,2017-08-06,298,108,0.6363636363636364,0.67003367003367,1.3018480882224486,1.9429592070455641,0.0,297,1,1,1,1,0,1,0,3,Insufficient history,history_length < 365 or active_days < 90,0.0528756900926609,0.2304776345716452,0.7558004540874597,1.109609648399397,0.4324570685673125,4.0
46,BREAD/BAKERY,Quito,Pichincha,A,14,2013-01-02,2017-08-15,1687,1679,0.0023767082590612004,778.4350179203803,343.61904490770127,0.44142290235823795,0.5573380867498514,1683,4,1,0,0,1,0,0,1,Promotion dependent,promotion_rate >= eligible-series Q75,0.0528756900926609,0.2304776345716452,0.7558004540874597,1.109609648399397,0.4324570685673125,4.0
46,CELEBRATION,Quito,Pichincha,A,14,2014-01-02,2017-08-15,1322,1016,0.22971948445792267,18.12661106899166,14.558183613696626,0.8031387421667928,0.11220621683093253,1319,3,1,0,0,0,0,0,0,Ready with caution,Sufficient history without an extreme Q75 risk flag,0.0528756900926609,0.2304776345716452,0.7558004540874597,1.109609648399397,0.4324570685673125,4.0
46,CLEANING,Quito,Pichincha,A,14,2013-01-02,2017-08-15,1687,1679,0.0023767082590612004,2299.8336304218656,921.3680005940829,0.40062376182622983,0.6506238859180036,1683,4,1,0,0,1,0,0,1,Promotion dependent,promotion_rate >= eligible-series Q75,0.0528756900926609,0.2304776345716452,0.7558004540874597,1.109609648399397,0.4324570685673125,4.0
46,DAIRY,Quito,Pichincha,A,14,2013-01-02,2017-08-15,1687,1679,0.0023767082590612004,1429.6553773024361,643.5215817903743,0.4501235696427844,0.6345811051693404,1683,4,1,0,0,1,0,0,1,Promotion dependent,promotion_rate >= eligible-series Q75,0.0528756900926609,0.2304776345716452,0.7558004540874597,1.109609648399397,0.4324570685673125,4.0
46,DELI,Quito,Pichincha,A,14,2013-01-02,2017-08-15,1687,1679,0.0023767082590612004,809.8429492335116,319.8189380393088,0.39491476506896356,0.5650623885918004,1683,4,1,0,0,1,0,0,1,Promotion dependent,promotion_rate >= eligible-series Q75,0.0528756900926609,0.2304776345716452,0.7558004540874597,1.109609648399397,0.4324570685673125,4.0
46,EGGS,Quito,Pichincha,A,14,2013-01-02,2017-08-15,1687,1679,0.0023767082590612004,179.6541889483066,86.83187500694834,0.4833278617952694,0.4117647058823529,1683,4,1,0,0,0,0,1,0,Ready,"history_length >= 730, zero-sales <= median, CV <= median, and missing periods <= Q75",0.0528756900926609,0.2304776345716452,0.7558004540874597,1.109609648399397,0.4324570685673125,4.0
46,FROZEN FOODS,Quito,Pichincha,A,14,2013-01-02,2017-08-15,1687,1679,0.0023767082590612004,395.047294379085,768.1738466219924,1.9445110941194232,0.5751633986928104,1683,4,1,0,0,1,1,0,2,Promotion dependent,promotion_rate >= eligible-series Q75,0.0528756900926609,0.2304776345716452,0.7558004540874597,1.109609648399397,0.4324570685673125,4.0
46,GROCERY I,Quito,Pichincha,A,14,2013-01-02,2017-08-15,1687,1679,0.0023767082590612004,8521.843137254902,3604.2440105227256,0.42294183927958834,0.6708259061200238,1683,4,1,0,0,1,0,0,1,Promotion dependent,promotion_rate >= eligible-series Q75,0.0528756900926609,0.2304776345716452,0.7558004540874597,1.109609648399397,0.4324570685673125,4.0
46,GROCERY II,Quito,Pichincha,A,14,2013-01-02,2017-08-15,1687,1679,0.0023767082590612004,42.03980986333927,31.343863388864595,0.7455757647514468,0.0457516339869281,1683,4,1,0,0,0,0,1,0,Ready,"history_length >= 730, zero-sales <= median, CV <= median, and missing periods <= Q75",0.0528756900926609,0.2304776345716452,0.7558004540874597,1.109609648399397,0.4324570685673125,4.0
46,HARDWARE,Quito,Pichincha,A,14,2013-01-04,2017-08-15,1685,1143,0.32004759071980965,1.539559785841761,1.6564483078479493,1.0759233406075746,0.001784651992861392,1681,4,1,0,1,0,0,0,1,Intermittent demand,zero_sales_rate >= eligible-series Q75,0.0528756900926609,0.2304776345716452,0.7558004540874597,1.109609648399397,0.4324570685673125,4.0
46,HOME AND KITCHEN I,Quito,Pichincha,A,14,2014-01-02,2017-08-15,1322,1166,0.11599696739954511,34.724033358605006,33.41094143683166,0.9621849251147565,0.21228203184230476,1319,3,1,0,0,0,0,0,0,Ready with caution,Sufficient history without an extreme Q75 risk flag,0.0528756900926609,0.2304776345716452,0.7558004540874597,1.109609648399397,0.4324570685673125,4.0
46,HOME AND KITCHEN II,Quito,Pichincha,A,14,2014-01-02,2017-08-15,1322,1165,0.11675511751326763,43.65883244882487,51.193275907882224,1.1725754683863552,0.47081122062168307,1319,3,1,0,0,1,1,0,2,Promotion dependent,promotion_rate >= eligible-series Q75,0.0528756900926609,0.2304776345716452,0.7558004540874597,1.109609648399397,0.4324570685673125,4.0
46,HOME APPLIANCES,Quito,Pichincha,A,14,2013-01-02,2017-08-14,1686,1040,0.3816884661117717,1.401307966706302,1.628150106004323,1.1618788622398266,0.0011890606420927466,1682,4,1,0,1,0,1,0,2,Intermittent demand,zero_sales_rate >= eligible-series Q75,0.0528756900926609,0.2304776345716452,0.7558004540874597,1.109609648399397,0.4324570685673125,4.0
46,HOME CARE,Quito,Pichincha,A,14,2014-01-02,2017-08-15,1322,1044,0.20849128127369218,542.10386656558,375.6236602240221,0.6928997990804439,0.5852918877937832,1319,3,1,0,0,1,0,0,1,Promotion dependent,promotion_rate >= eligible-series Q75,0.0528756900926609,0.2304776345716452,0.7558004540874597,1.109609648399397,0.4324570685673125,4.0
46,LADIESWEAR,Quito,Pichincha,A,14,2014-01-02,2017-08-15,1322,1016,0.22971948445792267,26.125094768764214,25.190749671576874,0.9642357241013929,0.01819560272934041,1319,3,1,0,0,0,0,0,0,Ready with caution,Sufficient history without an extreme Q75 risk flag,0.0528756900926609,0.2304776345716452,0.7558004540874597,1.109609648399397,0.4324570685673125,4.0
46,LAWN AND GARDEN,Quito,Pichincha,A,14,2013-01-02,2017-08-15,1687,1628,0.032679738562091505,10.658348187759952,15.023021378816326,1.4095074690906388,0.0992275698158051,1683,4,1,0,0,0,1,0,1,High volatility,coefficient_of_variation >= eligible-series Q75,0.0528756900926609,0.2304776345716452,0.7558004540874597,1.109609648399397,0.4324570685673125,4.0
46,LINGERIE,Quito,Pichincha,A,14,2013-01-02,2017-08-15,1687,1625,0.0344622697563874,8.017825311942959,10.242931069036974,1.2775198598776663,0.043969102792632206,1683,4,1,0,0,0,1,0,1,High volatility,coefficient_of_variation >= eligible-series Q75,0.0528756900926609,0.2304776345716452,0.7558004540874597,1.109609648399397,0.4324570685673125,4.0
46,"LIQUOR,WINE,BEER",Quito,Pichincha,A,14,2013-01-02,2017-08-15,1687,1498,0.10992275698158051,120.48247177658942,119.68572161180809,0.9933870034949255,0.24183006535947713,1683,4,1,0,0,0,0,0,0,Ready with caution,Sufficient history without an extreme Q75 risk flag,0.0528756900926609,0.2304776345716452,0.7558004540874597,1.109609648399397,0.4324570685673125,4.0
46,MAGAZINES,Quito,Pichincha,A,14,2014-01-03,2017-08-15,1321,920,0.30197268588770865,5.79969650986343,7.202627540816384,1.2418973180005226,0.0007587253414264037,1318,3,1,0,1,0,1,0,2,Intermittent demand,zero_sales_rate >= eligible-series Q75,0.0528756900926609,0.2304776345716452,0.7558004540874597,1.109609648399397,0.4324570685673125,4.0
46,MEATS,Quito,Pichincha,A,14,2013-01-02,2017-08-15,1687,1679,0.0023767082590612004,1169.6198234224598,359.32952619014196,0.3072190800756925,0.36541889483065954,1683,4,1,0,0,0,0,1,0,Ready,"history_length >= 730, zero-sales <= median, CV <= median, and missing periods <= Q75",0.0528756900926609,0.2304776345716452,0.7558004540874597,1.109609648399397,0.4324570685673125,4.0
46,PERSONAL CARE,Quito,Pichincha,A,14,2013-01-02,2017-08-15,1687,1679,0.0023767082590612004,744.2382650029709,355.33815136673206,0.47745213875198095,0.5311942959001783,1683,4,1,0,0,1,0,0,1,Promotion dependent,promotion_rate >= eligible-series Q75,0.0528756900926609,0.2304776345716452,0.7558004540874597,1.109609648399397,0.4324570685673125,4.0
46,PET SUPPLIES,Quito,Pichincha,A,14,2014-01-02,2017-08-15,1322,1020,0.2266868840030326,16.768764215314633,13.16962042693076,0.7853661878615459,0.11448066717210008,1319,3,1,0,0,0,0,0,0,Ready with caution,Sufficient history without an extreme Q75 risk flag,0.0528756900926609,0.2304776345716452,0.7558004540874597,1.109609648399397,0.4324570685673125,4.0
46,PLAYERS AND ELECTRONICS,Quito,Pichincha,A,14,2014-01-02,2017-08-15,1322,1016,0.22971948445792267,20.314632297194844,18.72965618846988,0.9219785972230554,0.02880970432145565,1319,3,1,0,0,0,0,0,0,Ready with caution,Sufficient history without an extreme Q75 risk flag,0.0528756900926609,0.2304776345716452,0.7558004540874597,1.109609648399397,0.4324570685673125,4.0
46,POULTRY,Quito,Pichincha,A,14,2013-01-02,2017-08-15,1687,1679,0.0023767082590612004,1008.23924295306,427.2980966592144,0.42380625396774785,0.3285799168152109,1683,4,1,0,0,0,0,1,0,Ready,"history_length >= 730, zero-sales <= median, CV <= median, and missing periods <= Q75",0.0528756900926609,0.2304776345716452,0.7558004540874597,1.109609648399397,0.4324570685673125,4.0
46,PREPARED FOODS,Quito,Pichincha,A,14,2013-01-02,2017-08-15,1687,1679,0.0023767082590612004,173.60933219667263,62.86933839625521,0.3621310997558238,0.22756981580510993,1683,4,1,0,0,0,0,1,0,Ready,"history_length >= 730, zero-sales <= median, CV <= median, and missing periods <= Q75",0.0528756900926609,0.2304776345716452,0.7558004540874597,1.109609648399397,0.4324570685673125,4.0
46,PRODUCE,Quito,Pichincha,A,14,2013-03-16,2017-08-15,1614,1580,0.018633540372670808,1968.5816183850932,1744.7978979411728,0.8863223559775494,0.4335403726708075,1610,4,1,0,0,1,0,0,1,Promotion dependent,promotion_rate >= eligible-series Q75,0.0528756900926609,0.2304776345716452,0.7558004540874597,1.109609648399397,0.4324570685673125,4.0
46,SCHOOL AND OFFICE SUPPLIES,Quito,Pichincha,A,14,2014-01-02,2017-08-15,1322,989,0.25018953752843065,16.517058377558758,55.526404648523595,3.361761118672662,0.133434420015163,1319,3,1,0,1,0,1,0,2,Intermittent demand,zero_sales_rate >= eligible-series Q75,0.0528756900926609,0.2304776345716452,0.7558004540874597,1.109609648399397,0.4324570685673125,4.0
46,SEAFOOD,Quito,Pichincha,A,14,2013-01-02,2017-08-15,1687,1679,0.0023767082590612004,50.48721692049911,23.320338228104905,0.46190579815137817,0.27629233511586454,1683,4,1,0,0,0,0,1,0,Ready,"history_length >= 730, zero-sales <= median, CV <= median, and missing periods <= Q75",0.0528756900926609,0.2304776345716452,0.7558004540874597,1.109609648399397,0.4324570685673125,4.0
47,AUTOMOTIVE,Quito,Pichincha,A,14,2013-01-02,2017-08-15,1687,1679,0.0023767082590612004,16.001188354129532,7.945563813742053,0.49656085772476327,0.1408199643493761,1683,4,1,0,0,0,0,1,0,Ready,"history_length >= 730, zero-sales <= median, CV <= median, and missing periods <= Q75",0.0528756900926609,0.2304776345716452,0.7558004540874597,1.109609648399397,0.4324570685673125,4.0
47,BABY CARE,Quito,Pichincha,A,14,,,0,0,1.0,0.0,0.0,,0.0,0,0,0,1,1,0,0,0,2,Insufficient history,history_length < 365 or active_days < 90,0.0528756900926609,0.2304776345716452,0.7558004540874597,1.109609648399397,0.4324570685673125,4.0
47,BEAUTY,Quito,Pichincha,A,14,2013-01-02,2017-08-15,1687,1675,0.004753416518122401,12.271538918597741,7.808609334251445,0.6363186708732476,0.23172905525846701,1683,4,1,0,0,0,0,1,0,Ready,"history_length >= 730, zero-sales <= median, CV <= median, and missing periods <= Q75",0.0528756900926609,0.2304776345716452,0.7558004540874597,1.109609648399397,0.4324570685673125,4.0
47,BEVERAGES,Quito,Pichincha,A,14,2013-01-02,2017-08-15,1687,1679,0.0023767082590612004,6410.489007724302,3521.6522322673586,0.5493578146727891,0.6399286987522281,1683,4,1,0,0,1,0,0,1,Promotion dependent,promotion_rate >= eligible-series Q75,0.0528756900926609,0.2304776345716452,0.7558004540874597,1.109609648399397,0.4324570685673125,4.0
47,BOOKS,Quito,Pichincha,A,14,2016-10-12,2017-07-23,285,164,0.4225352112676056,2.045774647887324,2.3943432522957866,1.170384653445789,0.0,284,1,1,1,1,0,1,0,3,Insufficient history,history_length < 365 or active_days < 90,0.0528756900926609,0.2304776345716452,0.7558004540874597,1.109609648399397,0.4324570685673125,4.0
47,BREAD/BAKERY,Quito,Pichincha,A,14,2013-01-02,2017-08-15,1687,1679,0.0023767082590612004,1108.078509144385,373.60270982324727,0.33716267100219166,0.5175282234105764,1683,4,1,0,0,1,0,0,1,Promotion dependent,promotion_rate >= eligible-series Q75,0.0528756900926609,0.2304776345716452,0.7558004540874597,1.109609648399397,0.4324570685673125,4.0
47,CELEBRATION,Quito,Pichincha,A,14,2014-01-02,2017-08-15,1322,1016,0.22971948445792267,21.751326762699016,17.987401491781107,0.8269565203087933,0.09552691432903715,1319,3,1,0,0,0,0,0,0,Ready with caution,Sufficient history without an extreme Q75 risk flag,0.0528756900926609,0.2304776345716452,0.7558004540874597,1.109609648399397,0.4324570685673125,4.0
47,CLEANING,Quito,Pichincha,A,14,2013-01-02,2017-08-15,1687,1679,0.0023767082590612004,2326.4925727866903,736.1119330892293,0.3164041620848628,0.6470588235294118,1683,4,1,0,0,1,0,0,1,Promotion dependent,promotion_rate >= eligible-series Q75,0.0528756900926609,0.2304776345716452,0.7558004540874597,1.109609648399397,0.4324570685673125,4.0
47,DAIRY,Quito,Pichincha,A,14,2013-01-02,2017-08-15,1687,1679,0.0023767082590612004,1984.0701128936423,774.7623584589198,0.3904914213585816,0.6244800950683304,1683,4,1,0,0,1,0,0,1,Promotion dependent,promotion_rate >= eligible-series Q75,0.0528756900926609,0.2304776345716452,0.7558004540874597,1.109609648399397,0.4324570685673125,4.0
47,DELI,Quito,Pichincha,A,14,2013-01-02,2017-08-15,1687,1679,0.0023767082590612004,641.6867185858587,226.14824805650028,0.3524278148609387,0.5264408793820559,1683,4,1,0,0,1,0,0,1,Promotion dependent,promotion_rate >= eligible-series Q75,0.0528756900926609,0.2304776345716452,0.7558004540874597,1.109609648399397,0.4324570685673125,4.0
47,EGGS,Quito,Pichincha,A,14,2013-01-02,2017-08-15,1687,1679,0.0023767082590612004,357.0029708853238,126.39675512367413,0.35404958902786043,0.3838383838383838,1683,4,1,0,0,0,0,1,0,Ready,"history_length >= 730, zero-sales <= median, CV <= median, and missing periods <= Q75",0.0528756900926609,0.2304776345716452,0.7558004540874597,1.109609648399397,0.4324570685673125,4.0
47,FROZEN FOODS,Quito,Pichincha,A,14,2013-01-02,2017-08-15,1687,1679,0.0023767082590612004,425.60188111705287,584.809489719168,1.3740763743436755,0.5793226381461676,1683,4,1,0,0,1,1,0,2,Promotion dependent,promotion_rate >= eligible-series Q75,0.0528756900926609,0.2304776345716452,0.7558004540874597,1.109609648399397,0.4324570685673125,4.0
47,GROCERY I,Quito,Pichincha,A,14,2013-01-02,2017-08-15,1687,1679,0.0023767082590612004,9218.376999405824,3206.7216133187576,0.3478618430907576,0.6737967914438503,1683,4,1,0,0,1,0,0,1,Promotion dependent,promotion_rate >= eligible-series Q75,0.0528756900926609,0.2304776345716452,0.7558004540874597,1.109609648399397,0.4324570685673125,4.0
47,GROCERY II,Quito,Pichincha,A,14,2013-01-02,2017-08-15,1687,1679,0.0023767082590612004,64.1729055258467,35.62338245064216,0.5551156233107484,0.040998217468805706,1683,4,1,0,0,0,0,1,0,Ready,"history_length >= 730, zero-sales <= median, CV <= median, and missing periods <= Q75",0.0528756900926609,0.2304776345716452,0.7558004540874597,1.109609648399397,0.4324570685673125,4.0
47,HARDWARE,Quito,Pichincha,A,14,2013-01-02,2017-08-13,1685,1231,0.2676977989292088,1.810232004759072,1.8264694034820397,1.0089697887786095,0.001189767995240928,1681,4,1,0,1,0,0,0,1,Intermittent demand,zero_sales_rate >= eligible-series Q75,0.0528756900926609,0.2304776345716452,0.7558004540874597,1.109609648399397,0.4324570685673125,4.0
47,HOME AND KITCHEN I,Quito,Pichincha,A,14,2014-01-02,2017-08-15,1322,1166,0.11599696739954511,51.24943138741471,43.611933125939785,0.8509739902528858,0.25018953752843065,1319,3,1,0,0,0,0,0,0,Ready with caution,Sufficient history without an extreme Q75 risk flag,0.0528756900926609,0.2304776345716452,0.7558004540874597,1.109609648399397,0.4324570685673125,4.0
47,HOME AND KITCHEN II,Quito,Pichincha,A,14,2014-01-02,2017-08-15,1322,1166,0.11599696739954511,56.909021986353295,68.74532999803672,1.2079864949097483,0.4495830174374526,1319,3,1,0,0,1,1,0,2,Promotion dependent,promotion_rate >= eligible-series Q75,0.0528756900926609,0.2304776345716452,0.7558004540874597,1.109609648399397,0.4324570685673125,4.0
47,HOME APPLIANCES,Quito,Pichincha,A,14,2013-02-25,2017-08-14,1632,1121,0.31142506142506143,1.885135135135135,1.9196394275538995,1.018303352250814,0.0018427518427518428,1628,4,1,0,1,0,0,0,1,Intermittent demand,zero_sales_rate >= eligible-series Q75,0.0528756900926609,0.2304776345716452,0.7558004540874597,1.109609648399397,0.4324570685673125,4.0
47,HOME CARE,Quito,Pichincha,A,14,2014-01-02,2017-08-15,1322,1044,0.20849128127369218,532.6686884003033,345.48259248812315,0.648588137451194,0.5390447308567097,1319,3,1,0,0,1,0,0,1,Promotion dependent,promotion_rate >= eligible-series Q75,0.0528756900926609,0.2304776345716452,0.7558004540874597,1.109609648399397,0.4324570685673125,4.0
47,LADIESWEAR,Quito,Pichincha,A,14,2014-01-02,2017-08-15,1322,1015,0.2304776345716452,24.061410159211523,21.554251448874833,0.8958016718992314,0.018953752843062926,1319,3,1,0,1,0,0,0,1,Intermittent demand,zero_sales_rate >= eligible-series Q75,0.0528756900926609,0.2304776345716452,0.7558004540874597,1.109609648399397,0.4324570685673125,4.0
47,LAWN AND GARDEN,Quito,Pichincha,A,14,2013-01-02,2017-08-15,1687,1669,0.008318478906714201,16.266191325014855,16.792479388786695,1.032354719876096,0.1021984551396316,1683,4,1,0,0,0,0,0,0,Ready with caution,Sufficient history without an extreme Q75 risk flag,0.0528756900926609,0.2304776345716452,0.7558004540874597,1.109609648399397,0.4324570685673125,4.0
47,LINGERIE,Quito,Pichincha,A,14,2013-01-02,2017-08-15,1687,1507,0.10457516339869281,5.10873440285205,4.8470728386948725,0.9487815291374123,0.04040404040404041,1683,4,1,0,0,0,0,0,0,Ready with caution,Sufficient history without an extreme Q75 risk flag,0.0528756900926609,0.2304776345716452,0.7558004540874597,1.109609648399397,0.4324570685673125,4.0
47,"LIQUOR,WINE,BEER",Quito,Pichincha,A,14,2013-01-02,2017-08-15,1687,1498,0.10992275698158051,166.58823529411765,133.45148273581282,0.801085878004526,0.24361259655377301,1683,4,1,0,0,0,0,0,0,Ready with caution,Sufficient history without an extreme Q75 risk flag,0.0528756900926609,0.2304776345716452,0.7558004540874597,1.109609648399397,0.4324570685673125,4.0
47,MAGAZINES,Quito,Pichincha,A,14,2014-01-03,2017-08-15,1321,999,0.24203338391502277,9.40288315629742,10.104130170512564,1.0745778717611199,0.0007587253414264037,1318,3,1,0,1,0,0,0,1,Intermittent demand,zero_sales_rate >= eligible-series Q75,0.0528756900926609,0.2304776345716452,0.7558004540874597,1.109609648399397,0.4324570685673125,4.0
47,MEATS,Quito,Pichincha,A,14,2013-01-02,2017-08-15,1687,1679,0.0023767082590612004,897.168685882353,306.168785422452,0.3412611142589526,0.3612596553773024,1683,4,1,0,0,0,0,1,0,Ready,"history_length >= 730, zero-sales <= median, CV <= median, and missing periods <= Q75",0.0528756900926609,0.2304776345716452,0.7558004540874597,1.109609648399397,0.4324570685673125,4.0
47,PERSONAL CARE,Quito,Pichincha,A,14,2013-01-02,2017-08-15,1687,1679,0.0023767082590612004,702.8401663695781,313.4682023983221,0.4460021174052956,0.5329768270944741,1683,4,1,0,0,1,0,0,1,Promotion dependent,promotion_rate >= eligible-series Q75,0.0528756900926609,0.2304776345716452,0.7558004540874597,1.109609648399397,0.4324570685673125,4.0
47,PET SUPPLIES,Quito,Pichincha,A,14,2014-01-02,2017-08-15,1322,1015,0.2304776345716452,17.260803639120546,13.727852450013224,0.7953194264315651,0.11902956785443518,1319,3,1,0,1,0,0,0,1,Intermittent demand,zero_sales_rate >= eligible-series Q75,0.0528756900926609,0.2304776345716452,0.7558004540874597,1.109609648399397,0.4324570685673125,4.0
47,PLAYERS AND ELECTRONICS,Quito,Pichincha,A,14,2014-01-02,2017-08-15,1322,1016,0.22971948445792267,23.15390447308567,18.2457877025401,0.7880220687508314,0.03411675511751327,1319,3,1,0,0,0,0,0,0,Ready with caution,Sufficient history without an extreme Q75 risk flag,0.0528756900926609,0.2304776345716452,0.7558004540874597,1.109609648399397,0.4324570685673125,4.0
47,POULTRY,Quito,Pichincha,A,14,2013-01-02,2017-08-15,1687,1679,0.0023767082590612004,1152.134284640523,418.2427076065533,0.3630155904413947,0.31194295900178254,1683,4,1,0,0,0,0,1,0,Ready,"history_length >= 730, zero-sales <= median, CV <= median, and missing periods <= Q75",0.0528756900926609,0.2304776345716452,0.7558004540874597,1.109609648399397,0.4324570685673125,4.0
47,PREPARED FOODS,Quito,Pichincha,A,14,2013-01-02,2017-08-15,1687,1679,0.0023767082590612004,288.7762050421866,89.02998386111744,0.3083009690778064,0.22162804515745693,1683,4,1,0,0,0,0,1,0,Ready,"history_length >= 730, zero-sales <= median, CV <= median, and missing periods <= Q75",0.0528756900926609,0.2304776345716452,0.7558004540874597,1.109609648399397,0.4324570685673125,4.0
47,PRODUCE,Quito,Pichincha,A,14,2013-03-16,2017-08-15,1614,1564,0.02857142857142857,3972.0442011180126,3317.722582830616,0.835268293816261,0.4012422360248447,1610,4,1,0,0,0,0,0,0,Ready with caution,Sufficient history without an extreme Q75 risk flag,0.0528756900926609,0.2304776345716452,0.7558004540874597,1.109609648399397,0.4324570685673125,4.0
47,SCHOOL AND OFFICE SUPPLIES,Quito,Pichincha,A,14,2014-01-02,2017-08-15,1322,988,0.25094768764215314,15.836239575435936,65.6678924586496,4.146684706671717,0.11751326762699014,1319,3,1,0,1,0,1,0,2,Intermittent demand,zero_sales_rate >= eligible-series Q75,0.0528756900926609,0.2304776345716452,0.7558004540874597,1.109609648399397,0.4324570685673125,4.0
47,SEAFOOD,Quito,Pichincha,A,14,2013-01-02,2017-08-15,1687,1679,0.0023767082590612004,85.87481315508022,32.10477101092079,0.3738554976875839,0.27450980392156865,1683,4,1,0,0,0,0,1,0,Ready,"history_length >= 730, zero-sales <= median, CV <= median, and missing periods <= Q75",0.0528756900926609,0.2304776345716452,0.7558004540874597,1.109609648399397,0.4324570685673125,4.0
48,AUTOMOTIVE,Quito,Pichincha,A,14,2013-01-02,2017-08-15,1687,1676,0.0041592394533571005,13.543077837195485,8.043935051690587,0.5939517699291562,0.12240047534165181,1683,4,1,0,0,0,0,1,0,Ready,"history_length >= 730, zero-sales <= median, CV <= median, and missing periods <= Q75",0.0528756900926609,0.2304776345716452,0.7558004540874597,1.109609648399397,0.4324570685673125,4.0
48,BABY CARE,Quito,Pichincha,A,14,,,0,0,1.0,0.0,0.0,,0.0,0,0,0,1,1,0,0,0,2,Insufficient history,history_length < 365 or active_days < 90,0.0528756900926609,0.2304776345716452,0.7558004540874597,1.109609648399397,0.4324570685673125,4.0
48,BEAUTY,Quito,Pichincha,A,14,2013-01-02,2017-08-15,1687,1669,0.008318478906714201,10.560308972073678,7.591245530446783,0.7188469154190028,0.23945335710041593,1683,4,1,0,0,0,0,1,0,Ready,"history_length >= 730, zero-sales <= median, CV <= median, and missing periods <= Q75",0.0528756900926609,0.2304776345716452,0.7558004540874597,1.109609648399397,0.4324570685673125,4.0
48,BEVERAGES,Quito,Pichincha,A,14,2013-01-02,2017-08-15,1687,1679,0.0023767082590612004,3751.5525846702317,2448.170323380456,0.6525752386849869,0.6530005941770648,1683,4,1,0,0,1,0,0,1,Promotion dependent,promotion_rate >= eligible-series Q75,0.0528756900926609,0.2304776345716452,0.7558004540874597,1.109609648399397,0.4324570685673125,4.0
48,BOOKS,Quito,Pichincha,A,14,2016-10-12,2017-06-24,256,33,0.8705882352941177,0.2235294117647059,0.705040411890878,3.1541281584591907,0.0,255,1,1,1,1,0,1,0,3,Insufficient history,history_length < 365 or active_days < 90,0.0528756900926609,0.2304776345716452,0.7558004540874597,1.109609648399397,0.4324570685673125,4.0
48,BREAD/BAKERY,Quito,Pichincha,A,14,2013-01-02,2017-08-15,1687,1679,0.0023767082590612004,707.7033119073083,324.88682318613775,0.45907206836512576,0.5543672014260249,1683,4,1,0,0,1,0,0,1,Promotion dependent,promotion_rate >= eligible-series Q75,0.0528756900926609,0.2304776345716452,0.7558004540874597,1.109609648399397,0.4324570685673125,4.0
48,CELEBRATION,Quito,Pichincha,A,14,2014-01-02,2017-08-15,1322,1016,0.22971948445792267,18.272175890826382,14.622910310876351,0.8002829218723667,0.11827141774071266,1319,3,1,0,0,0,0,0,0,Ready with caution,Sufficient history without an extreme Q75 risk flag,0.0528756900926609,0.2304776345716452,0.7558004540874597,1.109609648399397,0.4324570685673125,4.0
48,CLEANING,Quito,Pichincha,A,14,2013-01-02,2017-08-15,1687,1679,0.0023767082590612004,2140.671420083185,950.5112302690598,0.4440248145285761,0.6636957813428401,1683,4,1,0,0,1,0,0,1,Promotion dependent,promotion_rate >= eligible-series Q75,0.0528756900926609,0.2304776345716452,0.7558004540874597,1.109609648399397,0.4324570685673125,4.0
48,DAIRY,Quito,Pichincha,A,14,2013-01-02,2017-08-15,1687,1679,0.0023767082590612004,1199.4390968508615,619.7544192139435,0.5167035332107437,0.6333927510398099,1683,4,1,0,0,1,0,0,1,Promotion dependent,promotion_rate >= eligible-series Q75,0.0528756900926609,0.2304776345716452,0.7558004540874597,1.109609648399397,0.4324570685673125,4.0
48,DELI,Quito,Pichincha,A,14,2013-01-02,2017-08-15,1687,1679,0.0023767082590612004,651.7050993166964,273.30788016202575,0.4193735486320196,0.5264408793820559,1683,4,1,0,0,1,0,0,1,Promotion dependent,promotion_rate >= eligible-series Q75,0.0528756900926609,0.2304776345716452,0.7558004540874597,1.109609648399397,0.4324570685673125,4.0
48,EGGS,Quito,Pichincha,A,14,2013-01-02,2017-08-15,1687,1679,0.0023767082590612004,142.4093879976233,76.37191889069788,0.5362842995433171,0.41711229946524064,1683,4,1,0,0,0,0,1,0,Ready,"history_length >= 730, zero-sales <= median, CV <= median, and missing periods <= Q75",0.0528756900926609,0.2304776345716452,0.7558004540874597,1.109609648399397,0.4324570685673125,4.0
48,FROZEN FOODS,Quito,Pichincha,A,14,2013-01-02,2017-08-15,1687,1679,0.0023767082590612004,308.97971671360665,618.4847466674423,2.0017001544496718,0.5674390968508616,1683,4,1,0,0,1,1,0,2,Promotion dependent,promotion_rate >= eligible-series Q75,0.0528756900926609,0.2304776345716452,0.7558004540874597,1.109609648399397,0.4324570685673125,4.0
48,GROCERY I,Quito,Pichincha,A,14,2013-01-02,2017-08-15,1687,1679,0.0023767082590612004,7623.88241889483,3450.8702675497375,0.4526394923139411,0.6797385620915033,1683,4,1,0,0,1,0,0,1,Promotion dependent,promotion_rate >= eligible-series Q75,0.0528756900926609,0.2304776345716452,0.7558004540874597,1.109609648399397,0.4324570685673125,4.0
48,GROCERY II,Quito,Pichincha,A,14,2013-01-02,2017-08-15,1687,1679,0.0023767082590612004,42.751039809863336,27.701619411192862,0.6479753366092785,0.035650623885918005,1683,4,1,0,0,0,0,1,0,Ready,"history_length >= 730, zero-sales <= median, CV <= median, and missing periods <= Q75",0.0528756900926609,0.2304776345716452,0.7558004540874597,1.109609648399397,0.4324570685673125,4.0
48,HARDWARE,Quito,Pichincha,A,14,2013-01-02,2017-08-13,1685,851,0.49375371802498513,0.8964901844140393,1.2061324682657333,1.3453939476806223,0.001189767995240928,1681,4,1,0,1,0,1,0,2,Intermittent demand,zero_sales_rate >= eligible-series Q75,0.0528756900926609,0.2304776345716452,0.7558004540874597,1.109609648399397,0.4324570685673125,4.0
48,HOME AND KITCHEN I,Quito,Pichincha,A,14,2014-01-02,2017-08-15,1322,1166,0.11599696739954511,41.29416224412434,38.306267836688086,0.92764366086973,0.22289613343442002,1319,3,1,0,0,0,0,0,0,Ready with caution,Sufficient history without an extreme Q75 risk flag,0.0528756900926609,0.2304776345716452,0.7558004540874597,1.109609648399397,0.4324570685673125,4.0
48,HOME AND KITCHEN II,Quito,Pichincha,A,14,2014-01-02,2017-08-15,1322,1166,0.11599696739954511,31.178923426838512,47.1630833331814,1.5126591347469,0.40561031084154664,1319,3,1,0,0,0,1,0,1,High volatility,coefficient_of_variation >= eligible-series Q75,0.0528756900926609,0.2304776345716452,0.7558004540874597,1.109609648399397,0.4324570685673125,4.0
48,HOME APPLIANCES,Quito,Pichincha,A,14,2013-02-24,2017-08-07,1626,736,0.5462392108508015,0.8816276202219482,1.2706705480297553,1.4412780621708134,0.0006165228113440197,1622,4,1,0,1,0,1,0,2,Intermittent demand,zero_sales_rate >= eligible-series Q75,0.0528756900926609,0.2304776345716452,0.7558004540874597,1.109609648399397,0.4324570685673125,4.0
48,HOME CARE,Quito,Pichincha,A,14,2014-01-02,2017-08-15,1322,1044,0.20849128127369218,496.8946171341926,359.9400539701503,0.7243790565614923,0.5633055344958302,1319,3,1,0,0,1,0,0,1,Promotion dependent,promotion_rate >= eligible-series Q75,0.0528756900926609,0.2304776345716452,0.7558004540874597,1.109609648399397,0.4324570685673125,4.0
48,LADIESWEAR,Quito,Pichincha,A,14,2014-01-02,2017-08-15,1322,1016,0.22971948445792267,21.146322971948447,21.74951832907104,1.0285248342192994,0.017437452615617893,1319,3,1,0,0,0,0,0,0,Ready with caution,Sufficient history without an extreme Q75 risk flag,0.0528756900926609,0.2304776345716452,0.7558004540874597,1.109609648399397,0.4324570685673125,4.0
48,LAWN AND GARDEN,Quito,Pichincha,A,14,2013-01-02,2017-08-15,1687,1476,0.12299465240641712,6.262032085561497,9.912322045289327,1.5829241865662718,0.07248960190136661,1683,4,1,0,0,0,1,0,1,High volatility,coefficient_of_variation >= eligible-series Q75,0.0528756900926609,0.2304776345716452,0.7558004540874597,1.109609648399397,0.4324570685673125,4.0
48,LINGERIE,Quito,Pichincha,A,14,2013-01-02,2017-08-14,1686,1487,0.1159334126040428,5.463139120095125,6.945877905942691,1.2714078395685717,0.030915576694411414,1682,4,1,0,0,0,1,0,1,High volatility,coefficient_of_variation >= eligible-series Q75,0.0528756900926609,0.2304776345716452,0.7558004540874597,1.109609648399397,0.4324570685673125,4.0
48,"LIQUOR,WINE,BEER",Quito,Pichincha,A,14,2013-01-02,2017-08-15,1687,1499,0.10932857991681522,103.8407605466429,108.15523514520328,1.0415489502951245,0.24123588829471182,1683,4,1,0,0,0,0,0,0,Ready with caution,Sufficient history without an extreme Q75 risk flag,0.0528756900926609,0.2304776345716452,0.7558004540874597,1.109609648399397,0.4324570685673125,4.0
48,MAGAZINES,Quito,Pichincha,A,14,2014-01-02,2017-08-15,1322,859,0.34874905231235787,3.8703563305534496,5.158550729039145,1.332836123722357,0.000758150113722517,1319,3,1,0,1,0,1,0,2,Intermittent demand,zero_sales_rate >= eligible-series Q75,0.0528756900926609,0.2304776345716452,0.7558004540874597,1.109609648399397,0.4324570685673125,4.0
48,MEATS,Quito,Pichincha,A,14,2013-01-02,2017-08-15,1687,1679,0.0023767082590612004,983.430870516934,365.3939072640459,0.3715501701425937,0.41117052881758764,1683,4,1,0,0,0,0,1,0,Ready,"history_length >= 730, zero-sales <= median, CV <= median, and missing periods <= Q75",0.0528756900926609,0.2304776345716452,0.7558004540874597,1.109609648399397,0.4324570685673125,4.0
48,PERSONAL CARE,Quito,Pichincha,A,14,2013-01-02,2017-08-15,1687,1679,0.0023767082590612004,706.6702317290552,366.98677103961023,0.5193182825059437,0.5508021390374331,1683,4,1,0,0,1,0,0,1,Promotion dependent,promotion_rate >= eligible-series Q75,0.0528756900926609,0.2304776345716452,0.7558004540874597,1.109609648399397,0.4324570685673125,4.0
48,PET SUPPLIES,Quito,Pichincha,A,14,2014-01-02,2017-08-15,1322,1020,0.2266868840030326,12.278999241849887,10.206269023205834,0.8311971376641452,0.11827141774071266,1319,3,1,0,0,0,0,0,0,Ready with caution,Sufficient history without an extreme Q75 risk flag,0.0528756900926609,0.2304776345716452,0.7558004540874597,1.109609648399397,0.4324570685673125,4.0
48,PLAYERS AND ELECTRONICS,Quito,Pichincha,A,14,2014-01-02,2017-08-15,1322,1016,0.22971948445792267,17.389689158453375,15.638016878950442,0.8992694887446323,0.032600454890068235,1319,3,1,0,0,0,0,0,0,Ready with caution,Sufficient history without an extreme Q75 risk flag,0.0528756900926609,0.2304776345716452,0.7558004540874597,1.109609648399397,0.4324570685673125,4.0
48,POULTRY,Quito,Pichincha,A,14,2013-01-02,2017-08-15,1687,1679,0.0023767082590612004,891.6657693879977,418.09571197585217,0.46889285910663103,0.33273915626856804,1683,4,1,0,0,0,0,1,0,Ready,"history_length >= 730, zero-sales <= median, CV <= median, and missing periods <= Q75",0.0528756900926609,0.2304776345716452,0.7558004540874597,1.109609648399397,0.4324570685673125,4.0
48,PREPARED FOODS,Quito,Pichincha,A,14,2013-01-02,2017-08-15,1687,1679,0.0023767082590612004,131.60097738146166,62.91427340617794,0.47806843579750297,0.21746880570409982,1683,4,1,0,0,0,0,1,0,Ready,"history_length >= 730, zero-sales <= median, CV <= median, and missing periods <= Q75",0.0528756900926609,0.2304776345716452,0.7558004540874597,1.109609648399397,0.4324570685673125,4.0
48,PRODUCE,Quito,Pichincha,A,14,2013-03-16,2017-08-15,1614,1508,0.06335403726708075,1439.5834598757763,1324.794159306929,0.9202621426487128,0.4260869565217391,1610,4,1,0,0,0,0,0,0,Ready with caution,Sufficient history without an extreme Q75 risk flag,0.0528756900926609,0.2304776345716452,0.7558004540874597,1.109609648399397,0.4324570685673125,4.0
48,SCHOOL AND OFFICE SUPPLIES,Quito,Pichincha,A,14,2014-01-02,2017-08-15,1322,979,0.2577710386656558,20.678544351781653,76.31932010472984,3.6907491555687866,0.1372251705837756,1319,3,1,0,1,0,1,0,2,Intermittent demand,zero_sales_rate >= eligible-series Q75,0.0528756900926609,0.2304776345716452,0.7558004540874597,1.109609648399397,0.4324570685673125,4.0
48,SEAFOOD,Quito,Pichincha,A,14,2013-01-02,2017-08-15,1687,1679,0.0023767082590612004,29.984244399584075,14.816379891285607,0.4941388448491679,0.2846108140225787,1683,4,1,0,0,0,0,1,0,Ready,"history_length >= 730, zero-sales <= median, CV <= median, and missing periods <= Q75",0.0528756900926609,0.2304776345716452,0.7558004540874597,1.109609648399397,0.4324570685673125,4.0
49,AUTOMOTIVE,Quito,Pichincha,A,11,2013-01-02,2017-08-15,1687,1669,0.008318478906714201,10.389780154486036,5.928944309858527,0.5706515654518988,0.09387997623291741,1683,4,1,0,0,0,0,1,0,Ready,"history_length >= 730, zero-sales <= median, CV <= median, and missing periods <= Q75",0.0528756900926609,0.2304776345716452,0.7558004540874597,1.109609648399397,0.4324570685673125,4.0
49,BABY CARE,Quito,Pichincha,A,11,,,0,0,1.0,0.0,0.0,,0.0,0,0,0,1,1,0,0,0,2,Insufficient history,history_length < 365 or active_days < 90,0.0528756900926609,0.2304776345716452,0.7558004540874597,1.109609648399397,0.4324570685673125,4.0
49,BEAUTY,Quito,Pichincha,A,11,2013-01-02,2017-08-15,1687,1665,0.0106951871657754,7.8686868686868685,5.101699362374714,0.6483546044609714,0.19904931669637552,1683,4,1,0,0,0,0,1,0,Ready,"history_length >= 730, zero-sales <= median, CV <= median, and missing periods <= Q75",0.0528756900926609,0.2304776345716452,0.7558004540874597,1.109609648399397,0.4324570685673125,4.0
49,BEVERAGES,Quito,Pichincha,A,11,2013-01-02,2017-08-15,1687,1679,0.0023767082590612004,5479.076648841355,2819.9349096805217,0.5146733821066084,0.6375519904931669,1683,4,1,0,0,1,0,0,1,Promotion dependent,promotion_rate >= eligible-series Q75,0.0528756900926609,0.2304776345716452,0.7558004540874597,1.109609648399397,0.4324570685673125,4.0
49,BOOKS,Quito,Pichincha,A,11,2016-10-12,2017-06-24,256,165,0.35294117647058826,1.780392156862745,2.4668686204355144,1.3855759872490225,0.0,255,1,1,1,1,0,1,0,3,Insufficient history,history_length < 365 or active_days < 90,0.0528756900926609,0.2304776345716452,0.7558004540874597,1.109609648399397,0.4324570685673125,4.0
49,BREAD/BAKERY,Quito,Pichincha,A,11,2013-01-02,2017-08-15,1687,1679,0.0023767082590612004,1028.3138379619727,386.8310304690094,0.37617993280696715,0.46939988116458703,1683,4,1,0,0,1,0,0,1,Promotion dependent,promotion_rate >= eligible-series Q75,0.0528756900926609,0.2304776345716452,0.7558004540874597,1.109609648399397,0.4324570685673125,4.0
49,CELEBRATION,Quito,Pichincha,A,11,2014-01-02,2017-08-15,1322,1016,0.22971948445792267,26.485974222896132,20.139451060444202,0.7603817360448233,0.06141015921152388,1319,3,1,0,0,0,0,0,0,Ready with caution,Sufficient history without an extreme Q75 risk flag,0.0528756900926609,0.2304776345716452,0.7558004540874597,1.109609648399397,0.4324570685673125,4.0
49,CLEANING,Quito,Pichincha,A,11,2013-01-02,2017-08-15,1687,1679,0.0023767082590612004,1683.0546642899585,522.8459535882841,0.3106529839355281,0.6351752822341058,1683,4,1,0,0,1,0,0,1,Promotion dependent,promotion_rate >= eligible-series Q75,0.0528756900926609,0.2304776345716452,0.7558004540874597,1.109609648399397,0.4324570685673125,4.0
49,DAIRY,Quito,Pichincha,A,11,2013-01-02,2017-08-15,1687,1679,0.0023767082590612004,1892.4438502673797,766.0531129401746,0.40479568935793814,0.6030897207367796,1683,4,1,0,0,1,0,0,1,Promotion dependent,promotion_rate >= eligible-series Q75,0.0528756900926609,0.2304776345716452,0.7558004540874597,1.109609648399397,0.4324570685673125,4.0
49,DELI,Quito,Pichincha,A,11,2013-01-02,2017-08-15,1687,1679,0.0023767082590612004,367.3386079203803,135.249437144241,0.36818737325197237,0.5086155674390969,1683,4,1,0,0,1,0,0,1,Promotion dependent,promotion_rate >= eligible-series Q75,0.0528756900926609,0.2304776345716452,0.7558004540874597,1.109609648399397,0.4324570685673125,4.0
49,EGGS,Quito,Pichincha,A,11,2013-01-02,2017-08-15,1687,1679,0.0023767082590612004,430.2721330956625,124.69366354520477,0.2898018578337296,0.33273915626856804,1683,4,1,0,0,0,0,1,0,Ready,"history_length >= 730, zero-sales <= median, CV <= median, and missing periods <= Q75",0.0528756900926609,0.2304776345716452,0.7558004540874597,1.109609648399397,0.4324570685673125,4.0
49,FROZEN FOODS,Quito,Pichincha,A,11,2013-01-02,2017-08-15,1687,1679,0.0023767082590612004,427.12331639572193,554.1772956279661,1.2974643957730723,0.5175282234105764,1683,4,1,0,0,1,1,0,2,Promotion dependent,promotion_rate >= eligible-series Q75,0.0528756900926609,0.2304776345716452,0.7558004540874597,1.109609648399397,0.4324570685673125,4.0
49,GROCERY I,Quito,Pichincha,A,11,2013-01-02,2017-08-15,1687,1679,0.0023767082590612004,6588.223410576352,2571.8654204260715,0.39037313402234475,0.6726084373143196,1683,4,1,0,0,1,0,0,1,Promotion dependent,promotion_rate >= eligible-series Q75,0.0528756900926609,0.2304776345716452,0.7558004540874597,1.109609648399397,0.4324570685673125,4.0
49,GROCERY II,Quito,Pichincha,A,11,2013-01-02,2017-08-15,1687,1679,0.0023767082590612004,64.22281639928698,26.164819258980046,0.407406911218402,0.033273915626856804,1683,4,1,0,0,0,0,1,0,Ready,"history_length >= 730, zero-sales <= median, CV <= median, and missing periods <= Q75",0.0528756900926609,0.2304776345716452,0.7558004540874597,1.109609648399397,0.4324570685673125,4.0
49,HARDWARE,Quito,Pichincha,A,11,2013-01-02,2017-08-15,1687,1152,0.3155080213903743,1.6981580510992276,1.9054125749641173,1.1220466632836281,0.0005941770647653001,1683,4,1,0,1,0,1,0,2,Intermittent demand,zero_sales_rate >= eligible-series Q75,0.0528756900926609,0.2304776345716452,0.7558004540874597,1.109609648399397,0.4324570685673125,4.0
49,HOME AND KITCHEN I,Quito,Pichincha,A,11,2014-01-02,2017-08-15,1322,1166,0.11599696739954511,50.65807429871114,72.50171256157817,1.4311975645592747,0.2494313874147081,1319,3,1,0,0,0,1,0,1,High volatility,coefficient_of_variation >= eligible-series Q75,0.0528756900926609,0.2304776345716452,0.7558004540874597,1.109609648399397,0.4324570685673125,4.0
49,HOME AND KITCHEN II,Quito,Pichincha,A,11,2014-01-02,2017-08-15,1322,1166,0.11599696739954511,33.065959059893856,28.78497096640916,0.8705318637293915,0.4488248673237301,1319,3,1,0,0,1,0,0,1,Promotion dependent,promotion_rate >= eligible-series Q75,0.0528756900926609,0.2304776345716452,0.7558004540874597,1.109609648399397,0.4324570685673125,4.0
49,HOME APPLIANCES,Quito,Pichincha,A,11,2013-02-27,2017-08-10,1626,859,0.47040690505548705,1.0382244143033292,1.2948029002403485,1.2471320096139225,0.0006165228113440197,1622,4,1,0,1,0,1,0,2,Intermittent demand,zero_sales_rate >= eligible-series Q75,0.0528756900926609,0.2304776345716452,0.7558004540874597,1.109609648399397,0.4324570685673125,4.0
49,HOME CARE,Quito,Pichincha,A,11,2014-01-02,2017-08-15,1322,1044,0.20849128127369218,365.95375284306294,231.7150940476299,0.6331813576099588,0.5253980288097043,1319,3,1,0,0,1,0,0,1,Promotion dependent,promotion_rate >= eligible-series Q75,0.0528756900926609,0.2304776345716452,0.7558004540874597,1.109609648399397,0.4324570685673125,4.0
49,LADIESWEAR,Quito,Pichincha,A,11,2014-01-02,2017-08-15,1322,1013,0.23199393479909022,13.6565579984837,11.526620925690986,0.8440355854652979,0.018953752843062926,1319,3,1,0,1,0,0,0,1,Intermittent demand,zero_sales_rate >= eligible-series Q75,0.0528756900926609,0.2304776345716452,0.7558004540874597,1.109609648399397,0.4324570685673125,4.0
49,LAWN AND GARDEN,Quito,Pichincha,A,11,2013-01-04,2017-08-15,1685,1657,0.014277215942891136,16.79714455681142,17.318374262028357,1.0310308519078364,0.09875074360499703,1681,4,1,0,0,0,0,0,0,Ready with caution,Sufficient history without an extreme Q75 risk flag,0.0528756900926609,0.2304776345716452,0.7558004540874597,1.109609648399397,0.4324570685673125,4.0
49,LINGERIE,Quito,Pichincha,A,11,2013-01-02,2017-08-15,1687,1645,0.0225787284610814,9.12537136066548,7.891300265660771,0.864764835727769,0.043969102792632206,1683,4,1,0,0,0,0,0,0,Ready with caution,Sufficient history without an extreme Q75 risk flag,0.0528756900926609,0.2304776345716452,0.7558004540874597,1.109609648399397,0.4324570685673125,4.0
49,"LIQUOR,WINE,BEER",Quito,Pichincha,A,11,2013-01-02,2017-08-15,1687,1499,0.10932857991681522,217.51574569221629,166.46365618477745,0.765294740640628,0.23945335710041593,1683,4,1,0,0,0,0,0,0,Ready with caution,Sufficient history without an extreme Q75 risk flag,0.0528756900926609,0.2304776345716452,0.7558004540874597,1.109609648399397,0.4324570685673125,4.0
49,MAGAZINES,Quito,Pichincha,A,11,2014-01-02,2017-08-15,1322,1034,0.21607278241091737,10.776345716451857,9.748468693660808,0.9046172932980587,0.0,1319,3,1,0,0,0,0,0,0,Ready with caution,Sufficient history without an extreme Q75 risk flag,0.0528756900926609,0.2304776345716452,0.7558004540874597,1.109609648399397,0.4324570685673125,4.0
49,MEATS,Quito,Pichincha,A,11,2013-01-02,2017-08-15,1687,1679,0.0023767082590612004,728.1748733868093,288.2795331994286,0.3958932719809647,0.32620320855614976,1683,4,1,0,0,0,0,1,0,Ready,"history_length >= 730, zero-sales <= median, CV <= median, and missing periods <= Q75",0.0528756900926609,0.2304776345716452,0.7558004540874597,1.109609648399397,0.4324570685673125,4.0
49,PERSONAL CARE,Quito,Pichincha,A,11,2013-01-02,2017-08-15,1687,1679,0.0023767082590612004,393.4824717765894,190.15731367336505,0.4832675590727003,0.5121806298276886,1683,4,1,0,0,1,0,0,1,Promotion dependent,promotion_rate >= eligible-series Q75,0.0528756900926609,0.2304776345716452,0.7558004540874597,1.109609648399397,0.4324570685673125,4.0
49,PET SUPPLIES,Quito,Pichincha,A,11,2014-01-02,2017-08-15,1322,1022,0.22517058377558757,13.200151630022745,10.185426524319041,0.7716143579103334,0.09628506444275967,1319,3,1,0,0,0,0,0,0,Ready with caution,Sufficient history without an extreme Q75 risk flag,0.0528756900926609,0.2304776345716452,0.7558004540874597,1.109609648399397,0.4324570685673125,4.0
49,PLAYERS AND ELECTRONICS,Quito,Pichincha,A,11,2014-01-02,2017-08-15,1322,1016,0.22971948445792267,25.90068233510235,20.57227514994739,0.7942754126622548,0.018953752843062926,1319,3,1,0,0,0,0,0,0,Ready with caution,Sufficient history without an extreme Q75 risk flag,0.0528756900926609,0.2304776345716452,0.7558004540874597,1.109609648399397,0.4324570685673125,4.0
49,POULTRY,Quito,Pichincha,A,11,2013-01-02,2017-08-15,1687,1679,0.0023767082590612004,873.8732282471777,394.200939052492,0.4510962532210577,0.2620320855614973,1683,4,1,0,0,0,0,1,0,Ready,"history_length >= 730, zero-sales <= median, CV <= median, and missing periods <= Q75",0.0528756900926609,0.2304776345716452,0.7558004540874597,1.109609648399397,0.4324570685673125,4.0
49,PREPARED FOODS,Quito,Pichincha,A,11,2013-01-02,2017-08-15,1687,1679,0.0023767082590612004,297.29137376114085,79.27189001102505,0.266647124698331,0.20677361853832443,1683,4,1,0,0,0,0,1,0,Ready,"history_length >= 730, zero-sales <= median, CV <= median, and missing periods <= Q75",0.0528756900926609,0.2304776345716452,0.7558004540874597,1.109609648399397,0.4324570685673125,4.0
49,PRODUCE,Quito,Pichincha,A,11,2013-03-16,2017-08-15,1614,1578,0.01987577639751553,4980.103879689441,4089.752525168351,0.8212183167198086,0.37577639751552794,1610,4,1,0,0,0,0,0,0,Ready with caution,Sufficient history without an extreme Q75 risk flag,0.0528756900926609,0.2304776345716452,0.7558004540874597,1.109609648399397,0.4324570685673125,4.0
49,SCHOOL AND OFFICE SUPPLIES,Quito,Pichincha,A,11,2014-01-02,2017-08-15,1322,948,0.2812736921910538,11.388931008339652,39.21896314413091,3.4436035406143435,0.12585291887793784,1319,3,1,0,1,0,1,0,2,Intermittent demand,zero_sales_rate >= eligible-series Q75,0.0528756900926609,0.2304776345716452,0.7558004540874597,1.109609648399397,0.4324570685673125,4.0
49,SEAFOOD,Quito,Pichincha,A,11,2013-01-02,2017-08-15,1687,1679,0.0023767082590612004,85.69910425668448,28.794756935348833,0.3359983419325279,0.2739156268568033,1683,4,1,0,0,0,0,1,0,Ready,"history_length >= 730, zero-sales <= median, CV <= median, and missing periods <= Q75",0.0528756900926609,0.2304776345716452,0.7558004540874597,1.109609648399397,0.4324570685673125,4.0
50,AUTOMOTIVE,Ambato,Tungurahua,A,14,2013-01-02,2017-08-15,1687,1676,0.0041592394533571005,11.632798573975045,6.495817254711615,0.5584053754050285,0.10932857991681522,1683,4,1,0,0,0,0,1,0,Ready,"history_length >= 730, zero-sales <= median, CV <= median, and missing periods <= Q75",0.0528756900926609,0.2304776345716452,0.7558004540874597,1.109609648399397,0.4324570685673125,4.0
50,BABY CARE,Ambato,Tungurahua,A,14,,,0,0,1.0,0.0,0.0,,0.0,0,0,0,1,1,0,0,0,2,Insufficient history,history_length < 365 or active_days < 90,0.0528756900926609,0.2304776345716452,0.7558004540874597,1.109609648399397,0.4324570685673125,4.0
50,BEAUTY,Ambato,Tungurahua,A,14,2013-01-02,2017-08-15,1687,1664,0.0112893642305407,7.699940582293523,5.2026398445401325,0.6756727261641363,0.20558526440879382,1683,4,1,0,0,0,0,1,0,Ready,"history_length >= 730, zero-sales <= median, CV <= median, and missing periods <= Q75",0.0528756900926609,0.2304776345716452,0.7558004540874597,1.109609648399397,0.4324570685673125,4.0
50,BEVERAGES,Ambato,Tungurahua,A,14,2013-01-02,2017-08-15,1687,1679,0.0023767082590612004,3223.0742721330957,1777.9085586371257,0.5516188609145732,0.6417112299465241,1683,4,1,0,0,1,0,0,1,Promotion dependent,promotion_rate >= eligible-series Q75,0.0528756900926609,0.2304776345716452,0.7558004540874597,1.109609648399397,0.4324570685673125,4.0
50,BOOKS,Ambato,Tungurahua,A,14,2016-10-11,2017-07-25,288,147,0.4878048780487805,1.0139372822299653,1.4067075218384184,1.3873713359712234,0.0,287,1,1,1,1,0,1,0,3,Insufficient history,history_length < 365 or active_days < 90,0.0528756900926609,0.2304776345716452,0.7558004540874597,1.109609648399397,0.4324570685673125,4.0
50,BREAD/BAKERY,Ambato,Tungurahua,A,14,2013-01-02,2017-08-15,1687,1679,0.0023767082590612004,578.2820196019014,175.900559221737,0.30417781162006347,0.5270350564468211,1683,4,1,0,0,1,0,0,1,Promotion dependent,promotion_rate >= eligible-series Q75,0.0528756900926609,0.2304776345716452,0.7558004540874597,1.109609648399397,0.4324570685673125,4.0
50,CELEBRATION,Ambato,Tungurahua,A,14,2014-01-02,2017-08-15,1322,1016,0.22971948445792267,28.242608036391207,25.5713522464486,0.905417524242073,0.07657316148597422,1319,3,1,0,0,0,0,0,0,Ready with caution,Sufficient history without an extreme Q75 risk flag,0.0528756900926609,0.2304776345716452,0.7558004540874597,1.109609648399397,0.4324570685673125,4.0
50,CLEANING,Ambato,Tungurahua,A,14,2013-01-02,2017-08-15,1687,1679,0.0023767082590612004,1604.4765300059419,481.55108326372897,0.3001297147437524,0.6500297088532383,1683,4,1,0,0,1,0,0,1,Promotion dependent,promotion_rate >= eligible-series Q75,0.0528756900926609,0.2304776345716452,0.7558004540874597,1.109609648399397,0.4324570685673125,4.0
50,DAIRY,Ambato,Tungurahua,A,14,2013-01-02,2017-08-15,1687,1679,0.0023767082590612004,1004.9982174688057,379.1117810952223,0.37722632190339145,0.6019013666072489,1683,4,1,0,0,1,0,0,1,Promotion dependent,promotion_rate >= eligible-series Q75,0.0528756900926609,0.2304776345716452,0.7558004540874597,1.109609648399397,0.4324570685673125,4.0
50,DELI,Ambato,Tungurahua,A,14,2013-01-02,2017-08-15,1687,1679,0.0023767082590612004,459.47973458110516,145.9966453181038,0.31774338307043043,0.5222816399286988,1683,4,1,0,0,1,0,0,1,Promotion dependent,promotion_rate >= eligible-series Q75,0.0528756900926609,0.2304776345716452,0.7558004540874597,1.109609648399397,0.4324570685673125,4.0
50,EGGS,Ambato,Tungurahua,A,14,2013-01-02,2017-08-15,1687,1679,0.0023767082590612004,114.8389780154486,39.51055611624386,0.3440517914651656,0.3731431966726084,1683,4,1,0,0,0,0,1,0,Ready,"history_length >= 730, zero-sales <= median, CV <= median, and missing periods <= Q75",0.0528756900926609,0.2304776345716452,0.7558004540874597,1.109609648399397,0.4324570685673125,4.0
50,FROZEN FOODS,Ambato,Tungurahua,A,14,2013-01-02,2017-08-15,1687,1679,0.0023767082590612004,264.43790374985144,586.4952866278953,2.2178941759525457,0.5139631610219846,1683,4,1,0,0,1,1,0,2,Promotion dependent,promotion_rate >= eligible-series Q75,0.0528756900926609,0.2304776345716452,0.7558004540874597,1.109609648399397,0.4324570685673125,4.0
50,GROCERY I,Ambato,Tungurahua,A,14,2013-01-02,2017-08-15,1687,1679,0.0023767082590612004,6014.130300059418,1875.6357368709396,0.3118714832055449,0.6708259061200238,1683,4,1,0,0,1,0,0,1,Promotion dependent,promotion_rate >= eligible-series Q75,0.0528756900926609,0.2304776345716452,0.7558004540874597,1.109609648399397,0.4324570685673125,4.0
50,GROCERY II,Ambato,Tungurahua,A,14,2013-01-02,2017-08-15,1687,1677,0.0035650623885918,46.50386215092097,34.77324819554505,0.7477496832992911,0.04931669637551991,1683,4,1,0,0,0,0,1,0,Ready,"history_length >= 730, zero-sales <= median, CV <= median, and missing periods <= Q75",0.0528756900926609,0.2304776345716452,0.7558004540874597,1.109609648399397,0.4324570685673125,4.0
50,HARDWARE,Ambato,Tungurahua,A,14,2013-01-03,2017-08-15,1686,1092,0.3507728894173603,1.5107015457788346,1.8684116647103466,1.2367841086354991,0.0,1682,4,1,0,1,0,1,0,2,Intermittent demand,zero_sales_rate >= eligible-series Q75,0.0528756900926609,0.2304776345716452,0.7558004540874597,1.109609648399397,0.4324570685673125,4.0
50,HOME AND KITCHEN I,Ambato,Tungurahua,A,14,2014-01-02,2017-08-15,1322,1166,0.11599696739954511,62.44048521607278,77.16621339812166,1.2358362227822395,0.24639878695981804,1319,3,1,0,0,0,1,0,1,High volatility,coefficient_of_variation >= eligible-series Q75,0.0528756900926609,0.2304776345716452,0.7558004540874597,1.109609648399397,0.4324570685673125,4.0
50,HOME AND KITCHEN II,Ambato,Tungurahua,A,14,2014-01-02,2017-08-15,1322,1166,0.11599696739954511,57.26838514025777,87.1229704586161,1.5213100604328293,0.44806671721000757,1319,3,1,0,0,1,1,0,2,Promotion dependent,promotion_rate >= eligible-series Q75,0.0528756900926609,0.2304776345716452,0.7558004540874597,1.109609648399397,0.4324570685673125,4.0
50,HOME APPLIANCES,Ambato,Tungurahua,A,14,2013-02-27,2017-08-02,1618,587,0.6363073110285006,0.6765799256505576,1.156982286232986,1.7100452472344683,0.0006195786864931846,1614,4,1,0,1,0,1,0,2,Intermittent demand,zero_sales_rate >= eligible-series Q75,0.0528756900926609,0.2304776345716452,0.7558004540874597,1.109609648399397,0.4324570685673125,4.0
50,HOME CARE,Ambato,Tungurahua,A,14,2014-01-02,2017-08-15,1322,1044,0.20849128127369218,343.8377558756634,222.48382880955242,0.6470604958520196,0.5170583775587566,1319,3,1,0,0,1,0,0,1,Promotion dependent,promotion_rate >= eligible-series Q75,0.0528756900926609,0.2304776345716452,0.7558004540874597,1.109609648399397,0.4324570685673125,4.0
50,LADIESWEAR,Ambato,Tungurahua,A,14,2014-01-02,2017-08-15,1322,1016,0.22971948445792267,16.79150871872631,14.88187338546593,0.8862737491163789,0.019711902956785442,1319,3,1,0,0,0,0,0,0,Ready with caution,Sufficient history without an extreme Q75 risk flag,0.0528756900926609,0.2304776345716452,0.7558004540874597,1.109609648399397,0.4324570685673125,4.0
50,LAWN AND GARDEN,Ambato,Tungurahua,A,14,2013-01-03,2017-08-15,1686,1444,0.14149821640903687,5.154577883472057,9.489585692499274,1.841001514969294,0.0469678953626635,1682,4,1,0,0,0,1,0,1,High volatility,coefficient_of_variation >= eligible-series Q75,0.0528756900926609,0.2304776345716452,0.7558004540874597,1.109609648399397,0.4324570685673125,4.0
50,LINGERIE,Ambato,Tungurahua,A,14,2013-01-02,2017-08-15,1687,1549,0.0796197266785502,6.184194890077243,6.163878686846215,0.9967148184052825,0.04040404040404041,1683,4,1,0,0,0,0,0,0,Ready with caution,Sufficient history without an extreme Q75 risk flag,0.0528756900926609,0.2304776345716452,0.7558004540874597,1.109609648399397,0.4324570685673125,4.0
50,"LIQUOR,WINE,BEER",Ambato,Tungurahua,A,14,2013-01-02,2017-08-15,1687,1498,0.10992275698158051,113.3065953654189,86.6602623365922,0.7648298146909183,0.23410576351752824,1683,4,1,0,0,0,0,0,0,Ready with caution,Sufficient history without an extreme Q75 risk flag,0.0528756900926609,0.2304776345716452,0.7558004540874597,1.109609648399397,0.4324570685673125,4.0
50,MAGAZINES,Ambato,Tungurahua,A,14,2014-01-02,2017-08-15,1322,994,0.24639878695981804,5.957543593631539,6.3379545606672645,1.0638536606668518,0.000758150113722517,1319,3,1,0,1,0,0,0,1,Intermittent demand,zero_sales_rate >= eligible-series Q75,0.0528756900926609,0.2304776345716452,0.7558004540874597,1.109609648399397,0.4324570685673125,4.0
50,MEATS,Ambato,Tungurahua,A,14,2013-01-02,2017-08-15,1687,1679,0.0023767082590612004,616.2185328104575,186.02116426193814,0.30187531591029954,0.3493761140819964,1683,4,1,0,0,0,0,1,0,Ready,"history_length >= 730, zero-sales <= median, CV <= median, and missing periods <= Q75",0.0528756900926609,0.2304776345716452,0.7558004540874597,1.109609648399397,0.4324570685673125,4.0
50,PERSONAL CARE,Ambato,Tungurahua,A,14,2013-01-02,2017-08-15,1687,1679,0.0023767082590612004,490.2245989304813,203.5895113237639,0.41529844028213464,0.5216874628639334,1683,4,1,0,0,1,0,0,1,Promotion dependent,promotion_rate >= eligible-series Q75,0.0528756900926609,0.2304776345716452,0.7558004540874597,1.109609648399397,0.4324570685673125,4.0
50,PET SUPPLIES,Ambato,Tungurahua,A,14,2014-01-02,2017-08-15,1322,1012,0.23275208491281274,7.1857467778620165,6.033636874204489,0.8396673387925429,0.060652009097801364,1319,3,1,0,1,0,0,0,1,Intermittent demand,zero_sales_rate >= eligible-series Q75,0.0528756900926609,0.2304776345716452,0.7558004540874597,1.109609648399397,0.4324570685673125,4.0
50,PLAYERS AND ELECTRONICS,Ambato,Tungurahua,A,14,2014-01-02,2017-08-15,1322,1016,0.22971948445792267,18.100833965125094,14.086433520204773,0.7782201387706846,0.02047005307050796,1319,3,1,0,0,0,0,0,0,Ready with caution,Sufficient history without an extreme Q75 risk flag,0.0528756900926609,0.2304776345716452,0.7558004540874597,1.109609648399397,0.4324570685673125,4.0
50,POULTRY,Ambato,Tungurahua,A,14,2013-01-02,2017-08-15,1687,1679,0.0023767082590612004,438.21354442067735,140.5106771549859,0.32064430445832615,0.28698752228163993,1683,4,1,0,0,0,0,1,0,Ready,"history_length >= 730, zero-sales <= median, CV <= median, and missing periods <= Q75",0.0528756900926609,0.2304776345716452,0.7558004540874597,1.109609648399397,0.4324570685673125,4.0
50,PREPARED FOODS,Ambato,Tungurahua,A,14,2013-01-02,2017-08-15,1687,1679,0.0023767082590612004,123.00033689780155,41.54769237970456,0.3377851917123258,0.20796197266785502,1683,4,1,0,0,0,0,1,0,Ready,"history_length >= 730, zero-sales <= median, CV <= median, and missing periods <= Q75",0.0528756900926609,0.2304776345716452,0.7558004540874597,1.109609648399397,0.4324570685673125,4.0
50,PRODUCE,Ambato,Tungurahua,A,14,2013-03-16,2017-08-15,1614,1559,0.031677018633540374,1508.1733626708076,1233.3118680688829,0.8177520559604795,0.4329192546583851,1610,4,1,0,0,1,0,0,1,Promotion dependent,promotion_rate >= eligible-series Q75,0.0528756900926609,0.2304776345716452,0.7558004540874597,1.109609648399397,0.4324570685673125,4.0
50,SCHOOL AND OFFICE SUPPLIES,Ambato,Tungurahua,A,14,2014-01-02,2017-08-15,1322,945,0.2835481425322214,14.36467020470053,53.50643880553663,3.724863713754305,0.12509476876421532,1319,3,1,0,1,0,1,0,2,Intermittent demand,zero_sales_rate >= eligible-series Q75,0.0528756900926609,0.2304776345716452,0.7558004540874597,1.109609648399397,0.4324570685673125,4.0
50,SEAFOOD,Ambato,Tungurahua,A,14,2013-01-02,2017-08-15,1687,1679,0.0023767082590612004,23.69663607563874,9.504559638199636,0.40109320191530357,0.2679738562091503,1683,4,1,0,0,0,0,1,0,Ready,"history_length >= 730, zero-sales <= median, CV <= median, and missing periods <= Q75",0.0528756900926609,0.2304776345716452,0.7558004540874597,1.109609648399397,0.4324570685673125,4.0
51,AUTOMOTIVE,Guayaquil,Guayas,A,17,2013-01-02,2017-08-15,1687,1662,0.012477718360071301,6.997029114676174,4.133976928705694,0.5908188834079214,0.09387997623291741,1683,4,1,0,0,0,0,1,0,Ready,"history_length >= 730, zero-sales <= median, CV <= median, and missing periods <= Q75",0.0528756900926609,0.2304776345716452,0.7558004540874597,1.109609648399397,0.4324570685673125,4.0
51,BABY CARE,Guayaquil,Guayas,A,17,,,0,0,1.0,0.0,0.0,,0.0,0,0,0,1,1,0,0,0,2,Insufficient history,history_length < 365 or active_days < 90,0.0528756900926609,0.2304776345716452,0.7558004540874597,1.109609648399397,0.4324570685673125,4.0
51,BEAUTY,Guayaquil,Guayas,A,17,2013-01-02,2017-08-15,1687,1619,0.038027332144979206,4.816399286987522,3.163994391762623,0.6569211153881686,0.12834224598930483,1683,4,1,0,0,0,0,1,0,Ready,"history_length >= 730, zero-sales <= median, CV <= median, and missing periods <= Q75",0.0528756900926609,0.2304776345716452,0.7558004540874597,1.109609648399397,0.4324570685673125,4.0
51,BEVERAGES,Guayaquil,Guayas,A,17,2013-01-02,2017-08-15,1687,1679,0.0023767082590612004,4083.6339869281046,1541.477404989353,0.3774768771941098,0.6155674390968509,1683,4,1,0,0,1,0,0,1,Promotion dependent,promotion_rate >= eligible-series Q75,0.0528756900926609,0.2304776345716452,0.7558004540874597,1.109609648399397,0.4324570685673125,4.0
51,BOOKS,Guayaquil,Guayas,A,17,2016-10-12,2017-07-18,280,137,0.5089605734767025,0.9283154121863799,1.3391803412865002,1.442591950652253,0.0,279,1,1,1,1,0,1,0,3,Insufficient history,history_length < 365 or active_days < 90,0.0528756900926609,0.2304776345716452,0.7558004540874597,1.109609648399397,0.4324570685673125,4.0
51,BREAD/BAKERY,Guayaquil,Guayas,A,17,2013-01-02,2017-08-15,1687,1679,0.0023767082590612004,854.5630864824718,215.81088532621763,0.25253944236525855,0.4741532976827095,1683,4,1,0,0,1,0,0,1,Promotion dependent,promotion_rate >= eligible-series Q75,0.0528756900926609,0.2304776345716452,0.7558004540874597,1.109609648399397,0.4324570685673125,4.0
51,CELEBRATION,Guayaquil,Guayas,A,17,2014-01-02,2017-08-15,1322,1015,0.2304776345716452,12.254738438210765,10.053212287749133,0.8203530690139265,0.052312357846853674,1319,3,1,0,1,0,0,0,1,Intermittent demand,zero_sales_rate >= eligible-series Q75,0.0528756900926609,0.2304776345716452,0.7558004540874597,1.109609648399397,0.4324570685673125,4.0
51,CLEANING,Guayaquil,Guayas,A,17,2013-01-02,2017-08-15,1687,1679,0.0023767082590612004,1453.5983363042187,310.1165927759225,0.21334407520332993,0.6090314913844326,1683,4,1,0,0,1,0,0,1,Promotion dependent,promotion_rate >= eligible-series Q75,0.0528756900926609,0.2304776345716452,0.7558004540874597,1.109609648399397,0.4324570685673125,4.0
51,DAIRY,Guayaquil,Guayas,A,17,2013-01-02,2017-08-15,1687,1679,0.0023767082590612004,1461.9376114081997,409.4723399394685,0.28008879226046285,0.5894236482471776,1683,4,1,0,0,1,0,0,1,Promotion dependent,promotion_rate >= eligible-series Q75,0.0528756900926609,0.2304776345716452,0.7558004540874597,1.109609648399397,0.4324570685673125,4.0
51,DELI,Guayaquil,Guayas,A,17,2013-01-02,2017-08-15,1687,1679,0.0023767082590612004,259.066830362448,68.73489923895687,0.26531725093016795,0.47534165181224003,1683,4,1,0,0,1,0,0,1,Promotion dependent,promotion_rate >= eligible-series Q75,0.0528756900926609,0.2304776345716452,0.7558004540874597,1.109609648399397,0.4324570685673125,4.0
51,EGGS,Guayaquil,Guayas,A,17,2013-01-02,2017-08-15,1687,1679,0.0023767082590612004,335.5609031491384,69.69470757260497,0.20769614969604935,0.2935234699940582,1683,4,1,0,0,0,0,1,0,Ready,"history_length >= 730, zero-sales <= median, CV <= median, and missing periods <= Q75",0.0528756900926609,0.2304776345716452,0.7558004540874597,1.109609648399397,0.4324570685673125,4.0
51,FROZEN FOODS,Guayaquil,Guayas,A,17,2013-01-02,2017-08-15,1687,1679,0.0023767082590612004,327.6028087700535,302.64883397145354,0.9238285688322186,0.5252525252525253,1683,4,1,0,0,1,0,0,1,Promotion dependent,promotion_rate >= eligible-series Q75,0.0528756900926609,0.2304776345716452,0.7558004540874597,1.109609648399397,0.4324570685673125,4.0
51,GROCERY I,Guayaquil,Guayas,A,17,2013-01-02,2017-08-15,1687,1679,0.0023767082590612004,4892.279857397504,1237.5567720645151,0.25296115678935127,0.6583481877599525,1683,4,1,0,0,1,0,0,1,Promotion dependent,promotion_rate >= eligible-series Q75,0.0528756900926609,0.2304776345716452,0.7558004540874597,1.109609648399397,0.4324570685673125,4.0
51,GROCERY II,Guayaquil,Guayas,A,17,2013-01-02,2017-08-15,1687,1678,0.0029708853238265003,31.81699346405229,20.329123599944303,0.6389391764156693,0.029114676173499703,1683,4,1,0,0,0,0,1,0,Ready,"history_length >= 730, zero-sales <= median, CV <= median, and missing periods <= Q75",0.0528756900926609,0.2304776345716452,0.7558004540874597,1.109609648399397,0.4324570685673125,4.0
51,HARDWARE,Guayaquil,Guayas,A,17,2013-01-02,2017-08-15,1687,1098,0.34759358288770054,1.421865715983363,1.6950082938796875,1.192101528875685,0.0005941770647653001,1683,4,1,0,1,0,1,0,2,Intermittent demand,zero_sales_rate >= eligible-series Q75,0.0528756900926609,0.2304776345716452,0.7558004540874597,1.109609648399397,0.4324570685673125,4.0
51,HOME AND KITCHEN I,Guayaquil,Guayas,A,17,2014-01-02,2017-08-15,1322,1163,0.11827141774071266,26.589082638362395,32.3454570363089,1.2164939075273429,0.20394238059135708,1319,3,1,0,0,0,1,0,1,High volatility,coefficient_of_variation >= eligible-series Q75,0.0528756900926609,0.2304776345716452,0.7558004540874597,1.109609648399397,0.4324570685673125,4.0
51,HOME AND KITCHEN II,Guayaquil,Guayas,A,17,2014-01-02,2017-08-15,1322,1166,0.11599696739954511,25.736163760424564,36.81154261839416,1.4303430364008098,0.3601213040181956,1319,3,1,0,0,0,1,0,1,High volatility,coefficient_of_variation >= eligible-series Q75,0.0528756900926609,0.2304776345716452,0.7558004540874597,1.109609648399397,0.4324570685673125,4.0
51,HOME APPLIANCES,Guayaquil,Guayas,A,17,2013-02-25,2017-08-08,1626,896,0.4475955610357583,1.11960542540074,1.3469174594189182,1.2030286999876019,0.002466091245376079,1622,4,1,0,1,0,1,0,2,Intermittent demand,zero_sales_rate >= eligible-series Q75,0.0528756900926609,0.2304776345716452,0.7558004540874597,1.109609648399397,0.4324570685673125,4.0
51,HOME CARE,Guayaquil,Guayas,A,17,2014-01-02,2017-08-15,1322,1044,0.20849128127369218,256.8423047763457,153.57962746479652,0.5979530031025507,0.4761182714177407,1319,3,1,0,0,1,0,0,1,Promotion dependent,promotion_rate >= eligible-series Q75,0.0528756900926609,0.2304776345716452,0.7558004540874597,1.109609648399397,0.4324570685673125,4.0
51,LADIESWEAR,Guayaquil,Guayas,A,17,2014-01-02,2017-08-15,1322,851,0.354814253222138,3.2615617892342685,4.216338729067594,1.2927361189307662,0.025018953752843062,1319,3,1,0,1,0,1,0,2,Intermittent demand,zero_sales_rate >= eligible-series Q75,0.0528756900926609,0.2304776345716452,0.7558004540874597,1.109609648399397,0.4324570685673125,4.0
51,LAWN AND GARDEN,Guayaquil,Guayas,A,17,2013-01-02,2017-08-15,1687,1609,0.043969102792632206,17.330362448009506,19.249972103056006,1.1107656958015313,0.08972073677956031,1683,4,1,0,0,0,1,0,1,High volatility,coefficient_of_variation >= eligible-series Q75,0.0528756900926609,0.2304776345716452,0.7558004540874597,1.109609648399397,0.4324570685673125,4.0
51,LINGERIE,Guayaquil,Guayas,A,17,2013-01-02,2017-08-15,1687,1588,0.056446821152703504,6.632798573975045,5.7643513463307965,0.8690677520267608,0.020796197266785502,1683,4,1,0,0,0,0,0,0,Ready with caution,Sufficient history without an extreme Q75 risk flag,0.0528756900926609,0.2304776345716452,0.7558004540874597,1.109609648399397,0.4324570685673125,4.0
51,"LIQUOR,WINE,BEER",Guayaquil,Guayas,A,17,2013-01-02,2017-08-15,1687,1498,0.10992275698158051,160.4367201426025,139.73839157540212,0.8709875859541202,0.23172905525846701,1683,4,1,0,0,0,0,0,0,Ready with caution,Sufficient history without an extreme Q75 risk flag,0.0528756900926609,0.2304776345716452,0.7558004540874597,1.109609648399397,0.4324570685673125,4.0
51,MAGAZINES,Guayaquil,Guayas,A,17,2014-01-02,2017-08-15,1322,1047,0.20621683093252463,7.442001516300228,6.724545277765176,0.9035936452090737,0.0,1319,3,1,0,0,0,0,0,0,Ready with caution,Sufficient history without an extreme Q75 risk flag,0.0528756900926609,0.2304776345716452,0.7558004540874597,1.109609648399397,0.4324570685673125,4.0
51,MEATS,Guayaquil,Guayas,A,17,2013-01-02,2017-08-15,1687,1679,0.0023767082590612004,636.9758089423648,186.81115013205866,0.2932782493612121,0.28104575163398693,1683,4,1,0,0,0,0,1,0,Ready,"history_length >= 730, zero-sales <= median, CV <= median, and missing periods <= Q75",0.0528756900926609,0.2304776345716452,0.7558004540874597,1.109609648399397,0.4324570685673125,4.0
51,PERSONAL CARE,Guayaquil,Guayas,A,17,2013-01-02,2017-08-15,1687,1679,0.0023767082590612004,287.67557932263816,113.96229550016086,0.3961486608230593,0.46405228758169936,1683,4,1,0,0,1,0,0,1,Promotion dependent,promotion_rate >= eligible-series Q75,0.0528756900926609,0.2304776345716452,0.7558004540874597,1.109609648399397,0.4324570685673125,4.0
51,PET SUPPLIES,Guayaquil,Guayas,A,17,2014-01-02,2017-08-15,1322,1016,0.22971948445792267,14.086429112964368,10.21239343033577,0.7249809975572056,0.09173616376042457,1319,3,1,0,0,0,0,0,0,Ready with caution,Sufficient history without an extreme Q75 risk flag,0.0528756900926609,0.2304776345716452,0.7558004540874597,1.109609648399397,0.4324570685673125,4.0
51,PLAYERS AND ELECTRONICS,Guayaquil,Guayas,A,17,2014-01-02,2017-08-15,1322,1014,0.2312357846853677,9.128885519332828,7.9054585097995425,0.8659828730525369,0.016679302501895376,1319,3,1,0,1,0,0,0,1,Intermittent demand,zero_sales_rate >= eligible-series Q75,0.0528756900926609,0.2304776345716452,0.7558004540874597,1.109609648399397,0.4324570685673125,4.0
51,POULTRY,Guayaquil,Guayas,A,17,2013-01-02,2017-08-15,1687,1679,0.0023767082590612004,845.6900197088532,697.3565321645099,0.8246006407934076,0.21568627450980393,1683,4,1,0,0,0,0,0,0,Ready with caution,Sufficient history without an extreme Q75 risk flag,0.0528756900926609,0.2304776345716452,0.7558004540874597,1.109609648399397,0.4324570685673125,4.0
51,PREPARED FOODS,Guayaquil,Guayas,A,17,2013-01-02,2017-08-15,1687,1679,0.0023767082590612004,169.42977342364824,48.378780341095336,0.28553883631849825,0.1919191919191919,1683,4,1,0,0,0,0,1,0,Ready,"history_length >= 730, zero-sales <= median, CV <= median, and missing periods <= Q75",0.0528756900926609,0.2304776345716452,0.7558004540874597,1.109609648399397,0.4324570685673125,4.0
51,PRODUCE,Guayaquil,Guayas,A,17,2013-03-16,2017-08-15,1614,1583,0.016770186335403725,3518.726938012422,2896.5812786422266,0.8231901280405638,0.3490683229813665,1610,4,1,0,0,0,0,0,0,Ready with caution,Sufficient history without an extreme Q75 risk flag,0.0528756900926609,0.2304776345716452,0.7558004540874597,1.109609648399397,0.4324570685673125,4.0
51,SCHOOL AND OFFICE SUPPLIES,Guayaquil,Guayas,A,17,2014-01-02,2017-08-13,1320,879,0.3325740318906606,7.744874715261959,21.470455382562236,2.7722146802778886,0.07972665148063782,1317,3,1,0,1,0,1,0,2,Intermittent demand,zero_sales_rate >= eligible-series Q75,0.0528756900926609,0.2304776345716452,0.7558004540874597,1.109609648399397,0.4324570685673125,4.0
51,SEAFOOD,Guayaquil,Guayas,A,17,2013-01-02,2017-08-15,1687,1679,0.0023767082590612004,65.90171830184195,21.049263513146407,0.3194038646570173,0.26322043969102793,1683,4,1,0,0,0,0,1,0,Ready,"history_length >= 730, zero-sales <= median, CV <= median, and missing periods <= Q75",0.0528756900926609,0.2304776345716452,0.7558004540874597,1.109609648399397,0.4324570685673125,4.0
52,AUTOMOTIVE,Manta,Manabi,A,11,2017-04-20,2017-08-15,118,118,0.0,12.686440677966102,7.006345295689738,0.5522703706689306,0.3220338983050847,118,0,1,1,0,0,0,0,1,Insufficient history,history_length < 365 or active_days < 90,0.0528756900926609,0.2304776345716452,0.7558004540874597,1.109609648399397,0.4324570685673125,4.0
52,BABY CARE,Manta,Manabi,A,11,,,0,0,1.0,0.0,0.0,,0.0,0,0,0,1,1,0,0,0,2,Insufficient history,history_length < 365 or active_days < 90,0.0528756900926609,0.2304776345716452,0.7558004540874597,1.109609648399397,0.4324570685673125,4.0
52,BEAUTY,Manta,Manabi,A,11,2017-04-20,2017-08-15,118,118,0.0,8.23728813559322,3.6436995525274574,0.4423421267471605,0.7372881355932204,118,0,1,1,0,1,0,0,2,Insufficient history,history_length < 365 or active_days < 90,0.0528756900926609,0.2304776345716452,0.7558004540874597,1.109609648399397,0.4324570685673125,4.0
52,BEVERAGES,Manta,Manabi,A,11,2017-04-20,2017-08-15,118,118,0.0,4557.593220338983,1145.9307659259016,0.25143331370864863,0.9915254237288136,118,0,1,1,0,1,0,0,2,Insufficient history,history_length < 365 or active_days < 90,0.0528756900926609,0.2304776345716452,0.7558004540874597,1.109609648399397,0.4324570685673125,4.0
52,BOOKS,Manta,Manabi,A,11,,,0,0,1.0,0.0,0.0,,0.0,0,0,0,1,1,0,0,0,2,Insufficient history,history_length < 365 or active_days < 90,0.0528756900926609,0.2304776345716452,0.7558004540874597,1.109609648399397,0.4324570685673125,4.0
52,BREAD/BAKERY,Manta,Manabi,A,11,2017-04-20,2017-08-15,118,118,0.0,826.4477720338983,192.37283058914355,0.23277070505703173,0.6864406779661016,118,0,1,1,0,1,0,0,2,Insufficient history,history_length < 365 or active_days < 90,0.0528756900926609,0.2304776345716452,0.7558004540874597,1.109609648399397,0.4324570685673125,4.0
52,CELEBRATION,Manta,Manabi,A,11,2017-04-20,2017-08-15,118,117,0.00847457627118644,11.38135593220339,5.814687403354129,0.5108958403542719,0.03389830508474576,118,0,1,1,0,0,0,0,1,Insufficient history,history_length < 365 or active_days < 90,0.0528756900926609,0.2304776345716452,0.7558004540874597,1.109609648399397,0.4324570685673125,4.0
52,CLEANING,Manta,Manabi,A,11,2017-04-20,2017-08-15,118,118,0.0,1706.8728813559321,406.3932781472285,0.23809229297989168,0.9915254237288136,118,0,1,1,0,1,0,0,2,Insufficient history,history_length < 365 or active_days < 90,0.0528756900926609,0.2304776345716452,0.7558004540874597,1.109609648399397,0.4324570685673125,4.0
52,DAIRY,Manta,Manabi,A,11,2017-04-20,2017-08-15,118,118,0.0,1191.3898305084747,269.87423579060084,0.22652051316857463,0.9915254237288136,118,0,1,1,0,1,0,0,2,Insufficient history,history_length < 365 or active_days < 90,0.0528756900926609,0.2304776345716452,0.7558004540874597,1.109609648399397,0.4324570685673125,4.0
52,DELI,Manta,Manabi,A,11,2017-04-20,2017-08-15,118,118,0.0,378.5120674576271,104.98471702733337,0.2773616115662838,0.9830508474576272,118,0,1,1,0,1,0,0,2,Insufficient history,history_length < 365 or active_days < 90,0.0528756900926609,0.2304776345716452,0.7558004540874597,1.109609648399397,0.4324570685673125,4.0
52,EGGS,Manta,Manabi,A,11,2017-04-20,2017-08-15,118,118,0.0,211.88135593220338,47.89967604970937,0.22606838548378955,0.6101694915254238,118,0,1,1,0,1,0,0,2,Insufficient history,history_length < 365 or active_days < 90,0.0528756900926609,0.2304776345716452,0.7558004540874597,1.109609648399397,0.4324570685673125,4.0
52,FROZEN FOODS,Manta,Manabi,A,11,2017-04-20,2017-08-15,118,118,0.0,344.25500016949155,121.63178075178342,0.3533188499568601,0.8813559322033898,118,0,1,1,0,1,0,0,2,Insufficient history,history_length < 365 or active_days < 90,0.0528756900926609,0.2304776345716452,0.7558004540874597,1.109609648399397,0.4324570685673125,4.0
52,GROCERY I,Manta,Manabi,A,11,2017-04-20,2017-08-15,118,118,0.0,6239.093220338983,1602.3081587760014,0.25681747365988944,0.9915254237288136,118,0,1,1,0,1,0,0,2,Insufficient history,history_length < 365 or active_days < 90,0.0528756900926609,0.2304776345716452,0.7558004540874597,1.109609648399397,0.4324570685673125,4.0
52,GROCERY II,Manta,Manabi,A,11,2017-04-20,2017-08-15,118,118,0.0,48.067796610169495,26.508095461917062,0.5514730720215467,0.23728813559322035,118,0,1,1,0,0,0,0,1,Insufficient history,history_length < 365 or active_days < 90,0.0528756900926609,0.2304776345716452,0.7558004540874597,1.109609648399397,0.4324570685673125,4.0
52,HARDWARE,Manta,Manabi,A,11,2017-04-20,2017-08-15,118,109,0.07627118644067797,3.347457627118644,2.2279388299082905,0.6655614732384261,0.00847457627118644,118,0,1,1,0,0,0,0,1,Insufficient history,history_length < 365 or active_days < 90,0.0528756900926609,0.2304776345716452,0.7558004540874597,1.109609648399397,0.4324570685673125,4.0
52,HOME AND KITCHEN I,Manta,Manabi,A,11,2017-04-20,2017-08-15,118,118,0.0,58.69491525423729,29.134673581380852,0.49637474481705757,0.9152542372881356,118,0,1,1,0,1,0,0,2,Insufficient history,history_length < 365 or active_days < 90,0.0528756900926609,0.2304776345716452,0.7558004540874597,1.109609648399397,0.4324570685673125,4.0
52,HOME AND KITCHEN II,Manta,Manabi,A,11,2017-04-20,2017-08-15,118,118,0.0,53.144067796610166,22.551849251871236,0.4243530875013245,0.9576271186440678,118,0,1,1,0,1,0,0,2,Insufficient history,history_length < 365 or active_days < 90,0.0528756900926609,0.2304776345716452,0.7558004540874597,1.109609648399397,0.4324570685673125,4.0
52,HOME APPLIANCES,Manta,Manabi,A,11,2017-04-20,2017-08-06,109,68,0.3761467889908257,1.073394495412844,1.2149258628375814,1.131854008968345,0.009174311926605505,109,0,1,1,1,0,1,0,3,Insufficient history,history_length < 365 or active_days < 90,0.0528756900926609,0.2304776345716452,0.7558004540874597,1.109609648399397,0.4324570685673125,4.0
52,HOME CARE,Manta,Manabi,A,11,2017-04-20,2017-08-15,118,118,0.0,375.8220338983051,119.796239496644,0.3187578925429903,0.9915254237288136,118,0,1,1,0,1,0,0,2,Insufficient history,history_length < 365 or active_days < 90,0.0528756900926609,0.2304776345716452,0.7558004540874597,1.109609648399397,0.4324570685673125,4.0
52,LADIESWEAR,Manta,Manabi,A,11,2017-04-20,2017-08-15,118,116,0.01694915254237288,10.711864406779661,7.666222612463748,0.7156758451508879,0.2288135593220339,118,0,1,1,0,0,0,0,1,Insufficient history,history_length < 365 or active_days < 90,0.0528756900926609,0.2304776345716452,0.7558004540874597,1.109609648399397,0.4324570685673125,4.0
52,LAWN AND GARDEN,Manta,Manabi,A,11,2017-04-20,2017-08-15,118,118,0.0,65.30508474576271,71.25894857280845,1.091169988527303,0.15254237288135594,118,0,1,1,0,0,0,0,1,Insufficient history,history_length < 365 or active_days < 90,0.0528756900926609,0.2304776345716452,0.7558004540874597,1.109609648399397,0.4324570685673125,4.0
52,LINGERIE,Manta,Manabi,A,11,2017-04-20,2017-08-15,118,117,0.00847457627118644,8.5,6.916782513703923,0.8137391192592851,0.15254237288135594,118,0,1,1,0,0,0,0,1,Insufficient history,history_length < 365 or active_days < 90,0.0528756900926609,0.2304776345716452,0.7558004540874597,1.109609648399397,0.4324570685673125,4.0
52,"LIQUOR,WINE,BEER",Manta,Manabi,A,11,2017-04-20,2017-08-15,118,118,0.0,209.74576271186442,105.54499882402637,0.5032044388377822,0.9830508474576272,118,0,1,1,0,1,0,0,2,Insufficient history,history_length < 365 or active_days < 90,0.0528756900926609,0.2304776345716452,0.7558004540874597,1.109609648399397,0.4324570685673125,4.0
52,MAGAZINES,Manta,Manabi,A,11,2017-04-20,2017-08-15,118,118,0.0,10.567796610169491,4.804696444531223,0.45465451520022804,0.0,118,0,1,1,0,0,0,0,1,Insufficient history,history_length < 365 or active_days < 90,0.0528756900926609,0.2304776345716452,0.7558004540874597,1.109609648399397,0.4324570685673125,4.0
52,MEATS,Manta,Manabi,A,11,2017-04-20,2017-08-15,118,118,0.0,503.21118601694917,170.32318267463393,0.33847256859051045,0.5254237288135594,118,0,1,1,0,1,0,0,2,Insufficient history,history_length < 365 or active_days < 90,0.0528756900926609,0.2304776345716452,0.7558004540874597,1.109609648399397,0.4324570685673125,4.0
52,PERSONAL CARE,Manta,Manabi,A,11,2017-04-20,2017-08-15,118,118,0.0,385.1694915254237,135.1343936990987,0.35084397043990423,0.9830508474576272,118,0,1,1,0,1,0,0,2,Insufficient history,history_length < 365 or active_days < 90,0.0528756900926609,0.2304776345716452,0.7558004540874597,1.109609648399397,0.4324570685673125,4.0
52,PET SUPPLIES,Manta,Manabi,A,11,2017-04-20,2017-08-15,118,118,0.0,14.754237288135593,6.227779564354172,0.4221010847752971,0.11016949152542373,118,0,1,1,0,0,0,0,1,Insufficient history,history_length < 365 or active_days < 90,0.0528756900926609,0.2304776345716452,0.7558004540874597,1.109609648399397,0.4324570685673125,4.0
52,PLAYERS AND ELECTRONICS,Manta,Manabi,A,11,2017-04-20,2017-08-15,118,118,0.0,28.415254237288135,10.136104775518112,0.3567134994068408,0.1271186440677966,118,0,1,1,0,0,0,0,1,Insufficient history,history_length < 365 or active_days < 90,0.0528756900926609,0.2304776345716452,0.7558004540874597,1.109609648399397,0.4324570685673125,4.0
52,POULTRY,Manta,Manabi,A,11,2017-04-20,2017-08-15,118,118,0.0,494.60226177966103,124.87472190920182,0.2524750320790727,0.3305084745762712,118,0,1,1,0,0,0,0,1,Insufficient history,history_length < 365 or active_days < 90,0.0528756900926609,0.2304776345716452,0.7558004540874597,1.109609648399397,0.4324570685673125,4.0
52,PREPARED FOODS,Manta,Manabi,A,11,2017-04-20,2017-08-15,118,118,0.0,135.17971211864406,30.268062102766006,0.22390979850734138,0.19491525423728814,118,0,1,1,0,0,0,0,1,Insufficient history,history_length < 365 or active_days < 90,0.0528756900926609,0.2304776345716452,0.7558004540874597,1.109609648399397,0.4324570685673125,4.0
52,PRODUCE,Manta,Manabi,A,11,2017-04-20,2017-08-15,118,118,0.0,4925.065366949152,1314.254566238439,0.26685017727034926,0.8898305084745762,118,0,1,1,0,1,0,0,2,Insufficient history,history_length < 365 or active_days < 90,0.0528756900926609,0.2304776345716452,0.7558004540874597,1.109609648399397,0.4324570685673125,4.0
52,SCHOOL AND OFFICE SUPPLIES,Manta,Manabi,A,11,2017-04-20,2017-08-15,118,113,0.0423728813559322,18.915254237288135,36.164764518379684,1.9119364754340515,0.2288135593220339,118,0,1,1,0,0,1,0,2,Insufficient history,history_length < 365 or active_days < 90,0.0528756900926609,0.2304776345716452,0.7558004540874597,1.109609648399397,0.4324570685673125,4.0
52,SEAFOOD,Manta,Manabi,A,11,2017-04-20,2017-08-15,118,118,0.0,10.33454236440678,6.300086422853045,0.6096144561322026,0.3050847457627119,118,0,1,1,0,0,0,0,1,Insufficient history,history_length < 365 or active_days < 90,0.0528756900926609,0.2304776345716452,0.7558004540874597,1.109609648399397,0.4324570685673125,4.0
53,AUTOMOTIVE,Manta,Manabi,D,13,2014-05-29,2017-08-15,1175,1110,0.052901023890784986,6.793515358361775,5.456295630972856,0.80316233100982,0.042662116040955635,1172,3,1,0,0,0,0,0,0,Ready with caution,Sufficient history without an extreme Q75 risk flag,0.0528756900926609,0.2304776345716452,0.7558004540874597,1.109609648399397,0.4324570685673125,4.0
53,BABY CARE,Manta,Manabi,D,13,2016-09-16,2017-07-19,307,14,0.954248366013072,0.0718954248366013,0.3816199321769462,5.307986329370252,0.0,306,1,1,1,1,0,1,0,3,Insufficient history,history_length < 365 or active_days < 90,0.0528756900926609,0.2304776345716452,0.7558004540874597,1.109609648399397,0.4324570685673125,4.0
53,BEAUTY,Manta,Manabi,D,13,2014-05-29,2017-08-15,1175,1103,0.05887372013651877,4.820819112627986,3.74010188301702,0.775822903875389,0.21075085324232082,1172,3,1,0,0,0,0,0,0,Ready with caution,Sufficient history without an extreme Q75 risk flag,0.0528756900926609,0.2304776345716452,0.7558004540874597,1.109609648399397,0.4324570685673125,4.0
53,BEVERAGES,Manta,Manabi,D,13,2014-05-29,2017-08-15,1175,1169,0.002559726962457338,1785.6646757679182,958.7917768770136,0.5369383120404109,0.9121160409556314,1172,3,1,0,0,1,0,0,1,Promotion dependent,promotion_rate >= eligible-series Q75,0.0528756900926609,0.2304776345716452,0.7558004540874597,1.109609648399397,0.4324570685673125,4.0
53,BOOKS,Manta,Manabi,D,13,2016-10-12,2017-05-11,212,55,0.7393364928909952,0.36492890995260663,0.7267031683721626,1.9913554354094327,0.0,211,1,1,1,1,0,1,0,3,Insufficient history,history_length < 365 or active_days < 90,0.0528756900926609,0.2304776345716452,0.7558004540874597,1.109609648399397,0.4324570685673125,4.0
53,BREAD/BAKERY,Manta,Manabi,D,13,2014-05-29,2017-08-15,1175,1169,0.002559726962457338,447.0410887542662,187.96390163704206,0.4204622491431964,0.7133105802047781,1172,3,1,0,0,1,0,0,1,Promotion dependent,promotion_rate >= eligible-series Q75,0.0528756900926609,0.2304776345716452,0.7558004540874597,1.109609648399397,0.4324570685673125,4.0
53,CELEBRATION,Manta,Manabi,D,13,2014-07-01,2017-08-15,1142,947,0.16856892010535557,7.743634767339771,7.039003898318824,0.9090051519484287,0.11764705882352941,1139,3,1,0,0,0,0,0,0,Ready with caution,Sufficient history without an extreme Q75 risk flag,0.0528756900926609,0.2304776345716452,0.7558004540874597,1.109609648399397,0.4324570685673125,4.0
53,CLEANING,Manta,Manabi,D,13,2014-05-29,2017-08-15,1175,1168,0.0034129692832764505,912.8515358361775,481.37115943962846,0.5273268878259482,0.8890784982935154,1172,3,1,0,0,1,0,0,1,Promotion dependent,promotion_rate >= eligible-series Q75,0.0528756900926609,0.2304776345716452,0.7558004540874597,1.109609648399397,0.4324570685673125,4.0
53,DAIRY,Manta,Manabi,D,13,2014-05-29,2017-08-15,1175,1169,0.002559726962457338,489.89078498293514,236.02962662769704,0.4818005030160322,0.7858361774744027,1172,3,1,0,0,1,0,0,1,Promotion dependent,promotion_rate >= eligible-series Q75,0.0528756900926609,0.2304776345716452,0.7558004540874597,1.109609648399397,0.4324570685673125,4.0
53,DELI,Manta,Manabi,D,13,2014-05-29,2017-08-15,1175,1169,0.002559726962457338,210.1040157764505,95.98283325549339,0.45683483440706146,0.7107508532423208,1172,3,1,0,0,1,0,0,1,Promotion dependent,promotion_rate >= eligible-series Q75,0.0528756900926609,0.2304776345716452,0.7558004540874597,1.109609648399397,0.4324570685673125,4.0
53,EGGS,Manta,Manabi,D,13,2014-05-29,2017-08-15,1175,1169,0.002559726962457338,92.40699658703072,36.60490070259194,0.39612693902584234,0.5742320819112628,1172,3,1,0,0,1,0,0,1,Promotion dependent,promotion_rate >= eligible-series Q75,0.0528756900926609,0.2304776345716452,0.7558004540874597,1.109609648399397,0.4324570685673125,4.0
53,FROZEN FOODS,Manta,Manabi,D,13,2014-05-29,2017-08-15,1175,1169,0.002559726962457338,162.76931758788396,216.6704819559026,1.331150644155744,0.6868600682593856,1172,3,1,0,0,1,1,0,2,Promotion dependent,promotion_rate >= eligible-series Q75,0.0528756900926609,0.2304776345716452,0.7558004540874597,1.109609648399397,0.4324570685673125,4.0
53,GROCERY I,Manta,Manabi,D,13,2014-05-29,2017-08-15,1175,1169,0.002559726962457338,2740.5162116040956,1289.892290795943,0.470674935376841,0.9581911262798635,1172,3,1,0,0,1,0,0,1,Promotion dependent,promotion_rate >= eligible-series Q75,0.0528756900926609,0.2304776345716452,0.7558004540874597,1.109609648399397,0.4324570685673125,4.0
53,GROCERY II,Manta,Manabi,D,13,2014-05-29,2017-08-15,1175,1167,0.004266211604095563,14.816552901023892,15.456380840548075,1.0431833196154532,0.08361774744027303,1172,3,1,0,0,0,0,0,0,Ready with caution,Sufficient history without an extreme Q75 risk flag,0.0528756900926609,0.2304776345716452,0.7558004540874597,1.109609648399397,0.4324570685673125,4.0
53,HARDWARE,Manta,Manabi,D,13,2014-05-29,2017-08-15,1175,735,0.3728668941979522,1.3097269624573378,1.521429367659043,1.1616385790856016,0.02218430034129693,1172,3,1,0,1,0,1,0,2,Intermittent demand,zero_sales_rate >= eligible-series Q75,0.0528756900926609,0.2304776345716452,0.7558004540874597,1.109609648399397,0.4324570685673125,4.0
53,HOME AND KITCHEN I,Manta,Manabi,D,13,2014-07-01,2017-08-15,1142,1093,0.04038630377524144,20.859525899912203,22.199715085174056,1.0642483051480807,0.2660228270412643,1139,3,1,0,0,0,0,0,0,Ready with caution,Sufficient history without an extreme Q75 risk flag,0.0528756900926609,0.2304776345716452,0.7558004540874597,1.109609648399397,0.4324570685673125,4.0
53,HOME AND KITCHEN II,Manta,Manabi,D,13,2014-07-01,2017-08-15,1142,1095,0.038630377524143986,20.157155399473222,19.749326904138147,0.9797675571154384,0.33274802458296754,1139,3,1,0,0,0,0,0,0,Ready with caution,Sufficient history without an extreme Q75 risk flag,0.0528756900926609,0.2304776345716452,0.7558004540874597,1.109609648399397,0.4324570685673125,4.0
53,HOME APPLIANCES,Manta,Manabi,D,13,2014-05-29,2017-08-01,1161,130,0.8877374784110535,0.1303972366148532,0.3936729700165569,3.0190284720475025,0.010362694300518135,1158,3,1,0,1,0,1,0,2,Intermittent demand,zero_sales_rate >= eligible-series Q75,0.0528756900926609,0.2304776345716452,0.7558004540874597,1.109609648399397,0.4324570685673125,4.0
53,HOME CARE,Manta,Manabi,D,13,2014-07-01,2017-08-15,1142,983,0.1369622475856014,171.59525899912202,117.93404077698781,0.6872802982137824,0.6154521510096576,1139,3,1,0,0,1,0,0,1,Promotion dependent,promotion_rate >= eligible-series Q75,0.0528756900926609,0.2304776345716452,0.7558004540874597,1.109609648399397,0.4324570685673125,4.0
53,LADIESWEAR,Manta,Manabi,D,13,2014-07-01,2017-08-15,1142,833,0.26865671641791045,3.920105355575066,4.493671549626247,1.1463139742495623,0.029850746268656716,1139,3,1,0,1,0,1,0,2,Intermittent demand,zero_sales_rate >= eligible-series Q75,0.0528756900926609,0.2304776345716452,0.7558004540874597,1.109609648399397,0.4324570685673125,4.0
53,LAWN AND GARDEN,Manta,Manabi,D,13,2014-05-29,2017-08-15,1175,856,0.2696245733788396,5.203071672354949,13.160172978014192,2.529308417552088,0.07423208191126279,1172,3,1,0,1,0,1,0,2,Intermittent demand,zero_sales_rate >= eligible-series Q75,0.0528756900926609,0.2304776345716452,0.7558004540874597,1.109609648399397,0.4324570685673125,4.0
53,LINGERIE,Manta,Manabi,D,13,2014-05-29,2017-08-15,1175,1081,0.07764505119453925,6.98122866894198,39.51652290415275,5.660396583190788,0.060580204778156996,1172,3,1,0,0,0,1,0,1,High volatility,coefficient_of_variation >= eligible-series Q75,0.0528756900926609,0.2304776345716452,0.7558004540874597,1.109609648399397,0.4324570685673125,4.0
53,"LIQUOR,WINE,BEER",Manta,Manabi,D,13,2014-05-29,2017-08-15,1175,1063,0.09300341296928327,98.99829351535836,186.4998471702416,1.8838693127706132,0.3387372013651877,1172,3,1,0,0,0,1,0,1,High volatility,coefficient_of_variation >= eligible-series Q75,0.0528756900926609,0.2304776345716452,0.7558004540874597,1.109609648399397,0.4324570685673125,4.0
53,MAGAZINES,Manta,Manabi,D,13,2014-07-01,2017-08-15,1142,828,0.2730465320456541,3.073748902546093,3.4350367150740855,1.1175397939072789,0.029850746268656716,1139,3,1,0,1,0,1,0,2,Intermittent demand,zero_sales_rate >= eligible-series Q75,0.0528756900926609,0.2304776345716452,0.7558004540874597,1.109609648399397,0.4324570685673125,4.0
53,MEATS,Manta,Manabi,D,13,2014-05-29,2017-08-15,1175,1169,0.002559726962457338,240.43262646578495,103.07921982712855,0.42872392712391455,0.44880546075085326,1172,3,1,0,0,1,0,0,1,Promotion dependent,promotion_rate >= eligible-series Q75,0.0528756900926609,0.2304776345716452,0.7558004540874597,1.109609648399397,0.4324570685673125,4.0
53,PERSONAL CARE,Manta,Manabi,D,13,2014-05-29,2017-08-15,1175,1168,0.0034129692832764505,250.91467576791808,311.90762809008515,1.2430824428084952,0.7252559726962458,1172,3,1,0,0,1,1,0,2,Promotion dependent,promotion_rate >= eligible-series Q75,0.0528756900926609,0.2304776345716452,0.7558004540874597,1.109609648399397,0.4324570685673125,4.0
53,PET SUPPLIES,Manta,Manabi,D,13,2014-07-01,2017-08-15,1142,825,0.27568042142230026,3.08955223880597,3.2062748331178454,1.0377797769028776,0.06321334503950835,1139,3,1,0,1,0,0,0,1,Intermittent demand,zero_sales_rate >= eligible-series Q75,0.0528756900926609,0.2304776345716452,0.7558004540874597,1.109609648399397,0.4324570685673125,4.0
53,PLAYERS AND ELECTRONICS,Manta,Manabi,D,13,2014-07-01,2017-08-15,1142,910,0.20105355575065847,5.134328358208955,5.046397013018303,0.9828738368378671,0.035996488147497806,1139,3,1,0,0,0,0,0,0,Ready with caution,Sufficient history without an extreme Q75 risk flag,0.0528756900926609,0.2304776345716452,0.7558004540874597,1.109609648399397,0.4324570685673125,4.0
53,POULTRY,Manta,Manabi,D,13,2014-05-29,2017-08-15,1175,1169,0.002559726962457338,197.0321898532423,106.59139273385183,0.540984662522634,0.33276450511945393,1172,3,1,0,0,0,0,1,0,Ready,"history_length >= 730, zero-sales <= median, CV <= median, and missing periods <= Q75",0.0528756900926609,0.2304776345716452,0.7558004540874597,1.109609648399397,0.4324570685673125,4.0
53,PREPARED FOODS,Manta,Manabi,D,13,2014-05-29,2017-08-15,1175,1167,0.004266211604095563,71.85650770819113,33.246657916176446,0.4626812376019015,0.2363481228668942,1172,3,1,0,0,0,0,1,0,Ready,"history_length >= 730, zero-sales <= median, CV <= median, and missing periods <= Q75",0.0528756900926609,0.2304776345716452,0.7558004540874597,1.109609648399397,0.4324570685673125,4.0
53,PRODUCE,Manta,Manabi,D,13,2014-05-29,2017-08-15,1175,1141,0.026450511945392493,1593.8809719283277,1047.9192653784316,0.6574639410561667,0.5017064846416383,1172,3,1,0,0,1,0,0,1,Promotion dependent,promotion_rate >= eligible-series Q75,0.0528756900926609,0.2304776345716452,0.7558004540874597,1.109609648399397,0.4324570685673125,4.0
53,SCHOOL AND OFFICE SUPPLIES,Manta,Manabi,D,13,2014-07-05,2017-08-13,1136,448,0.6045895851721095,1.119152691968226,5.395891840224334,4.821408087519062,0.04854368932038835,1133,3,1,0,1,0,1,0,2,Intermittent demand,zero_sales_rate >= eligible-series Q75,0.0528756900926609,0.2304776345716452,0.7558004540874597,1.109609648399397,0.4324570685673125,4.0
53,SEAFOOD,Manta,Manabi,D,13,2014-05-29,2017-08-15,1175,1103,0.05887372013651877,5.58830128003413,4.213041396234346,0.753903768804787,0.3054607508532423,1172,3,1,0,0,0,0,0,0,Ready with caution,Sufficient history without an extreme Q75 risk flag,0.0528756900926609,0.2304776345716452,0.7558004540874597,1.109609648399397,0.4324570685673125,4.0
54,AUTOMOTIVE,El Carmen,Manabi,C,3,2013-01-02,2017-08-15,1687,1640,0.0255496137849079,5.660130718954249,3.4470338083124616,0.6090025088588991,0.0570409982174688,1683,4,1,0,0,0,0,1,0,Ready,"history_length >= 730, zero-sales <= median, CV <= median, and missing periods <= Q75",0.0528756900926609,0.2304776345716452,0.7558004540874597,1.109609648399397,0.4324570685673125,4.0
54,BABY CARE,El Carmen,Manabi,C,3,2014-03-07,2017-02-10,1072,157,0.8531337698783911,0.28344246959775493,0.836389675252392,2.9508269400818716,0.018709073900841908,1069,3,1,0,1,0,1,0,2,Intermittent demand,zero_sales_rate >= eligible-series Q75,0.0528756900926609,0.2304776345716452,0.7558004540874597,1.109609648399397,0.4324570685673125,4.0
54,BEAUTY,El Carmen,Manabi,C,3,2013-01-05,2017-08-08,1677,699,0.5821876867901973,0.6317991631799164,0.9506948744625912,1.5047422185202601,0.0502092050209205,1673,4,1,0,1,0,1,0,2,Intermittent demand,zero_sales_rate >= eligible-series Q75,0.0528756900926609,0.2304776345716452,0.7558004540874597,1.109609648399397,0.4324570685673125,4.0
54,BEVERAGES,El Carmen,Manabi,C,3,2013-01-02,2017-08-15,1687,1679,0.0023767082590612004,1286.420083184789,1046.2619595451192,0.813312830871615,0.6369578134284016,1683,4,1,0,0,1,0,0,1,Promotion dependent,promotion_rate >= eligible-series Q75,0.0528756900926609,0.2304776345716452,0.7558004540874597,1.109609648399397,0.4324570685673125,4.0
54,BOOKS,El Carmen,Manabi,C,3,,,0,0,1.0,0.0,0.0,,0.0,0,0,0,1,1,0,0,0,2,Insufficient history,history_length < 365 or active_days < 90,0.0528756900926609,0.2304776345716452,0.7558004540874597,1.109609648399397,0.4324570685673125,4.0
54,BREAD/BAKERY,El Carmen,Manabi,C,3,2013-01-02,2017-08-15,1687,1679,0.0023767082590612004,218.64587046939988,78.31958728161052,0.35820291100614027,0.39631610219845514,1683,4,1,0,0,0,0,1,0,Ready,"history_length >= 730, zero-sales <= median, CV <= median, and missing periods <= Q75",0.0528756900926609,0.2304776345716452,0.7558004540874597,1.109609648399397,0.4324570685673125,4.0
54,CELEBRATION,El Carmen,Manabi,C,3,2014-01-02,2017-08-15,1322,953,0.27748294162244125,3.7429871114480666,3.7274229454069268,0.9958417794190271,0.07960576194086429,1319,3,1,0,1,0,0,0,1,Intermittent demand,zero_sales_rate >= eligible-series Q75,0.0528756900926609,0.2304776345716452,0.7558004540874597,1.109609648399397,0.4324570685673125,4.0
54,CLEANING,El Carmen,Manabi,C,3,2013-01-02,2017-08-15,1687,1679,0.0023767082590612004,1040.8573975044562,436.6288103860043,0.4194895587357681,0.6203208556149733,1683,4,1,0,0,1,0,0,1,Promotion dependent,promotion_rate >= eligible-series Q75,0.0528756900926609,0.2304776345716452,0.7558004540874597,1.109609648399397,0.4324570685673125,4.0
54,DAIRY,El Carmen,Manabi,C,3,2013-01-02,2017-08-15,1687,1679,0.0023767082590612004,180.19667260843732,100.55235650127119,0.5580145018535877,0.45989304812834225,1683,4,1,0,0,1,0,0,1,Promotion dependent,promotion_rate >= eligible-series Q75,0.0528756900926609,0.2304776345716452,0.7558004540874597,1.109609648399397,0.4324570685673125,4.0
54,DELI,El Carmen,Manabi,C,3,2013-01-02,2017-08-15,1687,1679,0.0023767082590612004,183.98241770647653,70.78179287141818,0.3847204192323565,0.4117647058823529,1683,4,1,0,0,0,0,1,0,Ready,"history_length >= 730, zero-sales <= median, CV <= median, and missing periods <= Q75",0.0528756900926609,0.2304776345716452,0.7558004540874597,1.109609648399397,0.4324570685673125,4.0
54,EGGS,El Carmen,Manabi,C,3,2013-01-02,2017-08-15,1687,1679,0.0023767082590612004,70.66369578134284,41.23881069596045,0.5835926106039961,0.28104575163398693,1683,4,1,0,0,0,0,1,0,Ready,"history_length >= 730, zero-sales <= median, CV <= median, and missing periods <= Q75",0.0528756900926609,0.2304776345716452,0.7558004540874597,1.109609648399397,0.4324570685673125,4.0
54,FROZEN FOODS,El Carmen,Manabi,C,3,2013-01-02,2017-08-15,1687,1678,0.0029708853238265003,33.82176410053476,43.652545073370824,1.2906643468866437,0.30600118835412954,1683,4,1,0,0,0,1,0,1,High volatility,coefficient_of_variation >= eligible-series Q75,0.0528756900926609,0.2304776345716452,0.7558004540874597,1.109609648399397,0.4324570685673125,4.0
54,GROCERY I,El Carmen,Manabi,C,3,2013-01-02,2017-08-15,1687,1679,0.0023767082590612004,2644.5572162804515,1013.7051929037356,0.38331754997137246,0.6749851455733809,1683,4,1,0,0,1,0,0,1,Promotion dependent,promotion_rate >= eligible-series Q75,0.0528756900926609,0.2304776345716452,0.7558004540874597,1.109609648399397,0.4324570685673125,4.0
54,GROCERY II,El Carmen,Manabi,C,3,2013-01-02,2017-08-15,1687,1616,0.0398098633392751,7.965537730243613,6.31721884822976,0.7930687245689009,0.07248960190136661,1683,4,1,0,0,0,0,0,0,Ready with caution,Sufficient history without an extreme Q75 risk flag,0.0528756900926609,0.2304776345716452,0.7558004540874597,1.109609648399397,0.4324570685673125,4.0
54,HARDWARE,El Carmen,Manabi,C,3,2013-01-03,2017-08-14,1685,752,0.552647233789411,0.7085068411659726,1.0710387570716573,1.5116844253882922,0.020226055919095775,1681,4,1,0,1,0,1,0,2,Intermittent demand,zero_sales_rate >= eligible-series Q75,0.0528756900926609,0.2304776345716452,0.7558004540874597,1.109609648399397,0.4324570685673125,4.0
54,HOME AND KITCHEN I,El Carmen,Manabi,C,3,2014-01-02,2017-08-15,1322,1161,0.1197877179681577,19.082638362395755,14.87040609922155,0.7792636330899174,0.32297194844579225,1319,3,1,0,0,0,0,0,0,Ready with caution,Sufficient history without an extreme Q75 risk flag,0.0528756900926609,0.2304776345716452,0.7558004540874597,1.109609648399397,0.4324570685673125,4.0
54,HOME AND KITCHEN II,El Carmen,Manabi,C,3,2014-01-02,2017-08-15,1322,1164,0.11751326762699014,11.087945413191813,9.559882283041295,0.8621869901765106,0.2266868840030326,1319,3,1,0,0,0,0,0,0,Ready with caution,Sufficient history without an extreme Q75 risk flag,0.0528756900926609,0.2304776345716452,0.7558004540874597,1.109609648399397,0.4324570685673125,4.0
54,HOME APPLIANCES,El Carmen,Manabi,C,3,2013-01-02,2017-08-10,1682,273,0.8373063170441001,0.18176400476758045,0.4351587476844255,2.394086487260544,0.005363528009535161,1678,4,1,0,1,0,1,0,2,Intermittent demand,zero_sales_rate >= eligible-series Q75,0.0528756900926609,0.2304776345716452,0.7558004540874597,1.109609648399397,0.4324570685673125,4.0
54,HOME CARE,El Carmen,Manabi,C,3,2014-01-02,2017-08-15,1322,1044,0.20849128127369218,170.18498862774828,113.55020302073746,0.6672163269882156,0.49128127369219105,1319,3,1,0,0,1,0,0,1,Promotion dependent,promotion_rate >= eligible-series Q75,0.0528756900926609,0.2304776345716452,0.7558004540874597,1.109609648399397,0.4324570685673125,4.0
54,LADIESWEAR,El Carmen,Manabi,C,3,,,0,0,1.0,0.0,0.0,,0.0,0,0,0,1,1,0,0,0,2,Insufficient history,history_length < 365 or active_days < 90,0.0528756900926609,0.2304776345716452,0.7558004540874597,1.109609648399397,0.4324570685673125,4.0
54,LAWN AND GARDEN,El Carmen,Manabi,C,3,,,0,0,1.0,0.0,0.0,,0.0,0,0,0,1,1,0,0,0,2,Insufficient history,history_length < 365 or active_days < 90,0.0528756900926609,0.2304776345716452,0.7558004540874597,1.109609648399397,0.4324570685673125,4.0
54,LINGERIE,El Carmen,Manabi,C,3,2013-01-03,2017-08-15,1686,1467,0.1278240190249703,4.304399524375743,3.998523481466372,0.9289387425174639,0.039239001189060645,1682,4,1,0,0,0,0,0,0,Ready with caution,Sufficient history without an extreme Q75 risk flag,0.0528756900926609,0.2304776345716452,0.7558004540874597,1.109609648399397,0.4324570685673125,4.0
54,"LIQUOR,WINE,BEER",El Carmen,Manabi,C,3,2013-01-02,2017-08-15,1687,1496,0.1111111111111111,23.880570409982173,25.747296992291805,1.078169262721184,0.1800356506238859,1683,4,1,0,0,0,0,0,0,Ready with caution,Sufficient history without an extreme Q75 risk flag,0.0528756900926609,0.2304776345716452,0.7558004540874597,1.109609648399397,0.4324570685673125,4.0
54,MAGAZINES,El Carmen,Manabi,C,3,2014-01-23,2017-08-15,1301,459,0.6463790446841294,0.5878274268104776,0.9826904649965165,1.6717329273466297,0.01848998459167951,1298,3,1,0,1,0,1,0,2,Intermittent demand,zero_sales_rate >= eligible-series Q75,0.0528756900926609,0.2304776345716452,0.7558004540874597,1.109609648399397,0.4324570685673125,4.0
54,MEATS,El Carmen,Manabi,C,3,2013-01-02,2017-08-15,1687,1679,0.0023767082590612004,52.11690930600118,16.515609246395584,0.3168954081567887,0.17647058823529413,1683,4,1,0,0,0,0,1,0,Ready,"history_length >= 730, zero-sales <= median, CV <= median, and missing periods <= Q75",0.0528756900926609,0.2304776345716452,0.7558004540874597,1.109609648399397,0.4324570685673125,4.0
54,PERSONAL CARE,El Carmen,Manabi,C,3,2013-01-02,2017-08-15,1687,1679,0.0023767082590612004,182.1937017231135,77.07134476477957,0.4230187105035483,0.42602495543672014,1683,4,1,0,0,0,0,1,0,Ready,"history_length >= 730, zero-sales <= median, CV <= median, and missing periods <= Q75",0.0528756900926609,0.2304776345716452,0.7558004540874597,1.109609648399397,0.4324570685673125,4.0
54,PET SUPPLIES,El Carmen,Manabi,C,3,2014-01-06,2017-07-31,1303,133,0.8976923076923077,0.13230769230769232,0.4327286687840176,3.270623659414086,0.01,1300,3,1,0,1,0,1,0,2,Intermittent demand,zero_sales_rate >= eligible-series Q75,0.0528756900926609,0.2304776345716452,0.7558004540874597,1.109609648399397,0.4324570685673125,4.0
54,PLAYERS AND ELECTRONICS,El Carmen,Manabi,C,3,2014-01-02,2017-08-15,1322,905,0.31387414708112205,2.5140257771038668,2.7706310565528818,1.1020694703236582,0.03184230477634572,1319,3,1,0,1,0,0,0,1,Intermittent demand,zero_sales_rate >= eligible-series Q75,0.0528756900926609,0.2304776345716452,0.7558004540874597,1.109609648399397,0.4324570685673125,4.0
54,POULTRY,El Carmen,Manabi,C,3,2013-01-02,2017-08-15,1687,1678,0.0029708853238265003,52.81628769560309,26.503490440404597,0.5018052497962857,0.18478906714200832,1683,4,1,0,0,0,0,1,0,Ready,"history_length >= 730, zero-sales <= median, CV <= median, and missing periods <= Q75",0.0528756900926609,0.2304776345716452,0.7558004540874597,1.109609648399397,0.4324570685673125,4.0
54,PREPARED FOODS,El Carmen,Manabi,C,3,2013-01-02,2017-08-15,1687,1679,0.0023767082590612004,61.253713606654784,28.478152172904256,0.46492123491122184,0.1497326203208556,1683,4,1,0,0,0,0,1,0,Ready,"history_length >= 730, zero-sales <= median, CV <= median, and missing periods <= Q75",0.0528756900926609,0.2304776345716452,0.7558004540874597,1.109609648399397,0.4324570685673125,4.0
54,PRODUCE,El Carmen,Manabi,C,3,2014-01-02,2017-08-15,1322,1016,0.22971948445792267,451.9941731387415,291.27863884387034,0.6444300748860786,0.4200151630022744,1319,3,1,0,0,0,0,0,0,Ready with caution,Sufficient history without an extreme Q75 risk flag,0.0528756900926609,0.2304776345716452,0.7558004540874597,1.109609648399397,0.4324570685673125,4.0
54,SCHOOL AND OFFICE SUPPLIES,El Carmen,Manabi,C,3,2014-07-02,2017-05-23,1057,162,0.8462998102466793,0.9705882352941176,3.703145173236999,3.8153616936381205,0.08633776091081594,1054,3,1,0,1,0,1,0,2,Intermittent demand,zero_sales_rate >= eligible-series Q75,0.0528756900926609,0.2304776345716452,0.7558004540874597,1.109609648399397,0.4324570685673125,4.0
54,SEAFOOD,El Carmen,Manabi,C,3,2013-01-02,2017-08-15,1687,1019,0.39453357100415926,1.7456922162804516,2.260548830659381,1.294929776038032,0.0932857991681521,1683,4,1,0,1,0,1,0,2,Intermittent demand,zero_sales_rate >= eligible-series Q75,0.0528756900926609,0.2304776345716452,0.7558004540874597,1.109609648399397,0.4324570685673125,4.0
