analysis_level,date,store_nbr,actual_sales,expected_sales,difference,z_score,is_holiday,is_event,is_promotion,promotion_rate,material_promotion_context,rolling_expected_sales,rolling_sales_std,rolling_z_anomaly,weekday_median_sales,weekday_q1_sales,weekday_q3_sales,weekday_iqr_sales,weekday_iqr_score,weekday_iqr_anomaly,weekday_observation_count,anomaly_method,review_category,review_guidance
system_day,2013-06-02,,637698.4952468872,371903.24851159967,265795.24673528754,3.089782280409383,0,0,0,0.0,0,371903.24851159967,86023.94039882669,1,862268.4005236626,588558.5446750522,1037992.1293292046,449433.5846541524,-0.49967317295521235,0,240,Rolling z-score,Unexplained anomaly,No mapped business context; investigate before drawing conclusions
system_day,2013-09-01,,640406.2218512595,372480.2012186101,267926.02063264936,4.2008943427293435,0,0,0,0.0,0,372480.2012186101,63778.32879714285,1,862268.4005236626,588558.5446750522,1037992.1293292046,449433.5846541524,-0.493648419361295,0,240,Rolling z-score,Unexplained anomaly,No mapped business context; investigate before drawing conclusions
system_day,2014-01-01,,8602.06538772583,521764.7019072569,-513162.6365195311,-5.021909158050422,1,0,0,0.0,0,521764.7019072569,102184.7708449486,1,632951.6844097376,390888.73654055595,744453.1549482048,353564.4184076488,-1.7658723177911981,0,240,Rolling z-score,Business event,"Known business context overlaps the flag; review, do not treat as error"
system_day,2014-03-01,,911360.2574257851,429941.16554134234,481419.0918844427,5.186724693107838,0,0,0,0.0,0,429941.16554134234,92817.5525730441,1,816064.6458206177,547857.2053089142,935555.5242304802,387698.318921566,0.2457983616494513,0,241,Rolling z-score,Unexplained anomaly,No mapped business context; investigate before drawing conclusions
system_day,2014-06-01,,742732.8301734924,421275.99186583713,321456.8383076553,3.141698502976814,0,0,1,0.03198653198653199,0,421275.99186583713,102319.44217532947,1,862268.4005236626,588558.5446750522,1037992.1293292046,449433.5846541524,-0.2659693766369396,0,240,Rolling z-score,Unexplained anomaly,No mapped business context; investigate before drawing conclusions
system_day,2014-07-01,,720480.6168067455,430874.98465282365,289605.6321539219,3.1239210278868432,0,1,1,0.14814814814814814,0,430874.98465282365,92705.81092436379,1,602440.1024369597,379596.47393608093,717312.7434134483,337716.2694773674,0.349525696681594,0,242,Rolling z-score,Business event,"Known business context overlaps the flag; review, do not treat as error"
system_day,2014-07-06,,918276.5973854065,476935.09632286534,441341.50106254115,3.139124634176645,0,0,1,0.132996632996633,0,476935.09632286534,140593.81276471674,1,862268.4005236626,588558.5446750522,1037992.1293292046,449433.5846541524,0.12461951837632092,0,240,Rolling z-score,Unexplained anomaly,No mapped business context; investigate before drawing conclusions
system_day,2014-09-01,,812526.2189698219,433068.49217905,379457.72679077194,4.519716839673695,0,0,1,0.15039281705948374,0,433068.49217905,83956.08403161983,1,651800.5104680061,426332.0978631973,762036.1225504875,335704.0246872902,0.47877206313368603,0,241,Rolling z-score,Unexplained anomaly,No mapped business context; investigate before drawing conclusions
system_day,2014-09-07,,997964.0797028542,495073.6703696581,502890.40933319606,3.3338290201547207,0,0,1,0.1616161616161616,0,495073.6703696581,150844.69128229536,1,862268.4005236626,588558.5446750522,1037992.1293292046,449433.5846541524,0.3019259882049357,0,240,Rolling z-score,Unexplained anomaly,No mapped business context; investigate before drawing conclusions
system_day,2015-01-01,,12773.616966247559,813847.2007704303,-801073.5838041827,-5.738203631308679,1,0,1,0.0028058361391694727,0,813847.2007704303,139603.54760388428,1,531402.203358233,348375.4196534157,614368.896820426,265993.4771670103,-1.9497793401390522,0,240,Rolling z-score,Business event,"Known business context overlaps the flag; review, do not treat as error"
system_day,2015-03-01,,820434.9775676727,490799.8516538058,329635.1259138669,3.122935842064039,0,0,1,0.1228956228956229,0,490799.8516538058,105552.96124687642,1,862268.4005236626,588558.5446750522,1037992.1293292046,449433.5846541524,-0.09308032239776083,0,240,Rolling z-score,Unexplained anomaly,No mapped business context; investigate before drawing conclusions
system_day,2015-05-31,,1023564.7673330307,547187.207204244,476377.5601287867,3.765736966825759,0,0,1,0.2154882154882155,0,547187.207204244,126503.14249917943,1,862268.4005236626,588558.5446750522,1037992.1293292046,449433.5846541524,0.3588881034190819,0,240,Rolling z-score,Unexplained anomaly,No mapped business context; investigate before drawing conclusions
system_day,2015-12-24,,1083680.3167595863,877836.6828408028,205843.6339187835,1.1369614344291148,1,0,1,0.21268237934904602,0,877836.6828408028,181047.1557657896,0,531402.203358233,348375.4196534157,614368.896820426,265993.4771670103,2.0762844235258915,1,240,Weekday IQR,Business event,"Known business context overlaps the flag; review, do not treat as error"
system_day,2016-01-01,,16433.394035339355,911396.1128595939,-894962.7188242546,-5.503591396789264,1,0,1,0.0056116722783389455,0,911396.1128595939,162614.31023865004,1,616645.0136044025,394251.91810679436,723011.3922416568,328759.4741348624,-1.8256861529193429,0,240,Rolling z-score,Business event,"Known business context overlaps the flag; review, do not treat as error"
system_day,2016-04-03,,1266908.290380478,747534.3053818451,519373.9849986328,3.467102258418229,0,0,1,0.18799102132435466,0,747534.3053818451,149800.5960849805,1,862268.4005236626,588558.5446750522,1037992.1293292046,449433.5846541524,0.9003330050828163,0,240,Rolling z-score,Unexplained anomaly,No mapped business context; investigate before drawing conclusions
system_day,2016-04-18,,1345920.606155157,772276.0459688157,573644.5601863414,2.9539877228410094,0,1,1,0.3221099887766555,1,772276.0459688157,194193.27837782496,0,651800.5104680061,426332.0978631973,762036.1225504875,335704.0246872902,2.067654971767845,1,241,Weekday IQR,Business event,"Known business context overlaps the flag; review, do not treat as error"
system_day,2016-09-03,,1057581.2110238075,722416.2709541342,335164.94006967335,3.579928903404001,0,0,1,0.3888888888888889,1,722416.2709541342,93623.35094168472,1,816064.6458206177,547857.2053089142,935555.5242304802,387698.318921566,0.622949735441206,0,241,Rolling z-score,Business event,"Known business context overlaps the flag; review, do not treat as error"
system_day,2016-09-04,,1109985.8574147224,729511.9138448089,380473.9435699135,3.4469465813636853,0,0,1,0.38215488215488214,1,729511.9138448089,110379.9941742613,1,862268.4005236626,588558.5446750522,1037992.1293292046,449433.5846541524,0.5511770044548031,0,240,Rolling z-score,Business event,"Known business context overlaps the flag; review, do not treat as error"
system_day,2016-12-22,,1135849.393098116,908774.3565421595,227075.03655595647,1.245325361831423,1,0,1,0.4764309764309764,1,908774.3565421595,182341.93530115797,0,531402.203358233,348375.4196534157,614368.896820426,265993.4771670103,2.272413580128382,1,240,Weekday IQR,Business event,"Known business context overlaps the flag; review, do not treat as error"
system_day,2016-12-23,,1282145.5160660744,928074.0739187406,354071.44214733376,2.00658701438904,1,0,1,0.5331088664421998,1,928074.0739187406,176454.5666887715,0,616645.0136044025,394251.91810679436,723011.3922416568,328759.4741348624,2.024277792185155,1,240,Weekday IQR,Business event,"Known business context overlaps the flag; review, do not treat as error"
system_day,2017-01-01,,12082.500999450684,997972.4766049449,-985889.9756054942,-5.599813584107088,0,0,1,0.008417508417508417,0,997972.4766049449,176057.64206215058,1,862268.4005236626,588558.5446750522,1037992.1293292046,449433.5846541524,-1.891683061866518,0,240,Rolling z-score,Unexplained anomaly,No mapped business context; investigate before drawing conclusions
system_day,2017-01-02,,1402306.3706493378,958638.2598983453,443668.11075099243,1.7415869304252138,1,0,1,0.47979797979797983,1,958638.2598983453,254749.3340700883,0,651800.5104680061,426332.0978631973,762036.1225504875,335704.0246872902,2.2356177018742365,1,241,Weekday IQR,Business event,"Known business context overlaps the flag; review, do not treat as error"
system_day,2017-04-01,,1463083.9632492065,856308.2511446646,606775.712104542,3.574459212224921,1,0,1,0.4006734006734007,1,856308.2511446646,169753.15035889152,1,816064.6458206177,547857.2053089142,935555.5242304802,387698.318921566,1.6688731569132371,0,241,Rolling z-score,Business event,"Known business context overlaps the flag; review, do not treat as error"
system_day,2017-05-01,,1306699.3653018177,831913.3737190409,474785.99158277677,3.4230453083959396,1,0,1,0.49775533108866443,1,831913.3737190409,138702.80665530087,1,651800.5104680061,426332.0978631973,762036.1225504875,335704.0246872902,1.9508221727274575,1,241,Rolling z-score + weekday IQR,Business event,"Known business context overlaps the flag; review, do not treat as error"
system_day,2017-06-04,,1376511.52009058,860647.2947854443,515864.2253051357,3.0060384231286847,0,0,1,0.4399551066217733,1,860647.2947854443,171609.32519559222,1,862268.4005236626,588558.5446750522,1037992.1293292046,449433.5846541524,1.1442026967402474,0,240,Rolling z-score,Business event,"Known business context overlaps the flag; review, do not treat as error"
store_day,2013-02-10,1,1199.1349964141846,4995.0508952481405,-3795.915898833956,-3.173702423839205,0,0,0,0.0,0,4995.0508952481405,1196.0528719772233,1,4173.693964958191,2553.564247608185,5055.984455108643,2502.4202075004578,-1.1886728534354125,0,240,Rolling z-score,Unexplained anomaly,No mapped business context; investigate before drawing conclusions
store_day,2014-03-05,1,13222.915111541748,5568.058819191797,7654.856292349951,4.640588774708875,0,0,0,0.0,0,5568.058819191797,1649.5441988026992,1,12256.123085021973,7085.62998342514,13550.332392692566,6464.7024092674255,0.14954934741216208,0,240,Rolling z-score,Unexplained anomaly,No mapped business context; investigate before drawing conclusions
store_day,2014-07-02,1,14812.345985412598,6058.717975446156,8753.628009966442,4.709502534069583,0,0,1,0.2727272727272727,1,6058.717975446156,1858.716063244634,1,12256.123085021973,7085.62998342514,13550.332392692566,6464.7024092674255,0.3954123080323343,0,240,Rolling z-score,Business event,"Known business context overlaps the flag; review, do not treat as error"
store_day,2014-09-01,1,10969.092021942139,5646.062074286597,5323.029947655542,3.568452695318185,0,0,1,0.18181818181818182,0,5646.062074286597,1491.6913301497214,1,9837.596090316772,6000.158992767334,10979.740058898926,4979.581066131592,0.22722713348743082,0,241,Rolling z-score,Unexplained anomaly,No mapped business context; investigate before drawing conclusions
store_day,2014-09-03,1,12646.86812210083,5960.061221258981,6686.806900841849,3.3127884967013275,0,0,1,0.2727272727272727,1,5960.061221258981,2018.4828906222547,1,12256.123085021973,7085.62998342514,13550.332392692566,6464.7024092674255,0.060442849854729246,0,240,Rolling z-score,Business event,"Known business context overlaps the flag; review, do not treat as error"
store_day,2015-01-01,1,0.0,10643.5021881376,-10643.5021881376,-3.5402562037255616,1,0,0,0.0,0,10643.5021881376,3006.421449650167,1,9109.40253162384,5678.02397108078,10257.662699222565,4579.638728141785,-1.9891094194061099,0,240,Rolling z-score,Business event,"Known business context overlaps the flag; review, do not treat as error"
store_day,2015-06-03,1,15224.784931182861,7314.10792367799,7910.677007504872,3.8378966751818964,0,0,1,0.36363636363636365,1,7314.10792367799,2061.2011414116423,1,12256.123085021973,7085.62998342514,13550.332392692566,6464.7024092674255,0.45921090534734993,0,240,Rolling z-score,Business event,"Known business context overlaps the flag; review, do not treat as error"
store_day,2015-07-07,1,0.0,10051.441830056054,-10051.441830056054,-3.6665944384096796,0,0,0,0.0,0,10051.441830056054,2741.3563182121907,1,9481.060535430908,5803.0594844818115,10626.733184337616,4823.673699855804,-1.9655269251969363,0,242,Rolling z-score,Potential data issue,Extreme or zero value without mapped context; investigate source records
store_day,2016-01-01,1,0.0,11525.26698589325,-11525.26698589325,-3.380486553891827,1,0,0,0.0,0,11525.26698589325,3409.351524449829,1,10632.72707748413,6699.642924308777,12035.459769248962,5335.816844940186,-1.9927084055680933,0,240,Rolling z-score,Business event,"Known business context overlaps the flag; review, do not treat as error"
store_day,2016-04-18,1,21788.899980545044,10023.857741662434,11765.04223888261,4.52412256965439,0,1,1,0.24242424242424243,0,10023.857741662434,2600.5135930217234,1,9837.596090316772,6000.158992767334,10979.740058898926,4979.581066131592,2.4000621199872727,1,241,Rolling z-score + weekday IQR,Business event,"Known business context overlaps the flag; review, do not treat as error"
store_day,2016-04-19,1,20811.843898773193,10435.412415334156,10376.431483439037,3.032102371948657,0,1,1,0.36363636363636365,1,10435.412415334156,3422.190351960433,1,9481.060535430908,5803.0594844818115,10626.733184337616,4823.673699855804,2.348994577241201,1,242,Rolling z-score + weekday IQR,Business event,"Known business context overlaps the flag; review, do not treat as error"
store_day,2017-01-01,1,0.0,12041.221675395966,-12041.221675395966,-3.2325739099952537,0,0,0,0.0,0,12041.221675395966,3724.96407217914,1,4173.693964958191,2553.564247608185,5055.984455108643,2502.4202075004578,-1.6678629562087355,0,240,Rolling z-score,Potential data issue,Extreme or zero value without mapped context; investigate source records
store_day,2013-03-03,2,11469.211986541748,6970.6871147326065,4498.524871809142,3.038587062327012,0,0,0,0.0,0,6970.6871147326065,1480.4660125038772,1,16966.8665599823,11887.447575569153,20945.95663833618,9058.509062767029,-0.6069050144286358,0,240,Rolling z-score,Unexplained anomaly,No mapped business context; investigate before drawing conclusions
store_day,2013-06-02,2,13052.243026733398,7325.0714639254975,5727.171562807901,3.5360219290522004,0,0,0,0.0,0,7325.0714639254975,1619.6651711215543,1,16966.8665599823,11887.447575569153,20945.95663833618,9058.509062767029,-0.43214876820503323,0,240,Rolling z-score,Unexplained anomaly,No mapped business context; investigate before drawing conclusions
store_day,2013-09-01,2,12587.369009017944,7483.441389186041,5103.927619831903,4.542815692537576,0,0,0,0.0,0,7483.441389186041,1123.516331119499,1,16966.8665599823,11887.447575569153,20945.95663833618,9058.509062767029,-0.4834678113824822,0,240,Rolling z-score,Unexplained anomaly,No mapped business context; investigate before drawing conclusions
store_day,2013-12-01,2,14732.284049987793,8659.625681553569,6072.658368434224,3.089620195199469,0,0,0,0.0,0,8659.625681553569,1965.5031961111863,1,16966.8665599823,11887.447575569153,20945.95663833618,9058.509062767029,-0.24668325598737406,0,240,Rolling z-score,Unexplained anomaly,No mapped business context; investigate before drawing conclusions
store_day,2014-01-01,2,0.0,10170.048255596843,-10170.048255596843,-4.933125798414812,1,0,0,0.0,0,10170.048255596843,2061.582994470735,1,13631.082000732422,8297.942529678345,15149.507214546204,6851.564684867859,-1.9894845378658663,0,240,Rolling z-score,Business event,"Known business context overlaps the flag; review, do not treat as error"
store_day,2014-01-05,2,21533.720821380615,10750.515857321876,10783.20496405874,3.127232576208667,0,0,0,0.0,0,10750.515857321876,3448.162137378305,1,16966.8665599823,11887.447575569153,20945.95663833618,9058.509062767029,0.5041507636360762,0,240,Rolling z-score,Unexplained anomaly,No mapped business context; investigate before drawing conclusions
store_day,2014-03-01,2,15721.14499282837,8781.005222831454,6940.139769996915,3.847447250238197,0,0,0,0.0,0,8781.005222831454,1803.8297392036363,1,15781.977951049805,10819.828023910522,18500.990997314453,7681.162973403931,-0.007919758821947927,0,241,Rolling z-score,Unexplained anomaly,No mapped business context; investigate before drawing conclusions
store_day,2014-03-04,2,16592.90592765808,8973.701579877308,7619.204347780773,3.5981736956201265,1,0,0,0.0,0,8973.701579877308,2117.5198843388916,1,11699.124028205872,7678.92226600647,13118.921470165253,5439.999204158783,0.8995923925339916,0,242,Rolling z-score,Business event,"Known business context overlaps the flag; review, do not treat as error"
store_day,2014-03-09,2,20492.666076660156,10061.262613534927,10431.403463125229,3.4979025669771246,0,0,0,0.0,0,10061.262613534927,2982.1881151309517,1,16966.8665599823,11887.447575569153,20945.95663833618,9058.509062767029,0.3892251464614486,0,240,Rolling z-score,Unexplained anomaly,No mapped business context; investigate before drawing conclusions
store_day,2014-03-16,2,22304.542972564697,11308.283125707081,10996.259846857616,3.191081513177167,0,0,0,0.0,0,11308.283125707081,3445.93511680913,1,16966.8665599823,11887.447575569153,20945.95663833618,9058.509062767029,0.5892444745153174,0,240,Rolling z-score,Unexplained anomaly,No mapped business context; investigate before drawing conclusions
store_day,2014-07-02,2,16668.890060424805,9344.759787968227,7324.130272456578,3.897552606603563,0,0,1,0.24242424242424243,0,9344.759787968227,1879.1613639922184,1,13631.082000732422,8297.942529678345,15149.507214546204,6851.564684867859,0.44337435307318723,0,240,Rolling z-score,Unexplained anomaly,No mapped business context; investigate before drawing conclusions
store_day,2014-07-06,2,19274.778022766113,10150.101654393333,9124.67636837278,3.285188256225882,0,0,1,0.18181818181818182,0,10150.101654393333,2777.520086126044,1,16966.8665599823,11887.447575569153,20945.95663833618,9058.509062767029,0.25477829152591636,0,240,Rolling z-score,Unexplained anomaly,No mapped business context; investigate before drawing conclusions
store_day,2014-09-01,2,16152.448879241943,8917.1757881982,7235.273091043744,4.693329610726844,0,0,1,0.15151515151515152,0,8917.1757881982,1541.6077052221433,1,12639.180011749268,8446.463005065918,14140.8469581604,5694.383953094482,0.6169708429273496,0,241,Rolling z-score,Unexplained anomaly,No mapped business context; investigate before drawing conclusions
store_day,2014-09-07,2,21724.4140625,10338.995686667306,11385.418375832694,3.634365643396265,0,0,1,0.18181818181818182,0,10338.995686667306,3132.711315527729,1,16966.8665599823,11887.447575569153,20945.95663833618,9058.509062767029,0.5252020469982784,0,240,Rolling z-score,Unexplained anomaly,No mapped business context; investigate before drawing conclusions
store_day,2015-01-01,2,0.0,15972.511378696987,-15972.511378696987,-5.856222053229534,1,0,0,0.0,0,15972.511378696987,2727.4429202848646,1,10682.735451698303,7118.322500705719,12034.823111057281,4916.5006103515625,-2.1728331385144313,0,240,Rolling z-score,Business event,"Known business context overlaps the flag; review, do not treat as error"
store_day,2015-03-01,2,16281.131958007812,9467.741381645203,6813.39057636261,3.35750432622253,0,0,1,0.09090909090909091,0,9467.741381645203,2029.3020989278182,1,16966.8665599823,11887.447575569153,20945.95663833618,9058.509062767029,-0.07570060340205936,0,240,Rolling z-score,Unexplained anomaly,No mapped business context; investigate before drawing conclusions
store_day,2015-05-31,2,18577.42106628418,10841.675170081002,7735.745896203178,3.762423881402244,0,0,1,0.30303030303030304,1,10841.675170081002,2056.053794055785,1,16966.8665599823,11887.447575569153,20945.95663833618,9058.509062767029,0.17779465639899872,0,240,Rolling z-score,Business event,"Known business context overlaps the flag; review, do not treat as error"
store_day,2015-07-07,2,5665.868976593018,15311.898690325874,-9646.029713732856,-3.0730358662123427,0,0,1,0.09090909090909091,0,15311.898690325874,3138.925197648939,1,11699.124028205872,7678.92226600647,13118.921470165253,5439.999204158783,-1.1090543996772164,0,242,Rolling z-score,Unexplained anomaly,No mapped business context; investigate before drawing conclusions
store_day,2015-09-06,2,21865.862922668457,14209.381452764783,7656.481469903674,3.3841174285380355,0,0,1,0.2727272727272727,1,14209.381452764783,2262.4751154723767,1,16966.8665599823,11887.447575569153,20945.95663833618,9058.509062767029,0.540817073620027,0,240,Rolling z-score,Business event,"Known business context overlaps the flag; review, do not treat as error"
store_day,2015-10-04,2,25333.133026123047,15413.886466571263,9919.246559551784,3.1669768935331786,0,0,1,0.2727272727272727,1,15413.886466571263,3132.0868111814866,1,16966.8665599823,11887.447575569153,20945.95663833618,9058.509062767029,0.923580956664095,0,240,Rolling z-score,Business event,"Known business context overlaps the flag; review, do not treat as error"
store_day,2015-11-11,2,51010.735942840576,14891.85048171452,36118.885461126054,10.752676343605346,0,0,1,0.2727272727272727,1,14891.85048171452,3359.06004300093,1,13631.082000732422,8297.942529678345,15149.507214546204,6851.564684867859,5.455637604161226,1,240,Rolling z-score + weekday IQR,Business event,"Known business context overlaps the flag; review, do not treat as error"
store_day,2015-11-23,2,26256.04595375061,16079.982744898114,10176.063208852496,1.337920097043036,0,0,1,0.30303030303030304,1,16079.982744898114,7605.882616863904,0,12639.180011749268,8446.463005065918,14140.8469581604,5694.383953094482,2.3912799091465495,1,241,Weekday IQR,Business event,"Known business context overlaps the flag; review, do not treat as error"
store_day,2015-12-10,2,23681.433038711548,16027.357903753009,7654.075134958539,1.9389119472797967,0,0,1,0.2727272727272727,1,16027.357903753009,3947.6135807491673,0,10682.735451698303,7118.322500705719,12034.823111057281,4916.5006103515625,2.6438921943068268,1,240,Weekday IQR,Business event,"Known business context overlaps the flag; review, do not treat as error"
store_day,2015-12-23,2,25495.54323387146,17255.208876609802,8240.334357261658,2.32582905070658,1,0,1,0.30303030303030304,1,17255.208876609802,3542.9664767314985,0,13631.082000732422,8297.942529678345,15149.507214546204,6851.564684867859,1.7316425924347614,1,240,Weekday IQR,Business event,"Known business context overlaps the flag; review, do not treat as error"
store_day,2015-12-24,2,21468.936128616333,17668.68859556743,3800.2475330489033,0.9987590556405127,1,0,1,0.18181818181818182,0,17668.68859556743,3804.969288225149,0,10682.735451698303,7118.322500705719,12034.823111057281,4916.5006103515625,2.193877623895331,1,240,Weekday IQR,Business event,"Known business context overlaps the flag; review, do not treat as error"
store_day,2016-01-01,2,0.0,17950.86651461465,-17950.86651461465,-5.201552773233429,1,0,0,0.0,0,17950.86651461465,3451.0591927448413,1,13083.335545539856,8699.088030338287,14905.230498790741,6206.142468452454,-2.1081268456285183,0,240,Rolling z-score,Business event,"Known business context overlaps the flag; review, do not treat as error"
store_day,2016-04-03,2,25478.492935180664,14971.444180965424,10507.04875421524,3.365262895099529,0,0,1,0.2727272727272727,1,14971.444180965424,3122.2074119426234,1,16966.8665599823,11887.447575569153,20945.95663833618,9058.509062767029,0.9396277374367816,0,240,Rolling z-score,Business event,"Known business context overlaps the flag; review, do not treat as error"
store_day,2016-04-17,2,27442.792041778564,15259.44718163354,12183.344860145024,3.4463086859616836,0,1,1,0.3333333333333333,1,15259.44718163354,3535.186766575233,1,16966.8665599823,11887.447575569153,20945.95663833618,9058.509062767029,1.1564734780533816,0,240,Rolling z-score,Business event,"Known business context overlaps the flag; review, do not treat as error"
store_day,2016-04-18,2,24896.78104019165,15505.30857338224,9391.47246680941,2.2850133000763604,0,1,1,0.2727272727272727,1,15505.30857338224,4110.029673129503,0,12639.180011749268,8446.463005065918,14140.8469581604,5694.383953094482,2.1525771934962816,1,241,Weekday IQR,Business event,"Known business context overlaps the flag; review, do not treat as error"
store_day,2016-04-21,2,43039.37700843811,16455.184717178345,26584.192291259766,5.7630317782319285,0,1,1,0.42424242424242425,1,16455.184717178345,4612.883168833692,1,10682.735451698303,7118.322500705719,12034.823111057281,4916.5006103515625,6.581234117740929,1,240,Rolling z-score + weekday IQR,Business event,"Known business context overlaps the flag; review, do not treat as error"
store_day,2016-04-22,2,29954.05090713501,17503.51528910228,12450.535618032729,1.8351372117161906,0,1,1,0.42424242424242425,1,17503.51528910228,6784.525722950814,0,13083.335545539856,8699.088030338287,14905.230498790741,6206.142468452454,2.718389957586969,1,240,Weekday IQR,Business event,"Known business context overlaps the flag; review, do not treat as error"
store_day,2016-04-26,2,72846.87692832947,18486.164511203766,54360.7124171257,7.622007204250874,0,1,1,0.3333333333333333,1,18486.164511203766,7132.073082639985,1,11699.124028205872,7678.92226600647,13118.921470165253,5439.999204158783,11.240397398105724,1,242,Rolling z-score + weekday IQR,Business event,"Known business context overlaps the flag; review, do not treat as error"
store_day,2016-05-02,2,136457.42697906494,20450.804647718156,116006.62233134679,9.317806866371892,0,1,1,0.36363636363636365,1,20450.804647718156,12449.99214890539,1,12639.180011749268,8446.463005065918,14140.8469581604,5694.383953094482,21.74392313325298,1,241,Rolling z-score + weekday IQR,Business event,"Known business context overlaps the flag; review, do not treat as error"
store_day,2016-05-09,2,26462.651960372925,24604.787638936723,1857.8643214362019,0.0737338842076811,0,1,1,0.42424242424242425,1,24604.787638936723,25196.886633603688,0,12639.180011749268,8446.463005065918,14140.8469581604,5694.383953094482,2.427562325001216,1,241,Weekday IQR,Business event,"Known business context overlaps the flag; review, do not treat as error"
store_day,2016-09-03,2,19191.463050842285,13567.10822554997,5624.354825292316,3.100937938038909,0,0,1,0.36363636363636365,1,13567.10822554997,1813.7592359714438,1,15781.977951049805,10819.828023910522,18500.990997314453,7681.162973403931,0.44387615672234026,0,241,Rolling z-score,Business event,"Known business context overlaps the flag; review, do not treat as error"
store_day,2016-09-04,2,20281.879920959473,13697.479190962655,6584.400729996818,3.175506699073421,0,0,1,0.3939393939393939,1,13697.479190962655,2073.49609179476,1,16966.8665599823,11887.447575569153,20945.95663833618,9058.509062767029,0.36595573708733065,0,240,Rolling z-score,Business event,"Known business context overlaps the flag; review, do not treat as error"
store_day,2016-12-15,2,19770.577936172485,16400.66652570452,3369.9114104679647,1.0970269444895062,0,0,1,0.48484848484848486,1,16400.66652570452,3071.8583781332095,0,10682.735451698303,7118.322500705719,12034.823111057281,4916.5006103515625,1.8484371720284076,1,240,Weekday IQR,Business event,"Known business context overlaps the flag; review, do not treat as error"
store_day,2016-12-22,2,20324.195106506348,17470.777056557792,2853.4180499485556,0.8386093551582359,1,0,1,0.5454545454545454,1,17470.777056557792,3402.5592874648396,0,10682.735451698303,7118.322500705719,12034.823111057281,4916.5006103515625,1.961041077572167,1,240,Weekday IQR,Business event,"Known business context overlaps the flag; review, do not treat as error"
store_day,2016-12-23,2,24729.65500640869,17784.807953221458,6944.8470531872335,2.1462802566056784,1,0,1,0.6060606060606061,1,17784.807953221458,3235.7596505921565,0,13083.335545539856,8699.088030338287,14905.230498790741,6206.142468452454,1.8765794565739207,1,240,Weekday IQR,Business event,"Known business context overlaps the flag; review, do not treat as error"
store_day,2017-01-01,2,0.0,18749.703420741218,-18749.703420741218,-5.517157416944814,0,0,0,0.0,0,18749.703420741218,3398.4354630077005,1,16966.8665599823,11887.447575569153,20945.95663833618,9058.509062767029,-1.873030809200247,0,240,Rolling z-score,Potential data issue,Extreme or zero value without mapped context; investigate source records
store_day,2017-01-02,2,23867.0841255188,18047.145314318794,5819.938811200005,1.187336271885849,1,0,1,0.5151515151515151,1,18047.145314318794,4901.6769292798435,0,12639.180011749268,8446.463005065918,14140.8469581604,5694.383953094482,1.9717504485569477,1,241,Weekday IQR,Business event,"Known business context overlaps the flag; review, do not treat as error"
store_day,2017-04-01,2,27238.48314666748,16462.32809168952,10776.15505497796,3.178736199989231,0,0,1,0.36363636363636365,1,16462.32809168952,3390.0752931351985,1,15781.977951049805,10819.828023910522,18500.990997314453,7681.162973403931,1.4915065902501858,0,241,Rolling z-score,Business event,"Known business context overlaps the flag; review, do not treat as error"
store_day,2013-06-02,3,30344.174072265625,16590.373577935356,13753.80049433027,3.7700061558032534,0,0,0,0.0,0,16590.373577935356,3648.216985841984,1,41217.557067871094,27238.368755340576,50465.735443115234,23227.36668777466,-0.468128098280228,0,240,Rolling z-score,Unexplained anomaly,No mapped business context; investigate before drawing conclusions
store_day,2013-08-31,3,25996.6240234375,16865.595520428247,9131.028503009253,3.2655810315174967,0,0,0,0.0,0,16865.595520428247,2796.1420693229948,1,39219.946853637695,25486.126953125,45174.50355529785,19688.37660217285,-0.6716309372475555,0,241,Rolling z-score,Unexplained anomaly,No mapped business context; investigate before drawing conclusions
store_day,2013-09-01,3,29241.784019470215,16961.95916570936,12279.824853760856,4.0129031984822285,0,0,0,0.0,0,16961.95916570936,3060.0849924327517,1,41217.557067871094,27238.368755340576,50465.735443115234,23227.36668777466,-0.5155889261740604,0,240,Rolling z-score,Unexplained anomaly,No mapped business context; investigate before drawing conclusions
store_day,2014-01-01,3,0.0,23044.834442547388,-23044.834442547388,-5.410066381037789,1,0,0,0.0,0,23044.834442547388,4259.621383449051,1,34015.90393447876,18885.288911819458,37767.92632102966,18882.637409210205,-1.8014381782222406,0,240,Rolling z-score,Business event,"Known business context overlaps the flag; review, do not treat as error"
store_day,2014-01-04,3,49254.41174316406,23865.11100578308,25389.30073738098,3.5031850462245937,0,0,0,0.0,0,23865.11100578308,7247.490612790552,1,39219.946853637695,25486.126953125,45174.50355529785,19688.37660217285,0.5096644122714994,0,241,Rolling z-score,Unexplained anomaly,No mapped business context; investigate before drawing conclusions
store_day,2014-03-01,3,36383.31996154785,19873.104863575525,16510.215097972326,3.6596164725856064,0,0,0,0.0,0,19873.104863575525,4511.460482717596,1,39219.946853637695,25486.126953125,45174.50355529785,19688.37660217285,-0.14407622067615203,0,241,Rolling z-score,Unexplained anomaly,No mapped business context; investigate before drawing conclusions
store_day,2014-03-04,3,41710.90630340576,20491.793685368128,21219.112618037634,3.8644670260954705,1,0,0,0.0,0,20491.793685368128,5490.825118897889,1,27307.649814605713,17018.252729415894,31010.855617523193,13992.6028881073,1.0293479064600464,0,242,Rolling z-score,Business event,"Known business context overlaps the flag; review, do not treat as error"
store_day,2014-06-01,3,33831.5339050293,19831.891690117973,13999.642214911324,3.08035027153396,0,0,1,0.09090909090909091,0,19831.891690117973,4544.821523800198,1,41217.557067871094,27238.368755340576,50465.735443115234,23227.36668777466,-0.3179879691970984,0,240,Rolling z-score,Unexplained anomaly,No mapped business context; investigate before drawing conclusions
store_day,2014-07-02,3,39622.73051452637,21004.3133889607,18618.417125565666,3.7030468654137962,0,0,1,0.2727272727272727,1,21004.3133889607,5027.864297225186,1,34015.90393447876,18885.288911819458,37767.92632102966,18882.637409210205,0.29693026766021674,0,240,Rolling z-score,Business event,"Known business context overlaps the flag; review, do not treat as error"
store_day,2014-07-06,3,46289.55633544922,23060.328250476294,23229.228084972925,3.3087211383911868,0,0,1,0.2727272727272727,1,23060.328250476294,7020.606183894895,1,41217.557067871094,27238.368755340576,50465.735443115234,23227.36668777466,0.21836307730258928,0,240,Rolling z-score,Business event,"Known business context overlaps the flag; review, do not treat as error"
store_day,2014-08-31,3,30797.54305267334,19244.409146717615,11553.133905955725,3.016067325095461,0,0,1,0.15151515151515152,0,19244.409146717615,3830.5291827628744,1,41217.557067871094,27238.368755340576,50465.735443115234,23227.36668777466,-0.44860935616443154,0,240,Rolling z-score,Unexplained anomaly,No mapped business context; investigate before drawing conclusions
store_day,2014-09-01,3,38438.578674316406,19429.590217045374,19008.988457271033,4.4706651447847054,0,0,1,0.15151515151515152,0,19429.590217045374,4251.937428023689,1,30973.1548538208,19183.03498840332,34588.95081329346,15405.915824890137,0.48458163119613457,0,241,Rolling z-score,Unexplained anomaly,No mapped business context; investigate before drawing conclusions
store_day,2014-09-03,3,40711.62324523926,20711.78462546212,19999.838619777136,3.26890131150841,0,0,1,0.24242424242424243,0,20711.78462546212,6118.214260359045,1,34015.90393447876,18885.288911819458,37767.92632102966,18882.637409210205,0.35459661516852464,0,240,Rolling z-score,Unexplained anomaly,No mapped business context; investigate before drawing conclusions
store_day,2014-09-06,3,46699.98487854004,22356.40742247445,24343.57745606559,3.3627835489377245,0,0,1,0.2727272727272727,1,22356.40742247445,7239.115185916597,1,39219.946853637695,25486.126953125,45174.50355529785,19688.37660217285,0.3799215230410023,0,241,Rolling z-score,Business event,"Known business context overlaps the flag; review, do not treat as error"
store_day,2014-09-07,3,51778.687561035156,23289.778096062797,28488.90946497236,3.326839116880181,0,0,1,0.21212121212121213,0,23289.778096062797,8563.35652674677,1,41217.557067871094,27238.368755340576,50465.735443115234,23227.36668777466,0.45468479639247006,0,240,Rolling z-score,Unexplained anomaly,No mapped business context; investigate before drawing conclusions
store_day,2015-01-01,3,0.0,38030.01334912436,-38030.01334912436,-5.930266063175654,1,0,0,0.0,0,38030.01334912436,6412.867979950181,1,24862.999626159668,15368.767986297607,28134.825595855713,12766.057609558105,-1.9475863564601519,0,240,Rolling z-score,Business event,"Known business context overlaps the flag; review, do not treat as error"
store_day,2015-03-01,3,35858.631103515625,20928.36084638323,14930.270257132393,3.1047962767221255,0,0,1,0.21212121212121213,0,20928.36084638323,4808.776140666774,1,41217.557067871094,27238.368755340576,50465.735443115234,23227.36668777466,-0.23071603580340647,0,240,Rolling z-score,Unexplained anomaly,No mapped business context; investigate before drawing conclusions
store_day,2015-05-31,3,42663.89505004883,24606.720612934656,18057.174437114172,3.0701406608532875,0,0,1,0.24242424242424243,0,24606.720612934656,5881.546297652539,1,41217.557067871094,27238.368755340576,50465.735443115234,23227.36668777466,0.06226870232943756,0,240,Rolling z-score,Unexplained anomaly,No mapped business context; investigate before drawing conclusions
store_day,2015-06-07,3,52363.499771118164,27591.895117078508,24771.604654039656,3.0148102332759956,0,0,1,0.36363636363636365,1,27591.895117078508,8216.63810896714,1,41217.557067871094,27238.368755340576,50465.735443115234,23227.36668777466,0.4798625196335129,0,240,Rolling z-score,Business event,"Known business context overlaps the flag; review, do not treat as error"
store_day,2015-09-05,3,55559.30711364746,36017.93376840864,19541.37334523882,3.0795328819263332,0,0,1,0.2727272727272727,1,36017.93376840864,6345.564114585829,1,39219.946853637695,25486.126953125,45174.50355529785,19688.37660217285,0.8298988073098175,0,241,Rolling z-score,Business event,"Known business context overlaps the flag; review, do not treat as error"
store_day,2016-01-01,3,0.0,42435.697313717435,-42435.697313717435,-5.688722874955661,1,0,0,0.0,0,42435.697313717435,7459.617606007602,1,30187.911308288574,18702.311197280884,35620.216190338135,16917.90499305725,-1.7843764532710789,0,240,Rolling z-score,Business event,"Known business context overlaps the flag; review, do not treat as error"
store_day,2016-04-03,3,60801.558044433594,36044.592069217135,24756.96597521646,3.135843126448199,0,0,1,0.24242424242424243,0,36044.592069217135,7894.835607818604,1,41217.557067871094,27238.368755340576,50465.735443115234,23227.36668777466,0.8431434023414379,0,240,Rolling z-score,Unexplained anomaly,No mapped business context; investigate before drawing conclusions
store_day,2016-04-17,3,68557.04977416992,36217.107260159086,32339.942514010836,3.729566182639875,0,1,1,0.42424242424242425,1,36217.107260159086,8671.234382310884,1,41217.557067871094,27238.368755340576,50465.735443115234,23227.36668777466,1.1770379773910626,0,240,Rolling z-score,Business event,"Known business context overlaps the flag; review, do not treat as error"
store_day,2016-09-03,3,50634.92710876465,33549.65723609924,17085.269872665405,3.540785746938025,0,0,1,0.45454545454545453,1,33549.65723609924,4825.276391671053,1,39219.946853637695,25486.126953125,45174.50355529785,19688.37660217285,0.5797827055922514,0,241,Rolling z-score,Business event,"Known business context overlaps the flag; review, do not treat as error"
store_day,2016-12-22,3,48886.69955444336,42714.572620391846,6172.126934051514,0.6778139622994456,1,0,1,0.5151515151515151,1,42714.572620391846,9105.930649632714,0,24862.999626159668,15368.767986297607,28134.825595855713,12766.057609558105,1.8818417292976064,1,240,Weekday IQR,Business event,"Known business context overlaps the flag; review, do not treat as error"
store_day,2017-01-01,3,0.0,45409.64128303528,-45409.64128303528,-5.890439296880848,0,0,0,0.0,0,45409.64128303528,7709.041549257787,1,41217.557067871094,27238.368755340576,50465.735443115234,23227.36668777466,-1.7745256111862768,0,240,Rolling z-score,Potential data issue,Extreme or zero value without mapped context; investigate source records
store_day,2017-01-02,3,62625.62368774414,43697.298915045605,18928.324772698536,1.644250605467259,1,0,1,0.5454545454545454,1,43697.298915045605,11511.824724139015,0,30973.1548538208,19183.03498840332,34588.95081329346,15405.915824890137,2.054565868962163,1,241,Weekday IQR,Business event,"Known business context overlaps the flag; review, do not treat as error"
store_day,2017-04-01,3,69516.38555908203,39924.731320789884,29591.654238292147,3.263484036419713,0,0,1,0.45454545454545453,1,39924.731320789884,9067.503903207817,1,39219.946853637695,25486.126953125,45174.50355529785,19688.37660217285,1.538798211636238,0,241,Rolling z-score,Business event,"Known business context overlaps the flag; review, do not treat as error"
store_day,2017-06-04,3,64493.615493774414,37621.36564745222,26872.249846322193,3.3243763879861237,0,0,1,0.42424242424242425,1,37621.36564745222,8083.395713985669,1,41217.557067871094,27238.368755340576,50465.735443115234,23227.36668777466,1.002096309012691,0,240,Rolling z-score,Business event,"Known business context overlaps the flag; review, do not treat as error"
store_day,2013-03-03,4,11949.35397720337,6597.0372858047485,5352.316691398621,3.0738178392077473,0,0,0,0.0,0,6597.0372858047485,1741.2602084377709,1,16434.00149345398,11760.801790237427,20111.82643890381,8351.024648666382,-0.5370176361492104,0,240,Rolling z-score,Unexplained anomaly,No mapped business context; investigate before drawing conclusions
store_day,2013-06-02,4,12704.073944091797,6923.8550723961425,5780.218871695654,3.1960378472002122,0,0,0,0.0,0,6923.8550723961425,1808.5577042710029,1,16434.00149345398,11760.801790237427,20111.82643890381,8351.024648666382,-0.4466431014495729,0,240,Rolling z-score,Unexplained anomaly,No mapped business context; investigate before drawing conclusions
store_day,2013-09-01,4,12183.69306564331,6516.050749710628,5667.642315932682,4.41328803614669,0,0,0,0.0,0,6516.050749710628,1284.2221648603722,1,16434.00149345398,11760.801790237427,20111.82643890381,8351.024648666382,-0.5089565181069634,0,240,Rolling z-score,Unexplained anomaly,No mapped business context; investigate before drawing conclusions
store_day,2013-12-23,4,18851.34400177002,8296.527316331863,10554.816685438156,5.262863018384167,1,0,0,0.0,0,8296.527316331863,2005.5275329356289,1,11066.73592376709,7329.972019195557,12311.654077529907,4981.682058334351,1.5626465091202049,0,241,Rolling z-score,Business event,"Known business context overlaps the flag; review, do not treat as error"
store_day,2014-01-01,4,0.0,9097.117775303977,-9097.117775303977,-3.5218590716636666,1,0,0,0.0,0,9097.117775303977,2583.0442360678144,1,11788.064277648926,7511.153266906738,13454.82875919342,5943.675492286682,-1.9832954024738925,0,240,Rolling z-score,Business event,"Known business context overlaps the flag; review, do not treat as error"
store_day,2014-03-01,4,14713.59487915039,7733.880142007555,6979.7147371428355,3.5894923618430954,0,0,0,0.0,0,7733.880142007555,1944.4851899779399,1,13847.099964141846,9762.629005432129,15939.480079650879,6176.85107421875,0.14028101124619383,0,241,Rolling z-score,Unexplained anomaly,No mapped business context; investigate before drawing conclusions
store_day,2014-03-04,4,17275.732082366943,8000.729279858725,9275.002802508217,3.8644657075859743,1,0,0,0.0,0,8000.729279858725,2400.073775865398,1,9771.819489479065,6668.964772224426,11260.89477968216,4591.930007457733,1.6341522150165197,0,242,Rolling z-score,Business event,"Known business context overlaps the flag; review, do not treat as error"
store_day,2014-03-09,4,20113.90990447998,9090.730740342822,11023.179164137158,3.405212552260513,0,0,0,0.0,0,9090.730740342822,3237.1486346188703,1,16434.00149345398,11760.801790237427,20111.82643890381,8351.024648666382,0.4406535204771147,0,240,Rolling z-score,Unexplained anomaly,No mapped business context; investigate before drawing conclusions
store_day,2014-07-02,4,15957.599018096924,8316.348142419543,7641.2508756773805,3.448385191074621,0,0,1,0.3333333333333333,1,8316.348142419543,2215.892498162636,1,11788.064277648926,7511.153266906738,13454.82875919342,5943.675492286682,0.7015078036913271,0,240,Rolling z-score,Business event,"Known business context overlaps the flag; review, do not treat as error"
store_day,2014-07-06,4,19890.88095855713,9052.583100387028,10838.2978581701,3.7842376678153524,0,0,1,0.18181818181818182,0,9052.583100387028,2864.063732135268,1,16434.00149345398,11760.801790237427,20111.82643890381,8351.024648666382,0.41394674432618234,0,240,Rolling z-score,Unexplained anomaly,No mapped business context; investigate before drawing conclusions
store_day,2014-08-31,4,13473.521965026855,8145.815040963037,5327.706924063818,3.078109442305348,0,0,1,0.12121212121212122,0,8145.815040963037,1730.8373935117902,1,16434.00149345398,11760.801790237427,20111.82643890381,8351.024648666382,-0.3545049443603185,0,240,Rolling z-score,Unexplained anomaly,No mapped business context; investigate before drawing conclusions
store_day,2014-09-01,4,15989.54707145691,8221.09396985599,7768.453101600919,4.0621855224411485,0,0,1,0.21212121212121213,0,8221.09396985599,1912.382646899029,1,11066.73592376709,7329.972019195557,12311.654077529907,4981.682058334351,0.9881825235020689,0,241,Rolling z-score,Unexplained anomaly,No mapped business context; investigate before drawing conclusions
store_day,2014-09-07,4,23351.396896362305,9708.023319176265,13643.37357718604,4.292289476909626,0,0,1,0.2727272727272727,1,9708.023319176265,3178.577225646261,1,16434.00149345398,11760.801790237427,20111.82643890381,8351.024648666382,0.8283289409297816,0,240,Rolling z-score,Business event,"Known business context overlaps the flag; review, do not treat as error"
store_day,2014-11-03,4,20259.152877807617,12567.353217942375,7691.799659865243,2.3035407869920865,1,0,1,0.24242424242424243,0,12567.353217942375,3339.1202375491807,0,11066.73592376709,7329.972019195557,12311.654077529907,4981.682058334351,1.845243603746574,1,241,Weekday IQR,Business event,"Known business context overlaps the flag; review, do not treat as error"
store_day,2014-12-23,4,19150.61693763733,13500.998722621373,5649.618215015957,1.5947089837624422,1,0,1,0.3333333333333333,1,13500.998722621373,3542.726774942129,0,9771.819489479065,6668.964772224426,11260.89477968216,4591.930007457733,2.042452178697454,1,242,Weekday IQR,Business event,"Known business context overlaps the flag; review, do not treat as error"
store_day,2015-01-01,4,0.0,14141.128699234554,-14141.128699234554,-4.355326438169233,1,0,0,0.0,0,14141.128699234554,3246.858507620567,1,8744.801058292389,5948.585256576538,9904.532266616821,3955.947010040283,-2.2105455498008153,1,240,Rolling z-score + weekday IQR,Business event,"Known business context overlaps the flag; review, do not treat as error"
store_day,2015-05-31,4,17419.315956115723,9453.829821586609,7965.486134529114,3.3299390843758054,0,0,1,0.30303030303030304,1,9453.829821586609,2392.0816365390774,1,16434.00149345398,11760.801790237427,20111.82643890381,8351.024648666382,0.1179872535544597,0,240,Rolling z-score,Business event,"Known business context overlaps the flag; review, do not treat as error"
store_day,2015-06-07,4,20507.936096191406,10471.17943600246,10036.756660188947,3.2794111602695315,0,0,1,0.21212121212121213,0,10471.17943600246,3060.536227291498,1,16434.00149345398,11760.801790237427,20111.82643890381,8351.024648666382,0.48783649601465545,0,240,Rolling z-score,Unexplained anomaly,No mapped business context; investigate before drawing conclusions
store_day,2015-09-06,4,21012.951026916504,12514.350424528122,8498.600602388382,3.695113040450601,0,0,1,0.21212121212121213,0,12514.350424528122,2299.9568644730875,1,16434.00149345398,11760.801790237427,20111.82643890381,8351.024648666382,0.5483099052035202,0,240,Rolling z-score,Unexplained anomaly,No mapped business context; investigate before drawing conclusions
store_day,2015-11-03,4,18960.87498474121,12779.863995347705,6181.010989393506,2.0088369287354997,1,0,1,0.18181818181818182,0,12779.863995347705,3076.910276278254,0,9771.819489479065,6668.964772224426,11260.89477968216,4591.930007457733,2.001131437181804,1,242,Weekday IQR,Business event,"Known business context overlaps the flag; review, do not treat as error"
store_day,2015-12-22,4,19353.697929382324,14265.649935313633,5088.047994068691,1.4273135820151528,1,0,1,0.24242424242424243,0,14265.649935313633,3564.7723514864406,0,9771.819489479065,6668.964772224426,11260.89477968216,4591.930007457733,2.086677807445099,1,242,Weekday IQR,Business event,"Known business context overlaps the flag; review, do not treat as error"
store_day,2015-12-24,4,20060.767127990723,14845.052813904626,5215.714314086097,1.3788187754448327,1,0,1,0.30303030303030304,1,14845.052813904626,3782.741000464989,0,8744.801058292389,5948.585256576538,9904.532266616821,3955.947010040283,2.8604948552086658,1,240,Weekday IQR,Business event,"Known business context overlaps the flag; review, do not treat as error"
store_day,2015-12-31,4,17144.58416748047,15291.144293478557,1853.4398740019114,0.5310132207799039,1,0,1,0.18181818181818182,0,15291.144293478557,3490.383669317588,0,8744.801058292389,5948.585256576538,9904.532266616821,3955.947010040283,2.1233305420596484,1,240,Weekday IQR,Business event,"Known business context overlaps the flag; review, do not treat as error"
store_day,2016-01-01,4,0.0,15339.91566341264,-15339.91566341264,-4.374141944362173,1,0,0,0.0,0,15339.91566341264,3506.9542457771036,1,10879.842012405396,7373.115895748138,12185.628724575043,4812.512828826904,-2.2607403656641183,1,240,Rolling z-score + weekday IQR,Business event,"Known business context overlaps the flag; review, do not treat as error"
store_day,2016-04-03,4,23986.724182128906,13323.644609791892,10663.079572337014,3.1593716685524984,0,0,1,0.21212121212121213,0,13323.644609791892,3375.0633641727954,1,16434.00149345398,11760.801790237427,20111.82643890381,8351.024648666382,0.9044067053353818,0,240,Rolling z-score,Unexplained anomaly,No mapped business context; investigate before drawing conclusions
store_day,2016-04-17,4,26557.102043151855,13397.901627744946,13159.200415406909,3.564470636744446,0,1,1,0.42424242424242425,1,13397.901627744946,3691.768499859396,1,16434.00149345398,11760.801790237427,20111.82643890381,8351.024648666382,1.2121986194010919,0,240,Rolling z-score,Business event,"Known business context overlaps the flag; review, do not treat as error"
store_day,2016-04-19,4,18953.201946258545,13893.43613086428,5059.765815394265,1.1479771106001893,0,1,1,0.3939393939393939,1,13893.43613086428,4407.549391597974,0,9771.819489479065,6668.964772224426,11260.89477968216,4591.930007457733,1.9994604538544876,1,242,Weekday IQR,Business event,"Known business context overlaps the flag; review, do not treat as error"
store_day,2016-09-04,4,19948.081035614014,12103.016377210617,7845.064658403397,3.8649737867224774,0,0,1,0.42424242424242425,1,12103.016377210617,2029.784700055123,1,16434.00149345398,11760.801790237427,20111.82643890381,8351.024648666382,0.4207962124409746,0,240,Rolling z-score,Business event,"Known business context overlaps the flag; review, do not treat as error"
store_day,2016-09-11,4,20003.707107543945,12671.84440251759,7331.862705026355,3.03064556109926,0,0,1,0.3333333333333333,1,12671.84440251759,2419.2412333321417,1,16434.00149345398,11760.801790237427,20111.82643890381,8351.024648666382,0.42745720007664334,0,240,Rolling z-score,Business event,"Known business context overlaps the flag; review, do not treat as error"
store_day,2016-10-02,4,25247.441802978516,13256.400749138424,11991.041053840092,3.2759625674474298,0,0,1,0.3939393939393939,1,13256.400749138424,3660.3107657555724,1,16434.00149345398,11760.801790237427,20111.82643890381,8351.024648666382,1.0553723261889785,0,240,Rolling z-score,Business event,"Known business context overlaps the flag; review, do not treat as error"
store_day,2016-11-13,4,23994.355934143066,13676.700838770184,10317.655095372882,3.022209911813409,0,0,1,0.48484848484848486,1,13676.700838770184,3413.9439008000627,1,16434.00149345398,11760.801790237427,20111.82643890381,8351.024648666382,0.9053205754693154,0,240,Rolling z-score,Business event,"Known business context overlaps the flag; review, do not treat as error"
store_day,2016-12-22,4,17386.840814590454,14894.43188904013,2492.408925550324,0.7680396352534469,1,0,1,0.48484848484848486,1,14894.43188904013,3245.156644458654,0,8744.801058292389,5948.585256576538,9904.532266616821,3955.947010040283,2.1845691396685476,1,240,Weekday IQR,Business event,"Known business context overlaps the flag; review, do not treat as error"
store_day,2016-12-23,4,21209.7449760437,15143.073062130383,6066.671913913318,1.9225760535252467,1,0,1,0.6363636363636364,1,15143.073062130383,3155.4912497684722,0,10879.842012405396,7373.115895748138,12185.628724575043,4812.512828826904,2.1464676211899714,1,240,Weekday IQR,Business event,"Known business context overlaps the flag; review, do not treat as error"
store_day,2017-01-01,4,0.0,16189.752938389778,-16189.752938389778,-5.060709970962704,0,0,0,0.0,0,16189.752938389778,3199.107048474067,1,16434.00149345398,11760.801790237427,20111.82643890381,8351.024648666382,-1.9679024053746996,0,240,Rolling z-score,Potential data issue,Extreme or zero value without mapped context; investigate source records
store_day,2017-01-02,4,23386.33405303955,15563.890364698002,7822.443688341549,1.7728064925901774,1,0,1,0.48484848484848486,1,15563.890364698002,4412.463357414991,0,11066.73592376709,7329.972019195557,12311.654077529907,4981.682058334351,2.472979605083745,1,241,Weekday IQR,Business event,"Known business context overlaps the flag; review, do not treat as error"
store_day,2017-05-01,4,21578.55197906494,13160.750311340604,8417.801667724338,2.8798173723446023,1,0,1,0.5454545454545454,1,13160.750311340604,2923.0331577835395,0,11066.73592376709,7329.972019195557,12311.654077529907,4981.682058334351,2.1100937258152777,1,241,Weekday IQR,Business event,"Known business context overlaps the flag; review, do not treat as error"
store_day,2013-01-01,5,0.0,8422.88900256157,-8422.88900256157,,1,0,0,0.0,0,,,0,8422.88900256157,6647.02575480938,9387.510266542435,2740.484511733055,-3.07350359635312,1,242,Weekday IQR,Business event,"Known business context overlaps the flag; review, do not treat as error"
store_day,2013-05-05,5,12311.566005706787,6700.863781418119,5610.702224288668,5.3800742231293475,0,0,0,0.0,0,6700.863781418119,1042.8670668088246,1,11209.594475746155,9673.44200515747,12510.139729738235,2836.6977245807648,0.38846984661486716,0,240,Rolling z-score,Unexplained anomaly,No mapped business context; investigate before drawing conclusions
store_day,2013-06-02,5,12154.57696723938,6908.31632408074,5246.26064315864,3.125658871199199,0,0,0,0.0,0,6908.31632408074,1678.4495235546433,1,11209.594475746155,9673.44200515747,12510.139729738235,2836.6977245807648,0.3331276657730192,0,240,Rolling z-score,Unexplained anomaly,No mapped business context; investigate before drawing conclusions
store_day,2013-09-01,5,10704.85000038147,7106.115255304745,3598.7347450767247,3.3226487705624677,0,0,0,0.0,0,7106.115255304745,1083.0921332884427,1,11209.594475746155,9673.44200515747,12510.139729738235,2836.6977245807648,-0.17793382459855894,0,240,Rolling z-score,Unexplained anomaly,No mapped business context; investigate before drawing conclusions
store_day,2013-11-03,5,10246.217988967896,6478.632497738515,3767.5854912293808,3.4157362751177125,1,0,0,0.0,0,6478.632497738515,1103.008308537972,1,11209.594475746155,9673.44200515747,12510.139729738235,2836.6977245807648,-0.3396119644438452,0,240,Rolling z-score,Business event,"Known business context overlaps the flag; review, do not treat as error"
store_day,2013-12-23,5,18069.731048583984,8376.225142065969,9693.505906518016,4.014717913923967,1,0,0,0.0,0,8376.225142065969,2414.492403787251,1,9436.300979614258,7672.469964027405,10612.740012168884,2940.2700481414795,2.936271134152064,1,241,Rolling z-score + weekday IQR,Business event,"Known business context overlaps the flag; review, do not treat as error"
store_day,2013-12-24,5,14574.457941651344,8779.640930171523,5794.817011479821,1.9266792636141554,1,0,0,0.0,0,8779.640930171523,3007.6708256098796,0,8422.88900256157,6647.02575480938,9387.510266542435,2740.484511733055,2.2447012244559574,1,242,Weekday IQR,Business event,"Known business context overlaps the flag; review, do not treat as error"
store_day,2014-01-01,5,0.0,10025.307501690728,-10025.307501690728,-3.605575297542126,1,0,0,0.0,0,10025.307501690728,2780.501494040313,1,9262.372530937195,6896.62997508049,10514.592000961304,3617.9620258808136,-2.560107724923458,1,240,Rolling z-score + weekday IQR,Business event,"Known business context overlaps the flag; review, do not treat as error"
store_day,2014-01-02,5,15805.923973083496,9810.99660873413,5994.927364349365,1.8236810432459507,0,0,0,0.0,0,9810.99660873413,3287.2674673851175,0,7773.174499034882,6321.929238080978,8846.48423242569,2524.5549943447113,3.1818476888175864,1,240,Weekday IQR,Unexplained anomaly,No mapped business context; investigate before drawing conclusions
store_day,2014-01-05,5,16812.284019470215,10636.61248752049,6175.671531949725,1.810026166563355,0,0,0,0.0,0,10636.61248752049,3411.9238970314427,0,11209.594475746155,9673.44200515747,12510.139729738235,2836.6977245807648,1.9750745718076397,1,240,Weekday IQR,Unexplained anomaly,No mapped business context; investigate before drawing conclusions
store_day,2014-03-01,5,14838.052033424377,7579.9176496863365,7258.134383738041,4.689120979788077,0,0,0,0.0,0,7579.9176496863365,1547.8667355829384,1,10220.830951690674,8636.777020454407,11536.142958641052,2899.3659381866455,1.592493386544183,0,241,Rolling z-score,Unexplained anomaly,No mapped business context; investigate before drawing conclusions
store_day,2014-03-05,5,14316.17149734497,7737.112688924585,6579.0588084203855,3.400789338858522,0,0,0,0.0,0,7737.112688924585,1934.5681701732963,1,9262.372530937195,6896.62997508049,10514.592000961304,3617.9620258808136,1.3968634635343913,0,240,Rolling z-score,Unexplained anomaly,No mapped business context; investigate before drawing conclusions
store_day,2014-06-01,5,14020.306015014648,7492.712848237583,6527.593166777066,3.762025924196508,0,0,0,0.0,0,7492.712848237583,1735.127109250643,1,11209.594475746155,9673.44200515747,12510.139729738235,2836.6977245807648,0.9908392829143924,0,240,Rolling z-score,Unexplained anomaly,No mapped business context; investigate before drawing conclusions
store_day,2014-07-01,5,11859.46195936203,7376.469272545406,4482.992686816624,3.160137565958165,0,1,1,0.18181818181818182,0,7376.469272545406,1418.6068148135712,1,8422.88900256157,6647.02575480938,9387.510266542435,2740.484511733055,1.2540019628234302,0,242,Rolling z-score,Business event,"Known business context overlaps the flag; review, do not treat as error"
store_day,2014-07-05,5,15659.06399154663,7943.978616016252,7715.085375530379,3.8206210876459394,0,1,1,0.24242424242424243,0,7943.978616016252,2019.3275382573984,1,10220.830951690674,8636.777020454407,11536.142958641052,2899.3659381866455,1.8756628710542136,0,241,Rolling z-score,Business event,"Known business context overlaps the flag; review, do not treat as error"
store_day,2014-07-06,5,16829.22195625305,8194.774579269546,8634.447376983506,3.4678963712687345,0,0,1,0.2727272727272727,1,8194.774579269546,2489.8227780158786,1,11209.594475746155,9673.44200515747,12510.139729738235,2836.6977245807648,1.9810455769789221,1,240,Rolling z-score + weekday IQR,Business event,"Known business context overlaps the flag; review, do not treat as error"
store_day,2014-09-01,5,13028.646015167236,7896.626502292497,5132.019512874739,3.7893440060717514,0,0,1,0.30303030303030304,1,7896.626502292497,1354.3292729959562,1,9436.300979614258,7672.469964027405,10612.740012168884,2940.2700481414795,1.2217738427882399,0,241,Rolling z-score,Business event,"Known business context overlaps the flag; review, do not treat as error"
store_day,2014-09-07,5,15725.747016906738,8621.793576734406,7103.953440172332,3.4501443604667226,0,0,1,0.24242424242424243,0,8621.793576734406,2059.030781892076,1,11209.594475746155,9673.44200515747,12510.139729738235,2836.6977245807648,1.5920457446089098,0,240,Rolling z-score,Unexplained anomaly,No mapped business context; investigate before drawing conclusions
store_day,2014-12-02,5,14251.370031356812,11048.352264131818,3203.017767224994,1.4577702077014827,0,0,1,0.3333333333333333,1,11048.352264131818,2197.2034757626884,0,8422.88900256157,6647.02575480938,9387.510266542435,2740.484511733055,2.1268067758972187,1,242,Weekday IQR,Business event,"Known business context overlaps the flag; review, do not treat as error"
store_day,2014-12-14,5,18273.592964172363,11656.274610962186,6617.3183532101775,3.059251585256633,0,0,1,0.36363636363636365,1,11656.274610962186,2163.051376716069,1,11209.594475746155,9673.44200515747,12510.139729738235,2836.6977245807648,2.4902189708881286,1,240,Rolling z-score + weekday IQR,Business event,"Known business context overlaps the flag; review, do not treat as error"
store_day,2014-12-18,5,14226.05110168457,12199.874287434986,2026.176814249584,0.8365132599041052,0,0,1,0.18181818181818182,0,12199.874287434986,2422.169392128772,0,7773.174499034882,6321.929238080978,8846.48423242569,2524.5549943447113,2.556045171170706,1,240,Weekday IQR,Unexplained anomaly,No mapped business context; investigate before drawing conclusions
store_day,2014-12-19,5,14226.374069213867,12388.00772023201,1838.3663489818573,0.7773322266111298,0,0,1,0.36363636363636365,1,12388.00772023201,2364.968653102714,0,9023.417482852936,7157.033992290497,9827.111746549606,2670.0777542591095,1.9486161322686435,1,240,Weekday IQR,Business event,"Known business context overlaps the flag; review, do not treat as error"
store_day,2014-12-20,5,16283.825037002563,12561.807472603661,3722.0175643989023,1.6095700472994594,0,0,1,0.3333333333333333,1,12561.807472603661,2312.429689309709,0,10220.830951690674,8636.777020454407,11536.142958641052,2899.3659381866455,2.091144827721842,1,241,Weekday IQR,Business event,"Known business context overlaps the flag; review, do not treat as error"
store_day,2014-12-21,5,19028.09612941742,12758.33922120503,6269.75690821239,2.6254438970331466,1,0,1,0.36363636363636365,1,12758.33922120503,2388.0749900226238,0,11209.594475746155,9673.44200515747,12510.139729738235,2836.6977245807648,2.756198373172369,1,240,Weekday IQR,Business event,"Known business context overlaps the flag; review, do not treat as error"
store_day,2014-12-22,5,19847.927085876465,12953.865121466773,6894.061964409691,2.588067134527496,1,0,1,0.2727272727272727,1,12953.865121466773,2663.78791818642,0,9436.300979614258,7672.469964027405,10612.740012168884,2940.2700481414795,3.5410441679815468,1,241,Weekday IQR,Business event,"Known business context overlaps the flag; review, do not treat as error"
store_day,2014-12-23,5,22555.505966186523,13280.030123778752,9275.475842407772,3.1702656904004853,1,0,1,0.36363636363636365,1,13280.030123778752,2925.7723951950675,1,8422.88900256157,6647.02575480938,9387.510266542435,2740.484511733055,5.156977499094723,1,242,Rolling z-score + weekday IQR,Business event,"Known business context overlaps the flag; review, do not treat as error"
store_day,2014-12-24,5,20706.06185913086,13778.34123124395,6927.720627886909,2.119961956027694,1,0,1,0.2727272727272727,1,13778.34123124395,3267.851391478654,0,9262.372530937195,6896.62997508049,10514.592000961304,3617.9620258808136,3.16302085160986,1,240,Weekday IQR,Business event,"Known business context overlaps the flag; review, do not treat as error"
store_day,2014-12-26,5,16644.73009109497,14153.775477170944,2490.9546139240265,0.7240916947125773,1,0,1,0.3333333333333333,1,14153.775477170944,3440.1093564714783,0,9023.417482852936,7157.033992290497,9827.111746549606,2670.0777542591095,2.8543410753057974,1,240,Weekday IQR,Business event,"Known business context overlaps the flag; review, do not treat as error"
store_day,2014-12-29,5,16005.435022354126,14593.925590651375,1411.5094317027506,0.44723145597399133,0,0,1,0.21212121212121213,0,14593.925590651375,3156.1049940656158,0,9436.300979614258,7672.469964027405,10612.740012168884,2940.2700481414795,2.2341941165887684,1,241,Weekday IQR,Unexplained anomaly,No mapped business context; investigate before drawing conclusions
store_day,2014-12-30,5,18073.610927581787,14578.817771571023,3494.7931560107645,1.1101629448969836,0,0,1,0.2727272727272727,1,14578.817771571023,3148.0001850854965,0,8422.88900256157,6647.02575480938,9387.510266542435,2740.484511733055,3.521538576007933,1,242,Weekday IQR,Business event,"Known business context overlaps the flag; review, do not treat as error"
store_day,2014-12-31,5,18277.595127105713,14729.514731611524,3548.0803954941894,1.104508965189714,1,0,1,0.30303030303030304,1,14729.514731611524,3212.359978340927,0,9262.372530937195,6896.62997508049,10514.592000961304,3617.9620258808136,2.4917958042894908,1,240,Weekday IQR,Business event,"Known business context overlaps the flag; review, do not treat as error"
store_day,2015-01-01,5,0.0,14873.308485031128,-14873.308485031128,-4.53513519497303,1,0,0,0.0,0,14873.308485031128,3279.5733413895673,1,7773.174499034882,6321.929238080978,8846.48423242569,2524.5549943447113,-3.079027597516264,1,240,Rolling z-score + weekday IQR,Business event,"Known business context overlaps the flag; review, do not treat as error"
store_day,2015-05-02,5,10910.137031555176,7508.693254607065,3401.443776948111,3.2570692531310037,0,0,1,0.21212121212121213,0,7508.693254607065,1044.3265133765028,1,10220.830951690674,8636.777020454407,11536.142958641052,2899.3659381866455,0.23774373244365823,0,241,Rolling z-score,Unexplained anomaly,No mapped business context; investigate before drawing conclusions
store_day,2015-05-03,5,11874.490969657898,7593.223862103054,4281.267107554844,3.528638445321808,0,0,1,0.36363636363636365,1,7593.223862103054,1213.2915213319334,1,11209.594475746155,9673.44200515747,12510.139729738235,2836.6977245807648,0.2343910273379615,0,240,Rolling z-score,Business event,"Known business context overlaps the flag; review, do not treat as error"
store_day,2015-05-31,5,16154.264995574951,8847.559141090938,7306.705854484013,4.3017902797645755,0,0,1,0.3333333333333333,1,8847.559141090938,1698.5267480040632,1,11209.594475746155,9673.44200515747,12510.139729738235,2836.6977245807648,1.7431080079424284,0,240,Rolling z-score,Business event,"Known business context overlaps the flag; review, do not treat as error"
store_day,2015-12-11,5,17786.518072605133,10014.310958351407,7772.207114253726,5.457244325306741,0,0,1,0.3939393939393939,1,10014.310958351407,1424.1999534841912,1,9023.417482852936,7157.033992290497,9827.111746549606,2670.0777542591095,3.281964570422697,1,240,Rolling z-score + weekday IQR,Business event,"Known business context overlaps the flag; review, do not treat as error"
store_day,2015-12-20,5,17124.62809562683,10968.200210060391,6156.42788556644,2.844845673607033,0,0,1,0.21212121212121213,0,10968.200210060391,2164.0639218789643,0,11209.594475746155,9673.44200515747,12510.139729738235,2836.6977245807648,2.0851829113215996,1,240,Weekday IQR,Unexplained anomaly,No mapped business context; investigate before drawing conclusions
store_day,2015-12-21,5,17516.403184890747,11171.166818857193,6345.236366033554,2.5827134565626757,1,0,1,0.24242424242424243,0,11171.166818857193,2456.810046004254,0,9436.300979614258,7672.469964027405,10612.740012168884,2940.2700481414795,2.7480816635818384,1,241,Weekday IQR,Business event,"Known business context overlaps the flag; review, do not treat as error"
store_day,2015-12-22,5,17907.026075839996,11430.39746764728,6476.628608192716,2.3766005305989815,1,0,1,0.24242424242424243,0,11430.39746764728,2725.165009771496,0,8422.88900256157,6647.02575480938,9387.510266542435,2740.484511733055,3.4607519337085226,1,242,Weekday IQR,Business event,"Known business context overlaps the flag; review, do not treat as error"
store_day,2015-12-23,5,19308.137029647827,11761.274647218841,7546.862382428986,2.5766516775443455,1,0,1,0.2727272727272727,1,11761.274647218841,2928.9416370091026,0,9262.372530937195,6896.62997508049,10514.592000961304,3617.9620258808136,2.7766362462759497,1,240,Weekday IQR,Business event,"Known business context overlaps the flag; review, do not treat as error"
store_day,2015-12-24,5,19501.97736263275,12126.445862174034,7375.531500458717,2.299889128598803,1,0,1,0.21212121212121213,0,12126.445862174034,3206.907415120583,0,7773.174499034882,6321.929238080978,8846.48423242569,2524.5549943447113,4.645889231912838,1,240,Weekday IQR,Business event,"Known business context overlaps the flag; review, do not treat as error"
store_day,2015-12-30,5,16629.849066734314,12851.432877523559,3778.416189210755,1.1563893719144536,0,0,1,0.21212121212121213,0,12851.432877523559,3267.4255583613854,0,9262.372530937195,6896.62997508049,10514.592000961304,3617.9620258808136,2.0363609355472616,1,240,Weekday IQR,Unexplained anomaly,No mapped business context; investigate before drawing conclusions
store_day,2015-12-31,5,15831.342985153198,13054.846985357148,2776.4959997960505,0.8361656213128639,1,0,1,0.18181818181818182,0,13054.846985357148,3320.50963233417,0,7773.174499034882,6321.929238080978,8846.48423242569,2524.5549943447113,3.191916398798808,1,240,Weekday IQR,Business event,"Known business context overlaps the flag; review, do not treat as error"
store_day,2016-01-01,5,0.0,13182.192022715297,-13182.192022715297,-3.9264346994289845,1,0,0,0.0,0,13182.192022715297,3357.2930742060635,1,9023.417482852936,7157.033992290497,9827.111746549606,2670.0777542591095,-3.379458694961018,1,240,Rolling z-score + weekday IQR,Business event,"Known business context overlaps the flag; review, do not treat as error"
store_day,2016-04-03,5,13705.091011047363,9645.651396291596,4059.4396147557673,3.3659844838538096,0,0,1,0.21212121212121213,0,9645.651396291596,1206.018516790072,1,11209.594475746155,9673.44200515747,12510.139729738235,2836.6977245807648,0.8797188765221778,0,240,Rolling z-score,Unexplained anomaly,No mapped business context; investigate before drawing conclusions
store_day,2016-09-04,5,13803.810987472534,9742.67856672832,4061.132420744214,3.5276575849224483,0,0,1,0.36363636363636365,1,9742.67856672832,1151.2263656489476,1,11209.594475746155,9673.44200515747,12510.139729738235,2836.6977245807648,0.9145198972900006,0,240,Rolling z-score,Business event,"Known business context overlaps the flag; review, do not treat as error"
store_day,2016-12-18,5,15137.022953033447,9946.39250087738,5190.630452156067,3.4394283376420036,0,0,1,0.45454545454545453,1,9946.39250087738,1509.1549939704948,1,11209.594475746155,9673.44200515747,12510.139729738235,2836.6977245807648,1.3845072188182217,0,240,Rolling z-score,Business event,"Known business context overlaps the flag; review, do not treat as error"
store_day,2016-12-22,5,16493.55205154419,10535.051678436143,5958.500373108047,2.9003641447751622,1,0,1,0.5151515151515151,1,10535.051678436143,2054.3973362248116,0,7773.174499034882,6321.929238080978,8846.48423242569,2524.5549943447113,3.4542236441843968,1,240,Weekday IQR,Business event,"Known business context overlaps the flag; review, do not treat as error"
store_day,2016-12-23,5,21069.373889923096,10854.555000049728,10214.818889873368,4.523616412366282,1,0,1,0.6363636363636364,1,10854.555000049728,2258.1089903973634,1,9023.417482852936,7157.033992290497,9827.111746549606,2670.0777542591095,4.511462779634543,1,240,Rolling z-score + weekday IQR,Business event,"Known business context overlaps the flag; review, do not treat as error"
store_day,2016-12-24,5,18118.148940324783,11309.04499416692,6809.103946157864,2.3333250728230155,1,0,1,0.42424242424242425,1,11309.04499416692,2918.1977365544467,0,10220.830951690674,8636.777020454407,11536.142958641052,2899.3659381866455,2.7238086385098876,1,241,Weekday IQR,Business event,"Known business context overlaps the flag; review, do not treat as error"
store_day,2016-12-30,5,17169.307022094727,11890.594059271472,5278.712962823254,1.7479845212719618,0,0,1,0.5757575757575758,1,11890.594059271472,3019.8854157942287,0,9023.417482852936,7157.033992290497,9827.111746549606,2670.0777542591095,3.0508061146339553,1,240,Weekday IQR,Business event,"Known business context overlaps the flag; review, do not treat as error"
store_day,2016-12-31,5,16276.828914642334,12170.833022739205,4105.995891903129,1.3098722199662007,1,0,1,0.5454545454545454,1,12170.833022739205,3134.653769517364,0,10220.830951690674,8636.777020454407,11536.142958641052,2899.3659381866455,2.088731844155992,1,241,Weekday IQR,Business event,"Known business context overlaps the flag; review, do not treat as error"
store_day,2017-01-01,5,0.0,12363.211874289173,-12363.211874289173,-3.8426677044985427,0,0,0,0.0,0,12363.211874289173,3217.3512843215094,1,11209.594475746155,9673.44200515747,12510.139729738235,2836.6977245807648,-3.951635163172988,1,240,Rolling z-score + weekday IQR,Potential data issue,Extreme or zero value without mapped context; investigate source records
store_day,2017-05-01,5,13024.501949310303,9404.883558068957,3619.6183912413453,3.384017132975442,1,0,1,0.48484848484848486,1,9404.883558068957,1069.6217687464093,1,9436.300979614258,7672.469964027405,10612.740012168884,2940.2700481414795,1.2203644260377093,0,241,Rolling z-score,Business event,"Known business context overlaps the flag; review, do not treat as error"
store_day,2017-06-04,5,15479.712018966675,9986.51523896626,5493.196780000415,3.980509566583953,0,0,1,0.3939393939393939,1,9986.51523896626,1380.0235090791755,1,11209.594475746155,9673.44200515747,12510.139729738235,2836.6977245807648,1.5053128524124297,0,240,Rolling z-score,Business event,"Known business context overlaps the flag; review, do not treat as error"
store_day,2013-01-01,6,0.0,13074.237001419067,-13074.237001419067,,1,0,0,0.0,0,,,0,13074.237001419067,9071.02926158905,14867.745502471924,5796.7162408828735,-2.2554557542785267,1,242,Weekday IQR,Business event,"Known business context overlaps the flag; review, do not treat as error"
store_day,2013-03-03,6,16792.230987548828,8659.41796868188,8132.8130188669475,3.0394954634335125,0,0,0,0.0,0,8659.41796868188,2675.711517489767,1,21737.32654953003,16327.259694099426,27475.927458763123,11148.667764663696,-0.44355932622325944,0,240,Rolling z-score,Unexplained anomaly,No mapped business context; investigate before drawing conclusions
store_day,2013-06-02,6,17389.6000289917,9310.485821178981,8079.114207812718,3.014034468366065,0,0,0,0.0,0,9310.485821178981,2680.498279833036,1,21737.32654953003,16327.259694099426,27475.927458763123,11148.667764663696,-0.38997722528952594,0,240,Rolling z-score,Unexplained anomaly,No mapped business context; investigate before drawing conclusions
store_day,2013-09-01,6,16942.617977142334,8861.084356273923,8081.533620868411,4.533683830586285,0,0,0,0.0,0,8861.084356273923,1782.5534207627636,1,21737.32654953003,16327.259694099426,27475.927458763123,11148.667764663696,-0.43007009210416897,0,240,Rolling z-score,Unexplained anomaly,No mapped business context; investigate before drawing conclusions
store_day,2014-01-01,6,0.0,12510.893061058861,-12510.893061058861,-4.228031995699517,1,0,0,0.0,0,12510.893061058861,2959.034622676493,1,15026.334218978882,9725.731261253357,17095.39405441284,7369.662793159485,-2.0389446085547243,0,240,Rolling z-score,Business event,"Known business context overlaps the flag; review, do not treat as error"
store_day,2014-03-01,6,21018.074977874756,10655.763245310101,10362.311732564654,3.5898531057123133,0,0,0,0.0,0,10655.763245310101,2886.5559195376945,1,18900.38999557495,13618.70100402832,21567.61208343506,7948.911079406738,0.26641196022258895,0,241,Rolling z-score,Unexplained anomaly,No mapped business context; investigate before drawing conclusions
store_day,2014-03-04,6,23430.1990814209,10964.318273271832,12465.880808149066,3.614433389943905,1,0,0,0.0,0,10964.318273271832,3448.917012229829,1,13074.237001419067,9071.02926158905,14867.745502471924,5796.7162408828735,1.78652217042533,0,242,Rolling z-score,Business event,"Known business context overlaps the flag; review, do not treat as error"
store_day,2014-03-09,6,27174.03704071045,12292.450731754303,14881.586308956146,3.418076837935298,0,0,0,0.0,0,12292.450731754303,4353.78928401897,1,21737.32654953003,16327.259694099426,27475.927458763123,11148.667764663696,0.4876556200205703,0,240,Rolling z-score,Unexplained anomaly,No mapped business context; investigate before drawing conclusions
store_day,2014-07-06,6,24702.024990081787,12157.555368695941,12544.469621385846,3.399875338294056,0,0,1,0.21212121212121213,0,12157.555368695941,3689.6851717158083,1,21737.32654953003,16327.259694099426,27475.927458763123,11148.667764663696,0.2659240102165865,0,240,Rolling z-score,Unexplained anomaly,No mapped business context; investigate before drawing conclusions
store_day,2014-09-01,6,20319.852954864502,10458.860134737832,9860.99282012667,3.873710127973523,0,0,1,0.15151515151515152,0,10458.860134737832,2545.619701618022,1,15315.636024475098,10492.324012756348,16980.910053253174,6488.586040496826,0.7712338095167242,0,241,Rolling z-score,Unexplained anomaly,No mapped business context; investigate before drawing conclusions
store_day,2014-09-07,6,28158.36396408081,12146.722197123936,16011.641766956875,3.83525653191549,0,0,1,0.18181818181818182,0,12146.722197123936,4174.855484558677,1,21737.32654953003,16327.259694099426,27475.927458763123,11148.667764663696,0.5759466108500072,0,240,Rolling z-score,Unexplained anomaly,No mapped business context; investigate before drawing conclusions
store_day,2014-11-03,6,28161.33013153076,15573.14381974084,12588.186311789921,3.076292603994923,1,0,1,0.15151515151515152,0,15573.14381974084,4091.9990170774718,1,15315.636024475098,10492.324012756348,16980.910053253174,6488.586040496826,1.9797370377587038,1,241,Rolling z-score + weekday IQR,Business event,"Known business context overlaps the flag; review, do not treat as error"
store_day,2015-01-01,6,0.0,18424.52755052703,-18424.52755052703,-4.713841987242177,1,0,0,0.0,0,18424.52755052703,3908.601009620659,1,11595.604014396667,8160.2914843559265,13075.171191692352,4914.879707336426,-2.359285415894909,1,240,Rolling z-score + weekday IQR,Business event,"Known business context overlaps the flag; review, do not treat as error"
store_day,2015-03-01,6,21546.24504852295,11274.923430238452,10271.321618284497,3.149337386094038,0,0,1,0.21212121212121213,0,11274.923430238452,3261.4230738306164,1,21737.32654953003,16327.259694099426,27475.927458763123,11148.667764663696,-0.017139402217431144,0,240,Rolling z-score,Unexplained anomaly,No mapped business context; investigate before drawing conclusions
store_day,2015-05-31,6,24766.066970825195,12681.677896772113,12084.389074053082,3.480414491013717,0,0,1,0.30303030303030304,1,12681.677896772113,3472.112044486214,1,21737.32654953003,16327.259694099426,27475.927458763123,11148.667764663696,0.27166837197309995,0,240,Rolling z-score,Business event,"Known business context overlaps the flag; review, do not treat as error"
store_day,2015-06-07,6,27671.836265563965,13997.353714397976,13674.48255116599,3.122291454767727,0,0,1,0.24242424242424243,0,13997.353714397976,4379.630393019558,1,21737.32654953003,16327.259694099426,27475.927458763123,11148.667764663696,0.5323066254466461,0,240,Rolling z-score,Unexplained anomaly,No mapped business context; investigate before drawing conclusions
store_day,2015-09-06,6,30386.62713623047,16271.096188817706,14115.530947412763,4.451916645420284,0,0,1,0.24242424242424243,0,16271.096188817706,3170.663799811594,1,21737.32654953003,16327.259694099426,27475.927458763123,11148.667764663696,0.7758147223756066,0,240,Rolling z-score,Unexplained anomaly,No mapped business context; investigate before drawing conclusions
store_day,2015-11-03,6,26038.639976501465,16848.398385933466,9190.241590567999,1.9629688953478275,1,0,1,0.18181818181818182,0,16848.398385933466,4681.807038485721,0,13074.237001419067,9071.02926158905,14867.745502471924,5796.7162408828735,2.236508125694944,1,242,Weekday IQR,Business event,"Known business context overlaps the flag; review, do not treat as error"
store_day,2015-12-24,6,23904.6020154953,19286.413004330225,4618.1890111650755,0.9255462915295506,1,0,1,0.30303030303030304,1,19286.413004330225,4989.6899306171845,0,11595.604014396667,8160.2914843559265,13075.171191692352,4914.879707336426,2.5044352525505413,1,240,Weekday IQR,Business event,"Known business context overlaps the flag; review, do not treat as error"
store_day,2015-12-31,6,23146.803016662598,19822.9147333077,3323.888283354896,0.7371776894393355,1,0,1,0.18181818181818182,0,19822.9147333077,4508.937710639205,0,11595.604014396667,8160.2914843559265,13075.171191692352,4914.879707336426,2.350250604307465,1,240,Weekday IQR,Business event,"Known business context overlaps the flag; review, do not treat as error"
store_day,2016-01-01,6,0.0,19979.81494968278,-19979.81494968278,-4.394423990619635,1,0,0,0.0,0,19979.81494968278,4546.6288624702165,1,13671.966501235962,9341.69047832489,15784.709677696228,6443.019199371338,-2.121981337968071,0,240,Rolling z-score,Business event,"Known business context overlaps the flag; review, do not treat as error"
store_day,2016-04-17,6,37344.259101867676,18121.18808358056,19223.071018287115,3.8333556623708276,0,1,1,0.3939393939393939,1,18121.18808358056,5014.684968312636,1,21737.32654953003,16327.259694099426,27475.927458763123,11148.667764663696,1.3998921558865232,0,240,Rolling z-score,Business event,"Known business context overlaps the flag; review, do not treat as error"
store_day,2016-04-18,6,28180.049907684326,18568.754980564117,9611.294927120209,1.5807865226977877,0,1,1,0.36363636363636365,1,18568.754980564117,6080.071400607254,0,15315.636024475098,10492.324012756348,16980.910053253174,6488.586040496826,1.9826220694184107,1,241,Weekday IQR,Business event,"Known business context overlaps the flag; review, do not treat as error"
store_day,2016-04-19,6,24281.571060180664,19015.49154833385,5266.079511846816,0.8339886252742692,0,1,1,0.3333333333333333,1,19015.49154833385,6314.330138633473,0,13074.237001419067,9071.02926158905,14867.745502471924,5796.7162408828735,1.9333935961396405,1,242,Weekday IQR,Business event,"Known business context overlaps the flag; review, do not treat as error"
store_day,2016-09-04,6,26360.52700805664,15935.442856992993,10425.084151063647,3.51988823761594,0,0,1,0.42424242424242425,1,15935.442856992993,2961.7656718909557,1,21737.32654953003,16327.259694099426,27475.927458763123,11148.667764663696,0.4146863603900813,0,240,Rolling z-score,Business event,"Known business context overlaps the flag; review, do not treat as error"
store_day,2016-10-02,6,32310.151901245117,17536.734186308724,14773.417714936393,3.002501500353964,0,0,1,0.3939393939393939,1,17536.734186308724,4920.369802711092,1,21737.32654953003,16327.259694099426,27475.927458763123,11148.667764663696,0.9483487690992307,0,240,Rolling z-score,Business event,"Known business context overlaps the flag; review, do not treat as error"
store_day,2017-01-01,6,0.0,21111.042449201857,-21111.042449201857,-4.410430152396343,0,0,0,0.0,0,21111.042449201857,4786.617567842329,1,21737.32654953003,16327.259694099426,27475.927458763123,11148.667764663696,-1.9497689776376383,0,240,Rolling z-score,Potential data issue,Extreme or zero value without mapped context; investigate source records
store_day,2017-01-02,6,33420.296142578125,20239.132415090287,13181.163727487838,2.1319391136414203,1,0,1,0.5454545454545454,1,20239.132415090287,6182.711149275735,0,15315.636024475098,10492.324012756348,16980.910053253174,6488.586040496826,2.790231955792447,1,241,Weekday IQR,Business event,"Known business context overlaps the flag; review, do not treat as error"
store_day,2017-01-03,6,24664.801902770996,20279.889458520072,4384.912444250924,0.6995500285043152,0,0,1,0.5151515151515151,1,20279.889458520072,6268.189930069991,0,13074.237001419067,9071.02926158905,14867.745502471924,5796.7162408828735,1.999505309507201,1,242,Weekday IQR,Business event,"Known business context overlaps the flag; review, do not treat as error"
store_day,2017-02-28,6,25207.69692993164,18365.691558429175,6842.005371502466,1.6593470122445182,1,0,1,0.5151515151515151,1,18365.691558429175,4123.311954048489,0,13074.237001419067,9071.02926158905,14867.745502471924,5796.7162408828735,2.093160924962678,1,242,Weekday IQR,Business event,"Known business context overlaps the flag; review, do not treat as error"
store_day,2017-05-01,6,30397.016815185547,18106.19109705516,12290.825718130385,2.835521210763323,1,0,1,0.48484848484848486,1,18106.19109705516,4334.591351838871,0,15315.636024475098,10492.324012756348,16980.910053253174,6488.586040496826,2.3242938749033955,1,241,Weekday IQR,Business event,"Known business context overlaps the flag; review, do not treat as error"
store_day,2013-02-01,7,9955.442028045654,7865.944856234959,2089.4971718106954,3.0840628394062137,0,0,0,0.0,0,7865.944856234959,677.5144608314771,1,18235.64359664917,10817.332485198975,21116.968733787537,10299.636248588562,-0.8039314562917904,0,240,Rolling z-score,Unexplained anomaly,No mapped business context; investigate before drawing conclusions
store_day,2013-02-10,7,4781.042991638184,7829.636681692941,-3048.5936900547576,-4.309999511299831,0,0,0,0.0,0,7829.636681692941,707.3304027209385,1,16130.85065460205,9903.729034423828,20236.987062454224,10333.258028030396,-1.0983764880520683,0,240,Rolling z-score,Unexplained anomaly,No mapped business context; investigate before drawing conclusions
store_day,2013-09-02,7,11252.297004699707,8287.44782100405,2964.8491836956564,3.145602889741133,0,0,0,0.0,0,8287.44782100405,942.5376589540355,1,19032.307907104492,11345.307968139648,22246.09885787964,10900.79088973999,-0.7137106821971481,0,241,Rolling z-score,Unexplained anomaly,No mapped business context; investigate before drawing conclusions
store_day,2013-10-01,7,11682.24301147461,9129.173110144478,2553.069901330131,3.0764180180929324,0,0,0,0.0,0,9129.173110144478,829.8839385009114,1,17294.373111724854,9921.303260803223,19892.489143371582,9971.18588256836,-0.5628347687371246,0,242,Rolling z-score,Unexplained anomaly,No mapped business context; investigate before drawing conclusions
store_day,2013-10-02,7,12128.960006713867,9194.283502851215,2934.6765038626527,3.083179864325442,0,0,0,0.0,0,9194.283502851215,951.8343505738741,1,20277.340045928955,11388.958302497864,24033.801052093506,12644.842749595642,-0.6444034299656006,0,240,Rolling z-score,Unexplained anomaly,No mapped business context; investigate before drawing conclusions
store_day,2013-11-04,7,12343.459983825684,9188.970251287732,3154.4897325379516,3.301853788626716,0,0,0,0.0,0,9188.970251287732,955.3692969094022,1,19032.307907104492,11345.307968139648,22246.09885787964,10900.79088973999,-0.6136112499483378,0,241,Rolling z-score,Unexplained anomaly,No mapped business context; investigate before drawing conclusions
store_day,2013-11-27,7,17934.72198486328,10279.912572996956,7654.809411866325,7.797379150420004,0,0,0,0.0,0,10279.912572996956,981.7156847444055,1,20277.340045928955,11388.958302497864,24033.801052093506,12644.842749595642,-0.18526272785326542,0,240,Rolling z-score,Unexplained anomaly,No mapped business context; investigate before drawing conclusions
store_day,2013-12-29,7,5382.335981369019,11861.296565430504,-6478.960584061486,-3.116139724031593,0,0,0,0.0,0,11861.296565430504,2079.162411780159,1,16130.85065460205,9903.729034423828,20236.987062454224,10333.258028030396,-1.0401864198180473,0,240,Rolling z-score,Unexplained anomaly,No mapped business context; investigate before drawing conclusions
store_day,2014-01-01,7,0.0,11485.013459375927,-11485.013459375927,-4.646659367116736,1,0,0,0.0,0,11485.013459375927,2471.671054834047,1,20277.340045928955,11388.958302497864,24033.801052093506,12644.842749595642,-1.6036055526730362,0,240,Rolling z-score,Business event,"Known business context overlaps the flag; review, do not treat as error"
store_day,2014-01-02,7,23686.849773406982,11090.980424370084,12595.869349036899,3.8282018062544356,0,0,0,0.0,0,11090.980424370084,3290.283529060049,1,15420.36357307434,9135.005506038666,17785.323531150818,8650.318025112152,0.9556280100147493,0,240,Rolling z-score,Unexplained anomaly,No mapped business context; investigate before drawing conclusions
store_day,2014-02-01,7,11559.16000366211,18070.58529131753,-6511.42528765542,-3.1404674891350104,0,0,0,0.0,0,18070.58529131753,2073.3936301467284,1,16902.971225738525,10459.410026550293,19590.00896835327,9130.598941802979,-0.5852640397565417,0,241,Rolling z-score,Unexplained anomaly,No mapped business context; investigate before drawing conclusions
store_day,2014-02-02,7,9583.675018310547,17773.18900367192,-8189.513985361373,-3.4436899578960127,0,0,0,0.0,0,17773.18900367192,2378.1217489059063,1,16130.85065460205,9903.729034423828,20236.987062454224,10333.258028030396,-0.6336022596678977,0,240,Rolling z-score,Unexplained anomaly,No mapped business context; investigate before drawing conclusions
store_day,2014-03-01,7,16770.310092926025,10425.693662507194,6344.616430418831,5.62004760757023,0,0,0,0.0,0,10425.693662507194,1128.9257446631952,1,16902.971225738525,10459.410026550293,19590.00896835327,9130.598941802979,-0.014529291414294012,0,241,Rolling z-score,Unexplained anomaly,No mapped business context; investigate before drawing conclusions
store_day,2014-03-04,7,18293.806159973145,10719.32012626103,7574.486033712115,4.506182211772066,1,0,0,0.0,0,10719.32012626103,1680.9098429096664,1,17294.373111724854,9921.303260803223,19892.489143371582,9971.18588256836,0.10023211481750643,0,242,Rolling z-score,Business event,"Known business context overlaps the flag; review, do not treat as error"
store_day,2014-03-05,7,25253.93820953369,11025.505846977234,14228.432362556458,6.483420077301574,0,0,0,0.0,0,11025.505846977234,2194.587454292857,1,20277.340045928955,11388.958302497864,24033.801052093506,12644.842749595642,0.39356742208311596,0,240,Rolling z-score,Unexplained anomaly,No mapped business context; investigate before drawing conclusions
store_day,2014-04-03,7,9537.272010803223,17617.29062451635,-8080.018613713128,-3.5973387043581924,0,0,0,0.0,0,17617.29062451635,2246.110049054916,1,15420.36357307434,9135.005506038666,17785.323531150818,8650.318025112152,-0.6801011876317511,0,240,Rolling z-score,Unexplained anomaly,No mapped business context; investigate before drawing conclusions
store_day,2014-06-02,7,13956.914070129395,10476.584034238544,3480.330035890851,3.380995311017474,0,0,0,0.0,0,10476.584034238544,1029.3803202121221,1,19032.307907104492,11345.307968139648,22246.09885787964,10900.79088973999,-0.4655986788767909,0,241,Rolling z-score,Unexplained anomaly,No mapped business context; investigate before drawing conclusions
store_day,2014-07-01,7,20317.500091552734,10773.845821584973,9543.654269967761,7.402330682876417,0,1,1,0.15151515151515152,0,10773.845821584973,1289.276942469593,1,17294.373111724854,9921.303260803223,19892.489143371582,9971.18588256836,0.3031863025553375,0,242,Rolling z-score,Business event,"Known business context overlaps the flag; review, do not treat as error"
store_day,2014-07-02,7,22432.478965759277,11090.135146754128,11342.34381900515,5.116454188018539,0,0,1,0.21212121212121213,0,11090.135146754128,2216.836778401357,1,20277.340045928955,11388.958302497864,24033.801052093506,12644.842749595642,0.17043619778500127,0,240,Rolling z-score,Unexplained anomaly,No mapped business context; investigate before drawing conclusions
store_day,2014-08-02,7,9029.195014953613,15991.837829453605,-6962.642814499992,-3.4400390477965743,0,0,1,0.09090909090909091,0,15991.837829453605,2024.0010993362787,1,16902.971225738525,10459.410026550293,19590.00896835327,9130.598941802979,-0.8623504614506825,0,241,Rolling z-score,Unexplained anomaly,No mapped business context; investigate before drawing conclusions
store_day,2014-08-03,7,8316.294952392578,15734.356513568333,-7418.061561175755,-3.0746033703588584,0,0,1,0.12121212121212122,0,15734.356513568333,2412.6889447564554,1,16130.85065460205,9903.729034423828,20236.987062454224,10333.258028030396,-0.7562528372959822,0,240,Rolling z-score,Unexplained anomaly,No mapped business context; investigate before drawing conclusions
store_day,2014-09-01,7,23447.645904541016,10054.380995614189,13393.264908926827,11.522249602897652,0,0,1,0.18181818181818182,0,10054.380995614189,1162.382813297036,1,19032.307907104492,11345.307968139648,22246.09885787964,10900.79088973999,0.40504749078273894,0,241,Rolling z-score,Unexplained anomaly,No mapped business context; investigate before drawing conclusions
store_day,2014-09-02,7,20378.85189819336,10524.682313646588,9854.169584546771,3.536626570838945,0,0,1,0.15151515151515152,0,10524.682313646588,2786.318936185904,1,17294.373111724854,9921.303260803223,19892.489143371582,9971.18588256836,0.3093392122857519,0,242,Rolling z-score,Unexplained anomaly,No mapped business context; investigate before drawing conclusions
store_day,2014-09-03,7,22916.545150756836,10912.280845778329,12004.264304978507,3.592205817098056,0,0,1,0.3333333333333333,1,10912.280845778329,3341.7529273631894,1,20277.340045928955,11388.958302497864,24033.801052093506,12644.842749595642,0.2087179063505774,0,240,Rolling z-score,Business event,"Known business context overlaps the flag; review, do not treat as error"
store_day,2014-10-01,7,26658.32381439209,19092.06431211744,7566.25950227465,3.7945754256681115,0,0,1,0.3333333333333333,1,19092.06431211744,1993.9673490460286,1,20277.340045928955,11388.958302497864,24033.801052093506,12644.842749595642,0.5046313263695736,0,240,Rolling z-score,Business event,"Known business context overlaps the flag; review, do not treat as error"
store_day,2014-11-05,7,26094.710647583008,17765.64239815303,8329.068249429976,3.632533100544494,0,0,1,0.21212121212121213,0,17765.64239815303,2292.90911297725,1,20277.340045928955,11388.958302497864,24033.801052093506,12644.842749595642,0.4600587541383289,0,240,Rolling z-score,Unexplained anomaly,No mapped business context; investigate before drawing conclusions
store_day,2014-12-27,7,11520.859867095947,19656.387486185347,-8135.5276190894,-3.404752933207944,0,0,1,0.15151515151515152,0,19656.387486185347,2389.4619605846524,1,16902.971225738525,10459.410026550293,19590.00896835327,9130.598941802979,-0.5894587412005851,0,241,Rolling z-score,Unexplained anomaly,No mapped business context; investigate before drawing conclusions
store_day,2014-12-28,7,10098.76095199585,19461.85466003418,-9363.09370803833,-3.3409972253123317,0,0,1,0.24242424242424243,0,19461.85466003418,2802.484730337669,1,16130.85065460205,9903.729034423828,20236.987062454224,10333.258028030396,-0.5837548705590552,0,240,Rolling z-score,Unexplained anomaly,No mapped business context; investigate before drawing conclusions
store_day,2015-01-01,7,0.0,18597.900955063957,-18597.900955063957,-5.390824585250877,1,0,0,0.0,0,18597.900955063957,3449.917663050513,1,15420.36357307434,9135.005506038666,17785.323531150818,8650.318025112152,-1.7826354508942364,0,240,Rolling z-score,Business event,"Known business context overlaps the flag; review, do not treat as error"
store_day,2015-02-15,7,6357.571998596191,10842.093609401158,-4484.521610804966,-3.1579964345876586,0,0,1,0.21212121212121213,0,10842.093609401158,1420.0527783023012,1,16130.85065460205,9903.729034423828,20236.987062454224,10333.258028030396,-0.94580805293882,0,240,Rolling z-score,Unexplained anomaly,No mapped business context; investigate before drawing conclusions
store_day,2015-06-01,7,23940.37670135498,12716.241535323006,11224.135166031974,7.464938243438554,0,0,1,0.21212121212121213,0,12716.241535323006,1503.5804450087228,1,19032.307907104492,11345.307968139648,22246.09885787964,10900.79088973999,0.45024887128786645,0,241,Rolling z-score,Unexplained anomaly,No mapped business context; investigate before drawing conclusions
store_day,2015-06-03,7,24561.625213623047,13304.590559278216,11257.03465434483,3.7986522818155244,0,0,1,0.3333333333333333,1,13304.590559278216,2963.4285581318472,1,20277.340045928955,11388.958302497864,24033.801052093506,12644.842749595642,0.3388168008519596,0,240,Rolling z-score,Business event,"Known business context overlaps the flag; review, do not treat as error"
store_day,2015-07-01,7,26216.64682006836,19192.557842390877,7024.088977677482,3.4172940835168024,0,0,1,0.2727272727272727,1,19192.557842390877,2055.453468742397,1,20277.340045928955,11388.958302497864,24033.801052093506,12644.842749595642,0.46970190865594846,0,240,Rolling z-score,Business event,"Known business context overlaps the flag; review, do not treat as error"
store_day,2015-08-09,7,10952.659923553467,16896.35562637874,-5943.695702825273,-3.6613730329442027,0,0,1,0.21212121212121213,0,16896.35562637874,1623.35158131806,1,16130.85065460205,9903.729034423828,20236.987062454224,10333.258028030396,-0.5011188839959307,0,240,Rolling z-score,Unexplained anomaly,No mapped business context; investigate before drawing conclusions
store_day,2015-08-14,7,26707.73984527588,16542.877515656608,10164.86232961927,5.022681712224556,0,0,1,0.45454545454545453,1,16542.877515656608,2023.7918530412376,1,18235.64359664917,10817.332485198975,21116.968733787537,10299.636248588562,0.8225626657240157,0,240,Rolling z-score,Business event,"Known business context overlaps the flag; review, do not treat as error"
store_day,2015-11-04,7,29442.589614868164,19072.236881801062,10370.352733067102,4.104521406063046,0,0,1,0.21212121212121213,0,19072.236881801062,2526.5680714317637,1,20277.340045928955,11388.958302497864,24033.801052093506,12644.842749595642,0.724821158351874,0,240,Rolling z-score,Unexplained anomaly,No mapped business context; investigate before drawing conclusions
store_day,2015-12-27,7,12512.707038879395,21807.918866770608,-9295.211827891213,-3.3522894780586476,0,0,1,0.2727272727272727,1,21807.918866770608,2772.79509682266,1,16130.85065460205,9903.729034423828,20236.987062454224,10333.258028030396,-0.35014548227751013,0,240,Rolling z-score,Business event,"Known business context overlaps the flag; review, do not treat as error"
store_day,2016-01-01,7,0.0,20813.455714157648,-20813.455714157648,-6.329779146214152,1,0,0,0.0,0,20813.455714157648,3288.1803983012896,1,18235.64359664917,10817.332485198975,21116.968733787537,10299.636248588562,-1.7705133614935322,0,240,Rolling z-score,Business event,"Known business context overlaps the flag; review, do not treat as error"
store_day,2016-02-07,7,13799.523872375488,21017.18798773629,-7217.664115360803,-3.1856630865077253,0,0,1,0.12121212121212122,0,21017.18798773629,2265.6708884030636,1,16130.85065460205,9903.729034423828,20236.987062454224,10333.258028030396,-0.2256139134339349,0,240,Rolling z-score,Unexplained anomaly,No mapped business context; investigate before drawing conclusions
store_day,2016-04-17,7,36744.41313934326,20182.735686302185,16561.677453041077,6.32628363777066,0,1,1,0.21212121212121213,0,20182.735686302185,2617.9157308345566,1,16130.85065460205,9903.729034423828,20236.987062454224,10333.258028030396,1.994875423494126,1,240,Rolling z-score + weekday IQR,Business event,"Known business context overlaps the flag; review, do not treat as error"
store_day,2016-04-18,7,35680.46292877197,20840.40257849012,14840.060350281852,3.6604066893202685,0,1,1,0.2727272727272727,1,20840.40257849012,4054.210804930429,1,19032.307907104492,11345.307968139648,22246.09885787964,10900.79088973999,1.5272428569689385,0,241,Rolling z-score,Business event,"Known business context overlaps the flag; review, do not treat as error"
store_day,2016-11-03,7,12521.040981292725,20477.96442079544,-7956.923439502716,-3.609528691627613,1,0,1,0.45454545454545453,1,20477.96442079544,2204.421717981904,1,15420.36357307434,9135.005506038666,17785.323531150818,8650.318025112152,-0.33516947970754246,0,240,Rolling z-score,Business event,"Known business context overlaps the flag; review, do not treat as error"
store_day,2016-12-21,7,30315.861213684082,22133.415488447463,8182.445725236619,3.613827676636646,1,0,1,0.5151515151515151,1,22133.415488447463,2264.204731768489,1,20277.340045928955,11388.958302497864,24033.801052093506,12644.842749595642,0.7938826418443313,0,240,Rolling z-score,Business event,"Known business context overlaps the flag; review, do not treat as error"
store_day,2017-01-01,7,0.0,21928.23242487226,-21928.23242487226,-7.186634875563228,0,0,0,0.0,0,21928.23242487226,3051.2517756307625,1,16130.85065460205,9903.729034423828,20236.987062454224,10333.258028030396,-1.5610614397554847,0,240,Rolling z-score,Potential data issue,Extreme or zero value without mapped context; investigate source records
store_day,2017-02-26,7,13316.109994888306,22112.87636777333,-8796.766372885024,-3.70539251452052,0,0,1,0.45454545454545453,1,22112.87636777333,2374.044406473178,1,16130.85065460205,9903.729034423828,20236.987062454224,10333.258028030396,-0.2723962425092232,0,240,Rolling z-score,Business event,"Known business context overlaps the flag; review, do not treat as error"
store_day,2017-04-14,7,13431.32797241211,21484.30203505925,-8052.974062647139,-3.115708613421218,1,0,1,0.5454545454545454,1,21484.30203505925,2584.6364541145376,1,18235.64359664917,10817.332485198975,21116.968733787537,10299.636248588562,-0.4664548832873037,0,240,Rolling z-score,Business event,"Known business context overlaps the flag; review, do not treat as error"
store_day,2013-08-31,8,14648.628021240234,10121.904886654445,4526.723134585789,3.242562224337512,0,0,0,0.0,0,10121.904886654445,1396.0327732833698,1,24586.655967712402,15648.268928527832,28141.87929534912,12493.610366821289,-0.7954488458247534,0,241,Rolling z-score,Unexplained anomaly,No mapped business context; investigate before drawing conclusions
store_day,2013-09-01,8,16280.708061218262,10177.284103257316,6103.423957960946,3.9590771389842794,0,0,0,0.0,0,10177.284103257316,1541.6279460336075,1,24361.15881538391,15780.186513900757,29281.746892929077,13501.56037902832,-0.5984827329081783,0,240,Rolling z-score,Unexplained anomaly,No mapped business context; investigate before drawing conclusions
store_day,2014-01-01,8,0.0,14251.39503444944,-14251.39503444944,-5.373305866218605,1,0,0,0.0,0,14251.39503444944,2652.2582911288237,1,21065.603942871094,11680.793506622314,23500.80413722992,11820.010630607605,-1.7821983923028182,0,240,Rolling z-score,Business event,"Known business context overlaps the flag; review, do not treat as error"
store_day,2014-01-04,8,30477.865798950195,14525.560260295868,15952.305538654327,3.639281247417546,0,0,0,0.0,0,14525.560260295868,4383.367059079089,1,24586.655967712402,15648.268928527832,28141.87929534912,12493.610366821289,0.47153782279642803,0,241,Rolling z-score,Unexplained anomaly,No mapped business context; investigate before drawing conclusions
store_day,2014-03-01,8,23431.045753479004,12002.371947629112,11428.673805849892,4.6141565030164,0,0,0,0.0,0,12002.371947629112,2476.8717312424615,1,24586.655967712402,15648.268928527832,28141.87929534912,12493.610366821289,-0.09249609842982616,0,241,Rolling z-score,Unexplained anomaly,No mapped business context; investigate before drawing conclusions
store_day,2014-03-04,8,23414.949111938477,12493.32701253891,10921.622099399567,3.2241353448584875,1,0,0,0.0,0,12493.32701253891,3387.457699881062,1,16045.08063697815,10062.595719337463,18223.785230636597,8161.189511299133,0.903038517210852,0,242,Rolling z-score,Business event,"Known business context overlaps the flag; review, do not treat as error"
store_day,2014-03-09,8,31208.58689880371,14389.30096605846,16819.285932745253,3.3456757281361753,0,0,0,0.0,0,14389.30096605846,5027.171578913005,1,24361.15881538391,15780.186513900757,29281.746892929077,13501.56037902832,0.5071582758727473,0,240,Rolling z-score,Unexplained anomaly,No mapped business context; investigate before drawing conclusions
store_day,2014-07-02,8,24047.343925476074,12480.166150910514,11567.17777456556,3.980658942523311,0,0,1,0.24242424242424243,0,12480.166150910514,2905.8449722982823,1,21065.603942871094,11680.793506622314,23500.80413722992,11820.010630607605,0.25226203899375893,0,240,Rolling z-score,Unexplained anomaly,No mapped business context; investigate before drawing conclusions
store_day,2014-07-06,8,29535.435905456543,13744.021792548043,15791.4141129085,3.6610356831452373,0,0,1,0.24242424242424243,0,13744.021792548043,4313.373449379198,1,24361.15881538391,15780.186513900757,29281.746892929077,13501.56037902832,0.3832354887002338,0,240,Rolling z-score,Unexplained anomaly,No mapped business context; investigate before drawing conclusions
store_day,2014-09-01,8,22671.27207183838,12375.531787736076,10295.740284102303,4.3129832866672695,0,0,1,0.18181818181818182,0,12375.531787736076,2387.1505173529276,1,18442.125846862793,11331.102996826172,19861.899982452393,8530.79698562622,0.49575042426884536,0,241,Rolling z-score,Unexplained anomaly,No mapped business context; investigate before drawing conclusions
store_day,2014-09-03,8,25055.290008544922,13092.29810306004,11962.991905484881,3.5973295775507,0,0,1,0.2727272727272727,1,13092.29810306004,3325.5201247448886,1,21065.603942871094,11680.793506622314,23500.80413722992,11820.010630607605,0.3375365886171576,0,240,Rolling z-score,Business event,"Known business context overlaps the flag; review, do not treat as error"
store_day,2014-09-06,8,28061.793769836426,13962.653858048576,14099.13991178785,3.4660277958732446,0,0,1,0.21212121212121213,0,13962.653858048576,4067.809245088774,1,24586.655967712402,15648.268928527832,28141.87929534912,12493.610366821289,0.2781532079272128,0,241,Rolling z-score,Unexplained anomaly,No mapped business context; investigate before drawing conclusions
store_day,2014-09-07,8,30581.690101623535,14461.99370615823,16119.696395465306,3.3146481363696463,0,0,1,0.24242424242424243,0,14461.99370615823,4863.16970377445,1,24361.15881538391,15780.186513900757,29281.746892929077,13501.56037902832,0.4607268427952846,0,240,Rolling z-score,Unexplained anomaly,No mapped business context; investigate before drawing conclusions
store_day,2015-01-01,8,0.0,23636.475213663918,-23636.475213663918,-5.676204919521199,1,0,0,0.0,0,23636.475213663918,4164.133527381127,1,15174.390956878662,9569.769002914429,16565.77299976349,6996.00399684906,-2.1690083315722912,0,240,Rolling z-score,Business event,"Known business context overlaps the flag; review, do not treat as error"
store_day,2015-08-15,8,31310.78914642334,19748.187759195054,11562.601387228286,3.3401658332430526,0,0,1,0.2727272727272727,1,19748.187759195054,3461.6848277864874,1,24586.655967712402,15648.268928527832,28141.87929534912,12493.610366821289,0.5382057692921104,0,241,Rolling z-score,Business event,"Known business context overlaps the flag; review, do not treat as error"
store_day,2015-12-22,8,31544.83917236328,24794.536411694116,6750.302760669165,1.2613441038007378,1,0,1,0.24242424242424243,0,24794.536411694116,5351.674249975763,0,16045.08063697815,10062.595719337463,18223.785230636597,8161.189511299133,1.8992033592561206,1,242,Weekday IQR,Business event,"Known business context overlaps the flag; review, do not treat as error"
store_day,2016-01-01,8,0.0,25690.117780208588,-25690.117780208588,-5.041752953574012,1,0,0,0.0,0,25690.117780208588,5095.473343650704,1,19000.815139770508,12199.59744644165,21692.39241218567,9492.794965744019,-2.0016038699179126,0,240,Rolling z-score,Business event,"Known business context overlaps the flag; review, do not treat as error"
store_day,2016-04-17,8,38770.68322753906,21746.677525997162,17024.0057015419,3.151547334108063,0,1,1,0.24242424242424243,0,21746.677525997162,5401.7928010463975,1,24361.15881538391,15780.186513900757,29281.746892929077,13501.56037902832,1.0672488221833345,0,240,Rolling z-score,Business event,"Known business context overlaps the flag; review, do not treat as error"
store_day,2016-04-18,8,40603.70009613037,22168.622396264756,18435.077699865615,2.962494333893487,0,1,1,0.3333333333333333,1,22168.622396264756,6222.822939761419,0,18442.125846862793,11331.102996826172,19861.899982452393,8530.79698562622,2.597831631277621,1,241,Weekday IQR,Business event,"Known business context overlaps the flag; review, do not treat as error"
store_day,2016-04-19,8,31909.43810081482,22972.077182837897,8937.360917976923,1.2635523011688063,0,1,1,0.3333333333333333,1,22972.077182837897,7073.202201214559,0,16045.08063697815,10062.595719337463,18223.785230636597,8161.189511299133,1.943878088098865,1,242,Weekday IQR,Business event,"Known business context overlaps the flag; review, do not treat as error"
store_day,2016-12-22,8,31061.22632598877,25964.754394258773,5096.471931729997,0.9550974034778875,1,0,1,0.5151515151515151,1,25964.754394258773,5336.075580534222,0,15174.390956878662,9569.769002914429,16565.77299976349,6996.00399684906,2.270844238548949,1,240,Weekday IQR,Business event,"Known business context overlaps the flag; review, do not treat as error"
store_day,2017-01-01,8,0.0,27351.42506592614,-27351.42506592614,-5.9143526335148735,0,0,0,0.0,0,27351.42506592614,4624.584761979489,1,24361.15881538391,15780.186513900757,29281.746892929077,13501.56037902832,-1.8043217325623762,0,240,Rolling z-score,Potential data issue,Extreme or zero value without mapped context; investigate source records
store_day,2017-01-02,8,36087.69599533081,26234.405888898033,9853.290106432778,1.433751522673773,1,0,1,0.5454545454545454,1,26234.405888898033,6872.383359745339,0,18442.125846862793,11331.102996826172,19861.899982452393,8530.79698562622,2.0684550550434544,1,241,Weekday IQR,Business event,"Known business context overlaps the flag; review, do not treat as error"
store_day,2013-01-01,9,0.0,14494.43561053276,-14494.43561053276,,1,0,0,0.0,0,,,0,14494.43561053276,10889.068194150925,17499.106129169464,6610.037935018539,-2.1927915925783728,1,242,Weekday IQR,Business event,"Known business context overlaps the flag; review, do not treat as error"
store_day,2013-03-02,9,17799.019958496094,9690.038392475673,8108.98156602042,3.1461376179264904,0,0,0,0.0,0,9690.038392475673,2577.440198361306,1,19062.25874710083,15583.480024337769,22186.268939971924,6602.788915634155,-0.19131897214124563,0,241,Rolling z-score,Unexplained anomaly,No mapped business context; investigate before drawing conclusions
store_day,2013-03-03,9,18618.36297225952,9777.149104935783,8841.213867323739,3.149537982757742,0,0,0,0.0,0,9777.149104935783,2807.146291210101,1,21517.055416107178,17383.121209144592,26570.04092645645,9186.91971731186,-0.31552386796037324,0,240,Rolling z-score,Unexplained anomaly,No mapped business context; investigate before drawing conclusions
store_day,2013-06-02,9,20217.191997528076,10484.597817863736,9732.59417966434,3.0404145995711875,0,0,0,0.0,0,10484.597817863736,3201.0746761435103,1,21517.055416107178,17383.121209144592,26570.04092645645,9186.91971731186,-0.1414906691880234,0,240,Rolling z-score,Unexplained anomaly,No mapped business context; investigate before drawing conclusions
store_day,2013-09-01,9,17929.242985486984,10672.72060495615,7256.522380530834,3.6297418363369975,0,0,0,0.0,0,10672.72060495615,1999.1841590182762,1,21517.055416107178,17383.121209144592,26570.04092645645,9186.91971731186,-0.3905348627200158,0,240,Rolling z-score,Unexplained anomaly,No mapped business context; investigate before drawing conclusions
store_day,2013-09-08,9,20535.274953842163,11110.674995801279,9424.599958040884,3.6947555981137157,0,0,0,0.0,0,11110.674995801279,2550.8047035242134,1,21517.055416107178,17383.121209144592,26570.04092645645,9186.91971731186,-0.10686720821288387,0,240,Rolling z-score,Unexplained anomaly,No mapped business context; investigate before drawing conclusions
store_day,2013-12-16,9,24686.46799468994,12279.1754959992,12407.292498690742,3.337312425171736,0,0,0,0.0,0,12279.1754959992,3717.7497692779757,1,15153.484861373901,11940.64603471756,17667.72899246216,5727.082957744598,1.664544272128067,0,241,Rolling z-score,Unexplained anomaly,No mapped business context; investigate before drawing conclusions
store_day,2014-01-01,9,0.0,13748.902323280063,-13748.902323280063,-3.924392144166722,1,0,0,0.0,0,13748.902323280063,3503.4476214913043,1,12308.733097791672,9735.180212497711,15222.808928489685,5487.628715991974,-2.2429966994526667,1,240,Rolling z-score + weekday IQR,Business event,"Known business context overlaps the flag; review, do not treat as error"
store_day,2014-03-01,9,24325.221017837524,11454.853296245847,12870.367721591678,4.137607414025276,0,0,0,0.0,0,11454.853296245847,3110.582139321605,1,19062.25874710083,15583.480024337769,22186.268939971924,6602.788915634155,0.7970817086511724,0,241,Rolling z-score,Unexplained anomaly,No mapped business context; investigate before drawing conclusions
store_day,2014-03-04,9,25057.07439804077,11920.40493948119,13136.669458559581,3.2245809109039074,1,0,0,0.0,0,11920.40493948119,4073.9152843515217,1,14494.43561053276,10889.068194150925,17499.106129169464,6610.037935018539,1.5979694657347507,0,242,Rolling z-score,Business event,"Known business context overlaps the flag; review, do not treat as error"
store_day,2014-07-01,9,20997.8560962677,11721.968238983836,9275.887857283864,3.003438980806244,0,1,1,0.21212121212121213,0,11721.968238983836,3088.422277450046,1,14494.43561053276,10889.068194150925,17499.106129169464,6610.037935018539,0.9838703725558421,0,242,Rolling z-score,Business event,"Known business context overlaps the flag; review, do not treat as error"
store_day,2014-09-01,9,21582.973079681396,11826.604114992278,9756.368964689118,3.458302700756553,0,0,1,0.15151515151515152,0,11826.604114992278,2821.1437253756803,1,15153.484861373901,11940.64603471756,17667.72899246216,5727.082957744598,1.1226462521575753,0,241,Rolling z-score,Unexplained anomaly,No mapped business context; investigate before drawing conclusions
store_day,2014-09-07,9,29608.165813446045,13238.973177296775,16369.19263614927,3.6623792699701374,0,0,1,0.18181818181818182,0,13238.973177296775,4469.551466274748,1,21517.055416107178,17383.121209144592,26570.04092645645,9186.91971731186,0.880720703599048,0,240,Rolling z-score,Unexplained anomaly,No mapped business context; investigate before drawing conclusions
store_day,2014-11-03,9,30018.785984039307,15407.744774597031,14611.041209442275,3.26309999839213,1,0,1,0.09090909090909091,0,15407.744774597031,4477.656589329707,1,15153.484861373901,11940.64603471756,17667.72899246216,5727.082957744598,2.595614771489107,1,241,Rolling z-score + weekday IQR,Business event,"Known business context overlaps the flag; review, do not treat as error"
store_day,2014-12-10,9,41308.52097892761,16794.2969778691,24514.224001058512,4.350996729671501,0,0,1,0.2727272727272727,1,16794.2969778691,5634.162819264939,1,12308.733097791672,9735.180212497711,15222.808928489685,5487.628715991974,5.284575429934819,1,240,Rolling z-score + weekday IQR,Business event,"Known business context overlaps the flag; review, do not treat as error"
store_day,2014-12-22,9,32818.33445644379,19012.35401907989,13805.980437363898,1.9704462517523278,1,0,1,0.30303030303030304,1,19012.35401907989,7006.524753002611,0,15153.484861373901,11940.64603471756,17667.72899246216,5727.082957744598,3.0844410191722695,1,241,Weekday IQR,Business event,"Known business context overlaps the flag; review, do not treat as error"
store_day,2014-12-24,9,23760.2413482666,19762.666138325418,3997.575209941184,0.5405969061268096,1,0,1,0.3333333333333333,1,19762.666138325418,7394.74304169151,0,12308.733097791672,9735.180212497711,15222.808928489685,5487.628715991974,2.086786268375464,1,240,Weekday IQR,Business event,"Known business context overlaps the flag; review, do not treat as error"
store_day,2015-01-01,9,0.0,20266.585377267427,-20266.585377267427,-3.072995857404465,1,0,0,0.0,0,20266.585377267427,6595.057825553052,1,12646.612418174744,10406.126005202532,14637.173843383789,4231.047838181257,-2.989002465075169,1,240,Rolling z-score + weekday IQR,Business event,"Known business context overlaps the flag; review, do not treat as error"
store_day,2015-02-01,9,26492.743743896484,12424.599054336548,14068.144689559937,3.6353515617558485,0,0,1,0.15151515151515152,0,12424.599054336548,3869.8168390528713,1,21517.055416107178,17383.121209144592,26570.04092645645,9186.91971731186,0.5416057264997216,0,240,Rolling z-score,Unexplained anomaly,No mapped business context; investigate before drawing conclusions
store_day,2015-03-01,9,26027.117630004883,12728.939712320056,13298.177917684827,3.1476831306475463,0,0,1,0.12121212121212122,0,12728.939712320056,4224.751147345986,1,21517.055416107178,17383.121209144592,26570.04092645645,9186.91971731186,0.4909221319741077,0,240,Rolling z-score,Unexplained anomaly,No mapped business context; investigate before drawing conclusions
store_day,2015-05-31,9,28228.908836364746,13937.302700792041,14291.606135572705,3.478574424262988,0,0,1,0.24242424242424243,0,13937.302700792041,4108.466398156967,1,21517.055416107178,17383.121209144592,26570.04092645645,9186.91971731186,0.7305880128254231,0,240,Rolling z-score,Unexplained anomaly,No mapped business context; investigate before drawing conclusions
store_day,2015-09-05,9,27862.93448638916,16741.05530159814,11121.879184791022,3.338842561039903,0,0,1,0.36363636363636365,1,16741.05530159814,3331.0582878538135,1,19062.25874710083,15583.480024337769,22186.268939971924,6602.788915634155,1.332872495507163,0,241,Rolling z-score,Business event,"Known business context overlaps the flag; review, do not treat as error"
store_day,2015-09-06,9,34016.23398208618,17056.03041921343,16960.20356287275,4.324944622364813,0,0,1,0.21212121212121213,0,17056.03041921343,3921.484560789398,1,21517.055416107178,17383.121209144592,26570.04092645645,9186.91971731186,1.3605407416835824,0,240,Rolling z-score,Unexplained anomaly,No mapped business context; investigate before drawing conclusions
store_day,2015-10-01,9,23724.781814575195,18430.069072757447,5294.712741817748,0.9441660658115937,0,0,1,0.24242424242424243,0,18430.069072757447,5607.819358839673,0,12646.612418174744,10406.126005202532,14637.173843383789,4231.047838181257,2.6183039805010746,1,240,Weekday IQR,Unexplained anomaly,No mapped business context; investigate before drawing conclusions
store_day,2015-10-03,9,33873.252656936646,18715.28855272702,15157.964104209626,2.6732844389692203,0,0,1,0.2727272727272727,1,18715.28855272702,5670.165091019763,0,19062.25874710083,15583.480024337769,22186.268939971924,6602.788915634155,2.2431421175325146,1,241,Weekday IQR,Business event,"Known business context overlaps the flag; review, do not treat as error"
store_day,2015-10-04,9,39373.96290206909,18929.942773103714,20444.020128965378,3.3378926564453235,0,0,1,0.21212121212121213,0,18929.942773103714,6124.828517025218,1,21517.055416107178,17383.121209144592,26570.04092645645,9186.91971731186,1.9437317442006492,0,240,Rolling z-score,Unexplained anomaly,No mapped business context; investigate before drawing conclusions
store_day,2015-11-03,9,30064.310117721558,16756.4340705531,13307.876047168458,2.4997472135363896,1,0,1,0.18181818181818182,0,16756.4340705531,5323.6887214454855,0,14494.43561053276,10889.068194150925,17499.106129169464,6610.037935018539,2.355489432927911,1,242,Weekday IQR,Business event,"Known business context overlaps the flag; review, do not treat as error"
store_day,2015-12-13,9,37533.99739456177,17513.09261992148,20020.904774640287,3.49439221885467,0,0,1,0.21212121212121213,0,17513.09261992148,5729.438345991505,1,21517.055416107178,17383.121209144592,26570.04092645645,9186.91971731186,1.7434507398896952,0,240,Rolling z-score,Unexplained anomaly,No mapped business context; investigate before drawing conclusions
store_day,2015-12-23,9,25745.289582252502,19430.420451947622,6314.86913030488,0.931156343371613,1,0,1,0.3333333333333333,1,19430.420451947622,6781.7495689708185,0,12308.733097791672,9735.180212497711,15222.808928489685,5487.628715991974,2.448517780604252,1,240,Weekday IQR,Business event,"Known business context overlaps the flag; review, do not treat as error"
store_day,2015-12-24,9,28258.59699821472,19936.283142157965,8322.313856056757,1.2416966686975703,1,0,1,0.2727272727272727,1,19936.283142157965,6702.372701688993,0,12646.612418174744,10406.126005202532,14637.173843383789,4231.047838181257,3.689862458929533,1,240,Weekday IQR,Business event,"Known business context overlaps the flag; review, do not treat as error"
store_day,2015-12-31,9,21208.96527481079,20632.168647067887,576.7966277429041,0.09389269665708236,1,0,1,0.18181818181818182,0,20632.168647067887,6143.146892984632,0,12646.612418174744,10406.126005202532,14637.173843383789,4231.047838181257,2.023695591283276,1,240,Weekday IQR,Business event,"Known business context overlaps the flag; review, do not treat as error"
store_day,2016-01-01,9,0.0,20668.424904533797,-20668.424904533797,-3.3642973994737884,1,0,0,0.0,0,20668.424904533797,6143.459525238927,1,11792.240478038788,9104.033238381147,14061.61448264122,4957.581244260073,-2.3786277817820816,1,240,Rolling z-score + weekday IQR,Business event,"Known business context overlaps the flag; review, do not treat as error"
store_day,2016-03-03,9,21101.574535369873,18029.752220477378,3071.8223148924953,0.6693287763767432,0,0,1,0.21212121212121213,0,18029.752220477378,4589.40721407661,0,12646.612418174744,10406.126005202532,14637.173843383789,4231.047838181257,1.998313997042763,1,240,Weekday IQR,Unexplained anomaly,No mapped business context; investigate before drawing conclusions
store_day,2016-04-02,9,34003.76554107666,17575.591304506575,16428.174236570085,3.0928430769401443,0,0,1,0.15151515151515152,0,17575.591304506575,5311.674025448146,1,19062.25874710083,15583.480024337769,22186.268939971924,6602.788915634155,2.2629084444297725,1,241,Rolling z-score + weekday IQR,Unexplained anomaly,No mapped business context; investigate before drawing conclusions
store_day,2016-04-03,9,40978.78175354004,17727.98188829422,23250.79986524582,4.06547652304118,0,0,1,0.21212121212121213,0,17727.98188829422,5719.083540015884,1,21517.055416107178,17383.121209144592,26570.04092645645,9186.91971731186,2.118416938025389,1,240,Rolling z-score + weekday IQR,Unexplained anomaly,No mapped business context; investigate before drawing conclusions
store_day,2016-04-18,9,31821.268753051758,19267.995232037134,12553.273521014624,1.676727843962853,0,1,1,0.3939393939393939,1,19267.995232037134,7486.768688319543,0,15153.484861373901,11940.64603471756,17667.72899246216,5727.082957744598,2.9103444134921093,1,241,Weekday IQR,Business event,"Known business context overlaps the flag; review, do not treat as error"
store_day,2016-04-19,9,29815.927785873413,19853.465436799186,9962.462349074227,1.2757027062307082,0,1,1,0.42424242424242425,1,19853.465436799186,7809.391875094554,0,14494.43561053276,10889.068194150925,17499.106129169464,6610.037935018539,2.3179128964102804,1,242,Weekday IQR,Business event,"Known business context overlaps the flag; review, do not treat as error"
store_day,2016-04-20,9,25884.44813299179,20427.06036240714,5457.38777058465,0.687871899483642,0,1,1,0.36363636363636365,1,20427.06036240714,7933.726867867829,0,12308.733097791672,9735.180212497711,15222.808928489685,5487.628715991974,2.4738763749883357,1,240,Weekday IQR,Business event,"Known business context overlaps the flag; review, do not treat as error"
store_day,2016-04-21,9,22600.857934951782,20827.865156565393,1772.9927783863895,0.2240000597904726,0,1,1,0.36363636363636365,1,20827.865156565393,7915.144219357928,0,12646.612418174744,10406.126005202532,14637.173843383789,4231.047838181257,2.352666738236629,1,240,Weekday IQR,Business event,"Known business context overlaps the flag; review, do not treat as error"
store_day,2016-09-03,9,28255.47319984436,16474.04598237787,11781.427217466491,4.387669980315234,0,0,1,0.42424242424242425,1,16474.04598237787,2685.121549779833,1,19062.25874710083,15583.480024337769,22186.268939971924,6602.788915634155,1.3923229365966459,0,241,Rolling z-score,Business event,"Known business context overlaps the flag; review, do not treat as error"
store_day,2016-09-04,9,30191.938888549805,16766.769239578927,13425.169648970877,3.910575314014429,0,0,1,0.48484848484848486,1,16766.769239578927,3433.0420899602045,1,21517.055416107178,17383.121209144592,26570.04092645645,9186.91971731186,0.9442646435775041,0,240,Rolling z-score,Business event,"Known business context overlaps the flag; review, do not treat as error"
store_day,2016-10-01,9,34404.206283569336,18069.8612474714,16334.345036097937,3.026082314464816,0,0,1,0.45454545454545453,1,18069.8612474714,5397.852185982846,1,19062.25874710083,15583.480024337769,22186.268939971924,6602.788915634155,2.323555656934856,1,241,Rolling z-score + weekday IQR,Business event,"Known business context overlaps the flag; review, do not treat as error"
store_day,2016-10-02,9,41050.66319274902,18289.458857604437,22761.204335144586,3.8404275925841644,0,0,1,0.45454545454545453,1,18289.458857604437,5926.737006862541,1,21517.055416107178,17383.121209144592,26570.04092645645,9186.91971731186,2.126241262327857,1,240,Rolling z-score + weekday IQR,Business event,"Known business context overlaps the flag; review, do not treat as error"
store_day,2016-11-03,9,21306.208869934082,17371.5540631158,3934.654806818282,0.7183714786136437,1,0,1,0.48484848484848486,1,17371.5540631158,5477.186837110536,0,12646.612418174744,10406.126005202532,14637.173843383789,4231.047838181257,2.0466789275258397,1,240,Weekday IQR,Business event,"Known business context overlaps the flag; review, do not treat as error"
store_day,2016-12-01,9,32081.926948547363,18796.850354978018,13285.076593569345,2.8531652693754888,0,0,1,0.5151515151515151,1,18796.850354978018,4656.259045406518,0,12646.612418174744,10406.126005202532,14637.173843383789,4231.047838181257,4.593499122129287,1,240,Weekday IQR,Business event,"Known business context overlaps the flag; review, do not treat as error"
store_day,2016-12-22,9,24762.82381439209,20767.44311305455,3995.380701337541,0.66988061431151,1,0,1,0.45454545454545453,1,20767.44311305455,5964.31754551356,0,12646.612418174744,10406.126005202532,14637.173843383789,4231.047838181257,2.8636432060351216,1,240,Weekday IQR,Business event,"Known business context overlaps the flag; review, do not treat as error"
store_day,2016-12-23,9,28162.036338806152,21141.600653784615,7020.435685021537,1.1958722385506857,1,0,1,0.5757575757575758,1,21141.600653784615,5870.55661859817,0,11792.240478038788,9104.033238381147,14061.61448264122,4957.581244260073,3.301972283302557,1,240,Weekday IQR,Business event,"Known business context overlaps the flag; review, do not treat as error"
store_day,2016-12-26,9,26289.323959350586,22094.48920794896,4194.834751401628,0.6854365108031054,1,0,1,0.48484848484848486,1,22094.48920794896,6119.946465189993,0,15153.484861373901,11940.64603471756,17667.72899246216,5727.082957744598,1.9444172854032005,1,241,Weekday IQR,Business event,"Known business context overlaps the flag; review, do not treat as error"
store_day,2016-12-30,9,22196.695083618164,22488.717929022652,-292.0228454044882,-0.049773663632498424,0,0,1,0.5151515151515151,1,22488.717929022652,5867.015286650899,0,11792.240478038788,9104.033238381147,14061.61448264122,4957.581244260073,2.0986957334538365,1,240,Weekday IQR,Business event,"Known business context overlaps the flag; review, do not treat as error"
store_day,2017-01-01,9,0.0,22405.92247445243,-22405.92247445243,-4.129154267271505,0,0,0,0.0,0,22405.92247445243,5426.274007742024,1,21517.055416107178,17383.121209144592,26570.04092645645,9186.91971731186,-2.3421403558757974,1,240,Rolling z-score + weekday IQR,Potential data issue,Extreme or zero value without mapped context; investigate source records
store_day,2017-01-02,9,38880.53298950195,21386.297466823034,17494.23552267892,2.5917547451116953,1,0,1,0.5151515151515151,1,21386.297466823034,6749.957940918125,0,15153.484861373901,11940.64603471756,17667.72899246216,5727.082957744598,4.142955201311084,1,241,Weekday IQR,Business event,"Known business context overlaps the flag; review, do not treat as error"
store_day,2017-01-03,9,29011.27294921875,21513.188938685827,7498.084010532923,1.0637788152380219,0,0,1,0.48484848484848486,1,21513.188938685827,7048.536691206073,0,14494.43561053276,10889.068194150925,17499.106129169464,6610.037935018539,2.1961806394149344,1,242,Weekday IQR,Business event,"Known business context overlaps the flag; review, do not treat as error"
store_day,2017-02-01,9,24325.1529006958,18926.599247659957,5398.553653035844,0.9886262906089286,0,0,1,0.48484848484848486,1,18926.599247659957,5460.661631515677,0,12308.733097791672,9735.180212497711,15222.808928489685,5487.628715991974,2.189729011346201,1,240,Weekday IQR,Business event,"Known business context overlaps the flag; review, do not treat as error"
store_day,2017-04-01,9,40831.80341339111,19254.379403999872,21577.42400939124,3.9026243584438625,0,0,1,0.3939393939393939,1,19254.379403999872,5528.9523222253065,1,19062.25874710083,15583.480024337769,22186.268939971924,6602.788915634155,3.297022658825897,1,241,Rolling z-score + weekday IQR,Business event,"Known business context overlaps the flag; review, do not treat as error"
store_day,2017-04-02,9,58939.425064086914,19606.01544346128,39333.409620625636,6.027264936665596,0,0,1,0.3939393939393939,1,19606.01544346128,6525.913500392048,1,21517.055416107178,17383.121209144592,26570.04092645645,9186.91971731186,4.073440369513724,1,240,Rolling z-score + weekday IQR,Business event,"Known business context overlaps the flag; review, do not treat as error"
store_day,2017-04-03,9,26561.02896118164,20531.156965460097,6029.8719957215435,0.6275638659133878,0,0,1,0.36363636363636365,1,20531.156965460097,9608.379837079,0,15153.484861373901,11940.64603471756,17667.72899246216,5727.082957744598,1.9918594132431044,1,241,Weekday IQR,Business event,"Known business context overlaps the flag; review, do not treat as error"
store_day,2017-05-01,9,33799.545696258545,19527.448468974657,14272.097227283888,2.856853629595821,1,0,1,0.45454545454545453,1,19527.448468974657,4995.739746492739,0,15153.484861373901,11940.64603471756,17667.72899246216,5727.082957744598,3.2557692934533136,1,241,Weekday IQR,Business event,"Known business context overlaps the flag; review, do not treat as error"
store_day,2017-06-04,9,35011.36336898804,18617.421092254775,16393.94227673326,3.477460362263349,0,0,1,0.45454545454545453,1,18617.421092254775,4714.343391124395,1,21517.055416107178,17383.121209144592,26570.04092645645,9186.91971731186,1.4688609858484063,0,240,Rolling z-score,Business event,"Known business context overlaps the flag; review, do not treat as error"
store_day,2013-01-01,10,0.0,5513.508003234863,-5513.508003234863,,1,0,0,0.0,0,,,0,5513.508003234863,4743.367490768433,6392.036491394043,1648.6690006256104,-3.344217669612691,1,242,Weekday IQR,Business event,"Known business context overlaps the flag; review, do not treat as error"
store_day,2013-02-02,10,6589.8389892578125,3811.749251842499,2778.0897374153137,3.1669490050914613,0,0,0,0.0,0,3811.749251842499,877.213284125831,1,6997.388000488281,6182.503997802734,7945.692001342773,1763.188003540039,-0.231143253250483,0,241,Rolling z-score,Unexplained anomaly,No mapped business context; investigate before drawing conclusions
store_day,2013-02-11,10,2711.1330032348633,3972.0141803196498,-1260.8811770847865,-1.3179689834169444,1,0,0,0.0,0,3972.0141803196498,956.6850153148878,0,5727.251007080078,5055.207000732422,6366.358997344971,1311.1519966125488,-2.300357251971978,1,241,Weekday IQR,Business event,"Known business context overlaps the flag; review, do not treat as error"
store_day,2013-03-02,10,6896.450988769531,3965.455001626696,2930.9959871428355,3.274459323101638,0,0,0,0.0,0,3965.455001626696,895.1083821577399,1,6997.388000488281,6182.503997802734,7945.692001342773,1763.188003540039,-0.057246879808672595,0,241,Rolling z-score,Unexplained anomaly,No mapped business context; investigate before drawing conclusions
store_day,2013-08-03,10,7190.197998046875,4344.854570593153,2845.343427453722,3.775580463243692,0,0,0,0.0,0,4344.854570593153,753.6174782007478,1,6997.388000488281,6182.503997802734,7945.692001342773,1763.188003540039,0.10935305660626074,0,241,Rolling z-score,Unexplained anomaly,No mapped business context; investigate before drawing conclusions
store_day,2013-09-01,10,7396.084014892578,4558.528999192374,2837.5550157002044,3.477708453133058,0,0,0,0.0,0,4558.528999192374,815.9266522597255,1,7022.876502990723,5992.065753936768,7986.095996856689,1994.0302429199219,0.1871624130210562,0,240,Rolling z-score,Unexplained anomaly,No mapped business context; investigate before drawing conclusions
store_day,2014-01-01,10,0.0,5836.16589314597,-5836.16589314597,-4.44811671747445,1,0,0,0.0,0,5836.16589314597,1312.0532269799849,1,4765.510999679565,4089.069501876831,5689.028001785278,1599.9584999084473,-2.9785216303749484,1,240,Rolling z-score + weekday IQR,Business event,"Known business context overlaps the flag; review, do not treat as error"
store_day,2014-01-02,10,9356.284637451172,5631.237821238382,3725.04681621279,2.1728284333990846,0,0,0,0.0,0,5631.237821238382,1714.376873458655,0,4575.209987640381,4041.050247192383,5328.361499786377,1287.3112525939941,3.7140005108917484,1,240,Weekday IQR,Unexplained anomaly,No mapped business context; investigate before drawing conclusions
store_day,2014-03-01,10,8279.126964569092,4892.834025655474,3386.292938913618,3.326872852014634,0,0,0,0.0,0,4892.834025655474,1017.860642574002,1,6997.388000488281,6182.503997802734,7945.692001342773,1763.188003540039,0.7269440136317854,0,241,Rolling z-score,Unexplained anomaly,No mapped business context; investigate before drawing conclusions
store_day,2014-03-09,10,9562.927032470703,5219.405416624887,4343.521615845816,3.239535715257047,0,0,0,0.0,0,5219.405416624887,1340.7852228297386,1,7022.876502990723,5992.065753936768,7986.095996856689,1994.0302429199219,1.2738274850638693,0,240,Rolling z-score,Unexplained anomaly,No mapped business context; investigate before drawing conclusions
store_day,2014-06-01,10,8466.191009521484,4828.586182355881,3637.6048271656036,3.0205492203647157,0,0,1,0.09090909090909091,0,4828.586182355881,1204.285896962269,1,7022.876502990723,5992.065753936768,7986.095996856689,1994.0302429199219,0.7238177613681879,0,240,Rolling z-score,Unexplained anomaly,No mapped business context; investigate before drawing conclusions
store_day,2014-08-31,10,7457.304992675781,4811.023072753634,2646.2819199221476,3.4258480122053103,0,0,1,0.12121212121212122,0,4811.023072753634,772.4458033439332,1,7022.876502990723,5992.065753936768,7986.095996856689,1994.0302429199219,0.21786454404468367,0,240,Rolling z-score,Unexplained anomaly,No mapped business context; investigate before drawing conclusions
store_day,2014-09-01,10,8015.684997558594,4842.705822365625,3172.979175192969,3.6875723592866,0,0,1,0.06060606060606061,0,4842.705822365625,860.4520443381389,1,5727.251007080078,5055.207000732422,6366.358997344971,1311.1519966125488,1.7453613283515885,0,241,Rolling z-score,Unexplained anomaly,No mapped business context; investigate before drawing conclusions
store_day,2014-09-02,10,8924.042022705078,4927.957536799567,3996.0844859055114,3.840179890450706,0,0,1,0.09090909090909091,0,4927.957536799567,1040.5982531814434,1,5513.508003234863,4743.367490768433,6392.036491394043,1648.6690006256104,2.0686590323321665,1,242,Rolling z-score + weekday IQR,Unexplained anomaly,No mapped business context; investigate before drawing conclusions
store_day,2014-09-06,10,9510.335021972656,5249.237931626184,4261.097090346472,3.1948912819433724,0,0,1,0.09090909090909091,0,5249.237931626184,1333.722093903162,1,6997.388000488281,6182.503997802734,7945.692001342773,1763.188003540039,1.4252291964549486,0,241,Rolling z-score,Unexplained anomaly,No mapped business context; investigate before drawing conclusions
store_day,2014-11-03,10,8798.564025878906,5434.221393108368,3364.3426327705383,2.833576571331042,1,0,1,0.18181818181818182,0,5434.221393108368,1187.31311756653,0,5727.251007080078,5055.207000732422,6366.358997344971,1311.1519966125488,2.3424538319994754,1,241,Weekday IQR,Business event,"Known business context overlaps the flag; review, do not treat as error"
store_day,2014-12-22,10,8518.592956542969,6714.937145096915,1803.655811446054,1.0119163507437274,1,0,1,0.18181818181818182,0,6714.937145096915,1782.4159181936554,0,5727.251007080078,5055.207000732422,6366.358997344971,1311.1519966125488,2.1289232344339286,1,241,Weekday IQR,Business event,"Known business context overlaps the flag; review, do not treat as error"
store_day,2014-12-23,10,9057.99602508545,6801.881853921072,2256.114171164377,1.2466968559669966,1,0,1,0.3333333333333333,1,6801.881853921072,1809.673426515886,0,5513.508003234863,4743.367490768433,6392.036491394043,1648.6690006256104,2.1499088176617507,1,242,Weekday IQR,Business event,"Known business context overlaps the flag; review, do not treat as error"
store_day,2014-12-24,10,10710.112991333008,6936.343851361956,3773.769139971052,2.0586458147006557,1,0,1,0.3333333333333333,1,6936.343851361956,1833.1318155958702,0,4765.510999679565,4089.069501876831,5689.028001785278,1599.9584999084473,3.7154726150669557,1,240,Weekday IQR,Business event,"Known business context overlaps the flag; review, do not treat as error"
store_day,2014-12-26,10,8338.744979858398,7168.009635652815,1170.7353442055837,0.6205240879531254,1,0,1,0.3333333333333333,1,7168.009635652815,1886.6879899334729,0,4429.810501098633,3753.207498550415,5097.036752700806,1343.8292541503906,2.9088029351103177,1,240,Weekday IQR,Business event,"Known business context overlaps the flag; review, do not treat as error"
store_day,2015-01-01,10,0.0,7373.867913382394,-7373.867913382394,-4.502137258057061,1,0,0,0.0,0,7373.867913382394,1637.8594189206606,1,4575.209987640381,4041.050247192383,5328.361499786377,1287.3112525939941,-3.5540821836374943,1,240,Rolling z-score + weekday IQR,Business event,"Known business context overlaps the flag; review, do not treat as error"
store_day,2015-04-04,10,8069.718978881836,4665.417428289141,3404.301550592695,3.2454120854018678,0,0,1,0.15151515151515152,0,4665.417428289141,1048.9581788104892,1,6997.388000488281,6182.503997802734,7945.692001342773,1763.188003540039,0.6081773334667563,0,241,Rolling z-score,Unexplained anomaly,No mapped business context; investigate before drawing conclusions
store_day,2015-09-01,10,9023.0830078125,5775.860533714294,3247.2224740982056,3.453676529241544,0,0,1,0.09090909090909091,0,5775.860533714294,940.2219480037184,1,5513.508003234863,4743.367490768433,6392.036491394043,1648.6690006256104,2.1287323308959407,1,242,Rolling z-score + weekday IQR,Unexplained anomaly,No mapped business context; investigate before drawing conclusions
store_day,2015-09-05,10,9476.863983154297,5912.672035081046,3564.1919480732513,3.1598038230521586,0,0,1,0.2727272727272727,1,5912.672035081046,1127.9788707358678,1,6997.388000488281,6182.503997802734,7945.692001342773,1763.188003540039,1.4062459463697858,0,241,Rolling z-score,Business event,"Known business context overlaps the flag; review, do not treat as error"
store_day,2015-09-06,10,10510.079986572266,5996.109319823129,4513.970666749136,3.482843579269775,0,0,1,0.15151515151515152,0,5996.109319823129,1296.0589713579818,1,7022.876502990723,5992.065753936768,7986.095996856689,1994.0302429199219,1.7488217623395321,0,240,Rolling z-score,Unexplained anomaly,No mapped business context; investigate before drawing conclusions
store_day,2015-10-03,10,10793.417984008789,6402.066928046091,4391.351055962698,2.6425476565790986,0,0,1,0.21212121212121213,0,6402.066928046091,1661.7868915361425,0,6997.388000488281,6182.503997802734,7945.692001342773,1763.188003540039,2.152935464567041,1,241,Weekday IQR,Unexplained anomaly,No mapped business context; investigate before drawing conclusions
store_day,2015-10-04,10,11732.425979614258,6449.086713790894,5283.339265823364,2.9895204583953316,0,0,1,0.21212121212121213,0,6449.086713790894,1767.2865395473068,0,7022.876502990723,5992.065753936768,7986.095996856689,1994.0302429199219,2.3618244975699025,1,240,Weekday IQR,Unexplained anomaly,No mapped business context; investigate before drawing conclusions
store_day,2015-12-14,10,12686.656982421875,6224.573822293963,6462.083160127912,4.723555141580005,0,0,1,0.15151515151515152,0,6224.573822293963,1368.054985374084,1,5727.251007080078,5055.207000732422,6366.358997344971,1311.1519966125488,5.307855987194391,1,241,Rolling z-score + weekday IQR,Unexplained anomaly,No mapped business context; investigate before drawing conclusions
store_day,2015-12-22,10,21348.773986816406,6835.393000057766,14513.38098675864,7.255066599017012,1,0,1,0.21212121212121213,0,6835.393000057766,2000.4476580166827,1,5513.508003234863,4743.367490768433,6392.036491394043,1648.6690006256104,9.604878831088977,1,242,Rolling z-score + weekday IQR,Business event,"Known business context overlaps the flag; review, do not treat as error"
store_day,2015-12-23,10,9177.421096801758,7420.217892374311,1757.2032044274465,0.5222709986582851,1,0,1,0.15151515151515152,0,7420.217892374311,3364.542945983415,0,4765.510999679565,4089.069501876831,5689.028001785278,1599.9584999084473,2.7575153339131298,1,240,Weekday IQR,Business event,"Known business context overlaps the flag; review, do not treat as error"
store_day,2015-12-24,10,11200.670181274414,7577.028074400766,3623.642106873648,1.0850905673211821,1,0,1,0.15151515151515152,0,7577.028074400766,3339.4835564919863,0,4575.209987640381,4041.050247192383,5328.361499786377,1287.3112525939941,5.1467430120597575,1,240,Weekday IQR,Business event,"Known business context overlaps the flag; review, do not treat as error"
store_day,2015-12-31,10,7954.06298828125,8087.382323537554,-133.31933525630393,-0.041196745051922924,1,0,1,0.15151515151515152,0,8087.382323537554,3236.161863959712,0,4575.209987640381,4041.050247192383,5328.361499786377,1287.3112525939941,2.624736631356494,1,240,Weekday IQR,Business event,"Known business context overlaps the flag; review, do not treat as error"
store_day,2016-01-01,10,0.0,8110.411466462271,-8110.411466462271,-2.508856875945542,1,0,0,0.0,0,8110.411466462271,3232.7118952951855,0,4429.810501098633,3753.207498550415,5097.036752700806,1343.8292541503906,-3.296408741971682,1,240,Weekday IQR,Business event,"Known business context overlaps the flag; review, do not treat as error"
store_day,2016-02-01,10,8367.167022705078,6025.288854667118,2341.8781680379598,1.5561196147446574,0,0,1,0.12121212121212122,0,6025.288854667118,1504.947399832266,0,5727.251007080078,5055.207000732422,6366.358997344971,1311.1519966125488,2.0134324795640812,1,241,Weekday IQR,Unexplained anomaly,No mapped business context; investigate before drawing conclusions
store_day,2016-03-01,10,9044.531982421875,5975.288608278547,3069.243374143328,2.6580175715885708,0,0,1,0.21212121212121213,0,5975.288608278547,1154.7114687842288,0,5513.508003234863,4743.367490768433,6392.036491394043,1648.6690006256104,2.141742204073174,1,242,Weekday IQR,Unexplained anomaly,No mapped business context; investigate before drawing conclusions
store_day,2016-04-03,10,11874.803009033203,6124.305000441415,5750.498008591788,4.2745740563788805,0,0,1,0.12121212121212122,0,6124.305000441415,1345.2797712114518,1,7022.876502990723,5992.065753936768,7986.095996856689,1994.0302429199219,2.4332261375021327,1,240,Rolling z-score + weekday IQR,Unexplained anomaly,No mapped business context; investigate before drawing conclusions
store_day,2016-04-18,10,10068.442001342773,6420.735640798296,3647.7063605444773,1.970144524513091,0,1,1,0.2727272727272727,1,6420.735640798296,1851.4917637557505,0,5727.251007080078,5055.207000732422,6366.358997344971,1311.1519966125488,3.310974628020596,1,241,Weekday IQR,Business event,"Known business context overlaps the flag; review, do not treat as error"
store_day,2016-04-19,10,11141.915008544922,6566.66496195112,4575.250046593802,2.3192585601498013,0,1,1,0.30303030303030304,1,6566.66496195112,1972.720991616513,0,5513.508003234863,4743.367490768433,6392.036491394043,1648.6690006256104,3.4139096466145,1,242,Weekday IQR,Business event,"Known business context overlaps the flag; review, do not treat as error"
store_day,2016-05-01,10,11214.492980957031,7082.132141794477,4132.360839162554,1.9381451754101136,1,1,1,0.30303030303030304,1,7082.132141794477,2132.121417730301,0,7022.876502990723,5992.065753936768,7986.095996856689,1994.0302429199219,2.1020827005253397,1,240,Weekday IQR,Business event,"Known business context overlaps the flag; review, do not treat as error"
store_day,2016-09-01,10,7469.874008178711,5672.117820331028,1797.7561878476827,2.1247296750240676,0,0,1,0.3939393939393939,1,5672.117820331028,846.1105471345754,0,4575.209987640381,4041.050247192383,5328.361499786377,1287.3112525939941,2.2486123808095693,1,240,Weekday IQR,Business event,"Known business context overlaps the flag; review, do not treat as error"
store_day,2016-09-03,10,9879.334976196289,5785.390605790274,4093.944370406015,4.442494377296111,0,0,1,0.45454545454545453,1,5785.390605790274,921.5418237395187,1,6997.388000488281,6182.503997802734,7945.692001342773,1763.188003540039,1.6345091787839876,0,241,Rolling z-score,Business event,"Known business context overlaps the flag; review, do not treat as error"
store_day,2016-09-04,10,9422.79899597168,5858.057640484401,3564.7413554872783,3.1175534135025016,0,0,1,0.36363636363636365,1,5858.057640484401,1143.4419503601612,1,7022.876502990723,5992.065753936768,7986.095996856689,1994.0302429199219,1.203553708125647,0,240,Rolling z-score,Business event,"Known business context overlaps the flag; review, do not treat as error"
store_day,2016-10-01,10,10782.401992797852,6140.29339163644,4642.108601161412,2.7950151107346564,0,0,1,0.3939393939393939,1,6140.29339163644,1660.8527744028029,0,6997.388000488281,6182.503997802734,7945.692001342773,1763.188003540039,2.146687695645735,1,241,Weekday IQR,Business event,"Known business context overlaps the flag; review, do not treat as error"
store_day,2016-10-02,10,11396.182998657227,6172.545785086496,5223.637213570731,2.9971067872720494,0,0,1,0.3939393939393939,1,6172.545785086496,1742.8932581762485,0,7022.876502990723,5992.065753936768,7986.095996856689,1994.0302429199219,2.193199682499565,1,240,Weekday IQR,Business event,"Known business context overlaps the flag; review, do not treat as error"
store_day,2016-12-04,10,11025.71100616455,6013.098073210035,5012.612932954516,4.036970405064058,0,0,1,0.42424242424242425,1,6013.098073210035,1241.6769086705692,1,7022.876502990723,5992.065753936768,7986.095996856689,1994.0302429199219,2.0074091240022267,1,240,Rolling z-score + weekday IQR,Business event,"Known business context overlaps the flag; review, do not treat as error"
store_day,2016-12-15,10,9656.325134277344,6242.195823669434,3414.12931060791,2.2461807325436336,0,0,1,0.42424242424242425,1,6242.195823669434,1519.9708826375966,0,4575.209987640381,4041.050247192383,5328.361499786377,1287.3112525939941,3.9470758423017522,1,240,Weekday IQR,Business event,"Known business context overlaps the flag; review, do not treat as error"
store_day,2016-12-21,10,9002.597915649414,6695.473290852138,2307.124624797276,1.3081056376679991,1,0,1,0.42424242424242425,1,6695.473290852138,1763.7143043816088,0,4765.510999679565,4089.069501876831,5689.028001785278,1599.9584999084473,2.648248011565489,1,240,Weekday IQR,Business event,"Known business context overlaps the flag; review, do not treat as error"
store_day,2016-12-22,10,8375.286102294922,6845.642966134207,1529.6431361607147,0.8617094096351192,1,0,1,0.42424242424242425,1,6845.642966134207,1775.1264162340112,0,4575.209987640381,4041.050247192383,5328.361499786377,1287.3112525939941,2.951948184246199,1,240,Weekday IQR,Business event,"Known business context overlaps the flag; review, do not treat as error"
store_day,2016-12-23,10,9685.15217590332,6991.908541747502,2693.2436341558187,1.5623256932114182,1,0,1,0.45454545454545453,1,6991.908541747502,1723.8682342986735,0,4429.810501098633,3753.207498550415,5097.036752700806,1343.8292541503906,3.9107212903526745,1,240,Weekday IQR,Business event,"Known business context overlaps the flag; review, do not treat as error"
store_day,2016-12-24,10,13874.427001953125,7178.697476863861,6695.729525089264,3.8879837414916056,1,0,1,0.45454545454545453,1,7178.697476863861,1722.1598572118721,1,6997.388000488281,6182.503997802734,7945.692001342773,1763.188003540039,3.900343575193045,1,241,Rolling z-score + weekday IQR,Business event,"Known business context overlaps the flag; review, do not treat as error"
store_day,2016-12-26,10,10639.346069335938,7454.240262508392,3185.105806827545,1.4999608424337911,1,0,1,0.42424242424242425,1,7454.240262508392,2123.459304217228,0,5727.251007080078,5055.207000732422,6366.358997344971,1311.1519966125488,3.7463963559881646,1,241,Weekday IQR,Business event,"Known business context overlaps the flag; review, do not treat as error"
store_day,2016-12-30,10,8565.294998168945,7730.0778732981,835.2171248708455,0.3950985223296855,0,0,1,0.42424242424242425,1,7730.0778732981,2113.946465671436,0,4429.810501098633,3753.207498550415,5097.036752700806,1343.8292541503906,3.0773883544341283,1,240,Weekday IQR,Business event,"Known business context overlaps the flag; review, do not treat as error"
store_day,2017-01-01,10,0.0,7951.059659753527,-7951.059659753527,-3.8806085756046755,0,0,0,0.0,0,7951.059659753527,2048.9208083849567,1,7022.876502990723,5992.065753936768,7986.095996856689,1994.0302429199219,-3.521950846997637,1,240,Rolling z-score + weekday IQR,Potential data issue,Extreme or zero value without mapped context; investigate source records
store_day,2017-01-02,10,10540.672012329102,7631.299373694828,2909.3726386342732,1.1503632637998733,1,0,1,0.48484848484848486,1,7631.299373694828,2529.090357965753,0,5727.251007080078,5055.207000732422,6366.358997344971,1311.1519966125488,3.6711388288198674,1,241,Weekday IQR,Business event,"Known business context overlaps the flag; review, do not treat as error"
store_day,2017-01-03,10,9617.97200012207,7613.97655248642,2003.9954476356506,0.7995066488942366,0,0,1,0.42424242424242425,1,7613.97655248642,2506.5400649354083,0,5513.508003234863,4743.367490768433,6392.036491394043,1648.6690006256104,2.489562183391397,1,242,Weekday IQR,Business event,"Known business context overlaps the flag; review, do not treat as error"
store_day,2017-03-02,10,7511.084991455078,6149.896604197366,1361.1883872577118,1.058148190627546,0,0,1,0.42424242424242425,1,6149.896604197366,1286.3872936837367,0,4575.209987640381,4041.050247192383,5328.361499786377,1287.3112525939941,2.2806256046459374,1,240,Weekday IQR,Business event,"Known business context overlaps the flag; review, do not treat as error"
store_day,2017-03-03,10,7391.097991943359,6194.0936398506165,1197.004352092743,0.912488833964862,0,0,1,0.48484848484848486,1,6194.0936398506165,1311.801643524371,0,4429.810501098633,3753.207498550415,5097.036752700806,1343.8292541503906,2.2036188613239722,1,240,Weekday IQR,Business event,"Known business context overlaps the flag; review, do not treat as error"
store_day,2017-04-01,10,11232.171997070312,6253.218426295689,4978.953570774624,3.260258619054037,0,0,1,0.45454545454545453,1,6253.218426295689,1527.1652198619954,1,6997.388000488281,6182.503997802734,7945.692001342773,1763.188003540039,2.4017767748417342,1,241,Rolling z-score + weekday IQR,Business event,"Known business context overlaps the flag; review, do not treat as error"
store_day,2017-05-01,10,9317.793006896973,6556.685358047485,2761.1076488494873,2.242473890535396,1,0,1,0.3939393939393939,1,6556.685358047485,1231.2775013805249,0,5727.251007080078,5055.207000732422,6366.358997344971,1311.1519966125488,2.7384635870542136,1,241,Weekday IQR,Business event,"Known business context overlaps the flag; review, do not treat as error"
store_day,2017-07-28,10,7953.253997802734,6259.755284786224,1693.49871301651,1.437158347353088,0,0,1,0.3939393939393939,1,6259.755284786224,1178.366125163272,0,4429.810501098633,3753.207498550415,5097.036752700806,1343.8292541503906,2.621942844168643,1,240,Weekday IQR,Business event,"Known business context overlaps the flag; review, do not treat as error"
store_day,2017-07-31,10,9085.502983093262,6243.330248219626,2842.172734873636,2.6653765639647538,0,0,1,0.36363636363636365,1,6243.330248219626,1066.3306540993583,0,5727.251007080078,5055.207000732422,6366.358997344971,1311.1519966125488,2.561298754598596,1,241,Weekday IQR,Business event,"Known business context overlaps the flag; review, do not treat as error"
store_day,2017-08-03,10,7737.389999389648,6363.296677930014,1374.0933214596344,1.1473970881829039,0,0,1,0.3939393939393939,1,6363.296677930014,1197.574349465835,0,4575.209987640381,4041.050247192383,5328.361499786377,1287.3112525939941,2.4564222563714275,1,240,Weekday IQR,Business event,"Known business context overlaps the flag; review, do not treat as error"
store_day,2017-08-04,10,7145.919006347656,6432.034070900509,713.8849354471477,0.5852323821368947,0,0,1,0.45454545454545453,1,6432.034070900509,1219.8315698808328,0,4429.810501098633,3753.207498550415,5097.036752700806,1343.8292541503906,2.021170842099452,1,240,Weekday IQR,Business event,"Known business context overlaps the flag; review, do not treat as error"
store_day,2013-01-01,11,0.0,16167.992403030396,-16167.992403030396,,1,0,0,0.0,0,,,0,16167.992403030396,13218.1918258667,18817.878301620483,5599.686475753784,-2.8873031504596858,1,242,Weekday IQR,Business event,"Known business context overlaps the flag; review, do not treat as error"
store_day,2013-02-02,11,18055.126014709473,10158.400894301278,7896.725120408195,3.7206587609152053,0,0,0,0.0,0,10158.400894301278,2122.399722157203,1,18642.562042236328,15318.272003173828,21133.475814819336,5815.203811645508,-0.10101727240418608,0,241,Rolling z-score,Unexplained anomaly,No mapped business context; investigate before drawing conclusions
store_day,2013-03-02,11,19722.18701171875,11371.632428509849,8350.554583208901,3.268276825220972,0,0,0,0.0,0,11371.632428509849,2555.0328291558685,1,18642.562042236328,15318.272003173828,21133.475814819336,5815.203811645508,0.18565556848074155,0,241,Rolling z-score,Unexplained anomaly,No mapped business context; investigate before drawing conclusions
store_day,2013-05-05,11,21617.081909179688,11579.876073564801,10037.205835614886,3.8629471493296568,0,0,0,0.0,0,11579.876073564801,2598.3285423298266,1,21099.209915161133,17063.753547668457,24758.549840927124,7694.796293258667,0.06730158593961183,0,240,Rolling z-score,Unexplained anomaly,No mapped business context; investigate before drawing conclusions
store_day,2013-07-01,11,17795.90200805664,11856.58413519178,5939.31787286486,3.003836817525236,0,0,0,0.0,0,11856.58413519178,1977.2438496702598,1,16208.702842712402,13556.78695678711,18612.76205444336,5055.97509765625,0.3139254317292823,0,241,Rolling z-score,Unexplained anomaly,No mapped business context; investigate before drawing conclusions
store_day,2013-08-01,11,18134.076080322266,11753.12168107714,6380.954399245125,4.696599686571017,0,0,0,0.0,0,11753.12168107714,1358.6328035344768,1,14429.649057388306,12352.979538917542,16990.511072158813,4637.531533241272,0.7987928483895085,0,240,Rolling z-score,Unexplained anomaly,No mapped business context; investigate before drawing conclusions
store_day,2013-09-01,11,21982.439025878906,12455.246851784843,9527.192174094063,4.57959156870641,0,0,0,0.0,0,12455.246851784843,2080.358484192335,1,21099.209915161133,17063.753547668457,24758.549840927124,7694.796293258667,0.11478265012571698,0,240,Rolling z-score,Unexplained anomaly,No mapped business context; investigate before drawing conclusions
store_day,2013-11-03,11,22856.830047607422,12238.851248604911,10617.97879900251,3.5153473468913523,1,0,0,0.0,0,12238.851248604911,3020.4636274114046,1,21099.209915161133,17063.753547668457,24758.549840927124,7694.796293258667,0.2284167202692711,0,240,Rolling z-score,Business event,"Known business context overlaps the flag; review, do not treat as error"
store_day,2013-12-23,11,27274.583068847656,15576.56636425427,11698.016704593387,3.7347385321397435,1,0,0,0.0,0,15576.56636425427,3132.218387960681,1,16208.702842712402,13556.78695678711,18612.76205444336,5055.97509765625,2.1886737992963927,1,241,Rolling z-score + weekday IQR,Business event,"Known business context overlaps the flag; review, do not treat as error"
store_day,2014-01-01,11,0.0,16689.774111066545,-16689.774111066545,-5.6475834954045725,1,0,0,0.0,0,16689.774111066545,2955.20626204942,1,14490.31887435913,11560.53992843628,17244.447735786438,5683.907807350159,-2.549358533863083,1,240,Rolling z-score + weekday IQR,Business event,"Known business context overlaps the flag; review, do not treat as error"
store_day,2014-03-01,11,24871.479736328125,14328.9470476423,10542.532688685826,3.405359349473981,0,0,0,0.0,0,14328.9470476423,3095.8649607167918,1,18642.562042236328,15318.272003173828,21133.475814819336,5815.203811645508,1.0711434879750539,0,241,Rolling z-score,Unexplained anomaly,No mapped business context; investigate before drawing conclusions
store_day,2014-03-02,11,26630.986877441406,14502.48889514378,12128.497982297626,3.434125396346463,0,0,0,0.0,0,14502.48889514378,3531.757458595144,1,21099.209915161133,17063.753547668457,24758.549840927124,7694.796293258667,0.718898428425793,0,240,Rolling z-score,Unexplained anomaly,No mapped business context; investigate before drawing conclusions
store_day,2014-05-04,11,24545.95050048828,13923.351734978813,10622.598765509469,3.487340433825179,0,0,0,0.0,0,13923.351734978813,3046.045824054464,1,21099.209915161133,17063.753547668457,24758.549840927124,7694.796293258667,0.4479313621787237,0,240,Rolling z-score,Unexplained anomaly,No mapped business context; investigate before drawing conclusions
store_day,2014-06-01,11,24395.053833007812,13460.073852675301,10934.979980332511,3.4079481430299623,0,0,0,0.0,0,13460.073852675301,3208.6697101589,1,21099.209915161133,17063.753547668457,24758.549840927124,7694.796293258667,0.4283211396686531,0,240,Rolling z-score,Unexplained anomaly,No mapped business context; investigate before drawing conclusions
store_day,2014-07-01,11,25542.57147216797,13570.595750672477,11971.975721495492,5.352169540973956,0,1,1,0.18181818181818182,0,13570.595750672477,2236.845382016225,1,16167.992403030396,13218.1918258667,18817.878301620483,5599.686475753784,1.67412570502452,0,242,Rolling z-score,Business event,"Known business context overlaps the flag; review, do not treat as error"
store_day,2014-07-02,11,23120.000701904297,13791.448490279061,9328.552211625236,3.1059771218118577,0,0,1,0.12121212121212122,0,13791.448490279061,3003.4194862914724,1,14490.31887435913,11560.53992843628,17244.447735786438,5683.907807350159,1.5182656228846063,0,240,Rolling z-score,Unexplained anomaly,No mapped business context; investigate before drawing conclusions
store_day,2014-09-01,11,23305.98422241211,13777.954837935311,9528.029384476798,4.725492221147339,0,0,1,0.24242424242424243,0,13777.954837935311,2016.3041094083983,1,16208.702842712402,13556.78695678711,18612.76205444336,5055.97509765625,1.4037413639536567,0,241,Rolling z-score,Unexplained anomaly,No mapped business context; investigate before drawing conclusions
store_day,2014-09-02,11,22035.07308959961,13979.815535000393,8055.257554599217,3.0824458924731197,0,0,1,0.24242424242424243,0,13979.815535000393,2613.268110972839,1,16167.992403030396,13218.1918258667,18817.878301620483,5599.686475753784,1.0477516396629036,0,242,Rolling z-score,Unexplained anomaly,No mapped business context; investigate before drawing conclusions
store_day,2014-09-06,11,24661.032119750977,14569.244709696088,10091.787410054889,3.0660545147873486,0,0,1,0.15151515151515152,0,14569.244709696088,3291.4572658062543,1,18642.562042236328,15318.272003173828,21133.475814819336,5815.203811645508,1.034954280615596,0,241,Rolling z-score,Unexplained anomaly,No mapped business context; investigate before drawing conclusions
store_day,2014-09-07,11,29041.31332397461,14949.741783823285,14091.571540151324,3.707813554820181,0,0,1,0.21212121212121213,0,14949.741783823285,3800.507045946847,1,21099.209915161133,17063.753547668457,24758.549840927124,7694.796293258667,1.032139527302558,0,240,Rolling z-score,Unexplained anomaly,No mapped business context; investigate before drawing conclusions
store_day,2014-10-05,11,29976.288330078125,16971.377765655518,13004.910564422607,3.0139526985157077,0,0,1,0.12121212121212122,0,16971.377765655518,4314.902012505765,1,21099.209915161133,17063.753547668457,24758.549840927124,7694.796293258667,1.1536469682367174,0,240,Rolling z-score,Unexplained anomaly,No mapped business context; investigate before drawing conclusions
store_day,2014-12-04,11,24768.622436523438,17464.415906088692,7304.206530434745,1.645246573347994,0,0,1,0.3333333333333333,1,17464.415906088692,4439.581670467213,0,14429.649057388306,12352.979538917542,16990.511072158813,4637.531533241272,2.2294130627525885,1,240,Weekday IQR,Business event,"Known business context overlaps the flag; review, do not treat as error"
store_day,2014-12-23,11,32759.515167236328,19254.471651894706,13505.043515341622,3.2252313054020636,1,0,1,0.30303030303030304,1,19254.471651894706,4187.310067566784,1,16167.992403030396,13218.1918258667,18817.878301620483,5599.686475753784,2.9629378066157743,1,242,Rolling z-score + weekday IQR,Business event,"Known business context overlaps the flag; review, do not treat as error"
store_day,2015-01-01,11,0.0,20288.53125544957,-20288.53125544957,-5.07384133282451,1,0,0,0.0,0,20288.53125544957,3998.6530765547873,1,14429.649057388306,12352.979538917542,16990.511072158813,4637.531533241272,-3.111493464563703,1,240,Rolling z-score + weekday IQR,Business event,"Known business context overlaps the flag; review, do not treat as error"
store_day,2015-02-01,11,23719.709442138672,13520.82927771977,10198.880164418902,3.201002945991219,0,0,1,0.15151515151515152,0,13520.82927771977,3186.1514458121587,1,21099.209915161133,17063.753547668457,24758.549840927124,7694.796293258667,0.3405547628692045,0,240,Rolling z-score,Unexplained anomaly,No mapped business context; investigate before drawing conclusions
store_day,2015-04-04,11,23093.67596435547,14057.923000335693,9035.752964019775,3.138567768682658,0,0,1,0.09090909090909091,0,14057.923000335693,2878.941488592526,1,18642.562042236328,15318.272003173828,21133.475814819336,5815.203811645508,0.7654269852426074,0,241,Rolling z-score,Unexplained anomaly,No mapped business context; investigate before drawing conclusions
store_day,2015-05-31,11,26655.330322265625,15495.317641666958,11160.012680598667,3.187851582968961,0,0,1,0.18181818181818182,0,15495.317641666958,3500.794309315036,1,21099.209915161133,17063.753547668457,24758.549840927124,7694.796293258667,0.722062052763132,0,240,Rolling z-score,Unexplained anomaly,No mapped business context; investigate before drawing conclusions
store_day,2015-09-06,11,29809.847427368164,17617.644473620825,12192.202953747339,4.219429519939716,0,0,1,0.24242424242424243,0,17617.644473620825,2889.538241160509,1,21099.209915161133,17063.753547668457,24758.549840927124,7694.796293258667,1.1320166486848173,0,240,Rolling z-score,Unexplained anomaly,No mapped business context; investigate before drawing conclusions
store_day,2015-10-03,11,31277.421714782715,17981.00172342573,13296.419991356986,3.302884834921058,0,0,1,0.24242424242424243,0,17981.00172342573,4025.6989437764582,1,18642.562042236328,15318.272003173828,21133.475814819336,5815.203811645508,2.172728606217354,1,241,Rolling z-score + weekday IQR,Unexplained anomaly,No mapped business context; investigate before drawing conclusions
store_day,2015-10-04,11,34310.47812652588,18220.105862208777,16090.372264317102,3.5044674704653893,0,0,1,0.18181818181818182,0,18220.105862208777,4591.38867743016,1,21099.209915161133,17063.753547668457,24758.549840927124,7694.796293258667,1.7169094161646623,0,240,Rolling z-score,Unexplained anomaly,No mapped business context; investigate before drawing conclusions
store_day,2015-12-07,11,26808.04231262207,17937.35498700823,8870.687325613839,1.9618665504656059,0,0,1,0.18181818181818182,0,17937.35498700823,4521.554905713937,0,16208.702842712402,13556.78695678711,18612.76205444336,5055.97509765625,2.0963986699268164,1,241,Weekday IQR,Unexplained anomaly,No mapped business context; investigate before drawing conclusions
store_day,2015-12-18,11,33180.585594177246,19462.45302908761,13718.132565089636,3.242243408849633,0,0,1,0.21212121212121213,0,19462.45302908761,4231.061902276149,1,15034.712093353271,12576.168342590332,17329.80584335327,4753.637500762939,3.8172606762530035,1,240,Rolling z-score + weekday IQR,Unexplained anomaly,No mapped business context; investigate before drawing conclusions
store_day,2015-12-22,11,27544.26554107666,20455.103927476066,7089.161613600594,1.4603197308357205,1,0,1,0.18181818181818182,0,20455.103927476066,4854.527035352434,0,16167.992403030396,13218.1918258667,18817.878301620483,5599.686475753784,2.031591087698331,1,242,Weekday IQR,Business event,"Known business context overlaps the flag; review, do not treat as error"
store_day,2015-12-24,11,27829.285095214844,21273.379925727844,6555.9051694869995,1.3877924345469734,1,0,1,0.18181818181818182,0,21273.379925727844,4723.98105529887,0,14429.649057388306,12352.979538917542,16990.511072158813,4637.531533241272,2.8893897414561063,1,240,Weekday IQR,Business event,"Known business context overlaps the flag; review, do not treat as error"
store_day,2016-01-01,11,0.0,22202.113210133142,-22202.113210133142,-5.476065870205729,1,0,0,0.0,0,22202.113210133142,4054.3911881942054,1,15034.712093353271,12576.168342590332,17329.80584335327,4753.637500762939,-3.162780521430223,1,240,Rolling z-score + weekday IQR,Business event,"Known business context overlaps the flag; review, do not treat as error"
store_day,2016-01-02,11,30280.38819885254,21468.047407967704,8812.340790884835,1.510516398127928,0,0,1,0.18181818181818182,0,21468.047407967704,5833.992137924811,0,18642.562042236328,15318.272003173828,21133.475814819336,5815.203811645508,2.001275713382623,1,241,Weekday IQR,Unexplained anomaly,No mapped business context; investigate before drawing conclusions
store_day,2016-03-01,11,28772.730728149414,19108.666093690055,9664.064634459359,2.8764809362273875,0,0,1,0.21212121212121213,0,19108.666093690055,3359.6831853626472,0,16167.992403030396,13218.1918258667,18817.878301620483,5599.686475753784,2.250972153476195,1,242,Weekday IQR,Unexplained anomaly,No mapped business context; investigate before drawing conclusions
store_day,2016-04-02,11,30206.932739257812,18158.73046711513,12048.202272142684,3.207087346596368,0,0,1,0.12121212121212122,0,18158.73046711513,3756.742791844835,1,18642.562042236328,15318.272003173828,21133.475814819336,5815.203811645508,1.9886440908335343,1,241,Rolling z-score + weekday IQR,Unexplained anomaly,No mapped business context; investigate before drawing conclusions
store_day,2016-04-03,11,36628.19175720215,18306.85636138916,18321.33539581299,4.423488695250149,0,0,1,0.12121212121212122,0,18306.85636138916,4141.829369991622,1,21099.209915161133,17063.753547668457,24758.549840927124,7694.796293258667,2.0181147427704875,1,240,Rolling z-score + weekday IQR,Unexplained anomaly,No mapped business context; investigate before drawing conclusions
store_day,2016-04-18,11,28223.26978302002,19366.805802753992,8856.463980266028,1.6781228243152277,0,1,1,0.3939393939393939,1,19366.805802753992,5277.601765460751,0,16208.702842712402,13556.78695678711,18612.76205444336,5055.97509765625,2.3763105450968487,1,241,Weekday IQR,Business event,"Known business context overlaps the flag; review, do not treat as error"
store_day,2016-07-02,11,27918.014251708984,16705.21262271064,11212.801628998346,3.1768852357363806,0,0,1,0.5151515151515151,1,16705.21262271064,3529.4953380332904,1,18642.562042236328,15318.272003173828,21133.475814819336,5815.203811645508,1.595034758867379,0,241,Rolling z-score,Business event,"Known business context overlaps the flag; review, do not treat as error"
store_day,2016-09-03,11,27979.885940551758,18453.568729264396,9526.317211287362,4.029505798222829,0,0,1,0.45454545454545453,1,18453.568729264396,2364.1403408549118,1,18642.562042236328,15318.272003173828,21133.475814819336,5815.203811645508,1.605674401233631,0,241,Rolling z-score,Business event,"Known business context overlaps the flag; review, do not treat as error"
store_day,2016-09-04,11,31285.300910949707,18663.740908077783,12621.560002871924,4.351393035264532,0,0,1,0.5151515151515151,1,18663.740908077783,2900.579170988315,1,21099.209915161133,17063.753547668457,24758.549840927124,7694.796293258667,1.323763567946887,0,240,Rolling z-score,Business event,"Known business context overlaps the flag; review, do not treat as error"
store_day,2016-10-01,11,31825.853927612305,18945.40593133654,12880.447996275765,2.7910399894245157,0,0,1,0.42424242424242425,1,18945.40593133654,4614.927785012347,0,18642.562042236328,15318.272003173828,21133.475814819336,5815.203811645508,2.267038664917498,1,241,Weekday IQR,Business event,"Known business context overlaps the flag; review, do not treat as error"
store_day,2016-10-02,11,36303.64302062988,19082.761930874414,17220.88108975547,3.4862921355112846,0,0,1,0.42424242424242425,1,19082.761930874414,4939.597836436024,1,21099.209915161133,17063.753547668457,24758.549840927124,7694.796293258667,1.9759370522633848,1,240,Rolling z-score + weekday IQR,Business event,"Known business context overlaps the flag; review, do not treat as error"
store_day,2016-11-02,11,28373.899787902832,18331.799533843994,10042.100254058838,2.490834255998389,1,0,1,0.5151515151515151,1,18331.799533843994,4031.6212248468983,0,14490.31887435913,11560.53992843628,17244.447735786438,5683.907807350159,2.4426119114018907,1,240,Weekday IQR,Business event,"Known business context overlaps the flag; review, do not treat as error"
store_day,2016-12-01,11,24325.986045837402,19277.00069999695,5048.985345840454,1.1842892834596392,0,0,1,0.5757575757575758,1,19277.00069999695,4263.304089935662,0,14429.649057388306,12352.979538917542,16990.511072158813,4637.531533241272,2.133966511605007,1,240,Weekday IQR,Business event,"Known business context overlaps the flag; review, do not treat as error"
store_day,2016-12-02,11,27163.87644958496,19343.346882956368,7820.529566628593,1.8066446200379311,0,0,1,0.5454545454545454,1,19343.346882956368,4328.759225743244,0,15034.712093353271,12576.168342590332,17329.80584335327,4753.637500762939,2.5515543316639118,1,240,Weekday IQR,Business event,"Known business context overlaps the flag; review, do not treat as error"
store_day,2016-12-03,11,32152.71467590332,19463.17637525286,12689.53830065046,2.819897623048961,0,0,1,0.5454545454545454,1,19463.17637525286,4499.999644288553,0,18642.562042236328,15318.272003173828,21133.475814819336,5815.203811645508,2.323246625786633,1,241,Weekday IQR,Business event,"Known business context overlaps the flag; review, do not treat as error"
store_day,2016-12-04,11,36053.08740234375,19582.489428383964,16470.597973959786,3.4371917353903503,0,0,1,0.5454545454545454,1,19582.489428383964,4791.876404325543,1,21099.209915161133,17063.753547668457,24758.549840927124,7694.796293258667,1.943375356185005,0,240,Rolling z-score,Business event,"Known business context overlaps the flag; review, do not treat as error"
store_day,2016-12-22,11,39085.73510360718,21580.159150123596,17505.57595348358,3.4647406293946976,1,0,1,0.5151515151515151,1,21580.159150123596,5052.4924737416395,1,14429.649057388306,12352.979538917542,16990.511072158813,4637.531533241272,5.316640085245134,1,240,Rolling z-score + weekday IQR,Business event,"Known business context overlaps the flag; review, do not treat as error"
store_day,2016-12-23,11,25010.62924194336,22460.622720445906,2550.006521497453,0.43615975149724967,1,0,1,0.5151515151515151,1,22460.622720445906,5846.496639691736,0,15034.712093353271,12576.168342590332,17329.80584335327,4753.637500762939,2.0985860085016985,1,240,Weekday IQR,Business event,"Known business context overlaps the flag; review, do not treat as error"
store_day,2016-12-24,11,30831.6171875,22805.136984143937,8026.480203356063,1.4093666972230046,1,0,1,0.5151515151515151,1,22805.136984143937,5695.097109340899,0,18642.562042236328,15318.272003173828,21133.475814819336,5815.203811645508,2.0960667140941664,1,241,Weekday IQR,Business event,"Known business context overlaps the flag; review, do not treat as error"
store_day,2017-01-01,11,0.0,23809.48645060403,-23809.48645060403,-4.471801147353877,0,0,0,0.0,0,23809.48645060403,5324.3616310383,1,21099.209915161133,17063.753547668457,24758.549840927124,7694.796293258667,-2.742010198976409,1,240,Rolling z-score + weekday IQR,Potential data issue,Extreme or zero value without mapped context; investigate source records
store_day,2017-01-02,11,34740.409271240234,22661.17521217891,12079.234059061324,1.7927311189009425,1,0,1,0.48484848484848486,1,22661.17521217891,6737.895009301037,0,16208.702842712402,13556.78695678711,18612.76205444336,5055.97509765625,3.6653080900494146,1,241,Weekday IQR,Business event,"Known business context overlaps the flag; review, do not treat as error"
store_day,2017-02-04,11,30451.079231262207,19046.880331448145,11404.198899814062,2.7923136469233176,0,0,1,0.5151515151515151,1,19046.880331448145,4084.1396568682976,0,18642.562042236328,15318.272003173828,21133.475814819336,5815.203811645508,2.030628258527789,1,241,Weekday IQR,Business event,"Known business context overlaps the flag; review, do not treat as error"
store_day,2017-02-05,11,32579.09194946289,19200.920701571875,13378.171247891016,3.021040541068544,0,0,1,0.5454545454545454,1,19200.920701571875,4428.332247126729,1,21099.209915161133,17063.753547668457,24758.549840927124,7694.796293258667,1.4919020071212497,0,240,Rolling z-score,Business event,"Known business context overlaps the flag; review, do not treat as error"
store_day,2017-03-01,11,27762.928833007812,20732.27186203003,7030.656970977783,1.7130060893623809,0,0,1,0.5151515151515151,1,20732.27186203003,4104.280197623087,0,14490.31887435913,11560.53992843628,17244.447735786438,5683.907807350159,2.3351205558762187,1,240,Weekday IQR,Business event,"Known business context overlaps the flag; review, do not treat as error"
store_day,2017-03-02,11,25241.322830200195,20913.917494092668,4327.405336107528,1.0060579859539545,0,0,1,0.5151515151515151,1,20913.917494092668,4301.3478313620635,0,14429.649057388306,12352.979538917542,16990.511072158813,4637.531533241272,2.331342373699263,1,240,Weekday IQR,Business event,"Known business context overlaps the flag; review, do not treat as error"
store_day,2017-03-03,11,32759.48406982422,21037.309506825037,11722.174562999182,2.678615361124794,0,0,1,0.5454545454545454,1,21037.309506825037,4376.206727223745,0,15034.712093353271,12576.168342590332,17329.80584335327,4753.637500762939,3.728675561320398,1,240,Weekday IQR,Business event,"Known business context overlaps the flag; review, do not treat as error"
store_day,2017-03-04,11,30017.018684387207,21510.05305181231,8506.965632574898,1.739244351814734,0,0,1,0.48484848484848486,1,21510.05305181231,4891.1848549047745,0,18642.562042236328,15318.272003173828,21133.475814819336,5815.203811645508,1.9559858967234183,1,241,Weekday IQR,Business event,"Known business context overlaps the flag; review, do not treat as error"
store_day,2017-04-01,11,36249.01866149902,19880.395547321863,16368.62311417716,3.5899510644698065,0,0,1,0.45454545454545453,1,19880.395547321863,4559.567197497332,1,18642.562042236328,15318.272003173828,21133.475814819336,5815.203811645508,3.027659423390125,1,241,Rolling z-score + weekday IQR,Business event,"Known business context overlaps the flag; review, do not treat as error"
store_day,2017-05-01,11,30732.78318786621,20291.62503474099,10441.15815312522,2.608836193752645,1,0,1,0.5151515151515151,1,20291.62503474099,4002.228341560333,0,16208.702842712402,13556.78695678711,18612.76205444336,5055.97509765625,2.872656622040444,1,241,Weekday IQR,Business event,"Known business context overlaps the flag; review, do not treat as error"
store_day,2017-06-01,11,24439.99024963379,19444.9010987963,4995.089150837488,1.3106189202956697,0,0,1,0.30303030303030304,1,19444.9010987963,3811.2444994389507,0,14429.649057388306,12352.979538917542,16990.511072158813,4637.531533241272,2.1585494611718654,1,240,Weekday IQR,Business event,"Known business context overlaps the flag; review, do not treat as error"
store_day,2017-06-03,11,32262.245727539062,19679.56967163086,12582.676055908203,3.149419021136704,0,0,1,0.5151515151515151,1,19679.56967163086,3995.2372077078526,1,18642.562042236328,15318.272003173828,21133.475814819336,5815.203811645508,2.3420819160332784,1,241,Rolling z-score + weekday IQR,Business event,"Known business context overlaps the flag; review, do not treat as error"
store_day,2017-06-04,11,34890.31513214111,19848.55205508641,15041.763077054704,3.4051401903756413,0,0,1,0.5757575757575758,1,19848.55205508641,4417.369692903997,1,21099.209915161133,17063.753547668457,24758.549840927124,7694.796293258667,1.7922638483701288,0,240,Rolling z-score,Business event,"Known business context overlaps the flag; review, do not treat as error"
store_day,2017-07-03,11,26914.58465576172,19237.48478460312,7677.0998711586,1.9516802708863399,0,0,1,0.48484848484848486,1,19237.48478460312,3933.584811856558,0,16208.702842712402,13556.78695678711,18612.76205444336,5055.97509765625,2.1174712308239294,1,241,Weekday IQR,Business event,"Known business context overlaps the flag; review, do not treat as error"
store_day,2017-07-04,11,27524.708114624023,19327.557816369193,8197.15029825483,2.008085451511676,0,0,1,0.42424242424242425,1,19327.557816369193,4082.0724496978246,0,16167.992403030396,13218.1918258667,18817.878301620483,5599.686475753784,2.028098494579534,1,242,Weekday IQR,Business event,"Known business context overlaps the flag; review, do not treat as error"
store_day,2017-08-01,11,28187.513885498047,19528.148210253035,8659.365675245012,2.804581456614984,0,0,1,0.42424242424242425,1,19528.148210253035,3087.5785956655773,0,16167.992403030396,13218.1918258667,18817.878301620483,5599.686475753784,2.1464632947775315,1,242,Weekday IQR,Business event,"Known business context overlaps the flag; review, do not treat as error"
store_day,2017-08-04,11,24994.326446533203,19680.15234729222,5314.174099240983,1.6144948461173332,0,0,1,0.5151515151515151,1,19680.15234729222,3291.539834903119,0,15034.712093353271,12576.168342590332,17329.80584335327,4753.637500762939,2.0951564673539904,1,240,Weekday IQR,Business event,"Known business context overlaps the flag; review, do not treat as error"
store_day,2013-01-01,12,0.0,6392.988983154297,-6392.988983154297,,1,0,0,0.0,0,,,0,6392.988983154297,4854.953105926514,7334.765832901001,2479.8127269744873,-2.5780128126667483,1,242,Weekday IQR,Business event,"Known business context overlaps the flag; review, do not treat as error"
store_day,2013-03-02,12,5972.7080001831055,4064.359357220786,1908.3486429623194,3.2868215061567136,0,0,0,0.0,0,4064.359357220786,580.6061081770622,1,7388.073997497559,5835.2080001831055,8566.962005615234,2731.754005432129,-0.5181161973222989,0,241,Rolling z-score,Unexplained anomaly,No mapped business context; investigate before drawing conclusions
store_day,2013-03-03,12,6200.705001831055,4083.1533574376786,2117.551644393376,3.344513921607063,0,0,0,0.0,0,4083.1533574376786,633.1418239024334,1,7521.929992675781,5772.367243766785,8926.64176940918,3154.274525642395,-0.4188681042515308,0,240,Rolling z-score,Unexplained anomaly,No mapped business context; investigate before drawing conclusions
store_day,2013-04-01,12,6792.69100189209,4389.052678789411,2403.6383231026784,3.2053736192493596,1,0,0,0.0,0,4389.052678789411,749.8777392650929,1,6886.938003540039,5354.977005004883,8003.1099853515625,2648.1329803466797,-0.03558998069485578,0,241,Rolling z-score,Business event,"Known business context overlaps the flag; review, do not treat as error"
store_day,2013-05-04,12,6766.757011413574,4703.145930017744,2063.6110813958303,3.0743692779392,0,0,0,0.0,0,4703.145930017744,671.2307126550206,1,7388.073997497559,5835.2080001831055,8566.962005615234,2731.754005432129,-0.22744250940915153,0,241,Rolling z-score,Unexplained anomaly,No mapped business context; investigate before drawing conclusions
store_day,2013-09-02,12,6395.88200378418,4454.9892501831055,1940.8927536010742,3.4277279552474686,0,0,0,0.0,0,4454.9892501831055,566.2330205142985,1,6886.938003540039,5354.977005004883,8003.1099853515625,2648.1329803466797,-0.1854347962886565,0,241,Rolling z-score,Unexplained anomaly,No mapped business context; investigate before drawing conclusions
store_day,2013-10-05,12,7515.2239990234375,4857.861427307129,2657.3625717163086,3.013232631208258,0,0,0,0.0,0,4857.861427307129,881.8975820830497,1,7388.073997497559,5835.2080001831055,8566.962005615234,2731.754005432129,0.04654518718487809,0,241,Rolling z-score,Unexplained anomaly,No mapped business context; investigate before drawing conclusions
store_day,2013-11-03,12,7565.257995605469,4601.4432507923675,2963.8147448131012,3.6178363153717545,1,0,0,0.0,0,4601.4432507923675,819.2230069172025,1,7521.929992675781,5772.367243766785,8926.64176940918,3154.274525642395,0.013736281537151045,0,240,Rolling z-score,Business event,"Known business context overlaps the flag; review, do not treat as error"
store_day,2014-01-01,12,0.0,5811.078468254635,-5811.078468254635,-5.550558079836934,1,0,0,0.0,0,5811.078468254635,1046.9358908906966,1,6027.605491638184,4712.568496704102,6993.945751190186,2281.377254486084,-2.6420906405486173,1,240,Rolling z-score + weekday IQR,Business event,"Known business context overlaps the flag; review, do not treat as error"
store_day,2014-03-01,12,8469.95101928711,5056.407078266144,3413.5439410209656,4.602702010481399,0,0,0,0.0,0,5056.407078266144,741.6391357180087,1,7388.073997497559,5835.2080001831055,8566.962005615234,2731.754005432129,0.3960374981196052,0,241,Rolling z-score,Unexplained anomaly,No mapped business context; investigate before drawing conclusions
store_day,2014-07-05,12,8934.713012695312,5361.991965430124,3572.7210472651886,3.8982203164879876,0,1,1,0.030303030303030304,0,5361.991965430124,916.5005456859221,1,7388.073997497559,5835.2080001831055,8566.962005615234,2731.754005432129,0.5661706771994264,0,241,Rolling z-score,Business event,"Known business context overlaps the flag; review, do not treat as error"
store_day,2014-08-06,12,4163.005996704102,5811.580822263445,-1648.5748255593435,-3.198763450290251,0,0,1,0.06060606060606061,0,5811.580822263445,515.3787865775928,1,6027.605491638184,4712.568496704102,6993.945751190186,2281.377254486084,-0.8173130907076184,0,240,Rolling z-score,Unexplained anomaly,No mapped business context; investigate before drawing conclusions
store_day,2014-08-31,12,6338.452987670898,4701.8731073652,1636.5798803056987,3.56199652851073,0,0,1,0.12121212121212122,0,4701.8731073652,459.45577633394055,1,7521.929992675781,5772.367243766785,8926.64176940918,3154.274525642395,-0.3751978451412239,0,240,Rolling z-score,Unexplained anomaly,No mapped business context; investigate before drawing conclusions
store_day,2014-09-01,12,8003.1099853515625,4729.2926423209055,3273.817343030657,6.169753127595973,0,0,1,0.09090909090909091,0,4729.2926423209055,530.6237178903608,1,6886.938003540039,5354.977005004883,8003.1099853515625,2648.1329803466797,0.42149393179847033,0,241,Rolling z-score,Unexplained anomaly,No mapped business context; investigate before drawing conclusions
store_day,2014-09-02,12,8277.070999145508,4812.840498788016,3464.230500357492,4.333882810851544,0,0,1,0.15151515151515152,0,4812.840498788016,799.3364499112568,1,6392.988983154297,4854.953105926514,7334.765832901001,2479.8127269744873,0.7597678629103167,0,242,Rolling z-score,Unexplained anomaly,No mapped business context; investigate before drawing conclusions
store_day,2015-01-01,12,0.0,7812.409733091082,-7812.409733091082,-5.755016118671578,1,0,0,0.0,0,7812.409733091082,1357.4957171265767,1,5955.3244972229,4546.2709703445435,6705.116996765137,2158.8460264205933,-2.758568431624991,1,240,Rolling z-score + weekday IQR,Business event,"Known business context overlaps the flag; review, do not treat as error"
store_day,2015-03-30,12,0.0,5594.27625138419,-5594.27625138419,-6.61849036973074,0,0,0,0.0,0,5594.27625138419,845.2495869706587,1,6886.938003540039,5354.977005004883,8003.1099853515625,2648.1329803466797,-2.6006767993344644,1,241,Rolling z-score + weekday IQR,Potential data issue,Extreme or zero value without mapped context; investigate source records
store_day,2015-03-31,12,0.0,5340.293822969709,-5340.293822969709,-4.070279611410109,0,0,0,0.0,0,5340.293822969709,1312.0213677702639,1,6392.988983154297,4854.953105926514,7334.765832901001,2479.8127269744873,-2.5780128126667483,1,242,Rolling z-score + weekday IQR,Potential data issue,Extreme or zero value without mapped context; investigate source records
store_day,2015-04-01,12,0.0,5132.261680330549,-5132.261680330549,-3.10956429356776,1,0,0,0.0,0,5132.261680330549,1650.476142573031,1,6027.605491638184,4712.568496704102,6993.945751190186,2281.377254486084,-2.6420906405486173,1,240,Rolling z-score + weekday IQR,Business event,"Known business context overlaps the flag; review, do not treat as error"
store_day,2015-04-02,12,0.0,4904.887358529227,-4904.887358529227,-2.588845184702849,0,0,0,0.0,0,4904.887358529227,1894.6236675377775,0,5955.3244972229,4546.2709703445435,6705.116996765137,2158.8460264205933,-2.758568431624991,1,240,Weekday IQR,Potential data issue,Extreme or zero value without mapped context; investigate source records
store_day,2015-04-03,12,0.0,4678.9046794346405,-4678.9046794346405,-2.2426632761953766,1,0,0,0.0,0,4678.9046794346405,2086.3161800073203,0,5902.882495880127,4388.332500457764,6612.834739685059,2224.502239227295,-2.653574535366868,1,240,Weekday IQR,Business event,"Known business context overlaps the flag; review, do not treat as error"
store_day,2015-04-04,12,0.0,4493.295357840402,-4493.295357840402,-1.9861889487799962,0,0,0,0.0,0,4493.295357840402,2262.269841245658,0,7388.073997497559,5835.2080001831055,8566.962005615234,2731.754005432129,-2.7045165790207597,1,241,Weekday IQR,Potential data issue,Extreme or zero value without mapped context; investigate source records
store_day,2015-04-05,12,0.0,4237.917464665004,-4237.917464665004,-1.8010919241269334,0,0,0,0.0,0,4237.917464665004,2352.971221454621,0,7521.929992675781,5772.367243766785,8926.64176940918,3154.274525642395,-2.384678293384713,1,240,Weekday IQR,Potential data issue,Extreme or zero value without mapped context; investigate source records
store_day,2015-04-06,12,0.0,4010.3039648873464,-4010.3039648873464,-1.6400633795081565,0,0,0,0.0,0,4010.3039648873464,2445.2127978676094,0,6886.938003540039,5354.977005004883,8003.1099853515625,2648.1329803466797,-2.6006767993344644,1,241,Weekday IQR,Potential data issue,Extreme or zero value without mapped context; investigate source records
store_day,2015-04-07,12,0.0,3803.8195719037735,-3803.8195719037735,-1.5019145116205097,0,0,0,0.0,0,3803.8195719037735,2532.6471929481486,0,6392.988983154297,4854.953105926514,7334.765832901001,2479.8127269744873,-2.5780128126667483,1,242,Weekday IQR,Potential data issue,Extreme or zero value without mapped context; investigate source records
store_day,2015-04-08,12,0.0,3611.7340357644216,-3611.7340357644216,-1.382993954477031,0,0,0,0.0,0,3611.7340357644216,2611.532772122762,0,6027.605491638184,4712.568496704102,6993.945751190186,2281.377254486084,-2.6420906405486173,1,240,Weekday IQR,Potential data issue,Extreme or zero value without mapped context; investigate source records
store_day,2015-04-09,12,0.0,3419.5068217686244,-3419.5068217686244,-1.2789301883459792,0,0,0,0.0,0,3419.5068217686244,2673.7243775526326,0,5955.3244972229,4546.2709703445435,6705.116996765137,2158.8460264205933,-2.758568431624991,1,240,Weekday IQR,Potential data issue,Extreme or zero value without mapped context; investigate source records
store_day,2015-04-10,12,0.0,3230.4118935721262,-3230.4118935721262,-1.1863559596789204,0,0,0,0.0,0,3230.4118935721262,2722.970173679084,0,5902.882495880127,4388.332500457764,6612.834739685059,2224.502239227295,-2.653574535366868,1,240,Weekday IQR,Potential data issue,Extreme or zero value without mapped context; investigate source records
store_day,2015-04-11,12,0.0,3077.3828223092214,-3077.3828223092214,-1.1064564423548717,0,0,0,0.0,0,3077.3828223092214,2781.29595030386,0,7388.073997497559,5835.2080001831055,8566.962005615234,2731.754005432129,-2.7045165790207597,1,241,Weekday IQR,Potential data issue,Extreme or zero value without mapped context; investigate source records
store_day,2015-04-12,12,0.0,2835.954822540283,-2835.954822540283,-1.0339166307470673,0,0,0,0.0,0,2835.954822540283,2742.9240793729514,0,7521.929992675781,5772.367243766785,8926.64176940918,3154.274525642395,-2.384678293384713,1,240,Weekday IQR,Potential data issue,Extreme or zero value without mapped context; investigate source records
store_day,2015-04-13,12,0.0,2606.159107753209,-2606.159107753209,-0.9654300193738959,0,0,0,0.0,0,2606.159107753209,2699.48008188451,0,6886.938003540039,5354.977005004883,8003.1099853515625,2648.1329803466797,-2.6006767993344644,1,241,Weekday IQR,Potential data issue,Extreme or zero value without mapped context; investigate source records
store_day,2015-04-14,12,0.0,2392.753393445696,-2392.753393445696,-0.8998178209332078,0,0,0,0.0,0,2392.753393445696,2659.1531505390208,0,6392.988983154297,4854.953105926514,7334.765832901001,2479.8127269744873,-2.5780128126667483,1,242,Weekday IQR,Potential data issue,Extreme or zero value without mapped context; investigate source records
store_day,2015-04-15,12,0.0,2222.881428854806,-2222.881428854806,-0.8374056415274866,0,0,0,0.0,0,2222.881428854806,2654.4858532360904,0,6027.605491638184,4712.568496704102,6993.945751190186,2281.377254486084,-2.6420906405486173,1,240,Weekday IQR,Potential data issue,Extreme or zero value without mapped context; investigate source records
store_day,2015-04-16,12,0.0,2047.9779287065778,-2047.9779287065778,-0.7778126144124492,0,0,0,0.0,0,2047.9779287065778,2632.99654795853,0,5955.3244972229,4546.2709703445435,6705.116996765137,2158.8460264205933,-2.758568431624991,1,240,Weekday IQR,Potential data issue,Extreme or zero value without mapped context; investigate source records
store_day,2015-04-17,12,0.0,1886.8066068376813,-1886.8066068376813,-0.72164633320505,0,0,0,0.0,0,1886.8066068376813,2614.5862869666385,0,5902.882495880127,4388.332500457764,6612.834739685059,2224.502239227295,-2.653574535366868,1,240,Weekday IQR,Potential data issue,Extreme or zero value without mapped context; investigate source records
store_day,2015-04-18,12,0.0,1724.449535369873,-1724.449535369873,-0.6672755541058782,0,0,0,0.0,0,1724.449535369873,2584.3139685831356,0,7388.073997497559,5835.2080001831055,8566.962005615234,2731.754005432129,-2.7045165790207597,1,241,Weekday IQR,Potential data issue,Extreme or zero value without mapped context; investigate source records
store_day,2015-04-19,12,0.0,1509.6845714024134,-1509.6845714024134,-0.6132837033316447,0,0,0,0.0,0,1509.6845714024134,2461.6414282673722,0,7521.929992675781,5772.367243766785,8926.64176940918,3154.274525642395,-2.384678293384713,1,240,Weekday IQR,Potential data issue,Extreme or zero value without mapped context; investigate source records
store_day,2015-04-20,12,0.0,1266.23785672869,-1266.23785672869,-0.5640507224150852,0,0,0,0.0,0,1266.23785672869,2244.9006913900644,0,6886.938003540039,5354.977005004883,8003.1099853515625,2648.1329803466797,-2.6006767993344644,1,241,Weekday IQR,Potential data issue,Extreme or zero value without mapped context; investigate source records
store_day,2015-04-21,12,0.0,1079.9502492632184,-1079.9502492632184,-0.5099350583418512,0,0,0,0.0,0,1079.9502492632184,2117.8191842209826,0,6392.988983154297,4854.953105926514,7334.765832901001,2479.8127269744873,-2.5780128126667483,1,242,Weekday IQR,Potential data issue,Extreme or zero value without mapped context; investigate source records
store_day,2015-04-22,12,0.0,900.7049277169364,-900.7049277169364,-0.45490132517398146,0,0,0,0.0,0,900.7049277169364,1980.0006679964122,0,6027.605491638184,4712.568496704102,6993.945751190186,2281.377254486084,-2.6420906405486173,1,240,Weekday IQR,Potential data issue,Extreme or zero value without mapped context; investigate source records
store_day,2015-04-23,12,0.0,719.5975706917899,-719.5975706917899,-0.39779796673892626,0,0,0,0.0,0,719.5975706917899,1808.9523598899132,0,5955.3244972229,4546.2709703445435,6705.116996765137,2158.8460264205933,-2.758568431624991,1,240,Weekday IQR,Potential data issue,Extreme or zero value without mapped context; investigate source records
store_day,2015-04-24,12,0.0,542.1616063799177,-542.1616063799177,-0.3368637231473526,0,0,0,0.0,0,542.1616063799177,1609.4389782148276,0,5902.882495880127,4388.332500457764,6612.834739685059,2224.502239227295,-2.653574535366868,1,240,Weekday IQR,Potential data issue,Extreme or zero value without mapped context; investigate source records
store_day,2015-04-25,12,0.0,384.86107090541293,-384.86107090541293,-0.270583836889811,0,0,0,0.0,0,384.86107090541293,1422.3357733748844,0,7388.073997497559,5835.2080001831055,8566.962005615234,2731.754005432129,-2.7045165790207597,1,241,Weekday IQR,Potential data issue,Extreme or zero value without mapped context; investigate source records
store_day,2015-04-26,12,0.0,171.19499969482422,-171.19499969482422,-0.18898223650461834,0,0,0,0.0,0,171.19499969482422,905.878789780544,0,7521.929992675781,5772.367243766785,8926.64176940918,3154.274525642395,-2.384678293384713,1,240,Weekday IQR,Potential data issue,Extreme or zero value without mapped context; investigate source records
store_day,2015-04-27,12,0.0,0.0,0.0,,0,0,0,0.0,0,0.0,0.0,0,6886.938003540039,5354.977005004883,8003.1099853515625,2648.1329803466797,-2.6006767993344644,1,241,Weekday IQR,Potential data issue,Extreme or zero value without mapped context; investigate source records
store_day,2015-04-28,12,0.0,0.0,0.0,,0,0,0,0.0,0,0.0,0.0,0,6392.988983154297,4854.953105926514,7334.765832901001,2479.8127269744873,-2.5780128126667483,1,242,Weekday IQR,Potential data issue,Extreme or zero value without mapped context; investigate source records
store_day,2015-04-29,12,0.0,0.0,0.0,,0,0,0,0.0,0,0.0,0.0,0,6027.605491638184,4712.568496704102,6993.945751190186,2281.377254486084,-2.6420906405486173,1,240,Weekday IQR,Potential data issue,Extreme or zero value without mapped context; investigate source records
store_day,2015-04-30,12,0.0,0.0,0.0,,0,0,0,0.0,0,0.0,0.0,0,5955.3244972229,4546.2709703445435,6705.116996765137,2158.8460264205933,-2.758568431624991,1,240,Weekday IQR,Potential data issue,Extreme or zero value without mapped context; investigate source records
store_day,2015-05-01,12,0.0,0.0,0.0,,1,0,0,0.0,0,0.0,0.0,0,5902.882495880127,4388.332500457764,6612.834739685059,2224.502239227295,-2.653574535366868,1,240,Weekday IQR,Business event,"Known business context overlaps the flag; review, do not treat as error"
store_day,2015-05-02,12,0.0,0.0,0.0,,0,0,0,0.0,0,0.0,0.0,0,7388.073997497559,5835.2080001831055,8566.962005615234,2731.754005432129,-2.7045165790207597,1,241,Weekday IQR,Potential data issue,Extreme or zero value without mapped context; investigate source records
store_day,2015-05-03,12,0.0,0.0,0.0,,0,0,0,0.0,0,0.0,0.0,0,7521.929992675781,5772.367243766785,8926.64176940918,3154.274525642395,-2.384678293384713,1,240,Weekday IQR,Potential data issue,Extreme or zero value without mapped context; investigate source records
store_day,2015-05-04,12,0.0,0.0,0.0,,0,0,0,0.0,0,0.0,0.0,0,6886.938003540039,5354.977005004883,8003.1099853515625,2648.1329803466797,-2.6006767993344644,1,241,Weekday IQR,Potential data issue,Extreme or zero value without mapped context; investigate source records
store_day,2015-05-05,12,0.0,0.0,0.0,,0,0,0,0.0,0,0.0,0.0,0,6392.988983154297,4854.953105926514,7334.765832901001,2479.8127269744873,-2.5780128126667483,1,242,Weekday IQR,Potential data issue,Extreme or zero value without mapped context; investigate source records
store_day,2015-05-06,12,0.0,0.0,0.0,,0,0,0,0.0,0,0.0,0.0,0,6027.605491638184,4712.568496704102,6993.945751190186,2281.377254486084,-2.6420906405486173,1,240,Weekday IQR,Potential data issue,Extreme or zero value without mapped context; investigate source records
store_day,2015-05-07,12,0.0,0.0,0.0,,0,0,0,0.0,0,0.0,0.0,0,5955.3244972229,4546.2709703445435,6705.116996765137,2158.8460264205933,-2.758568431624991,1,240,Weekday IQR,Potential data issue,Extreme or zero value without mapped context; investigate source records
store_day,2015-05-08,12,0.0,0.0,0.0,,0,0,0,0.0,0,0.0,0.0,0,5902.882495880127,4388.332500457764,6612.834739685059,2224.502239227295,-2.653574535366868,1,240,Weekday IQR,Potential data issue,Extreme or zero value without mapped context; investigate source records
store_day,2015-05-09,12,0.0,0.0,0.0,,1,0,0,0.0,0,0.0,0.0,0,7388.073997497559,5835.2080001831055,8566.962005615234,2731.754005432129,-2.7045165790207597,1,241,Weekday IQR,Business event,"Known business context overlaps the flag; review, do not treat as error"
store_day,2015-05-10,12,0.0,0.0,0.0,,0,1,0,0.0,0,0.0,0.0,0,7521.929992675781,5772.367243766785,8926.64176940918,3154.274525642395,-2.384678293384713,1,240,Weekday IQR,Business event,"Known business context overlaps the flag; review, do not treat as error"
store_day,2015-05-11,12,0.0,0.0,0.0,,0,0,0,0.0,0,0.0,0.0,0,6886.938003540039,5354.977005004883,8003.1099853515625,2648.1329803466797,-2.6006767993344644,1,241,Weekday IQR,Potential data issue,Extreme or zero value without mapped context; investigate source records
store_day,2015-05-12,12,0.0,0.0,0.0,,0,0,0,0.0,0,0.0,0.0,0,6392.988983154297,4854.953105926514,7334.765832901001,2479.8127269744873,-2.5780128126667483,1,242,Weekday IQR,Potential data issue,Extreme or zero value without mapped context; investigate source records
store_day,2015-05-13,12,0.0,0.0,0.0,,0,0,0,0.0,0,0.0,0.0,0,6027.605491638184,4712.568496704102,6993.945751190186,2281.377254486084,-2.6420906405486173,1,240,Weekday IQR,Potential data issue,Extreme or zero value without mapped context; investigate source records
store_day,2015-05-14,12,0.0,0.0,0.0,,0,0,0,0.0,0,0.0,0.0,0,5955.3244972229,4546.2709703445435,6705.116996765137,2158.8460264205933,-2.758568431624991,1,240,Weekday IQR,Potential data issue,Extreme or zero value without mapped context; investigate source records
store_day,2015-05-15,12,0.0,0.0,0.0,,0,0,0,0.0,0,0.0,0.0,0,5902.882495880127,4388.332500457764,6612.834739685059,2224.502239227295,-2.653574535366868,1,240,Weekday IQR,Potential data issue,Extreme or zero value without mapped context; investigate source records
store_day,2015-05-16,12,0.0,0.0,0.0,,0,0,0,0.0,0,0.0,0.0,0,7388.073997497559,5835.2080001831055,8566.962005615234,2731.754005432129,-2.7045165790207597,1,241,Weekday IQR,Potential data issue,Extreme or zero value without mapped context; investigate source records
store_day,2015-05-17,12,0.0,0.0,0.0,,0,0,0,0.0,0,0.0,0.0,0,7521.929992675781,5772.367243766785,8926.64176940918,3154.274525642395,-2.384678293384713,1,240,Weekday IQR,Potential data issue,Extreme or zero value without mapped context; investigate source records
store_day,2015-05-18,12,0.0,0.0,0.0,,0,0,0,0.0,0,0.0,0.0,0,6886.938003540039,5354.977005004883,8003.1099853515625,2648.1329803466797,-2.6006767993344644,1,241,Weekday IQR,Potential data issue,Extreme or zero value without mapped context; investigate source records
store_day,2015-05-19,12,0.0,0.0,0.0,,0,0,0,0.0,0,0.0,0.0,0,6392.988983154297,4854.953105926514,7334.765832901001,2479.8127269744873,-2.5780128126667483,1,242,Weekday IQR,Potential data issue,Extreme or zero value without mapped context; investigate source records
store_day,2015-05-20,12,0.0,0.0,0.0,,0,0,0,0.0,0,0.0,0.0,0,6027.605491638184,4712.568496704102,6993.945751190186,2281.377254486084,-2.6420906405486173,1,240,Weekday IQR,Potential data issue,Extreme or zero value without mapped context; investigate source records
store_day,2015-05-21,12,0.0,0.0,0.0,,0,0,0,0.0,0,0.0,0.0,0,5955.3244972229,4546.2709703445435,6705.116996765137,2158.8460264205933,-2.758568431624991,1,240,Weekday IQR,Potential data issue,Extreme or zero value without mapped context; investigate source records
store_day,2015-05-22,12,0.0,0.0,0.0,,0,0,0,0.0,0,0.0,0.0,0,5902.882495880127,4388.332500457764,6612.834739685059,2224.502239227295,-2.653574535366868,1,240,Weekday IQR,Potential data issue,Extreme or zero value without mapped context; investigate source records
store_day,2015-05-23,12,0.0,0.0,0.0,,0,0,0,0.0,0,0.0,0.0,0,7388.073997497559,5835.2080001831055,8566.962005615234,2731.754005432129,-2.7045165790207597,1,241,Weekday IQR,Potential data issue,Extreme or zero value without mapped context; investigate source records
store_day,2015-05-24,12,0.0,0.0,0.0,,1,0,0,0.0,0,0.0,0.0,0,7521.929992675781,5772.367243766785,8926.64176940918,3154.274525642395,-2.384678293384713,1,240,Weekday IQR,Business event,"Known business context overlaps the flag; review, do not treat as error"
store_day,2015-05-25,12,0.0,0.0,0.0,,0,0,0,0.0,0,0.0,0.0,0,6886.938003540039,5354.977005004883,8003.1099853515625,2648.1329803466797,-2.6006767993344644,1,241,Weekday IQR,Potential data issue,Extreme or zero value without mapped context; investigate source records
store_day,2015-05-26,12,0.0,0.0,0.0,,0,0,0,0.0,0,0.0,0.0,0,6392.988983154297,4854.953105926514,7334.765832901001,2479.8127269744873,-2.5780128126667483,1,242,Weekday IQR,Potential data issue,Extreme or zero value without mapped context; investigate source records
store_day,2015-05-27,12,0.0,0.0,0.0,,0,0,0,0.0,0,0.0,0.0,0,6027.605491638184,4712.568496704102,6993.945751190186,2281.377254486084,-2.6420906405486173,1,240,Weekday IQR,Potential data issue,Extreme or zero value without mapped context; investigate source records
store_day,2015-05-28,12,0.0,0.0,0.0,,0,0,0,0.0,0,0.0,0.0,0,5955.3244972229,4546.2709703445435,6705.116996765137,2158.8460264205933,-2.758568431624991,1,240,Weekday IQR,Potential data issue,Extreme or zero value without mapped context; investigate source records
store_day,2015-05-29,12,15131.822021484375,0.0,15131.822021484375,,0,0,1,0.12121212121212122,0,0.0,0.0,0,5902.882495880127,4388.332500457764,6612.834739685059,2224.502239227295,4.148766120734507,1,240,Weekday IQR,Unexplained anomaly,No mapped business context; investigate before drawing conclusions
store_day,2015-05-30,12,15272.288986206055,540.4222150530134,14731.866771153042,5.151640796312201,0,0,1,0.09090909090909091,0,540.4222150530134,2859.645568009874,1,7388.073997497559,5835.2080001831055,8566.962005615234,2731.754005432129,2.886136516330032,1,241,Rolling z-score + weekday IQR,Unexplained anomaly,No mapped business context; investigate before drawing conclusions
store_day,2015-05-31,12,14941.925003051758,1085.8611074175153,13856.063895634243,3.475295981029725,0,0,1,0.06060606060606061,0,1085.8611074175153,3987.0169249666933,1,7521.929992675781,5772.367243766785,8926.64176940918,3154.274525642395,2.3523618347280126,1,240,Rolling z-score + weekday IQR,Unexplained anomaly,No mapped business context; investigate before drawing conclusions
store_day,2015-08-01,12,10104.889999389648,7002.308821405683,3102.581177983965,3.609909084360622,0,0,1,0.09090909090909091,0,7002.308821405683,859.4624145592537,1,7388.073997497559,5835.2080001831055,8566.962005615234,2731.754005432129,0.9945317171640146,0,241,Rolling z-score,Unexplained anomaly,No mapped business context; investigate before drawing conclusions
store_day,2015-08-14,12,20826.648010253906,7005.334104537964,13821.313905715942,15.326010905218874,0,0,1,0.06060606060606061,0,7005.334104537964,901.8207014983562,1,5902.882495880127,4388.332500457764,6612.834739685059,2224.502239227295,6.708811189849695,1,240,Rolling z-score + weekday IQR,Potential data issue,Extreme or zero value without mapped context; investigate source records
store_day,2015-08-15,12,17122.81800842285,7522.675926480974,9600.142081941878,3.483593484885841,0,0,1,0.09090909090909091,0,7522.675926480974,2755.8158331601308,1,7388.073997497559,5835.2080001831055,8566.962005615234,2731.754005432129,3.5635507412335174,1,241,Rolling z-score + weekday IQR,Unexplained anomaly,No mapped business context; investigate before drawing conclusions
store_day,2015-10-03,12,10939.906997680664,7542.906535421099,3397.000462259565,3.2186200333277846,0,0,1,0.21212121212121213,0,7542.906535421099,1055.4214001916064,1,7388.073997497559,5835.2080001831055,8566.962005615234,2731.754005432129,1.3002023583090712,0,241,Rolling z-score,Unexplained anomaly,No mapped business context; investigate before drawing conclusions
store_day,2015-12-23,12,10931.013206481934,7991.486747741699,2939.5264587402344,2.1989860794184986,1,0,1,0.12121212121212122,0,7991.486747741699,1336.7644689763406,0,6027.605491638184,4712.568496704102,6993.945751190186,2281.377254486084,2.1493191032748853,1,240,Weekday IQR,Business event,"Known business context overlaps the flag; review, do not treat as error"
store_day,2015-12-24,12,11723.475769042969,8163.250004632132,3560.2257644108367,2.5515721457943696,1,0,1,0.12121212121212122,0,8163.250004632132,1395.3067211048613,0,5955.3244972229,4546.2709703445435,6705.116996765137,2158.8460264205933,2.671867841072376,1,240,Weekday IQR,Business event,"Known business context overlaps the flag; review, do not treat as error"
store_day,2016-01-01,12,0.0,8344.124610900879,-8344.124610900879,-5.871753005373325,1,0,0,0.0,0,8344.124610900879,1421.0619219277532,1,5902.882495880127,4388.332500457764,6612.834739685059,2224.502239227295,-2.653574535366868,1,240,Rolling z-score + weekday IQR,Business event,"Known business context overlaps the flag; review, do not treat as error"
store_day,2016-04-02,12,11063.251007080078,7288.31892817361,3774.9320789064677,3.544186390173543,0,0,1,0.12121212121212122,0,7288.31892817361,1065.1054045500202,1,7388.073997497559,5835.2080001831055,8566.962005615234,2731.754005432129,1.3453543043313496,0,241,Rolling z-score,Unexplained anomaly,No mapped business context; investigate before drawing conclusions
store_day,2016-04-18,12,14003.671005249023,7657.227784565517,6346.443220683506,3.9573030714632647,0,1,1,0.3333333333333333,1,7657.227784565517,1603.7293849057726,1,6886.938003540039,5354.977005004883,8003.1099853515625,2648.1329803466797,2.6874530299370765,1,241,Rolling z-score + weekday IQR,Business event,"Known business context overlaps the flag; review, do not treat as error"
store_day,2016-04-19,12,11244.941986083984,7918.692963463919,3326.2490226200653,1.6720040357829056,0,1,1,0.30303030303030304,1,7918.692963463919,1989.3785848803707,0,6392.988983154297,4854.953105926514,7334.765832901001,2479.8127269744873,1.9565804103479,1,242,Weekday IQR,Business event,"Known business context overlaps the flag; review, do not treat as error"
store_day,2016-05-31,12,10483.100997924805,7613.815498352051,2869.285499572754,3.0561792950295064,0,0,1,0.48484848484848486,1,7613.815498352051,938.8472411416726,1,6392.988983154297,4854.953105926514,7334.765832901001,2479.8127269744873,1.649363264523881,0,242,Rolling z-score,Business event,"Known business context overlaps the flag; review, do not treat as error"
store_day,2016-08-01,12,9689.223999023438,6734.805316311972,2954.4186827114654,3.4829105160105867,0,0,1,0.42424242424242425,1,6734.805316311972,848.261437992823,1,6886.938003540039,5354.977005004883,8003.1099853515625,2648.1329803466797,1.058211961514311,0,241,Rolling z-score,Business event,"Known business context overlaps the flag; review, do not treat as error"
store_day,2016-09-03,12,8891.841995239258,6611.124106543405,2280.7178886958527,4.438332778091441,0,0,1,0.42424242424242425,1,6611.124106543405,513.8681578708932,1,7388.073997497559,5835.2080001831055,8566.962005615234,2731.754005432129,0.5504770908183668,0,241,Rolling z-score,Business event,"Known business context overlaps the flag; review, do not treat as error"
store_day,2016-09-04,12,10827.622009277344,6672.265820366995,4155.3561889103485,6.258338345171186,0,0,1,0.3939393939393939,1,6672.265820366995,663.9711629072502,1,7521.929992675781,5772.367243766785,8926.64176940918,3154.274525642395,1.0480039038226485,0,240,Rolling z-score,Business event,"Known business context overlaps the flag; review, do not treat as error"
store_day,2016-10-13,12,17904.586639404297,7665.558036531721,10239.028602872575,6.909031745465158,0,0,1,0.3939393939393939,1,7665.558036531721,1481.977356609066,1,5955.3244972229,4546.2709703445435,6705.116996765137,2158.8460264205933,5.535022876084171,1,240,Rolling z-score + weekday IQR,Business event,"Known business context overlaps the flag; review, do not treat as error"
store_day,2016-11-04,12,10663.726013183594,7643.247950281416,3020.478062902178,1.3045675026905867,1,0,1,0.42424242424242425,1,7643.247950281416,2315.309906672239,0,5902.882495880127,4388.332500457764,6612.834739685059,2224.502239227295,2.1401837378941897,1,240,Weekday IQR,Business event,"Known business context overlaps the flag; review, do not treat as error"
store_day,2016-12-23,12,11577.138084411621,8448.75393990108,3128.384144510541,2.463881881075647,1,0,1,0.45454545454545453,1,8448.75393990108,1269.697288875226,0,5902.882495880127,4388.332500457764,6612.834739685059,2224.502239227295,2.5507978766982533,1,240,Weekday IQR,Business event,"Known business context overlaps the flag; review, do not treat as error"
store_day,2017-01-01,12,0.0,8776.105836732047,-8776.105836732047,-6.0808643377691185,0,0,0,0.0,0,8776.105836732047,1443.2332887649538,1,7521.929992675781,5772.367243766785,8926.64176940918,3154.274525642395,-2.384678293384713,1,240,Rolling z-score + weekday IQR,Potential data issue,Extreme or zero value without mapped context; investigate source records
store_day,2017-04-01,12,11870.61400604248,7932.528680256435,3938.0853257860454,3.036681480548904,1,0,1,0.36363636363636365,1,7932.528680256435,1296.8384570495703,1,7388.073997497559,5835.2080001831055,8566.962005615234,2731.754005432129,1.6409017794542744,0,241,Rolling z-score,Business event,"Known business context overlaps the flag; review, do not treat as error"
store_day,2017-05-21,12,13788.324996948242,8164.777215685163,5623.547781263079,4.9754346533958,0,0,1,0.42424242424242425,1,8164.777215685163,1130.2626148300296,1,7521.929992675781,5772.367243766785,8926.64176940918,3154.274525642395,1.9866358978365257,1,240,Rolling z-score + weekday IQR,Business event,"Known business context overlaps the flag; review, do not treat as error"
store_day,2017-07-30,12,11731.621002197266,7656.768036706107,4074.852965491159,3.4559759114109685,0,0,1,0.3939393939393939,1,7656.768036706107,1179.0744698297165,1,7521.929992675781,5772.367243766785,8926.64176940918,3154.274525642395,1.3345988040353414,0,240,Rolling z-score,Business event,"Known business context overlaps the flag; review, do not treat as error"
store_day,2013-01-01,13,0.0,5992.098011016846,-5992.098011016846,,1,0,0,0.0,0,,,0,5992.098011016846,4926.21923828125,7138.886008262634,2212.6667699813843,-2.7080887607252575,1,242,Weekday IQR,Business event,"Known business context overlaps the flag; review, do not treat as error"
store_day,2013-02-02,13,7274.522994995117,3855.424319965499,3419.0986750296183,3.937372858305709,0,0,0,0.0,0,3855.424319965499,868.3705602879811,1,8653.157989501953,7278.8070068359375,9702.419006347656,2423.6119995117188,-0.5688348608542074,0,241,Rolling z-score,Unexplained anomaly,No mapped business context; investigate before drawing conclusions
store_day,2013-03-02,13,7957.759017944336,3993.2179633208684,3964.5410546234675,3.870854649246037,0,0,0,0.0,0,3993.2179633208684,1024.2030284954458,1,8653.157989501953,7278.8070068359375,9702.419006347656,2423.6119995117188,-0.28692669111133223,0,241,Rolling z-score,Unexplained anomaly,No mapped business context; investigate before drawing conclusions
store_day,2013-06-01,13,7865.177001953125,4509.2091791289195,3355.9678228242055,3.1053440622813793,0,0,0,0.0,0,4509.2091791289195,1080.7072438725847,1,8653.157989501953,7278.8070068359375,9702.419006347656,2423.6119995117188,-0.3251267066294363,0,241,Rolling z-score,Unexplained anomaly,No mapped business context; investigate before drawing conclusions
store_day,2013-08-03,13,6918.935989379883,4354.879106385367,2564.056882994516,3.025990706670831,0,0,0,0.0,0,4354.879106385367,847.3445993545266,1,8653.157989501953,7278.8070068359375,9702.419006347656,2423.6119995117188,-0.7155526546623227,0,241,Rolling z-score,Unexplained anomaly,No mapped business context; investigate before drawing conclusions
store_day,2013-10-05,13,7704.464996337891,4398.326962811606,3306.1380335262847,3.2155450066527265,0,0,0,0.0,0,4398.326962811606,1028.1734594559018,1,8653.157989501953,7278.8070068359375,9702.419006347656,2423.6119995117188,-0.39143765312071166,0,241,Rolling z-score,Unexplained anomaly,No mapped business context; investigate before drawing conclusions
store_day,2013-11-30,13,7686.75700378418,4597.3704627582,3089.3865410259796,3.3934508340367295,0,0,0,0.0,0,4597.3704627582,910.3967294999687,1,8653.157989501953,7278.8070068359375,9702.419006347656,2423.6119995117188,-0.39874410009212397,0,241,Rolling z-score,Unexplained anomaly,No mapped business context; investigate before drawing conclusions
store_day,2013-12-21,13,9094.393020629883,5058.032998698099,4036.360021931784,3.447463346136916,1,0,0,0.0,0,5058.032998698099,1170.8202862997111,1,8653.157989501953,7278.8070068359375,9702.419006347656,2423.6119995117188,0.1820567942462839,0,241,Rolling z-score,Business event,"Known business context overlaps the flag; review, do not treat as error"
store_day,2014-01-01,13,0.0,5494.043144702911,-5494.043144702911,-4.217769070775152,1,0,0,0.0,0,5494.043144702911,1302.594583181673,1,5236.523998260498,4211.862245559692,6283.500733375549,2071.638487815857,-2.5277209460331096,1,240,Rolling z-score + weekday IQR,Business event,"Known business context overlaps the flag; review, do not treat as error"
store_day,2014-01-04,13,10942.139022827148,5513.6806299345835,5428.458392892565,3.139277449965754,0,0,0,0.0,0,5513.6806299345835,1729.2063155971714,1,8653.157989501953,7278.8070068359375,9702.419006347656,2423.6119995117188,0.9444502807323749,0,241,Rolling z-score,Unexplained anomaly,No mapped business context; investigate before drawing conclusions
store_day,2014-03-01,13,10796.302001953125,4790.345666612898,6005.956335340227,4.90569149211365,0,0,0,0.0,0,4790.345666612898,1224.2833339592091,1,8653.157989501953,7278.8070068359375,9702.419006347656,2423.6119995117188,0.8842768615120521,0,241,Rolling z-score,Unexplained anomaly,No mapped business context; investigate before drawing conclusions
store_day,2014-03-22,13,13421.932998657227,5800.015374592373,7621.917624064854,4.548875683226494,0,0,0,0.0,0,5800.015374592373,1675.560765964628,1,8653.157989501953,7278.8070068359375,9702.419006347656,2423.6119995117188,1.9676313742117266,1,241,Rolling z-score + weekday IQR,Unexplained anomaly,No mapped business context; investigate before drawing conclusions
store_day,2014-05-03,13,8744.804000854492,4870.432378223964,3874.371622630528,3.419419723160081,0,0,0,0.0,0,4870.432378223964,1133.0494459013062,1,8653.157989501953,7278.8070068359375,9702.419006347656,2423.6119995117188,0.03781381317265422,0,241,Rolling z-score,Unexplained anomaly,No mapped business context; investigate before drawing conclusions
store_day,2014-07-01,13,9446.404006958008,4740.57067830222,4705.833328655788,5.088698388551023,0,1,1,0.06060606060606061,0,4740.57067830222,924.7616913675535,1,5992.098011016846,4926.21923828125,7138.886008262634,2212.6667699813843,1.5611505730572452,0,242,Rolling z-score,Business event,"Known business context overlaps the flag; review, do not treat as error"
store_day,2014-07-10,13,9147.15299987793,5430.723286220005,3716.4297136579244,2.279320081958625,0,0,1,0.15151515151515152,0,5430.723286220005,1630.4992629487947,0,5109.9349937438965,4346.567895889282,6248.898986816406,1902.331090927124,2.122247817632233,1,240,Weekday IQR,Unexplained anomaly,No mapped business context; investigate before drawing conclusions
store_day,2014-09-06,13,9671.038024902344,5070.438284465245,4600.599740437099,3.0568712795007436,0,0,1,0.06060606060606061,0,5070.438284465245,1505.0027691020348,1,8653.157989501953,7278.8070068359375,9702.419006347656,2423.6119995117188,0.4199847317167357,0,241,Rolling z-score,Unexplained anomaly,No mapped business context; investigate before drawing conclusions
store_day,2014-10-04,13,11316.470993041992,6150.633286884853,5165.837706157139,3.4548843385011976,0,0,0,0.0,0,6150.633286884853,1495.2273940372168,1,8653.157989501953,7278.8070068359375,9702.419006347656,2423.6119995117188,1.098902383746496,0,241,Rolling z-score,Unexplained anomaly,No mapped business context; investigate before drawing conclusions
store_day,2014-11-06,13,9456.10400390625,6424.331068856375,3031.772935049875,1.7398148810079102,0,0,1,0.21212121212121213,0,6424.331068856375,1742.583632399734,0,5109.9349937438965,4346.567895889282,6248.898986816406,1902.331090927124,2.284654354276571,1,240,Weekday IQR,Unexplained anomaly,No mapped business context; investigate before drawing conclusions
store_day,2014-12-05,13,9689.750001907349,6779.738140719278,2910.0118611880707,2.087840753583423,0,0,0,0.0,0,6779.738140719278,1393.7901423724634,0,5478.60050201416,4465.463001251221,6379.48299407959,1914.0199928283691,2.2001596198952575,1,240,Weekday IQR,Unexplained anomaly,No mapped business context; investigate before drawing conclusions
store_day,2014-12-06,13,12031.143005371094,6839.945176669529,5191.1978287015645,3.5022774821796836,0,0,1,0.15151515151515152,0,6839.945176669529,1482.2348757673997,1,8653.157989501953,7278.8070068359375,9702.419006347656,2423.6119995117188,1.393781272146572,0,241,Rolling z-score,Unexplained anomaly,No mapped business context; investigate before drawing conclusions
store_day,2014-12-17,13,11359.410049438477,7376.605035509382,3982.8050139290945,2.252048938262032,0,0,1,0.24242424242424243,0,7376.605035509382,1768.5250734394497,0,5236.523998260498,4211.862245559692,6283.500733375549,2071.638487815857,2.9555765096995184,1,240,Weekday IQR,Unexplained anomaly,No mapped business context; investigate before drawing conclusions
store_day,2014-12-19,13,9948.386108398438,7615.560786655971,2332.8253217424663,1.2663765461663097,0,0,1,0.18181818181818182,0,7615.560786655971,1842.1261265494907,0,5478.60050201416,4465.463001251221,6379.48299407959,1914.0199928283691,2.33528679069816,1,240,Weekday IQR,Unexplained anomaly,No mapped business context; investigate before drawing conclusions
store_day,2014-12-23,13,11341.936981201172,8059.981720243181,3281.9552609579905,1.6863125060554334,1,0,1,0.12121212121212122,0,8059.981720243181,1946.231940504926,0,5992.098011016846,4926.21923828125,7138.886008262634,2212.6667699813843,2.417824067665343,1,242,Weekday IQR,Business event,"Known business context overlaps the flag; review, do not treat as error"
store_day,2014-12-24,13,9697.748008728027,8273.248255184719,1424.4997535433085,0.7239567569516344,1,0,1,0.12121212121212122,0,8273.248255184719,1967.6586203041343,0,5236.523998260498,4211.862245559692,6283.500733375549,2071.638487815857,2.153476118881644,1,240,Weekday IQR,Business event,"Known business context overlaps the flag; review, do not treat as error"
store_day,2014-12-26,13,11774.772994995117,8437.2601480484,3337.5128469467163,1.772050162364269,1,0,1,0.21212121212121213,0,8437.2601480484,1883.4189448078644,0,5478.60050201416,4465.463001251221,6379.48299407959,1914.0199928283691,3.2895019469869964,1,240,Weekday IQR,Business event,"Known business context overlaps the flag; review, do not treat as error"
store_day,2015-01-01,13,0.0,8468.488683428082,-8468.488683428082,-4.284256502481027,1,0,0,0.0,0,8468.488683428082,1976.6530501906116,1,5109.9349937438965,4346.567895889282,6248.898986816406,1902.331090927124,-2.6861438674450238,1,240,Rolling z-score + weekday IQR,Business event,"Known business context overlaps the flag; review, do not treat as error"
store_day,2015-04-02,13,9801.536003112793,6240.026964732579,3561.5090383802144,2.4337484712758375,0,0,1,0.24242424242424243,0,6240.026964732579,1463.384191264915,0,5109.9349937438965,4346.567895889282,6248.898986816406,1902.331090927124,2.4662378866353847,1,240,Weekday IQR,Unexplained anomaly,No mapped business context; investigate before drawing conclusions
store_day,2015-04-04,13,13986.802001953125,6429.583036150251,7557.218965802874,4.768852674295035,0,0,0,0.0,0,6429.583036150251,1584.7038023501186,1,8653.157989501953,7278.8070068359375,9702.419006347656,2423.6119995117188,2.200700447730797,1,241,Rolling z-score + weekday IQR,Unexplained anomaly,No mapped business context; investigate before drawing conclusions
store_day,2015-04-11,13,16745.100006103516,7364.023714746748,9381.076291356767,4.373919808885848,0,0,1,0.18181818181818182,0,7364.023714746748,2144.77555630961,1,8653.157989501953,7278.8070068359375,9702.419006347656,2423.6119995117188,3.338794335987705,1,241,Rolling z-score + weekday IQR,Unexplained anomaly,No mapped business context; investigate before drawing conclusions
store_day,2015-04-13,13,11885.666000366211,7756.76560824258,4128.900392123631,1.49275907749937,0,0,1,0.09090909090909091,0,7756.76560824258,2765.952292207966,0,6423.086009979248,5262.196998596191,7375.557998657227,2113.361000061035,2.5847831914326043,1,241,Weekday IQR,Unexplained anomaly,No mapped business context; investigate before drawing conclusions
store_day,2015-05-01,13,9515.871994018555,8853.678141798291,662.1938522202636,0.27298658521129177,1,0,1,0.12121212121212122,0,8853.678141798291,2425.737703219831,0,5478.60050201416,4465.463001251221,6379.48299407959,1914.0199928283691,2.109315214643329,1,240,Weekday IQR,Business event,"Known business context overlaps the flag; review, do not treat as error"
store_day,2015-05-02,13,14158.807006835938,8969.841284683773,5188.965722152165,2.1853496834025536,0,0,1,0.24242424242424243,0,8969.841284683773,2374.432687620514,0,8653.157989501953,7278.8070068359375,9702.419006347656,2423.6119995117188,2.271670968143085,1,241,Weekday IQR,Unexplained anomaly,No mapped business context; investigate before drawing conclusions
store_day,2015-05-03,13,11772.125,8975.984320572445,2796.1406794275554,1.1708757237555119,0,0,1,0.18181818181818182,0,8975.984320572445,2388.0763967495254,0,6154.902500152588,4746.433748245239,7240.484751701355,2494.0510034561157,2.252248447230382,1,240,Weekday IQR,Unexplained anomaly,No mapped business context; investigate before drawing conclusions
store_day,2015-05-05,13,10461.117004394531,9058.230141299111,1402.8868630954203,0.5743009328337366,0,0,1,0.15151515151515152,0,9058.230141299111,2442.7730879231635,0,5992.098011016846,4926.21923828125,7138.886008262634,2212.6667699813843,2.019743349521756,1,242,Weekday IQR,Unexplained anomaly,No mapped business context; investigate before drawing conclusions
store_day,2015-05-06,13,9838.158996582031,9069.47935601643,768.6796405656005,0.31391506786842677,0,0,1,0.21212121212121213,0,9069.47935601643,2448.686664788522,0,5236.523998260498,4211.862245559692,6283.500733375549,2071.638487815857,2.2212538651823706,1,240,Weekday IQR,Unexplained anomaly,No mapped business context; investigate before drawing conclusions
store_day,2015-05-14,13,9852.94400024414,8849.45356975283,1003.4904304913107,0.5111309483042062,0,0,1,0.18181818181818182,0,8849.45356975283,1963.2746438473735,0,5109.9349937438965,4346.567895889282,6248.898986816406,1902.331090927124,2.4932615721423557,1,240,Weekday IQR,Unexplained anomaly,No mapped business context; investigate before drawing conclusions
store_day,2015-08-03,13,14951.722007751465,6840.4641090120585,8111.257898739406,5.041265812587559,0,0,1,0.30303030303030304,1,6840.4641090120585,1608.9724684793193,1,6423.086009979248,5262.196998596191,7375.557998657227,2113.361000061035,4.035579343768482,1,241,Rolling z-score + weekday IQR,Business event,"Known business context overlaps the flag; review, do not treat as error"
store_day,2015-08-14,13,15484.313995361328,7091.022004263742,8393.291991097587,3.741419318784841,0,0,1,0.12121212121212122,0,7091.022004263742,2243.3443770808367,1,5478.60050201416,4465.463001251221,6379.48299407959,1914.0199928283691,5.227590898129341,1,240,Rolling z-score + weekday IQR,Unexplained anomaly,No mapped business context; investigate before drawing conclusions
store_day,2015-08-15,13,13574.279006958008,7437.025896889822,6137.253110068185,2.2476848418066724,0,0,1,0.12121212121212122,0,7437.025896889822,2730.477598956937,0,8653.157989501953,7278.8070068359375,9702.419006347656,2423.6119995117188,2.0304904491508977,1,241,Weekday IQR,Unexplained anomaly,No mapped business context; investigate before drawing conclusions
store_day,2015-10-03,13,13969.72299194336,7433.459142616817,6536.263849326542,3.524476653264236,0,0,1,0.18181818181818182,0,7433.459142616817,1854.5345855172295,1,8653.157989501953,7278.8070068359375,9702.419006347656,2423.6119995117188,2.1936535235477157,1,241,Rolling z-score + weekday IQR,Unexplained anomaly,No mapped business context; investigate before drawing conclusions
store_day,2015-11-04,13,10709.829002380371,6642.924714905875,4066.9042874744964,2.2766663450285702,0,0,1,0.21212121212121213,0,6642.924714905875,1786.3418134831963,0,5236.523998260498,4211.862245559692,6283.500733375549,2071.638487815857,2.6420174351416,1,240,Weekday IQR,Unexplained anomaly,No mapped business context; investigate before drawing conclusions
store_day,2015-12-05,13,11946.49401473999,6865.227462768555,5081.266551971436,3.1673228898106878,0,0,1,0.12121212121212122,0,6865.227462768555,1604.278038187368,1,8653.157989501953,7278.8070068359375,9702.419006347656,2423.6119995117188,1.3588544807921155,0,241,Rolling z-score,Unexplained anomaly,No mapped business context; investigate before drawing conclusions
store_day,2015-12-17,13,10196.496810913086,7224.746136256626,2971.7506746564595,1.7153639125411977,0,0,1,0.15151515151515152,0,7224.746136256626,1732.4316157811716,0,5109.9349937438965,4346.567895889282,6248.898986816406,1902.331090927124,2.6738572698668306,1,240,Weekday IQR,Unexplained anomaly,No mapped business context; investigate before drawing conclusions
store_day,2015-12-18,13,9834.005981445312,7410.368558066232,2423.6374233790802,1.3744944668760353,0,0,1,0.21212121212121213,0,7410.368558066232,1763.2936921801859,0,5478.60050201416,4465.463001251221,6379.48299407959,1914.0199928283691,2.275527682965903,1,240,Weekday IQR,Unexplained anomaly,No mapped business context; investigate before drawing conclusions
store_day,2015-12-22,13,11123.398895263672,7719.17052418845,3404.2283710752217,1.9070062559768894,1,0,1,0.09090909090909091,0,7719.17052418845,1785.1165198885833,0,5992.098011016846,4926.21923828125,7138.886008262634,2212.6667699813843,2.3190572362100403,1,242,Weekday IQR,Business event,"Known business context overlaps the flag; review, do not treat as error"
store_day,2015-12-23,13,9395.93083190918,7891.134091649737,1504.7967402594431,0.8030322353339066,1,0,1,0.12121212121212122,0,7891.134091649737,1873.893318409239,0,5236.523998260498,4211.862245559692,6283.500733375549,2071.638487815857,2.007786038979211,1,240,Weekday IQR,Business event,"Known business context overlaps the flag; review, do not treat as error"
store_day,2015-12-24,13,10753.38786315918,8056.830549921308,2696.5573132378713,1.5067313627866228,1,0,1,0.2727272727272727,1,8056.830549921308,1789.6735807308917,0,5109.9349937438965,4346.567895889282,6248.898986816406,1902.331090927124,2.9665986622049467,1,240,Weekday IQR,Business event,"Known business context overlaps the flag; review, do not treat as error"
store_day,2016-01-01,13,0.0,8272.839939662388,-8272.839939662388,-4.771990253830438,1,0,0,0.0,0,8272.839939662388,1733.6246512703678,1,5478.60050201416,4465.463001251221,6379.48299407959,1914.0199928283691,-2.8623528085087395,1,240,Rolling z-score + weekday IQR,Business event,"Known business context overlaps the flag; review, do not treat as error"
store_day,2016-01-02,13,14200.059997558594,7955.16986819676,6244.890129361834,2.6820914437885204,0,0,1,0.12121212121212122,0,7955.16986819676,2328.3658518893644,0,8653.157989501953,7278.8070068359375,9702.419006347656,2423.6119995117188,2.2886922532047893,1,241,Weekday IQR,Unexplained anomaly,No mapped business context; investigate before drawing conclusions
store_day,2016-03-05,13,11552.399993896484,6937.18514251709,4615.2148513793945,3.1018273891903463,0,0,1,0.18181818181818182,0,6937.18514251709,1487.901895335343,1,8653.157989501953,7278.8070068359375,9702.419006347656,2423.6119995117188,1.196248411453086,0,241,Rolling z-score,Unexplained anomaly,No mapped business context; investigate before drawing conclusions
store_day,2016-04-01,13,9803.996002197266,6598.09964452471,3205.8963576725555,1.9799490794405668,1,0,1,0.15151515151515152,0,6598.09964452471,1619.1812158009534,0,5478.60050201416,4465.463001251221,6379.48299407959,1914.0199928283691,2.2598486517329524,1,240,Weekday IQR,Business event,"Known business context overlaps the flag; review, do not treat as error"
store_day,2016-04-18,13,11114.30500793457,7044.433143343244,4069.871864591326,2.221365934402751,0,1,1,0.3333333333333333,1,7044.433143343244,1832.148319896503,0,6423.086009979248,5262.196998596191,7375.557998657227,2113.361000061035,2.219790654705863,1,241,Weekday IQR,Business event,"Known business context overlaps the flag; review, do not treat as error"
store_day,2016-05-31,13,10485.074005126953,6807.701749256679,3677.372255870274,2.532716164727638,0,0,1,0.48484848484848486,1,6807.701749256679,1451.9480339265451,0,5992.098011016846,4926.21923828125,7138.886008262634,2212.6667699813843,2.030570556337278,1,242,Weekday IQR,Business event,"Known business context overlaps the flag; review, do not treat as error"
store_day,2016-07-02,13,10425.526000976562,6143.56700195585,4281.958999020712,3.0168149982615646,0,0,1,0.30303030303030304,1,6143.56700195585,1419.3641312073114,1,8653.157989501953,7278.8070068359375,9702.419006347656,2423.6119995117188,0.7312919773592825,0,241,Rolling z-score,Business event,"Known business context overlaps the flag; review, do not treat as error"
store_day,2016-09-03,13,12174.24299621582,6026.725069863455,6147.517926352365,5.443081535876884,0,0,1,0.5151515151515151,1,6026.725069863455,1129.4186731968541,1,8653.157989501953,7278.8070068359375,9702.419006347656,2423.6119995117188,1.4528253728002893,0,241,Rolling z-score,Business event,"Known business context overlaps the flag; review, do not treat as error"
store_day,2016-10-01,13,13309.999008178711,6797.244750159128,6512.754258019583,3.833422242830227,0,0,1,0.42424242424242425,1,6797.244750159128,1698.9399668144038,1,8653.157989501953,7278.8070068359375,9702.419006347656,2423.6119995117188,1.9214465927776245,0,241,Rolling z-score,Business event,"Known business context overlaps the flag; review, do not treat as error"
store_day,2016-11-04,13,9821.738998413086,6572.868750299726,3248.8702481133596,2.433340879837624,1,0,1,0.45454545454545453,1,6572.868750299726,1335.1480160601895,0,5478.60050201416,4465.463001251221,6379.48299407959,1914.0199928283691,2.2691186678677377,1,240,Weekday IQR,Business event,"Known business context overlaps the flag; review, do not treat as error"
store_day,2016-12-03,13,11652.401840209961,6950.323738030025,4702.078102179936,3.313812579191709,0,0,1,0.3939393939393939,1,6950.323738030025,1418.9330234623126,1,8653.157989501953,7278.8070068359375,9702.419006347656,2423.6119995117188,1.237509903116613,0,241,Rolling z-score,Business event,"Known business context overlaps the flag; review, do not treat as error"
store_day,2016-12-16,13,9737.497779846191,7255.121245316097,2482.3765345300944,1.5699720403970487,0,0,1,0.45454545454545453,1,7255.121245316097,1581.1597089985737,0,5478.60050201416,4465.463001251221,6379.48299407959,1914.0199928283691,2.225105951761042,1,240,Weekday IQR,Business event,"Known business context overlaps the flag; review, do not treat as error"
store_day,2016-12-23,13,9795.920761108398,7538.327321801867,2257.5934393065318,1.459595435944361,1,0,1,0.42424242424242425,1,7538.327321801867,1546.72547180573,0,5478.60050201416,4465.463001251221,6379.48299407959,1914.0199928283691,2.255629656571395,1,240,Weekday IQR,Business event,"Known business context overlaps the flag; review, do not treat as error"
store_day,2017-01-01,13,0.0,7975.2635988507955,-7975.2635988507955,-4.845765101479521,0,0,0,0.0,0,7975.2635988507955,1645.8213371539136,1,6154.902500152588,4746.433748245239,7240.484751701355,2494.0510034561157,-2.4678334531344666,1,240,Rolling z-score + weekday IQR,Potential data issue,Extreme or zero value without mapped context; investigate source records
store_day,2017-01-02,13,10846.262008666992,7559.106390271868,3287.1556183951243,1.5699343666250807,1,0,1,0.3939393939393939,1,7559.106390271868,2093.8172246407908,0,6423.086009979248,5262.196998596191,7375.557998657227,2113.361000061035,2.092958088353102,1,241,Weekday IQR,Business event,"Known business context overlaps the flag; review, do not treat as error"
store_day,2017-02-04,13,11050.583992004395,6540.379821641104,4510.20417036329,3.670119301267607,0,0,1,0.42424242424242425,1,6540.379821641104,1228.8985180415061,1,8653.157989501953,7278.8070068359375,9702.419006347656,2423.6119995117188,0.9891954665125635,0,241,Rolling z-score,Business event,"Known business context overlaps the flag; review, do not treat as error"
store_day,2017-04-01,13,12902.141998291016,6673.099822589329,6229.042175701687,4.037570683760621,1,0,1,0.36363636363636365,1,6673.099822589329,1542.7698147193585,1,8653.157989501953,7278.8070068359375,9702.419006347656,2423.6119995117188,1.753161813708258,0,241,Rolling z-score,Business event,"Known business context overlaps the flag; review, do not treat as error"
store_day,2017-06-03,13,12008.932006835938,7008.826465879168,5000.10554095677,4.515428666829588,0,0,1,0.42424242424242425,1,7008.826465879168,1107.3379539106943,1,8653.157989501953,7278.8070068359375,9702.419006347656,2423.6119995117188,1.384616852041526,0,241,Rolling z-score,Business event,"Known business context overlaps the flag; review, do not treat as error"
store_day,2017-07-31,13,10792.435989379883,6531.518464905875,4260.917524474008,3.810395185105155,0,0,1,0.3333333333333333,1,6531.518464905875,1118.2350694568233,1,6423.086009979248,5262.196998596191,7375.557998657227,2113.361000061035,2.0674886965712176,1,241,Rolling z-score + weekday IQR,Business event,"Known business context overlaps the flag; review, do not treat as error"
store_day,2013-01-01,14,0.0,6652.500537872314,-6652.500537872314,,1,0,0,0.0,0,,,0,6652.500537872314,5391.633502960205,7594.222505569458,2202.589002609253,-3.0203095221085565,1,242,Weekday IQR,Business event,"Known business context overlaps the flag; review, do not treat as error"
store_day,2013-03-02,14,9373.67098236084,5142.480992862156,4231.189989498684,3.471665225329479,0,0,0,0.0,0,5142.480992862156,1218.7782274130773,1,9632.930000305176,8175.318992614746,10774.57201385498,2599.2530212402344,-0.09974366320852843,0,241,Rolling z-score,Unexplained anomaly,No mapped business context; investigate before drawing conclusions
store_day,2013-09-07,14,8341.356010437012,5003.020317997251,3338.3356924397604,3.1837470835974866,0,0,0,0.0,0,5003.020317997251,1048.5555556968413,1,9632.930000305176,8175.318992614746,10774.57201385498,2599.2530212402344,-0.4969019865760853,0,241,Rolling z-score,Unexplained anomaly,No mapped business context; investigate before drawing conclusions
store_day,2013-12-23,14,10073.930923461914,6060.397495474134,4013.5334279877798,3.046797515209708,1,0,0,0.0,0,6060.397495474134,1317.2957533121569,1,7311.836982727051,5877.371971130371,8218.71900177002,2341.3470306396484,1.1797029251064368,0,241,Rolling z-score,Business event,"Known business context overlaps the flag; review, do not treat as error"
store_day,2014-01-01,14,0.0,6651.021602085659,-6651.021602085659,-4.349582520178061,1,0,0,0.0,0,6651.021602085659,1529.1172362476254,1,5924.536998748779,5084.963754653931,6827.110759735107,1742.1470050811768,-3.4007101475760484,1,240,Rolling z-score + weekday IQR,Business event,"Known business context overlaps the flag; review, do not treat as error"
store_day,2014-03-01,14,11893.784973144531,5552.002586773464,6341.782386371067,4.81644766733223,0,0,0,0.0,0,5552.002586773464,1316.6928874540647,1,9632.930000305176,8175.318992614746,10774.57201385498,2599.2530212402344,0.8698095007928808,0,241,Rolling z-score,Unexplained anomaly,No mapped business context; investigate before drawing conclusions
store_day,2014-03-29,14,12757.8759765625,7252.450363840376,5505.425612722124,3.2123940166627674,0,0,0,0.0,0,7252.450363840376,1713.8077035897045,1,9632.930000305176,8175.318992614746,10774.57201385498,2599.2530212402344,1.2022477037523094,0,241,Rolling z-score,Unexplained anomaly,No mapped business context; investigate before drawing conclusions
store_day,2014-05-03,14,9475.134990692139,5560.413983685629,3914.7210070065094,3.2010193374318123,0,0,0,0.0,0,5560.413983685629,1222.9607491678892,1,9632.930000305176,8175.318992614746,10774.57201385498,2599.2530212402344,-0.06070782964320463,0,241,Rolling z-score,Unexplained anomaly,No mapped business context; investigate before drawing conclusions
store_day,2014-07-01,14,8970.268997192383,5441.979139532362,3528.289857660021,3.0155116130617867,0,1,1,0.06060606060606061,0,5441.979139532362,1170.0468478970927,1,6652.500537872314,5391.633502960205,7594.222505569458,2202.589002609253,1.0522927593728881,0,242,Rolling z-score,Business event,"Known business context overlaps the flag; review, do not treat as error"
store_day,2014-07-05,14,10506.521011352539,5811.876496383122,4694.644514969417,3.2198757911106584,0,1,1,0.15151515151515152,0,5811.876496383122,1458.0203770376045,1,9632.930000305176,8175.318992614746,10774.57201385498,2599.2530212402344,0.33609310209843635,0,241,Rolling z-score,Business event,"Known business context overlaps the flag; review, do not treat as error"
store_day,2014-08-04,14,0.0,6726.175608907427,-6726.175608907427,-4.909907867105468,0,0,0,0.0,0,6726.175608907427,1369.9189049901054,1,7311.836982727051,5877.371971130371,8218.71900177002,2341.3470306396484,-3.122918938133439,1,241,Rolling z-score + weekday IQR,Potential data issue,Extreme or zero value without mapped context; investigate source records
store_day,2014-08-05,14,0.0,6419.694679668972,-6419.694679668972,-3.51934949200467,0,0,0,0.0,0,6419.694679668972,1824.1140001166025,1,6652.500537872314,5391.633502960205,7594.222505569458,2202.589002609253,-3.0203095221085565,1,242,Rolling z-score + weekday IQR,Potential data issue,Extreme or zero value without mapped context; investigate source records
store_day,2014-08-06,14,0.0,6149.0781788144795,-6149.0781788144795,-2.8278854429382903,0,0,0,0.0,0,6149.0781788144795,2174.443874369017,0,5924.536998748779,5084.963754653931,6827.110759735107,1742.1470050811768,-3.4007101475760484,1,240,Weekday IQR,Potential data issue,Extreme or zero value without mapped context; investigate source records
store_day,2014-08-07,14,0.0,5927.299107551575,-5927.299107551575,-2.4043364590612692,0,0,0,0.0,0,5927.299107551575,2465.253598435963,0,6136.343505859375,4910.431408882141,6869.298258781433,1958.866849899292,-3.1325985766591806,1,240,Weekday IQR,Potential data issue,Extreme or zero value without mapped context; investigate source records
store_day,2014-08-08,14,0.0,5692.5931787490845,-5692.5931787490845,-2.1060315768746967,0,0,0,0.0,0,5692.5931787490845,2702.99516933016,0,5722.953483581543,4861.185007095337,6657.2654275894165,1796.0804204940796,-3.186357035175089,1,240,Weekday IQR,Potential data issue,Extreme or zero value without mapped context; investigate source records
store_day,2014-08-09,14,0.0,5491.888214247568,-5491.888214247568,-1.8876570243906712,0,0,0,0.0,0,5491.888214247568,2909.3676146069647,0,9632.930000305176,8175.318992614746,10774.57201385498,2599.2530212402344,-3.7060378199382913,1,241,Weekday IQR,Potential data issue,Extreme or zero value without mapped context; investigate source records
store_day,2014-08-10,14,0.0,5144.4946066992625,-5144.4946066992625,-1.7349949645312197,1,0,0,0.0,0,5144.4946066992625,2965.135180141148,0,6089.139499664307,4938.175243377686,7155.36900138855,2217.1937580108643,-2.746327188439825,1,240,Weekday IQR,Business event,"Known business context overlaps the flag; review, do not treat as error"
store_day,2014-08-11,14,0.0,4938.711713654654,-4938.711713654654,-1.5845646764789902,0,0,0,0.0,0,4938.711713654654,3116.762469190469,0,7311.836982727051,5877.371971130371,8218.71900177002,2341.3470306396484,-3.122918938133439,1,241,Weekday IQR,Potential data issue,Extreme or zero value without mapped context; investigate source records
store_day,2014-08-12,14,0.0,4649.349248749869,-4649.349248749869,-1.458623399723339,0,0,0,0.0,0,4649.349248749869,3187.4911986409397,0,6652.500537872314,5391.633502960205,7594.222505569458,2202.589002609253,-3.0203095221085565,1,242,Weekday IQR,Potential data issue,Extreme or zero value without mapped context; investigate source records
store_day,2014-08-13,14,0.0,4393.993034499033,-4393.993034499033,-1.34570667397048,0,0,0,0.0,0,4393.993034499033,3265.193759896164,0,5924.536998748779,5084.963754653931,6827.110759735107,1742.1470050811768,-3.4007101475760484,1,240,Weekday IQR,Potential data issue,Extreme or zero value without mapped context; investigate source records
store_day,2014-08-14,14,0.0,4189.4245347976685,-4189.4245347976685,-1.2480874325213456,0,0,0,0.0,0,4189.4245347976685,3356.675522590857,0,6136.343505859375,4910.431408882141,6869.298258781433,1958.866849899292,-3.1325985766591806,1,240,Weekday IQR,Potential data issue,Extreme or zero value without mapped context; investigate source records
store_day,2014-08-15,14,0.0,3979.0270711353846,-3979.0270711353846,-1.1601027112856699,1,0,0,0.0,0,3979.0270711353846,3429.8920538903626,0,5722.953483581543,4861.185007095337,6657.2654275894165,1796.0804204940796,-3.186357035175089,1,240,Weekday IQR,Business event,"Known business context overlaps the flag; review, do not treat as error"
store_day,2014-08-16,14,0.0,3756.394178526742,-3756.394178526742,-1.0794026741518088,0,0,0,0.0,0,3756.394178526742,3480.067511856504,0,9632.930000305176,8175.318992614746,10774.57201385498,2599.2530212402344,-3.7060378199382913,1,241,Weekday IQR,Potential data issue,Extreme or zero value without mapped context; investigate source records
store_day,2014-08-17,14,0.0,3420.309642655509,-3420.309642655509,-1.0160266937328115,0,0,0,0.0,0,3420.309642655509,3366.3580531428056,0,6089.139499664307,4938.175243377686,7155.36900138855,2217.1937580108643,-2.746327188439825,1,240,Weekday IQR,Potential data issue,Extreme or zero value without mapped context; investigate source records
store_day,2014-08-18,14,0.0,3226.5720000948227,-3226.5720000948227,-0.9482567363305235,0,0,0,0.0,0,3226.5720000948227,3402.635464084034,0,7311.836982727051,5877.371971130371,8218.71900177002,2341.3470306396484,-3.122918938133439,1,241,Weekday IQR,Potential data issue,Extreme or zero value without mapped context; investigate source records
store_day,2014-08-19,14,0.0,2951.6459292003087,-2951.6459292003087,-0.8841605536386066,0,0,0,0.0,0,2951.6459292003087,3338.359664490042,0,6652.500537872314,5391.633502960205,7594.222505569458,2202.589002609253,-3.0203095221085565,1,242,Weekday IQR,Potential data issue,Extreme or zero value without mapped context; investigate source records
store_day,2014-08-20,14,0.0,2712.8207134519303,-2712.8207134519303,-0.8220152710530572,0,0,0,0.0,0,2712.8207134519303,3300.2071968524665,0,5924.536998748779,5084.963754653931,6827.110759735107,1742.1470050811768,-3.4007101475760484,1,240,Weekday IQR,Potential data issue,Extreme or zero value without mapped context; investigate source records
store_day,2014-08-21,14,0.0,2495.9739997046336,-2495.9739997046336,-0.7631371903157141,0,0,0,0.0,0,2495.9739997046336,3270.675353499723,0,6136.343505859375,4910.431408882141,6869.298258781433,1958.866849899292,-3.1325985766591806,1,240,Weekday IQR,Potential data issue,Extreme or zero value without mapped context; investigate source records
store_day,2014-08-22,14,0.0,2268.2497505460465,-2268.2497505460465,-0.7061910725092647,0,0,0,0.0,0,2268.2497505460465,3211.9490586115962,0,5722.953483581543,4861.185007095337,6657.2654275894165,1796.0804204940796,-3.186357035175089,1,240,Weekday IQR,Potential data issue,Extreme or zero value without mapped context; investigate source records
store_day,2014-08-23,14,0.0,2058.1478215626307,-2058.1478215626307,-0.6515772312905518,0,0,0,0.0,0,2058.1478215626307,3158.71660752501,0,9632.930000305176,8175.318992614746,10774.57201385498,2599.2530212402344,-3.7060378199382913,1,241,Weekday IQR,Potential data issue,Extreme or zero value without mapped context; investigate source records
store_day,2014-08-24,14,0.0,1727.1992856434413,-1727.1992856434413,-0.6070143833285739,0,0,0,0.0,0,1727.1992856434413,2845.400921428441,0,6089.139499664307,4938.175243377686,7155.36900138855,2217.1937580108643,-2.746327188439825,1,240,Weekday IQR,Potential data issue,Extreme or zero value without mapped context; investigate source records
store_day,2014-08-25,14,0.0,1536.6534994670324,-1536.6534994670324,-0.5542400597906368,0,0,0,0.0,0,1536.6534994670324,2772.5413786356407,0,7311.836982727051,5877.371971130371,8218.71900177002,2341.3470306396484,-3.122918938133439,1,241,Weekday IQR,Potential data issue,Extreme or zero value without mapped context; investigate source records
store_day,2014-08-26,14,0.0,1294.4361418315343,-1294.4361418315343,-0.5002881498234572,0,0,0,0.0,0,1294.4361418315343,2587.3811768044434,0,6652.500537872314,5391.633502960205,7594.222505569458,2202.589002609253,-3.0203095221085565,1,242,Weekday IQR,Potential data issue,Extreme or zero value without mapped context; investigate source records
store_day,2014-08-27,14,0.0,1080.5326422282628,-1080.5326422282628,-0.44512031940854324,0,0,0,0.0,0,1080.5326422282628,2427.506889966354,0,5924.536998748779,5084.963754653931,6827.110759735107,1742.1470050811768,-3.4007101475760484,1,240,Weekday IQR,Potential data issue,Extreme or zero value without mapped context; investigate source records
store_day,2014-08-28,14,0.0,873.9137135914394,-873.9137135914394,-0.38804444941263555,0,0,0,0.0,0,873.9137135914394,2252.0969309424245,0,6136.343505859375,4910.431408882141,6869.298258781433,1958.866849899292,-3.1325985766591806,1,240,Weekday IQR,Potential data issue,Extreme or zero value without mapped context; investigate source records
store_day,2014-08-29,14,0.0,642.9250342505319,-642.9250342505319,-0.32614380709374313,0,0,0,0.0,0,642.9250342505319,1971.2930930058615,0,5722.953483581543,4861.185007095337,6657.2654275894165,1796.0804204940796,-3.186357035175089,1,240,Weekday IQR,Potential data issue,Extreme or zero value without mapped context; investigate source records
store_day,2014-08-30,14,0.0,425.22874859401156,-425.22874859401156,-0.2563746622614902,0,0,0,0.0,0,425.22874859401156,1658.6223647963234,0,9632.930000305176,8175.318992614746,10774.57201385498,2599.2530212402344,-3.7060378199382913,1,241,Weekday IQR,Potential data issue,Extreme or zero value without mapped context; investigate source records
store_day,2014-08-31,14,0.0,139.16324969700403,-139.16324969700403,-0.18898223650461934,0,0,0,0.0,0,139.16324969700403,736.3827006756925,0,6089.139499664307,4938.175243377686,7155.36900138855,2217.1937580108643,-2.746327188439825,1,240,Weekday IQR,Potential data issue,Extreme or zero value without mapped context; investigate source records
store_day,2014-09-01,14,0.0,0.0,0.0,,0,0,0,0.0,0,0.0,0.0,0,7311.836982727051,5877.371971130371,8218.71900177002,2341.3470306396484,-3.122918938133439,1,241,Weekday IQR,Potential data issue,Extreme or zero value without mapped context; investigate source records
store_day,2014-09-02,14,0.0,0.0,0.0,,0,0,0,0.0,0,0.0,0.0,0,6652.500537872314,5391.633502960205,7594.222505569458,2202.589002609253,-3.0203095221085565,1,242,Weekday IQR,Potential data issue,Extreme or zero value without mapped context; investigate source records
store_day,2014-09-03,14,0.0,0.0,0.0,,0,0,0,0.0,0,0.0,0.0,0,5924.536998748779,5084.963754653931,6827.110759735107,1742.1470050811768,-3.4007101475760484,1,240,Weekday IQR,Potential data issue,Extreme or zero value without mapped context; investigate source records
store_day,2014-09-04,14,0.0,0.0,0.0,,0,0,0,0.0,0,0.0,0.0,0,6136.343505859375,4910.431408882141,6869.298258781433,1958.866849899292,-3.1325985766591806,1,240,Weekday IQR,Potential data issue,Extreme or zero value without mapped context; investigate source records
store_day,2014-09-05,14,0.0,0.0,0.0,,0,0,0,0.0,0,0.0,0.0,0,5722.953483581543,4861.185007095337,6657.2654275894165,1796.0804204940796,-3.186357035175089,1,240,Weekday IQR,Potential data issue,Extreme or zero value without mapped context; investigate source records
store_day,2014-09-06,14,0.0,0.0,0.0,,0,0,0,0.0,0,0.0,0.0,0,9632.930000305176,8175.318992614746,10774.57201385498,2599.2530212402344,-3.7060378199382913,1,241,Weekday IQR,Potential data issue,Extreme or zero value without mapped context; investigate source records
store_day,2014-09-07,14,0.0,0.0,0.0,,0,0,0,0.0,0,0.0,0.0,0,6089.139499664307,4938.175243377686,7155.36900138855,2217.1937580108643,-2.746327188439825,1,240,Weekday IQR,Potential data issue,Extreme or zero value without mapped context; investigate source records
store_day,2014-09-08,14,0.0,0.0,0.0,,0,0,0,0.0,0,0.0,0.0,0,7311.836982727051,5877.371971130371,8218.71900177002,2341.3470306396484,-3.122918938133439,1,241,Weekday IQR,Potential data issue,Extreme or zero value without mapped context; investigate source records
store_day,2014-09-09,14,0.0,0.0,0.0,,0,0,0,0.0,0,0.0,0.0,0,6652.500537872314,5391.633502960205,7594.222505569458,2202.589002609253,-3.0203095221085565,1,242,Weekday IQR,Potential data issue,Extreme or zero value without mapped context; investigate source records
store_day,2014-09-10,14,0.0,0.0,0.0,,0,0,0,0.0,0,0.0,0.0,0,5924.536998748779,5084.963754653931,6827.110759735107,1742.1470050811768,-3.4007101475760484,1,240,Weekday IQR,Potential data issue,Extreme or zero value without mapped context; investigate source records
store_day,2014-09-11,14,11678.88102722168,0.0,11678.88102722168,,0,0,1,0.24242424242424243,0,0.0,0.0,0,6136.343505859375,4910.431408882141,6869.298258781433,1958.866849899292,2.829461084426057,1,240,Weekday IQR,Unexplained anomaly,No mapped business context; investigate before drawing conclusions
store_day,2014-09-12,14,9732.056991577148,417.1028938293457,9314.954097747803,4.220447482798904,0,0,1,0.09090909090909091,0,417.1028938293457,2207.101056395645,1,5722.953483581543,4861.185007095337,6657.2654275894165,1796.0804204940796,2.2321403107844975,1,240,Rolling z-score + weekday IQR,Unexplained anomaly,No mapped business context; investigate before drawing conclusions
store_day,2014-09-13,14,14166.950012207031,764.6763578142438,13402.273654392788,4.752336323810066,0,0,1,0.09090909090909091,0,764.6763578142438,2820.144186185849,1,9632.930000305176,8175.318992614746,10774.57201385498,2599.2530212402344,1.7443550030917907,0,241,Rolling z-score,Unexplained anomaly,No mapped business context; investigate before drawing conclusions
store_day,2014-12-22,14,13026.71597290039,7801.930777209146,5224.785195691245,3.108753004950578,1,0,1,0.24242424242424243,0,7801.930777209146,1680.669125971398,1,7311.836982727051,5877.371971130371,8218.71900177002,2341.3470306396484,2.4408508928349906,1,241,Rolling z-score + weekday IQR,Business event,"Known business context overlaps the flag; review, do not treat as error"
store_day,2014-12-23,14,12188.005142211914,7943.565205642155,4244.439936569759,2.190013234785322,1,0,1,0.24242424242424243,0,7943.565205642155,1938.0887152427756,0,6652.500537872314,5391.633502960205,7594.222505569458,2202.589002609253,2.513180896564032,1,242,Weekday IQR,Business event,"Known business context overlaps the flag; review, do not treat as error"
store_day,2014-12-24,14,11419.66275024414,8151.334532260895,3268.328217983246,1.5785158346891608,1,0,1,0.030303030303030304,0,8151.334532260895,2070.5070840336807,0,5924.536998748779,5084.963754653931,6827.110759735107,1742.1470050811768,3.154226213670936,1,240,Weekday IQR,Business event,"Known business context overlaps the flag; review, do not treat as error"
store_day,2014-12-26,14,9886.991897583008,8343.520630427769,1543.4712671552388,0.7293045629290945,1,0,1,0.030303030303030304,0,8343.520630427769,2116.3603597325914,0,5722.953483581543,4861.185007095337,6657.2654275894165,1796.0804204940796,2.318403099598396,1,240,Weekday IQR,Business event,"Known business context overlaps the flag; review, do not treat as error"
store_day,2015-01-01,14,0.0,8445.404443195888,-8445.404443195888,-4.178927419541846,1,0,0,0.0,0,8445.404443195888,2020.9502571647427,1,6136.343505859375,4910.431408882141,6869.298258781433,1958.866849899292,-3.1325985766591806,1,240,Rolling z-score + weekday IQR,Business event,"Known business context overlaps the flag; review, do not treat as error"
store_day,2015-05-02,14,10464.28598022461,5966.060072558267,4498.225907666342,3.6406109972881273,0,0,1,0.09090909090909091,0,5966.060072558267,1235.5689501067397,1,9632.930000305176,8175.318992614746,10774.57201385498,2599.2530212402344,0.3198441910525324,0,241,Rolling z-score,Unexplained anomaly,No mapped business context; investigate before drawing conclusions
store_day,2015-05-30,14,12115.79899597168,6443.343249048506,5672.455746923174,3.863394836512199,0,0,1,0.09090909090909091,0,6443.343249048506,1468.2568018453328,1,9632.930000305176,8175.318992614746,10774.57201385498,2599.2530212402344,0.9552240491315471,0,241,Rolling z-score,Unexplained anomaly,No mapped business context; investigate before drawing conclusions
store_day,2015-07-25,14,12590.908004760742,7393.11843081883,5197.789573941912,3.885633354806162,0,0,1,0.06060606060606061,0,7393.11843081883,1337.694295709279,1,9632.930000305176,8175.318992614746,10774.57201385498,2599.2530212402344,1.138010797826895,0,241,Rolling z-score,Unexplained anomaly,No mapped business context; investigate before drawing conclusions
store_day,2015-09-05,14,12867.066986083984,7026.316036973681,5840.750949110304,4.072438100835864,0,0,1,0.30303030303030304,1,7026.316036973681,1434.2147884117612,1,9632.930000305176,8175.318992614746,10774.57201385498,2599.2530212402344,1.2442563149299097,0,241,Rolling z-score,Business event,"Known business context overlaps the flag; review, do not treat as error"
store_day,2015-10-03,14,14819.886009216309,7632.780747004917,7187.105262211391,4.168798362835416,0,0,1,0.21212121212121213,0,7632.780747004917,1724.0232404339815,1,9632.930000305176,8175.318992614746,10774.57201385498,2599.2530212402344,1.99555640275304,1,241,Rolling z-score + weekday IQR,Unexplained anomaly,No mapped business context; investigate before drawing conclusions
store_day,2015-12-05,14,12238.593940734863,7228.293308189937,5010.300632544926,3.291234817841381,0,0,1,0.15151515151515152,0,7228.293308189937,1522.31636751796,1,9632.930000305176,8175.318992614746,10774.57201385498,2599.2530212402344,1.002466446758767,0,241,Rolling z-score,Unexplained anomaly,No mapped business context; investigate before drawing conclusions
store_day,2015-12-22,14,11844.311965942383,7869.219914981297,3975.092050961086,2.3292831538704326,1,0,1,0.12121212121212122,0,7869.219914981297,1706.5731336080414,0,6652.500537872314,5391.633502960205,7594.222505569458,2202.589002609253,2.3571403570614824,1,242,Weekday IQR,Business event,"Known business context overlaps the flag; review, do not treat as error"
store_day,2015-12-23,14,12418.917083740234,8049.4285565785,4369.488527161734,2.3622355832916457,1,0,1,0.09090909090909091,0,8049.4285565785,1849.7259790969247,0,5924.536998748779,5084.963754653931,6827.110759735107,1742.1470050811768,3.727802571223801,1,240,Weekday IQR,Business event,"Known business context overlaps the flag; review, do not treat as error"
store_day,2015-12-24,14,12157.184783935547,8265.821309907096,3891.3634740284506,1.9519543805008568,1,0,1,0.15151515151515152,0,8265.821309907096,1993.5729609776822,0,6136.343505859375,4910.431408882141,6869.298258781433,1958.866849899292,3.0736347794061203,1,240,Weekday IQR,Business event,"Known business context overlaps the flag; review, do not treat as error"
store_day,2015-12-30,14,9538.993995666504,8689.596981048584,849.3970146179199,0.4091201859457037,0,0,1,0.12121212121212122,0,8689.596981048584,2076.155232122053,0,5924.536998748779,5084.963754653931,6827.110759735107,1742.1470050811768,2.0747141236507227,1,240,Weekday IQR,Unexplained anomaly,No mapped business context; investigate before drawing conclusions
store_day,2016-01-01,14,0.0,8805.470594406128,-8805.470594406128,-4.261297451066716,1,0,0,0.0,0,8805.470594406128,2066.3825268057462,1,5722.953483581543,4861.185007095337,6657.2654275894165,1796.0804204940796,-3.186357035175089,1,240,Rolling z-score + weekday IQR,Business event,"Known business context overlaps the flag; review, do not treat as error"
store_day,2016-02-10,14,9809.337989807129,7346.220319884164,2463.1176699229645,1.3608738912389624,0,0,1,0.09090909090909091,0,7346.220319884164,1809.9529175921664,0,5924.536998748779,5084.963754653931,6827.110759735107,1742.1470050811768,2.229892758606404,1,240,Weekday IQR,Unexplained anomaly,No mapped business context; investigate before drawing conclusions
store_day,2016-04-02,14,12915.285995483398,7024.151110308511,5891.134885174887,4.276064735836088,0,0,1,0.15151515151515152,0,7024.151110308511,1377.7001166056968,1,9632.930000305176,8175.318992614746,10774.57201385498,2599.2530212402344,1.2628074174987571,0,241,Rolling z-score,Unexplained anomaly,No mapped business context; investigate before drawing conclusions
store_day,2016-04-18,14,13563.905029296875,7562.862394809723,6001.042634487152,3.4972231447885154,0,1,1,0.3333333333333333,1,7562.862394809723,1715.9450186728213,1,7311.836982727051,5877.371971130371,8218.71900177002,2341.3470306396484,2.6702867899346727,1,241,Rolling z-score + weekday IQR,Business event,"Known business context overlaps the flag; review, do not treat as error"
store_day,2016-05-31,14,11672.473007202148,7294.736495699201,4377.736511502947,2.6709097364093566,0,0,1,0.42424242424242425,1,7294.736495699201,1639.0432262934376,0,6652.500537872314,5391.633502960205,7594.222505569458,2202.589002609253,2.27912355114051,1,242,Weekday IQR,Business event,"Known business context overlaps the flag; review, do not treat as error"
store_day,2016-09-03,14,11200.92699432373,6929.053463663374,4271.873530660357,3.1315201632767398,0,0,1,0.42424242424242425,1,6929.053463663374,1364.1532891138665,1,9632.930000305176,8175.318992614746,10774.57201385498,2599.2530212402344,0.6032490801031692,0,241,Rolling z-score,Business event,"Known business context overlaps the flag; review, do not treat as error"
store_day,2016-10-01,14,13903.371032714844,7641.521288258688,6261.849744456155,3.9484483958900944,0,0,1,0.42424242424242425,1,7641.521288258688,1585.9013760884047,1,9632.930000305176,8175.318992614746,10774.57201385498,2599.2530212402344,1.64294933871887,0,241,Rolling z-score,Business event,"Known business context overlaps the flag; review, do not treat as error"
store_day,2016-11-22,14,11037.492008209229,7312.389530181885,3725.1024780273438,2.4140358664323873,0,0,1,0.36363636363636365,1,7312.389530181885,1543.1015461806426,0,6652.500537872314,5391.633502960205,7594.222505569458,2202.589002609253,1.9908350877727627,1,242,Weekday IQR,Business event,"Known business context overlaps the flag; review, do not treat as error"
store_day,2016-11-24,14,10302.742000579834,7578.988493646894,2723.7535069329397,1.614576475153182,0,0,1,0.42424242424242425,1,7578.988493646894,1686.9770796546043,0,6136.343505859375,4910.431408882141,6869.298258781433,1958.866849899292,2.1269431839814223,1,240,Weekday IQR,Business event,"Known business context overlaps the flag; review, do not treat as error"
store_day,2016-11-25,14,16445.920013427734,7722.106351443699,8723.813661984035,5.004764440205967,0,1,1,0.45454545454545453,1,7722.106351443699,1743.1017515831404,1,5722.953483581543,4861.185007095337,6657.2654275894165,1796.0804204940796,5.9702040106291205,1,240,Rolling z-score + weekday IQR,Business event,"Known business context overlaps the flag; review, do not treat as error"
store_day,2016-12-02,14,9369.843021392822,8358.759283883232,1011.0837375095907,0.42500638440924965,0,0,1,0.3939393939393939,1,8358.759283883232,2378.9848214044523,0,5722.953483581543,4861.185007095337,6657.2654275894165,1796.0804204940796,2.0304711839172906,1,240,Weekday IQR,Business event,"Known business context overlaps the flag; review, do not treat as error"
store_day,2016-12-04,14,11480.922996520996,8509.607998575482,2971.314997945514,1.1929175466926192,0,0,1,0.3333333333333333,1,8509.607998575482,2490.7966239439825,0,6089.139499664307,4938.175243377686,7155.36900138855,2217.1937580108643,2.4318052842138074,1,240,Weekday IQR,Business event,"Known business context overlaps the flag; review, do not treat as error"
store_day,2016-12-20,14,11380.645004272461,9135.050824437823,2245.5941798346375,0.9481338326928502,0,0,1,0.5151515151515151,1,9135.050824437823,2368.4358709748753,0,6652.500537872314,5391.633502960205,7594.222505569458,2202.589002609253,2.146630379430318,1,242,Weekday IQR,Business event,"Known business context overlaps the flag; review, do not treat as error"
store_day,2016-12-21,14,11074.359008789062,9147.306288582939,1927.052720206124,0.8098539103589841,1,0,1,0.45454545454545453,1,9147.306288582939,2379.506594407773,0,5924.536998748779,5084.963754653931,6827.110759735107,1742.1470050811768,2.95602035592876,1,240,Weekday IQR,Business event,"Known business context overlaps the flag; review, do not treat as error"
store_day,2016-12-22,14,11520.123077392578,9221.592896597725,2298.5301807948526,0.9549891460254502,1,0,1,0.42424242424242425,1,9221.592896597725,2406.865240679497,0,6136.343505859375,4910.431408882141,6869.298258781433,1958.866849899292,2.748415274785007,1,240,Weekday IQR,Business event,"Known business context overlaps the flag; review, do not treat as error"
store_day,2016-12-23,14,15741.635879516602,9265.070792198181,6476.56508731842,2.6566013778964677,1,0,1,0.48484848484848486,1,9265.070792198181,2437.9137725384494,0,5722.953483581543,4861.185007095337,6657.2654275894165,1796.0804204940796,5.578081182567005,1,240,Weekday IQR,Business event,"Known business context overlaps the flag; review, do not treat as error"
store_day,2016-12-24,14,14994.6240234375,9239.917787415641,5754.706236021859,2.4347395308164987,1,0,1,0.45454545454545453,1,9239.917787415641,2363.581879369247,0,9632.930000305176,8175.318992614746,10774.57201385498,2599.2530212402344,2.062782645367087,1,241,Weekday IQR,Business event,"Known business context overlaps the flag; review, do not treat as error"
store_day,2016-12-28,14,9695.423000335693,9481.621460642133,213.8015396935607,0.08541439593308381,0,0,1,0.45454545454545453,1,9481.621460642133,2503.108959068905,0,5924.536998748779,5084.963754653931,6827.110759735107,1742.1470050811768,2.1645050564554436,1,240,Weekday IQR,Business event,"Known business context overlaps the flag; review, do not treat as error"
store_day,2016-12-29,14,10017.939979553223,9564.523674828666,453.41630472455654,0.18364877670762664,0,0,1,0.45454545454545453,1,9564.523674828666,2468.931799346567,0,6136.343505859375,4910.431408882141,6869.298258781433,1958.866849899292,1.9815519742413354,1,240,Weekday IQR,Business event,"Known business context overlaps the flag; review, do not treat as error"
store_day,2016-12-30,14,11502.521987915039,9710.134531021118,1792.387456893921,0.7577661789251311,0,0,1,0.42424242424242425,1,9710.134531021118,2365.3568960234797,0,5722.953483581543,4861.185007095337,6657.2654275894165,1796.0804204940796,3.2178784637848277,1,240,Weekday IQR,Business event,"Known business context overlaps the flag; review, do not treat as error"
store_day,2017-01-01,14,0.0,9921.384494100299,-9921.384494100299,-4.184985259419684,0,0,0,0.0,0,9921.384494100299,2370.7095435447386,1,6089.139499664307,4938.175243377686,7155.36900138855,2217.1937580108643,-2.746327188439825,1,240,Rolling z-score + weekday IQR,Potential data issue,Extreme or zero value without mapped context; investigate source records
store_day,2017-01-03,14,11285.575969696045,9461.65077986036,1823.9251898356852,0.6168024716592302,0,0,1,0.3939393939393939,1,9461.65077986036,2957.065306384446,0,6652.500537872314,5391.633502960205,7594.222505569458,2202.589002609253,2.1034679762476114,1,242,Weekday IQR,Business event,"Known business context overlaps the flag; review, do not treat as error"
store_day,2017-02-04,14,12652.473999023438,7727.043749400547,4925.43024962289,3.453093047149185,0,0,1,0.48484848484848486,1,7727.043749400547,1426.3821398294615,1,9632.930000305176,8175.318992614746,10774.57201385498,2599.2530212402344,1.1616968313756102,0,241,Rolling z-score,Business event,"Known business context overlaps the flag; review, do not treat as error"
store_day,2017-03-01,14,10194.431015014648,7720.394502367292,2474.036512647356,1.2841006059198532,0,0,1,0.42424242424242425,1,7720.394502367292,1926.6687526209082,0,5924.536998748779,5084.963754653931,6827.110759735107,1742.1470050811768,2.4509378392364254,1,240,Weekday IQR,Business event,"Known business context overlaps the flag; review, do not treat as error"
store_day,2017-04-01,14,13728.925003051758,7710.401393481663,6018.523609570095,3.62316309468785,0,0,1,0.42424242424242425,1,7710.401393481663,1661.1241206321172,1,9632.930000305176,8175.318992614746,10774.57201385498,2599.2530212402344,1.5758354301314526,0,241,Rolling z-score,Business event,"Known business context overlaps the flag; review, do not treat as error"
store_day,2017-04-29,14,13748.5419921875,8321.769964286259,5426.772027901241,3.341348378215139,0,0,1,0.42424242424242425,1,8321.769964286259,1624.1263746344464,1,9632.930000305176,8175.318992614746,10774.57201385498,2599.2530212402344,1.5833825942495428,0,241,Rolling z-score,Business event,"Known business context overlaps the flag; review, do not treat as error"
store_day,2017-05-03,14,10259.114986419678,8300.514034611839,1958.600951807839,1.2243525791922256,0,0,1,0.3939393939393939,1,8300.514034611839,1599.7033739252124,0,5924.536998748779,5084.963754653931,6827.110759735107,1742.1470050811768,2.4880667217109647,1,240,Weekday IQR,Business event,"Known business context overlaps the flag; review, do not treat as error"
store_day,2017-05-05,14,9698.363990783691,8391.740962369102,1306.6230284145895,0.8016879133824094,0,0,1,0.3939393939393939,1,8391.740962369102,1629.8399995851296,0,5722.953483581543,4861.185007095337,6657.2654275894165,1796.0804204940796,2.213381128061383,1,240,Weekday IQR,Business event,"Known business context overlaps the flag; review, do not treat as error"
store_day,2017-05-13,14,14417.52099609375,8784.44163635799,5633.079359735761,3.149356695950485,1,0,1,0.48484848484848486,1,8784.44163635799,1788.6444450636232,1,9632.930000305176,8175.318992614746,10774.57201385498,2599.2530212402344,1.8407561544376334,0,241,Rolling z-score,Business event,"Known business context overlaps the flag; review, do not treat as error"
store_day,2017-05-19,14,10156.604000091553,8940.551244871956,1216.0527552195963,0.5804609805416872,0,0,1,0.5151515151515151,1,8940.551244871956,2094.9776057036147,0,5722.953483581543,4861.185007095337,6657.2654275894165,1796.0804204940796,2.4685144751426926,1,240,Weekday IQR,Business event,"Known business context overlaps the flag; review, do not treat as error"
store_day,2017-05-26,14,13312.55899810791,9279.780747277397,4032.7782508305136,1.7311158247791134,1,0,1,0.45454545454545453,1,9279.780747277397,2329.5831469538366,0,5722.953483581543,4861.185007095337,6657.2654275894165,1796.0804204940796,4.225649045513541,1,240,Weekday IQR,Business event,"Known business context overlaps the flag; review, do not treat as error"
store_day,2017-06-06,14,12041.383018493652,8940.742111342293,3100.640907151359,1.3326807817593038,0,0,1,0.3939393939393939,1,8940.742111342293,2326.6193597075276,0,6652.500537872314,5391.633502960205,7594.222505569458,2202.589002609253,2.446612815299407,1,242,Weekday IQR,Business event,"Known business context overlaps the flag; review, do not treat as error"
store_day,2017-06-09,14,10379.563999176025,9070.709469522748,1308.8545296532775,0.5534280587389966,0,0,1,0.42424242424242425,1,9070.709469522748,2364.994887746646,0,5722.953483581543,4861.185007095337,6657.2654275894165,1796.0804204940796,2.5926514550576227,1,240,Weekday IQR,Business event,"Known business context overlaps the flag; review, do not treat as error"
store_day,2017-07-27,14,10103.418964385986,7743.031073297773,2360.387891088213,1.937955166483085,0,0,1,0.3939393939393939,1,7743.031073297773,1217.9785848047973,0,6136.343505859375,4910.431408882141,6869.298258781433,1958.866849899292,2.025188929370347,1,240,Weekday IQR,Business event,"Known business context overlaps the flag; review, do not treat as error"
store_day,2017-07-29,14,12961.233009338379,7924.752322060721,5036.480687277658,3.910199088673509,0,0,1,0.3939393939393939,1,7924.752322060721,1288.0368935348065,1,9632.930000305176,8175.318992614746,10774.57201385498,2599.2530212402344,1.2804844245001983,0,241,Rolling z-score,Business event,"Known business context overlaps the flag; review, do not treat as error"
store_day,2017-07-30,14,11130.463005065918,7965.967286518642,3164.495718547276,2.2164128171893114,0,0,1,0.45454545454545453,1,7965.967286518642,1427.7555579922391,0,6089.139499664307,4938.175243377686,7155.36900138855,2217.1937580108643,2.2737406179261437,1,240,Weekday IQR,Business event,"Known business context overlaps the flag; review, do not treat as error"
store_day,2017-08-02,14,11291.051002502441,8219.315965379987,3071.7350371224547,1.8622714141832766,0,0,1,0.3333333333333333,1,8219.315965379987,1649.4561500153854,0,5924.536998748779,5084.963754653931,6827.110759735107,1742.1470050811768,3.08040250799823,1,240,Weekday IQR,Business event,"Known business context overlaps the flag; review, do not treat as error"
store_day,2017-08-03,14,11763.168983459473,8330.068465777806,3433.100517681667,1.963401352517396,0,0,1,0.36363636363636365,1,8330.068465777806,1748.54749553874,0,6136.343505859375,4910.431408882141,6869.298258781433,1958.866849899292,2.8724900203857042,1,240,Weekday IQR,Business event,"Known business context overlaps the flag; review, do not treat as error"
store_day,2013-01-01,15,0.0,7444.5589599609375,-7444.5589599609375,,1,0,0,0.0,0,,,0,7444.5589599609375,5248.926505088806,8518.434755325317,3269.5082502365112,-2.276965950283933,1,242,Weekday IQR,Business event,"Known business context overlaps the flag; review, do not treat as error"
store_day,2013-02-02,15,6166.581001281738,4200.774358034134,1965.8066432476044,3.189453923360406,0,0,0,0.0,0,4200.774358034134,616.3458355204681,1,7396.847991943359,6066.6590003967285,8268.128005981445,2201.469005584717,-0.5588391149458216,0,241,Rolling z-score,Unexplained anomaly,No mapped business context; investigate before drawing conclusions
store_day,2013-04-01,15,6658.7289962768555,4326.089428884642,2332.6395673922134,3.9281503295844526,0,0,0,0.0,0,4326.089428884642,593.8264505368297,1,7766.579986572266,5990.054000854492,8909.645027160645,2919.5910263061523,-0.3794541702291283,0,241,Rolling z-score,Unexplained anomaly,No mapped business context; investigate before drawing conclusions
store_day,2013-06-01,15,7458.146999359131,5209.6282486234395,2248.5187507356914,3.387265004958769,0,0,0,0.0,0,5209.6282486234395,663.8154226031869,1,7396.847991943359,6066.6590003967285,8268.128005981445,2201.469005584717,0.027844592524476755,0,241,Rolling z-score,Unexplained anomaly,No mapped business context; investigate before drawing conclusions
store_day,2013-07-31,15,7729.837997436523,4782.045000008175,2947.792997428349,4.76550238977222,0,0,0,0.0,0,4782.045000008175,618.569199284201,1,6776.938037872314,5095.936499595642,7992.373508453369,2896.437008857727,0.32899039635597177,0,240,Rolling z-score,Unexplained anomaly,No mapped business context; investigate before drawing conclusions
store_day,2013-08-01,15,9202.03899383545,4841.080249854496,4360.958743980953,5.45651725217581,0,0,0,0.0,0,4841.080249854496,799.2201879764976,1,6523.578998565674,5071.515247344971,7338.976264953613,2267.4610176086426,1.1812595561596861,0,240,Rolling z-score,Unexplained anomaly,No mapped business context; investigate before drawing conclusions
store_day,2013-08-10,15,17315.29999923706,4954.158284664154,12361.141714572906,10.6099265680627,1,0,0,0.0,0,4954.158284664154,1165.0544078016146,1,7396.847991943359,6066.6590003967285,8268.128005981445,2201.469005584717,4.505378900239992,1,241,Rolling z-score + weekday IQR,Business event,"Known business context overlaps the flag; review, do not treat as error"
store_day,2013-12-23,15,7289.925987243652,4910.707466057369,2379.2185211862834,3.1126848670922773,1,0,0,0.0,0,4910.707466057369,764.3621576792759,1,7766.579986572266,5990.054000854492,8909.645027160645,2919.5910263061523,-0.16326053718957784,0,241,Rolling z-score,Business event,"Known business context overlaps the flag; review, do not treat as error"
store_day,2014-01-01,15,0.0,5162.300392355238,-5162.300392355238,-5.7139890401827556,1,0,0,0.0,0,5162.300392355238,903.4494739230594,1,6776.938037872314,5095.936499595642,7992.373508453369,2896.437008857727,-2.3397498433929167,1,240,Rolling z-score + weekday IQR,Business event,"Known business context overlaps the flag; review, do not treat as error"
store_day,2014-01-02,15,9514.321926116943,4975.6291418756755,4538.692784241268,3.414440316610748,0,0,0,0.0,0,4975.6291418756755,1329.2640560039072,1,6523.578998565674,5071.515247344971,7338.976264953613,2267.4610176086426,1.3189831729523755,0,240,Rolling z-score,Unexplained anomaly,No mapped business context; investigate before drawing conclusions
store_day,2014-03-01,15,8368.289962768555,4893.5193328516825,3474.770629916872,5.142732339154144,0,0,0,0.0,0,4893.5193328516825,675.6662413600137,1,7396.847991943359,6066.6590003967285,8268.128005981445,2201.469005584717,0.44126988313749954,0,241,Rolling z-score,Unexplained anomaly,No mapped business context; investigate before drawing conclusions
store_day,2014-03-05,15,8965.367004394531,4931.403809649603,4033.963194744928,4.56230103840914,0,0,0,0.0,0,4931.403809649603,884.1948746441244,1,6776.938037872314,5095.936499595642,7992.373508453369,2896.437008857727,0.7555589711875942,0,240,Rolling z-score,Unexplained anomaly,No mapped business context; investigate before drawing conclusions
store_day,2014-06-09,15,8850.833999633789,5238.875168391636,3611.958831242153,4.2720750376462355,0,0,1,0.030303030303030304,0,5238.875168391636,845.4811302266396,1,7766.579986572266,5990.054000854492,8909.645027160645,2919.5910263061523,0.37137188164101004,0,241,Rolling z-score,Unexplained anomaly,No mapped business context; investigate before drawing conclusions
store_day,2014-06-12,15,8935.78500366211,5372.333775520325,3563.4512281417847,3.2949255840330536,0,1,1,0.21212121212121213,0,5372.333775520325,1081.4967249670174,1,6523.578998565674,5071.515247344971,7338.976264953613,2267.4610176086426,1.0638357115574348,0,240,Rolling z-score,Business event,"Known business context overlaps the flag; review, do not treat as error"
store_day,2014-07-28,15,11575.962966918945,6804.910445485796,4771.052521433149,4.547849126502944,0,0,1,0.06060606060606061,0,6804.910445485796,1049.078891740157,1,7766.579986572266,5990.054000854492,8909.645027160645,2919.5910263061523,1.304765957294466,0,241,Rolling z-score,Unexplained anomaly,No mapped business context; investigate before drawing conclusions
store_day,2014-09-01,15,9234.778015136719,5069.7035011563985,4165.07451398032,6.276112895919419,0,0,1,0.030303030303030304,0,5069.7035011563985,663.6391956378532,1,7766.579986572266,5990.054000854492,8909.645027160645,2919.5910263061523,0.5028779768589738,0,241,Rolling z-score,Unexplained anomaly,No mapped business context; investigate before drawing conclusions
store_day,2014-09-02,15,8877.661010742188,5159.439787319729,3718.221223422459,3.7685956150714994,0,0,1,0.18181818181818182,0,5159.439787319729,986.6331130229039,1,7444.5589599609375,5248.926505088806,8518.434755325317,3269.5082502365112,0.43832342392088525,0,242,Rolling z-score,Unexplained anomaly,No mapped business context; investigate before drawing conclusions
store_day,2015-01-01,15,0.0,7932.068498338972,-7932.068498338972,-5.55581686555608,1,0,0,0.0,0,7932.068498338972,1427.705176445742,1,6523.578998565674,5071.515247344971,7338.976264953613,2267.4610176086426,-2.877041302101726,1,240,Rolling z-score + weekday IQR,Business event,"Known business context overlaps the flag; review, do not treat as error"
store_day,2015-02-19,15,9411.877990722656,5505.116070883615,3906.761919839041,4.110411094446089,0,0,1,0.21212121212121213,0,5505.116070883615,950.455278090745,1,6523.578998565674,5071.515247344971,7338.976264953613,2267.4610176086426,1.2738031523924944,0,240,Rolling z-score,Unexplained anomaly,No mapped business context; investigate before drawing conclusions
store_day,2015-06-01,15,10565.873001098633,6688.201713698251,3877.6712874003815,4.051775289693467,0,0,1,0.15151515151515152,0,6688.201713698251,957.0301929783828,1,7766.579986572266,5990.054000854492,8909.645027160645,2919.5910263061523,0.9587962797885479,0,241,Rolling z-score,Unexplained anomaly,No mapped business context; investigate before drawing conclusions
store_day,2015-08-03,15,11352.154029846191,7793.190204620361,3558.96382522583,4.169854421707623,0,0,1,0.18181818181818182,0,7793.190204620361,853.4983395819311,1,7766.579986572266,5990.054000854492,8909.645027160645,2919.5910263061523,1.228108324408152,0,241,Rolling z-score,Unexplained anomaly,No mapped business context; investigate before drawing conclusions
store_day,2015-09-01,15,13156.395950317383,7612.188608033316,5544.207342284067,7.055483276742383,0,0,1,0.09090909090909091,0,7612.188608033316,785.8012165601654,1,7444.5589599609375,5248.926505088806,8518.434755325317,3269.5082502365112,1.7470018587484095,0,242,Rolling z-score,Unexplained anomaly,No mapped business context; investigate before drawing conclusions
store_day,2015-11-27,15,10444.10498046875,7689.938747133528,2754.1662333352224,3.375694957802095,0,1,1,0.15151515151515152,0,7689.938747133528,815.8812534200222,1,6279.218502044678,4643.2607526779175,7232.290481567383,2589.0297288894653,1.6086669194835985,0,240,Rolling z-score,Business event,"Known business context overlaps the flag; review, do not treat as error"
store_day,2015-12-17,15,11424.71418762207,8117.051171166556,3307.6630164555145,3.2595784562853574,0,0,1,0.030303030303030304,0,8117.051171166556,1014.7517726034288,1,6523.578998565674,5071.515247344971,7338.976264953613,2267.4610176086426,2.1615080263762745,1,240,Rolling z-score + weekday IQR,Unexplained anomaly,No mapped business context; investigate before drawing conclusions
store_day,2015-12-24,15,11269.685173034668,8659.46096447536,2610.224208559308,1.9648702699502372,1,0,1,0.15151515151515152,0,8659.46096447536,1328.4460803742606,0,6523.578998565674,5071.515247344971,7338.976264953613,2267.4610176086426,2.0931368334942455,1,240,Weekday IQR,Business event,"Known business context overlaps the flag; review, do not treat as error"
store_day,2016-01-01,15,0.0,8640.245434624809,-8640.245434624809,-6.525434670237775,1,0,0,0.0,0,8640.245434624809,1324.0873399641243,1,6279.218502044678,4643.2607526779175,7232.290481567383,2589.0297288894653,-2.425317265374962,1,240,Rolling z-score + weekday IQR,Business event,"Known business context overlaps the flag; review, do not treat as error"
store_day,2016-03-01,15,11004.22299194336,7423.827859061105,3580.395132882254,3.573573206928647,0,0,1,0.21212121212121213,0,7423.827859061105,1001.9089929206935,1,7444.5589599609375,5248.926505088806,8518.434755325317,3269.5082502365112,1.0887460007861798,0,242,Rolling z-score,Unexplained anomaly,No mapped business context; investigate before drawing conclusions
store_day,2016-03-25,15,4322.677997589111,7761.471995762417,-3438.793998173305,-3.311228374971981,1,0,1,0.09090909090909091,0,7761.471995762417,1038.52516611827,1,6279.218502044678,4643.2607526779175,7232.290481567383,2589.0297288894653,-0.7557041476286184,0,240,Rolling z-score,Business event,"Known business context overlaps the flag; review, do not treat as error"
store_day,2016-04-18,15,14579.835021972656,7971.277323177883,6608.557698794773,4.707961854302012,0,1,1,0.30303030303030304,1,7971.277323177883,1403.6982251154066,1,7766.579986572266,5990.054000854492,8909.645027160645,2919.5910263061523,2.3336333664583417,1,241,Rolling z-score + weekday IQR,Business event,"Known business context overlaps the flag; review, do not treat as error"
store_day,2016-05-01,15,11338.858993530273,8655.106037684849,2683.7529558454244,1.4599584019223355,1,1,1,0.3939393939393939,1,8655.106037684849,1838.239330868408,0,6474.739995956421,5321.567248344421,7525.033992767334,2203.4667444229126,2.207484642046533,1,240,Weekday IQR,Business event,"Known business context overlaps the flag; review, do not treat as error"
store_day,2016-08-03,15,11481.17301940918,7313.48003578186,4167.692983627319,4.320749993219509,0,0,1,0.42424242424242425,1,7313.48003578186,964.5762865631247,1,6776.938037872314,5095.936499595642,7992.373508453369,2896.437008857727,1.6241454473722812,0,240,Rolling z-score,Business event,"Known business context overlaps the flag; review, do not treat as error"
store_day,2016-09-02,15,9835.287979125977,7260.9986782073975,2574.289300918579,3.1140106624110473,0,0,1,0.3333333333333333,1,7260.9986782073975,826.6796681182252,1,6279.218502044678,4643.2607526779175,7232.290481567383,2589.0297288894653,1.373514346861762,0,240,Rolling z-score,Business event,"Known business context overlaps the flag; review, do not treat as error"
store_day,2016-09-05,15,10803.38402557373,7479.469393321446,3323.9146322522847,3.2103224467159825,0,0,1,0.36363636363636365,1,7479.469393321446,1035.3834193984164,1,7766.579986572266,5990.054000854492,8909.645027160645,2919.5910263061523,1.0401470656811853,0,241,Rolling z-score,Business event,"Known business context overlaps the flag; review, do not treat as error"
store_day,2016-12-22,15,12081.266952514648,8464.32818521772,3616.938767296928,2.7655985316294145,1,0,1,0.45454545454545453,1,8464.32818521772,1307.8321838585614,0,6523.578998565674,5071.515247344971,7338.976264953613,2267.4610176086426,2.451062183997474,1,240,Weekday IQR,Business event,"Known business context overlaps the flag; review, do not treat as error"
store_day,2016-12-23,15,11324.765014648438,8659.704756328038,2665.0602583204,1.8713755460026658,1,0,1,0.42424242424242425,1,8659.704756328038,1424.1183518792243,0,6279.218502044678,4643.2607526779175,7232.290481567383,2589.0297288894653,1.9488175266214456,1,240,Weekday IQR,Business event,"Known business context overlaps the flag; review, do not treat as error"
store_day,2016-12-24,15,12194.2978515625,8831.032969066075,3363.2648824964253,2.3251064247354214,1,0,1,0.42424242424242425,1,8831.032969066075,1446.4993286830465,0,7396.847991943359,6066.6590003967285,8268.128005981445,2201.469005584717,2.179203907685688,1,241,Weekday IQR,Business event,"Known business context overlaps the flag; review, do not treat as error"
store_day,2017-01-01,15,0.0,9199.776793616158,-9199.776793616158,-6.421725987019815,0,0,0,0.0,0,9199.776793616158,1432.6018911756116,1,6474.739995956421,5321.567248344421,7525.033992767334,2203.4667444229126,-2.938433272180903,1,240,Rolling z-score + weekday IQR,Potential data issue,Extreme or zero value without mapped context; investigate source records
store_day,2017-04-01,15,12684.083984375,8383.192882401603,4300.891101973397,4.879914234665664,0,0,1,0.45454545454545453,1,8383.192882401603,881.3456333762929,1,7396.847991943359,6066.6590003967285,8268.128005981445,2201.469005584717,2.4016854105231134,1,241,Rolling z-score + weekday IQR,Business event,"Known business context overlaps the flag; review, do not treat as error"
store_day,2017-05-03,15,12120.033988952637,8493.054432051522,3626.979556901115,3.7439045104572317,0,0,1,0.42424242424242425,1,8493.054432051522,968.7692479256536,1,6776.938037872314,5095.936499595642,7992.373508453369,2896.437008857727,1.8447133270084435,0,240,Rolling z-score,Business event,"Known business context overlaps the flag; review, do not treat as error"
store_day,2013-01-01,16,0.0,6129.459020614624,-6129.459020614624,,1,0,0,0.0,0,,,0,6129.459020614624,5386.003997802734,7015.186030387878,1629.182032585144,-3.7622923025296053,1,242,Weekday IQR,Business event,"Known business context overlaps the flag; review, do not treat as error"
store_day,2013-05-05,16,8939.544998168945,5186.657106944493,3752.8878912244527,3.4852391259074182,0,0,0,0.0,0,5186.657106944493,1076.7949502596466,1,8781.581520080566,7938.295998573303,10023.200731277466,2084.9047327041626,0.07576532184446488,0,240,Rolling z-score,Unexplained anomaly,No mapped business context; investigate before drawing conclusions
store_day,2013-06-02,16,11001.940990447998,5266.181822231838,5735.75916821616,3.927884362082481,0,0,0,0.0,0,5266.181822231838,1460.2668101907109,1,8781.581520080566,7938.295998573303,10023.200731277466,2084.9047327041626,1.0649692695970725,0,240,Rolling z-score,Unexplained anomaly,No mapped business context; investigate before drawing conclusions
store_day,2013-09-01,16,10852.350997924805,5699.607249532427,5152.743748392378,3.6238308240868062,0,0,0,0.0,0,5699.607249532427,1421.9051601811054,1,8781.581520080566,7938.295998573303,10023.200731277466,2084.9047327041626,0.9932201914849171,0,240,Rolling z-score,Unexplained anomaly,No mapped business context; investigate before drawing conclusions
store_day,2013-11-03,16,9506.703002929688,5303.15224981308,4203.550753116608,3.1839246706675692,1,0,0,0.0,0,5303.15224981308,1320.2418988874051,1,8781.581520080566,7938.295998573303,10023.200731277466,2084.9047327041626,0.34779597910386256,0,240,Rolling z-score,Business event,"Known business context overlaps the flag; review, do not treat as error"
store_day,2013-12-01,16,10395.84400177002,5490.414357117244,4905.429644652775,3.1296927458186903,0,0,0,0.0,0,5490.414357117244,1567.3837795120598,1,8781.581520080566,7938.295998573303,10023.200731277466,2084.9047327041626,0.7742619873070761,0,240,Rolling z-score,Unexplained anomaly,No mapped business context; investigate before drawing conclusions
store_day,2014-01-01,16,0.0,6088.373889854976,-6088.373889854976,-3.8963179179808214,1,0,0,0.0,0,6088.373889854976,1562.5967947220638,1,5196.230001449585,4644.568755149841,6282.019983291626,1637.4512281417847,-3.173364746470269,1,240,Rolling z-score + weekday IQR,Business event,"Known business context overlaps the flag; review, do not treat as error"
store_day,2014-01-02,16,11158.476806640625,5874.91888999939,5283.557916641235,2.7222915087807085,0,0,0,0.0,0,5874.91888999939,1940.849427623457,0,5017.352502822876,4432.758500099182,5916.708743095398,1483.9502429962158,4.1383626794779325,1,240,Weekday IQR,Unexplained anomaly,No mapped business context; investigate before drawing conclusions
store_day,2014-01-03,16,8346.569980621338,6102.854276112148,2243.71570450919,1.0347023888941367,0,0,0,0.0,0,6102.854276112148,2168.4647958600112,0,5139.147006988525,4446.587249755859,5848.135741233826,1401.5484914779663,2.2884851955785765,1,240,Weekday IQR,Unexplained anomaly,No mapped business context; investigate before drawing conclusions
store_day,2014-01-04,16,10946.950019836426,6229.680275644575,4717.269744191851,2.15117953577391,0,0,0,0.0,0,6229.680275644575,2192.8758923855985,0,6794.5,6215.033000946045,7757.924030303955,1542.8910293579102,2.6913436793812395,1,241,Weekday IQR,Unexplained anomaly,No mapped business context; investigate before drawing conclusions
store_day,2014-03-01,16,11970.046981811523,5839.135800361633,6130.91118144989,3.5487255599020187,0,0,0,0.0,0,5839.135800361633,1727.63745123733,1,6794.5,6215.033000946045,7757.924030303955,1542.8910293579102,3.3544475165983565,1,241,Rolling z-score + weekday IQR,Unexplained anomaly,No mapped business context; investigate before drawing conclusions
store_day,2014-03-05,16,10330.416000366211,5979.409445898874,4351.006554467337,2.183037094796704,0,0,0,0.0,0,5979.409445898874,1993.097856576975,0,5196.230001449585,4644.568755149841,6282.019983291626,1637.4512281417847,3.1354741507281485,1,240,Weekday IQR,Unexplained anomaly,No mapped business context; investigate before drawing conclusions
store_day,2014-06-01,16,11455.654998779297,5614.600478172302,5841.054520606995,3.573533170978618,0,0,1,0.12121212121212122,0,5614.600478172302,1634.5320558497608,1,8781.581520080566,7938.295998573303,10023.200731277466,2084.9047327041626,1.2825878500598942,0,240,Rolling z-score,Unexplained anomaly,No mapped business context; investigate before drawing conclusions
store_day,2014-07-01,16,10497.328994750977,5713.657643726894,4783.6713510240825,3.133022982168832,0,1,1,0.24242424242424243,0,5713.657643726894,1526.8548549594714,1,6129.459020614624,5386.003997802734,7015.186030387878,1629.182032585144,2.6810202216664085,1,242,Rolling z-score + weekday IQR,Business event,"Known business context overlaps the flag; review, do not treat as error"
store_day,2014-07-04,16,8282.912017822266,6028.07503427778,2254.8369835444855,1.2564866233508853,0,1,1,0.09090909090909091,0,6028.07503427778,1794.55709407485,0,5139.147006988525,4446.587249755859,5848.135741233826,1401.5484914779663,2.2430654593467296,1,240,Weekday IQR,Business event,"Known business context overlaps the flag; review, do not treat as error"
store_day,2014-07-05,16,10323.890022277832,6157.603999274118,4166.286023003714,2.285986184013626,0,1,1,0.15151515151515152,0,6157.603999274118,1822.5333346891655,0,6794.5,6215.033000946045,7757.924030303955,1542.8910293579102,2.287517365206682,1,241,Weekday IQR,Business event,"Known business context overlaps the flag; review, do not treat as error"
store_day,2014-07-06,16,14004.06900024414,6268.7642143794465,7735.304785864694,3.9116263048899493,0,0,1,0.12121212121212122,0,6268.7642143794465,1977.5163021566605,1,8781.581520080566,7938.295998573303,10023.200731277466,2084.9047327041626,2.5049046118236324,1,240,Rolling z-score + weekday IQR,Unexplained anomaly,No mapped business context; investigate before drawing conclusions
store_day,2014-07-07,16,9919.12799835205,6430.3294642312185,3488.7985341208323,1.459042923614196,0,0,1,0.06060606060606061,0,6430.3294642312185,2391.1555154790976,0,6521.477005004883,5872.314002990723,7453.472030639648,1581.1580276489258,2.1488370763289506,1,241,Weekday IQR,Unexplained anomaly,No mapped business context; investigate before drawing conclusions
store_day,2014-09-01,16,11858.664993286133,6054.539142881121,5804.125850405012,3.8662820706271006,0,0,1,0.24242424242424243,0,6054.539142881121,1501.2163480000822,1,6521.477005004883,5872.314002990723,7453.472030639648,1581.1580276489258,3.375493084785007,1,241,Rolling z-score + weekday IQR,Unexplained anomaly,No mapped business context; investigate before drawing conclusions
store_day,2014-09-02,16,10835.842994689941,6216.732142584665,4619.1108521052765,2.4995516248799614,0,0,1,0.21212121212121213,0,6216.732142584665,1847.9757753861575,0,6129.459020614624,5386.003997802734,7015.186030387878,1629.182032585144,2.888801791293603,1,242,Weekday IQR,Unexplained anomaly,No mapped business context; investigate before drawing conclusions
store_day,2014-09-07,16,14097.80795288086,6745.571462086269,7352.23649079459,3.528667120809519,0,0,1,0.21212121212121213,0,6745.571462086269,2083.5732697585536,1,8781.581520080566,7938.295998573303,10023.200731277466,2084.9047327041626,2.5498653964419,1,240,Rolling z-score + weekday IQR,Unexplained anomaly,No mapped business context; investigate before drawing conclusions
store_day,2014-09-21,16,13294.0830078125,7896.578746114458,5397.504261698042,2.276240858556401,0,0,1,0.24242424242424243,0,7896.578746114458,2371.235997020612,0,8781.581520080566,7938.295998573303,10023.200731277466,2084.9047327041626,2.164368192439724,1,240,Weekday IQR,Unexplained anomaly,No mapped business context; investigate before drawing conclusions
store_day,2014-10-03,16,8227.712982177734,8143.6105008125305,84.10248136520386,0.038759106834087904,0,0,1,0.06060606060606061,0,8143.6105008125305,2169.8766621535588,0,5139.147006988525,4446.587249755859,5848.135741233826,1401.5484914779663,2.2036811383759134,1,240,Weekday IQR,Unexplained anomaly,No mapped business context; investigate before drawing conclusions
store_day,2014-10-12,16,13477.568977355957,8054.385858603886,5423.183118752071,3.003751627422767,0,0,1,0.09090909090909091,0,8054.385858603886,1805.4698894679211,1,8781.581520080566,7938.295998573303,10023.200731277466,2084.9047327041626,2.2523750767185424,1,240,Rolling z-score + weekday IQR,Unexplained anomaly,No mapped business context; investigate before drawing conclusions
store_day,2014-10-19,16,13434.063987731934,8168.767108780997,5265.296878950937,2.725272641842116,0,0,1,0.2727272727272727,1,8168.767108780997,1932.0257350075335,0,8781.581520080566,7938.295998573303,10023.200731277466,2084.9047327041626,2.231508420826982,1,240,Weekday IQR,Business event,"Known business context overlaps the flag; review, do not treat as error"
store_day,2014-11-01,16,10800.808967590332,8124.462463855743,2676.3465037345886,1.23846387421911,0,0,1,0.12121212121212122,0,8124.462463855743,2161.02105152006,0,6794.5,6215.033000946045,7757.924030303955,1542.8910293579102,2.59662470735707,1,241,Weekday IQR,Unexplained anomaly,No mapped business context; investigate before drawing conclusions
store_day,2014-11-03,16,11668.99301147461,8146.495604515076,3522.4974069595337,1.6119048880358777,1,0,1,0.12121212121212122,0,8146.495604515076,2185.3010268191024,0,6521.477005004883,5872.314002990723,7453.472030639648,1581.1580276489258,3.255535447094894,1,241,Weekday IQR,Business event,"Known business context overlaps the flag; review, do not treat as error"
store_day,2014-11-04,16,10414.754043579102,8254.959391321454,2159.7946522576476,0.9458452122642405,0,0,1,0.21212121212121213,0,8254.959391321454,2283.4546543692463,0,6129.459020614624,5386.003997802734,7015.186030387878,1629.182032585144,2.63033530769099,1,242,Weekday IQR,Unexplained anomaly,No mapped business context; investigate before drawing conclusions
store_day,2014-11-30,16,13789.870056152344,8399.34774691718,5390.522309235164,2.592467101690343,0,0,1,0.12121212121212122,0,8399.34774691718,2079.302107911198,0,8781.581520080566,7938.295998573303,10023.200731277466,2084.9047327041626,2.4021666110258804,1,240,Weekday IQR,Unexplained anomaly,No mapped business context; investigate before drawing conclusions
store_day,2014-12-01,16,10845.183002471924,8546.71439252581,2298.468609946114,0.996700796705721,0,1,1,0.18181818181818182,0,8546.71439252581,2306.076826208,0,6521.477005004883,5872.314002990723,7453.472030639648,1581.1580276489258,2.734518575538017,1,241,Weekday IQR,Business event,"Known business context overlaps the flag; review, do not treat as error"
store_day,2014-12-02,16,9712.764022827148,8517.292606489998,1195.47141633715,0.5267008455958033,0,0,1,0.21212121212121213,0,8517.292606489998,2269.735137760856,0,6129.459020614624,5386.003997802734,7015.186030387878,1629.182032585144,2.1994503564016283,1,242,Weekday IQR,Unexplained anomaly,No mapped business context; investigate before drawing conclusions
store_day,2014-12-06,16,10095.759986877441,8404.171570914132,1691.5884159633097,0.731478397166113,0,0,1,0.15151515151515152,0,8404.171570914132,2312.5610031914084,0,6794.5,6215.033000946045,7757.924030303955,1542.8910293579102,2.139658552717942,1,241,Weekday IQR,Unexplained anomaly,No mapped business context; investigate before drawing conclusions
store_day,2014-12-07,16,13748.117950439453,8411.06492778233,5337.053022657123,2.3029594541284224,0,0,1,0.09090909090909091,0,8411.06492778233,2317.4758952397547,0,8781.581520080566,7938.295998573303,10023.200731277466,2084.9047327041626,2.382140705257641,1,240,Weekday IQR,Unexplained anomaly,No mapped business context; investigate before drawing conclusions
store_day,2014-12-08,16,10078.619018554688,8446.482462474278,1632.1365560804097,0.6821312000039965,0,0,1,0.06060606060606061,0,8446.482462474278,2392.7018087881734,0,6521.477005004883,5872.314002990723,7453.472030639648,1581.1580276489258,2.249706829644999,1,241,Weekday IQR,Unexplained anomaly,No mapped business context; investigate before drawing conclusions
store_day,2014-12-14,16,13160.023010253906,8651.521678515843,4508.5013317380635,1.895231130253374,0,0,1,0.09090909090909091,0,8651.521678515843,2378.866228909674,0,8781.581520080566,7938.295998573303,10023.200731277466,2084.9047327041626,2.1000678935072563,1,240,Weekday IQR,Unexplained anomaly,No mapped business context; investigate before drawing conclusions
store_day,2014-12-15,16,10978.220973968506,8656.017035484314,2322.203938484192,0.9726272772973353,0,0,1,0.09090909090909091,0,8656.017035484314,2387.5578987841677,0,6521.477005004883,5872.314002990723,7453.472030639648,1581.1580276489258,2.8186581549919443,1,241,Weekday IQR,Unexplained anomaly,No mapped business context; investigate before drawing conclusions
store_day,2014-12-18,16,9618.300155639648,8818.846679278782,799.4534763608663,0.3326542550329086,0,0,1,0.30303030303030304,1,8818.846679278782,2403.2564269522977,0,5017.352502822876,4432.758500099182,5916.708743095398,1483.9502429962158,3.1004729939779425,1,240,Weekday IQR,Business event,"Known business context overlaps the flag; review, do not treat as error"
store_day,2014-12-19,16,8827.845024108887,8929.217505999974,-101.37248189108686,-0.04286718796061106,0,0,1,0.18181818181818182,0,8929.217505999974,2364.803634524242,0,5139.147006988525,4446.587249755859,5848.135741233826,1401.5484914779663,2.6318732741316295,1,240,Weekday IQR,Unexplained anomaly,No mapped business context; investigate before drawing conclusions
store_day,2014-12-20,16,10163.478012084961,9027.449579102653,1136.028432982308,0.4943254406445875,0,0,1,0.3333333333333333,1,9027.449579102653,2298.138715055726,0,6794.5,6215.033000946045,7757.924030303955,1542.8910293579102,2.18354890136797,1,241,Weekday IQR,Business event,"Known business context overlaps the flag; review, do not treat as error"
store_day,2014-12-21,16,13644.829849243164,9056.191579410008,4588.638269833156,1.9886198635475398,1,0,1,0.3333333333333333,1,9056.191579410008,2307.4486753076026,0,8781.581520080566,7938.295998573303,10023.200731277466,2084.9047327041626,2.3325997839982207,1,240,Weekday IQR,Business event,"Known business context overlaps the flag; review, do not treat as error"
store_day,2014-12-22,16,11485.416053771973,9107.590288843427,2377.825764928546,0.993001012234172,1,0,1,0.18181818181818182,0,9107.590288843427,2394.585439121185,0,6521.477005004883,5872.314002990723,7453.472030639648,1581.1580276489258,3.1394325943170456,1,241,Weekday IQR,Business event,"Known business context overlaps the flag; review, do not treat as error"
store_day,2014-12-23,16,12802.31510925293,9251.191826820374,3551.123282432556,1.4717247373591742,1,0,1,0.18181818181818182,0,9251.191826820374,2412.899091989581,0,6129.459020614624,5386.003997802734,7015.186030387878,1629.182032585144,4.095832114014902,1,242,Weekday IQR,Business event,"Known business context overlaps the flag; review, do not treat as error"
store_day,2014-12-24,16,12118.747131347656,9460.11418901171,2658.6329423359457,1.0810518155851552,1,0,1,0.2727272727272727,1,9460.11418901171,2459.3020464027177,0,5196.230001449585,4644.568755149841,6282.019983291626,1637.4512281417847,4.227617293831643,1,240,Weekday IQR,Business event,"Known business context overlaps the flag; review, do not treat as error"
store_day,2014-12-26,16,10276.512985229492,9652.446515083313,624.0664701461792,0.25485406489999907,1,0,1,0.36363636363636365,1,9652.446515083313,2448.7208802851687,0,5139.147006988525,4446.587249755859,5848.135741233826,1401.5484914779663,3.6654928527114263,1,240,Weekday IQR,Business event,"Known business context overlaps the flag; review, do not treat as error"
store_day,2014-12-29,16,9852.853981018066,9855.763763700214,-2.9097826821471244,-0.0012815272495615394,0,0,1,0.21212121212121213,0,9855.763763700214,2270.5585723149275,0,6521.477005004883,5872.314002990723,7453.472030639648,1581.1580276489258,2.106922216349693,1,241,Weekday IQR,Unexplained anomaly,No mapped business context; investigate before drawing conclusions
store_day,2014-12-31,16,10729.359985351562,9622.573725700378,1106.786259651184,0.5169012366194828,1,0,1,0.15151515151515152,0,9622.573725700378,2141.194838088471,0,5196.230001449585,4644.568755149841,6282.019983291626,1637.4512281417847,3.3791113217955773,1,240,Weekday IQR,Business event,"Known business context overlaps the flag; review, do not treat as error"
store_day,2015-01-01,16,0.0,9658.880724361965,-9658.880724361965,-4.489630354161942,1,0,0,0.0,0,9658.880724361965,2151.3754947348984,1,5017.352502822876,4432.758500099182,5916.708743095398,1483.9502429962158,-3.3810786625112406,1,240,Rolling z-score + weekday IQR,Business event,"Known business context overlaps the flag; review, do not treat as error"
store_day,2015-01-02,16,8871.860008239746,9375.954189164298,-504.09418092455235,-0.17947367879948317,1,0,1,0.18181818181818182,0,9375.954189164298,2808.735990126726,0,5139.147006988525,4446.587249755859,5848.135741233826,1401.5484914779663,2.663277813038767,1,240,Weekday IQR,Business event,"Known business context overlaps the flag; review, do not treat as error"
store_day,2015-02-01,16,12859.624008178711,6380.548821585519,6479.075186593192,3.6206788412201574,0,0,1,0.12121212121212122,0,6380.548821585519,1789.4642056708249,1,8781.581520080566,7938.295998573303,10023.200731277466,2084.9047327041626,1.955985050122095,0,240,Rolling z-score,Unexplained anomaly,No mapped business context; investigate before drawing conclusions
store_day,2015-05-03,16,10918.898010253906,6294.953142847334,4623.9448674065725,3.4905864057865315,0,0,1,0.24242424242424243,0,6294.953142847334,1324.6899889775575,1,8781.581520080566,7938.295998573303,10023.200731277466,2084.9047327041626,1.0251386821887052,0,240,Rolling z-score,Unexplained anomaly,No mapped business context; investigate before drawing conclusions
store_day,2015-05-30,16,10711.310997009277,7303.374679020473,3407.936317988804,1.8963524836180563,0,0,1,0.18181818181818182,0,7303.374679020473,1797.1006695373387,0,6794.5,6215.033000946045,7757.924030303955,1542.8910293579102,2.538618037489853,1,241,Weekday IQR,Unexplained anomaly,No mapped business context; investigate before drawing conclusions
store_day,2015-05-31,16,14997.068012237549,7379.340178762163,7617.7278334753855,4.018821769159955,0,0,1,0.24242424242424243,0,7379.340178762163,1895.5127325956785,1,8781.581520080566,7938.295998573303,10023.200731277466,2084.9047327041626,2.9811848928441798,1,240,Rolling z-score + weekday IQR,Unexplained anomaly,No mapped business context; investigate before drawing conclusions
store_day,2015-06-01,16,10986.340019226074,7524.989107404436,3461.350911821638,1.50976576111908,0,0,1,0.24242424242424243,0,7524.989107404436,2292.6410182040354,0,6521.477005004883,5872.314002990723,7453.472030639648,1581.1580276489258,2.8237930277343235,1,241,Weekday IQR,Unexplained anomaly,No mapped business context; investigate before drawing conclusions
store_day,2015-06-02,16,10518.699996948242,7644.990465164185,2873.7095317840576,1.205290815843682,0,0,1,0.21212121212121213,0,7644.990465164185,2384.2457720649872,0,6129.459020614624,5386.003997802734,7015.186030387878,1629.182032585144,2.6941378486533414,1,242,Weekday IQR,Unexplained anomaly,No mapped business context; investigate before drawing conclusions
store_day,2015-06-04,16,8967.609977722168,7822.411107199533,1145.198870522635,0.47251290755243713,0,0,1,0.3333333333333333,1,7822.411107199533,2423.6351054506304,0,5017.352502822876,4432.758500099182,5916.708743095398,1483.9502429962158,2.6619878217233226,1,240,Weekday IQR,Business event,"Known business context overlaps the flag; review, do not treat as error"
store_day,2015-06-06,16,11152.102981567383,7956.465606961931,3195.6373746054514,1.3399462321313835,0,0,1,0.18181818181818182,0,7956.465606961931,2384.899705656335,0,6794.5,6215.033000946045,7757.924030303955,1542.8910293579102,2.824310271206155,1,241,Weekday IQR,Unexplained anomaly,No mapped business context; investigate before drawing conclusions
store_day,2015-06-07,16,14080.608001708984,8057.417713437761,6023.190288271223,2.4487019670651917,0,0,1,0.12121212121212122,0,8057.417713437761,2459.74821325035,0,8781.581520080566,7938.295998573303,10023.200731277466,2084.9047327041626,2.5416156424353624,1,240,Weekday IQR,Unexplained anomaly,No mapped business context; investigate before drawing conclusions
store_day,2015-06-09,16,9769.634948730469,8308.255356379917,1461.3795923505513,0.5418669546678362,0,0,1,0.09090909090909091,0,8308.255356379917,2696.934330026409,0,6129.459020614624,5386.003997802734,7015.186030387878,1629.182032585144,2.234358012369991,1,242,Weekday IQR,Unexplained anomaly,No mapped business context; investigate before drawing conclusions
store_day,2015-06-14,16,13705.17700958252,8635.105354309082,5070.0716552734375,2.0041366806717704,0,0,1,0.06060606060606061,0,8635.105354309082,2529.803333360472,0,8781.581520080566,7938.295998573303,10023.200731277466,2084.9047327041626,2.36154458871411,1,240,Weekday IQR,Unexplained anomaly,No mapped business context; investigate before drawing conclusions
store_day,2015-06-16,16,9897.28704071045,8780.648818969727,1116.6382217407227,0.4225625818278618,0,0,1,0.21212121212121213,0,8780.648818969727,2642.539282372154,0,6129.459020614624,5386.003997802734,7015.186030387878,1629.182032585144,2.312711498614512,1,242,Weekday IQR,Unexplained anomaly,No mapped business context; investigate before drawing conclusions
store_day,2015-06-22,16,9880.994018554688,9076.9431445258,804.0508740288878,0.31806193500503305,0,0,1,0.18181818181818182,0,9076.9431445258,2527.9695101401066,0,6521.477005004883,5872.314002990723,7453.472030639648,1581.1580276489258,2.1247193226759107,1,241,Weekday IQR,Unexplained anomaly,No mapped business context; investigate before drawing conclusions
store_day,2015-07-01,16,10277.51798248291,9024.354001862663,1253.1639806202475,0.5851679576264115,0,0,1,0.18181818181818182,0,9024.354001862663,2141.5457977285632,0,5196.230001449585,4644.568755149841,6282.019983291626,1637.4512281417847,3.103169055483675,1,240,Weekday IQR,Unexplained anomaly,No mapped business context; investigate before drawing conclusions
store_day,2015-07-02,16,8279.849029541016,9087.294966425214,-807.4459368841981,-0.3752247485387254,0,0,1,0.09090909090909091,0,9087.294966425214,2151.8994683285528,0,5017.352502822876,4432.758500099182,5916.708743095398,1483.9502429962158,2.198521508464391,1,240,Weekday IQR,Unexplained anomaly,No mapped business context; investigate before drawing conclusions
store_day,2015-07-04,16,11912.958023071289,9087.745647021702,2825.212376049587,1.3210110880025956,0,0,1,0.15151515151515152,0,9087.745647021702,2138.6742334777705,0,6794.5,6215.033000946045,7757.924030303955,1542.8910293579102,3.3174462263879954,1,241,Weekday IQR,Unexplained anomaly,No mapped business context; investigate before drawing conclusions
store_day,2015-07-05,16,14382.825988769531,9114.919041361127,5267.906947408404,2.4270789166324396,0,0,1,0.24242424242424243,0,9114.919041361127,2170.47204823385,0,8781.581520080566,7938.295998573303,10023.200731277466,2084.9047327041626,2.6865709405455855,1,240,Weekday IQR,Unexplained anomaly,No mapped business context; investigate before drawing conclusions
store_day,2015-07-06,16,11921.38101196289,9125.712540899005,2795.6684710638856,1.2726826288639541,0,0,1,0.06060606060606061,0,9125.712540899005,2196.673709265135,0,6521.477005004883,5872.314002990723,7453.472030639648,1581.1580276489258,3.415157696152166,1,241,Weekday IQR,Unexplained anomaly,No mapped business context; investigate before drawing conclusions
store_day,2015-07-07,16,11252.746952056885,9234.23882661547,2018.5081254414144,0.8937713705792341,0,0,1,0.15151515151515152,0,9234.23882661547,2258.416628553746,0,6129.459020614624,5386.003997802734,7015.186030387878,1629.182032585144,3.1446995050103514,1,242,Weekday IQR,Unexplained anomaly,No mapped business context; investigate before drawing conclusions
store_day,2015-07-11,16,10520.7749710083,9320.122539656502,1200.6524313517984,0.529612649685488,0,0,1,0.36363636363636365,1,9320.122539656502,2267.038810468008,0,6794.5,6215.033000946045,7757.924030303955,1542.8910293579102,2.4151251774138762,1,241,Weekday IQR,Business event,"Known business context overlaps the flag; review, do not treat as error"
store_day,2015-07-12,16,13440.447967529297,9362.530752045768,4077.9172154835287,1.789837189677365,0,0,1,0.21212121212121213,0,9362.530752045768,2278.373272721309,0,8781.581520080566,7938.295998573303,10023.200731277466,2084.9047327041626,2.2345704215492326,1,240,Weekday IQR,Unexplained anomaly,No mapped business context; investigate before drawing conclusions
store_day,2015-07-14,16,9632.764953613281,9342.50350012098,290.26145349230137,0.12835785226084945,0,0,1,0.15151515151515152,0,9342.50350012098,2261.34551474444,0,6129.459020614624,5386.003997802734,7015.186030387878,1629.182032585144,2.1503465315288937,1,242,Weekday IQR,Unexplained anomaly,No mapped business context; investigate before drawing conclusions
store_day,2015-07-21,16,9528.223011016846,9454.88188620976,73.34112480708609,0.03316436837585751,0,0,1,0.12121212121212122,0,9454.88188620976,2211.4434376044333,0,6129.459020614624,5386.003997802734,7015.186030387878,1629.182032585144,2.0861781694272374,1,242,Weekday IQR,Unexplained anomaly,No mapped business context; investigate before drawing conclusions
store_day,2015-12-11,16,8003.866004943848,6248.4760864802765,1755.3899184635711,1.1687399255967688,0,0,1,0.09090909090909091,0,6248.4760864802765,1501.950844681937,0,5139.147006988525,4446.587249755859,5848.135741233826,1401.5484914779663,2.043967094520153,1,240,Weekday IQR,Unexplained anomaly,No mapped business context; investigate before drawing conclusions
store_day,2015-12-22,16,10278.478168487549,6430.452729565756,3848.0254389217926,2.7014850641261074,1,0,1,0.15151515151515152,0,6430.452729565756,1424.4111470468465,0,6129.459020614624,5386.003997802734,7015.186030387878,1629.182032585144,2.546688500663961,1,242,Weekday IQR,Business event,"Known business context overlaps the flag; review, do not treat as error"
store_day,2015-12-24,16,9141.206977844238,6713.302133900778,2427.90484394346,1.565746882578623,1,0,1,0.12121212121212122,0,6713.302133900778,1550.6368691885577,0,5017.352502822876,4432.758500099182,5916.708743095398,1483.9502429962158,2.778970854639281,1,240,Weekday IQR,Business event,"Known business context overlaps the flag; review, do not treat as error"
store_day,2015-12-31,16,8227.714050292969,6945.124058382852,1282.5899919101166,0.8719803946197022,1,0,1,0.12121212121212122,0,6945.124058382852,1470.893152901097,0,5017.352502822876,4432.758500099182,5916.708743095398,1483.9502429962158,2.163388942871907,1,240,Weekday IQR,Business event,"Known business context overlaps the flag; review, do not treat as error"
store_day,2016-01-01,16,0.0,7026.286555494581,-7026.286555494581,-4.7573555648163985,1,0,0,0.0,0,7026.286555494581,1476.9311353261753,1,5139.147006988525,4446.587249755859,5848.135741233826,1401.5484914779663,-3.6667636105613246,1,240,Rolling z-score + weekday IQR,Business event,"Known business context overlaps the flag; review, do not treat as error"
store_day,2016-02-08,16,2608.873992919922,6414.084321158273,-3805.2103282383514,-2.522760326835197,1,0,1,0.030303030303030304,0,6414.084321158273,1508.3518984191367,0,6521.477005004883,5872.314002990723,7453.472030639648,1581.1580276489258,-2.474517375029702,1,241,Weekday IQR,Business event,"Known business context overlaps the flag; review, do not treat as error"
store_day,2016-04-03,16,10009.558975219727,6319.137751715524,3690.4212235042023,3.4771626236059356,0,0,1,0.18181818181818182,0,6319.137751715524,1061.3312125382017,1,8781.581520080566,7938.295998573303,10023.200731277466,2084.9047327041626,0.5889849238082208,0,240,Rolling z-score,Unexplained anomaly,No mapped business context; investigate before drawing conclusions
store_day,2016-04-17,16,12222.67601776123,6337.11685698373,5885.5591607775,4.755457241020141,0,1,1,0.3333333333333333,1,6337.11685698373,1237.6431670984662,1,8781.581520080566,7938.295998573303,10023.200731277466,2084.9047327041626,1.650480448196545,0,240,Rolling z-score,Business event,"Known business context overlaps the flag; review, do not treat as error"
store_day,2016-04-18,16,16480.831008911133,6486.642572675432,9994.188436235701,6.099644806558078,0,1,1,0.3333333333333333,1,6486.642572675432,1638.486953451843,1,6521.477005004883,5872.314002990723,7453.472030639648,1581.1580276489258,6.298772058043515,1,241,Rolling z-score + weekday IQR,Business event,"Known business context overlaps the flag; review, do not treat as error"
store_day,2016-04-19,16,13629.879981994629,6836.418036324637,6793.461945669992,2.7161514989292805,0,1,1,0.3333333333333333,1,6836.418036324637,2501.135134895092,0,6129.459020614624,5386.003997802734,7015.186030387878,1629.182032585144,4.603795531355407,1,242,Weekday IQR,Business event,"Known business context overlaps the flag; review, do not treat as error"
store_day,2016-04-20,16,10691.64001083374,7093.779036249433,3597.860974584307,1.2808737618629358,0,1,1,0.30303030303030304,1,7093.779036249433,2808.911449127887,0,5196.230001449585,4644.568755149841,6282.019983291626,1637.4512281417847,3.356075536747721,1,240,Weekday IQR,Business event,"Known business context overlaps the flag; review, do not treat as error"
store_day,2016-04-21,16,8287.379989624023,7240.034215654646,1047.3457739693777,0.36270811845393475,0,1,1,0.30303030303030304,1,7240.034215654646,2887.571908877453,0,5017.352502822876,4432.758500099182,5916.708743095398,1483.9502429962158,2.203596449567404,1,240,Weekday IQR,Business event,"Known business context overlaps the flag; review, do not treat as error"
store_day,2016-05-18,16,802.1070022583008,7050.782213824136,-6248.6752115658355,-3.869269201271197,0,0,1,0.3333333333333333,1,7050.782213824136,1614.9497195782903,1,5196.230001449585,4644.568755149841,6282.019983291626,1637.4512281417847,-2.6835138193262895,1,240,Rolling z-score + weekday IQR,Business event,"Known business context overlaps the flag; review, do not treat as error"
store_day,2016-09-04,16,11375.04797744751,6402.742213657924,4972.305763789585,3.442581031636547,0,0,1,0.36363636363636365,1,6402.742213657924,1444.3540233607318,1,8781.581520080566,7938.295998573303,10023.200731277466,2084.9047327041626,1.2439256416302371,0,240,Rolling z-score,Business event,"Known business context overlaps the flag; review, do not treat as error"
store_day,2016-12-13,16,10046.919147491455,5976.193958963667,4070.7251885277883,2.954595757891381,0,0,1,0.3333333333333333,1,5976.193958963667,1377.7604525611855,0,6129.459020614624,5386.003997802734,7015.186030387878,1629.182032585144,2.404556426798242,1,242,Weekday IQR,Business event,"Known business context overlaps the flag; review, do not treat as error"
store_day,2016-12-16,16,9998.842937469482,6138.55532176154,3860.2876157079427,2.4762091546644474,0,0,1,0.42424242424242425,1,6138.55532176154,1558.950546821257,0,5139.147006988525,4446.587249755859,5848.135741233826,1401.5484914779663,3.4673762342366703,1,240,Weekday IQR,Business event,"Known business context overlaps the flag; review, do not treat as error"
store_day,2016-12-23,16,9608.128002166748,6540.296108313969,3067.831893852779,1.9250327419954805,1,0,1,0.3939393939393939,1,6540.296108313969,1593.6517997468854,0,5139.147006988525,4446.587249755859,5848.135741233826,1401.5484914779663,3.188602479579979,1,240,Weekday IQR,Business event,"Known business context overlaps the flag; review, do not treat as error"
store_day,2016-12-24,16,10620.24797821045,6700.577001367296,3919.670976843153,2.3479179127011975,1,0,1,0.45454545454545453,1,6700.577001367296,1669.4241973450037,0,6794.5,6215.033000946045,7757.924030303955,1542.8910293579102,2.4795970067974102,1,241,Weekday IQR,Business event,"Known business context overlaps the flag; review, do not treat as error"
store_day,2017-01-01,16,0.0,7122.690185683115,-7122.690185683115,-4.084202735303939,0,0,0,0.0,0,7122.690185683115,1743.9609753243694,1,8781.581520080566,7938.295998573303,10023.200731277466,2084.9047327041626,-4.211982150709918,1,240,Rolling z-score + weekday IQR,Potential data issue,Extreme or zero value without mapped context; investigate source records
store_day,2017-02-05,16,9656.567031860352,5915.472892284393,3741.0941395759583,3.184851134170516,0,0,1,0.48484848484848486,1,5915.472892284393,1174.6527488953777,1,8781.581520080566,7938.295998573303,10023.200731277466,2084.9047327041626,0.4196764955513875,0,240,Rolling z-score,Business event,"Known business context overlaps the flag; review, do not treat as error"
store_day,2017-03-26,16,9674.582000732422,5961.482608795166,3713.099391937256,3.4802239376062523,0,0,1,0.36363636363636365,1,5961.482608795166,1066.9139280994598,1,8781.581520080566,7938.295998573303,10023.200731277466,2084.9047327041626,0.4283171631989229,0,240,Rolling z-score,Business event,"Known business context overlaps the flag; review, do not treat as error"
store_day,2017-03-29,16,10797.522022247314,6191.856179918562,4605.665842328753,3.6225268963240675,0,0,1,0.36363636363636365,1,6191.856179918562,1271.3958996418544,1,5196.230001449585,4644.568755149841,6282.019983291626,1637.4512281417847,3.4207382330124103,1,240,Rolling z-score + weekday IQR,Business event,"Known business context overlaps the flag; review, do not treat as error"
store_day,2017-04-12,16,13222.321001052856,6684.046536718096,6538.2744643347605,4.0994890936479385,0,0,1,0.42424242424242425,1,6684.046536718096,1594.8998314120809,1,5196.230001449585,4644.568755149841,6282.019983291626,1637.4512281417847,4.901575608277173,1,240,Rolling z-score + weekday IQR,Business event,"Known business context overlaps the flag; review, do not treat as error"
store_day,2017-04-26,16,16321.779972076416,6738.275716032301,9583.504256044114,4.934531703923827,0,0,1,0.45454545454545453,1,6738.275716032301,1942.1304454125873,1,5196.230001449585,4644.568755149841,6282.019983291626,1637.4512281417847,6.794431357355509,1,240,Rolling z-score + weekday IQR,Business event,"Known business context overlaps the flag; review, do not treat as error"
store_day,2017-05-17,16,9462.133995056152,6649.51674745764,2812.617247598512,1.2615126624244202,0,0,1,0.42424242424242425,1,6649.51674745764,2229.5592675170806,0,5196.230001449585,4644.568755149841,6282.019983291626,1637.4512281417847,2.6052098042929854,1,240,Weekday IQR,Business event,"Known business context overlaps the flag; review, do not treat as error"
store_day,2017-05-21,16,16123.987976074219,6932.229571461678,9191.758404612541,4.126855997652522,0,0,1,0.45454545454545453,1,6932.229571461678,2227.3029177274625,1,8781.581520080566,7938.295998573303,10023.200731277466,2084.9047327041626,3.521698781157452,1,240,Rolling z-score + weekday IQR,Business event,"Known business context overlaps the flag; review, do not treat as error"
store_day,2017-05-26,16,8022.156993865967,6883.63899896826,1138.5179948977066,0.5203123177977573,1,0,1,0.42424242424242425,1,6883.63899896826,2188.143459137253,0,5139.147006988525,4446.587249755859,5848.135741233826,1401.5484914779663,2.0570176518382453,1,240,Weekday IQR,Business event,"Known business context overlaps the flag; review, do not treat as error"
store_day,2017-05-31,16,10699.489009857178,7007.391716940062,3692.0972929171157,1.6468384447388693,0,0,1,0.36363636363636365,1,7007.391716940062,2241.930472726214,0,5196.230001449585,4644.568755149841,6282.019983291626,1637.4512281417847,3.360868961363088,1,240,Weekday IQR,Business event,"Known business context overlaps the flag; review, do not treat as error"
store_day,2017-06-05,16,11002.928009033203,7434.4022508348735,3568.5257581983296,1.4012305798499858,0,0,1,0.3333333333333333,1,7434.4022508348735,2546.7084500684905,0,6521.477005004883,5872.314002990723,7453.472030639648,1581.1580276489258,2.834284066275104,1,241,Weekday IQR,Business event,"Known business context overlaps the flag; review, do not treat as error"
store_day,2017-07-09,16,11435.195976257324,6581.342931304659,4853.853044952665,3.1305052662657578,0,0,1,0.42424242424242425,1,6581.342931304659,1550.5014788691326,1,8781.581520080566,7938.295998573303,10023.200731277466,2084.9047327041626,1.2727749208641141,0,240,Rolling z-score,Business event,"Known business context overlaps the flag; review, do not treat as error"
store_day,2017-07-30,16,10729.074974060059,6337.530789000647,4391.544185059412,3.0663187222043136,0,0,1,0.42424242424242425,1,6337.530789000647,1432.1877739775273,1,8781.581520080566,7938.295998573303,10023.200731277466,2084.9047327041626,0.9340922985260601,0,240,Rolling z-score,Business event,"Known business context overlaps the flag; review, do not treat as error"
store_day,2013-03-02,17,9412.156005859375,5458.935787541525,3953.2202183178497,3.357657145009828,0,0,0,0.0,0,5458.935787541525,1177.374594125297,1,12232.230987548828,8963.36100769043,15560.642959594727,6597.281951904297,-0.4274601271021079,0,241,Rolling z-score,Unexplained anomaly,No mapped business context; investigate before drawing conclusions
store_day,2013-09-01,17,9262.568016052246,6143.548394203186,3119.01962184906,3.2754964153169737,0,0,0,0.0,0,6143.548394203186,952.2280675575793,1,14136.1488571167,9414.044006347656,18766.714714050293,9352.670707702637,-0.5210897500166116,0,240,Rolling z-score,Unexplained anomaly,No mapped business context; investigate before drawing conclusions
store_day,2014-01-01,17,0.0,7376.762429646084,-7376.762429646084,-5.396706841436864,1,0,0,0.0,0,7376.762429646084,1366.9007130433702,1,8859.07347869873,5998.589499473572,11426.617485046387,5428.027985572815,-1.6320979741160713,0,240,Rolling z-score,Business event,"Known business context overlaps the flag; review, do not treat as error"
store_day,2014-03-04,17,12212.655960083008,7138.188149247851,5074.467810835157,3.1594756974664553,1,0,0,0.0,0,7138.188149247851,1606.1107274552896,1,10474.900527954102,6885.877754211426,13761.432949066162,6875.555194854736,0.252744015992969,0,242,Rolling z-score,Business event,"Known business context overlaps the flag; review, do not treat as error"
store_day,2014-09-01,17,12304.57601928711,6967.477643421718,5337.098375865391,3.897512745404729,0,0,1,0.09090909090909091,0,6967.477643421718,1369.3600828266622,1,11004.72998046875,7699.906997680664,14203.128051757812,6503.221054077148,0.19987726512901327,0,241,Rolling z-score,Unexplained anomaly,No mapped business context; investigate before drawing conclusions
store_day,2014-09-06,17,13612.128982543945,7583.647000176566,6028.48198236738,3.0915996835313786,0,0,1,0.09090909090909091,0,7583.647000176566,1949.955556820781,1,12232.230987548828,8963.36100769043,15560.642959594727,6597.281951904297,0.20916159185781222,0,241,Rolling z-score,Unexplained anomaly,No mapped business context; investigate before drawing conclusions
store_day,2014-09-07,17,15182.193939208984,7778.951678412302,7403.242260796683,3.2791177121111956,0,0,1,0.12121212121212122,0,7778.951678412302,2257.6933525299555,1,14136.1488571167,9414.044006347656,18766.714714050293,9352.670707702637,0.1118445324104897,0,240,Rolling z-score,Unexplained anomaly,No mapped business context; investigate before drawing conclusions
store_day,2015-01-01,17,0.0,11053.071184430804,-11053.071184430804,-4.616701791336756,1,0,0,0.0,0,11053.071184430804,2394.1488283197973,1,8465.069145202637,6074.120376586914,10553.120500564575,4479.000123977661,-1.889946173452005,0,240,Rolling z-score,Business event,"Known business context overlaps the flag; review, do not treat as error"
store_day,2015-02-01,17,14333.220001220703,7994.285706111363,6338.93429510934,3.259062420014926,0,0,1,0.030303030303030304,0,7994.285706111363,1945.0177622189601,1,14136.1488571167,9414.044006347656,18766.714714050293,9352.670707702637,0.02107110901934148,0,240,Rolling z-score,Unexplained anomaly,No mapped business context; investigate before drawing conclusions
store_day,2015-05-31,17,18829.47802734375,9341.023713793073,9488.454313550677,4.593125580382857,0,0,1,0.09090909090909091,0,9341.023713793073,2065.7946636764445,1,14136.1488571167,9414.044006347656,18766.714714050293,9352.670707702637,0.5018170014648048,0,240,Rolling z-score,Unexplained anomaly,No mapped business context; investigate before drawing conclusions
store_day,2015-07-04,17,24815.635986328125,11469.871432985577,13345.764553342548,5.5352696524923575,0,0,1,0.12121212121212122,0,11469.871432985577,2411.0414471557624,1,12232.230987548828,8963.36100769043,15560.642959594727,6597.281951904297,1.9073620152231199,0,241,Rolling z-score,Unexplained anomaly,No mapped business context; investigate before drawing conclusions
store_day,2015-08-15,17,20844.538055419922,11431.545137677875,9412.992917742047,4.117676655790167,0,0,1,0.09090909090909091,0,11431.545137677875,2285.99613437489,1,12232.230987548828,8963.36100769043,15560.642959594727,6597.281951904297,1.3054326206848204,0,241,Rolling z-score,Unexplained anomaly,No mapped business context; investigate before drawing conclusions
store_day,2016-01-01,17,0.0,13194.232344491142,-13194.232344491142,-5.276872304231773,1,0,0,0.0,0,13194.232344491142,2500.38878786399,1,7967.423538208008,5761.662509918213,10473.779987335205,4712.117477416992,-1.690837203527331,0,240,Rolling z-score,Business event,"Known business context overlaps the flag; review, do not treat as error"
store_day,2016-03-22,17,0.0,13124.883573804584,-13124.883573804584,-3.8561217229799882,0,0,0,0.0,0,13124.883573804584,3403.648670006649,1,10474.900527954102,6885.877754211426,13761.432949066162,6875.555194854736,-1.52349886388708,0,242,Rolling z-score,Potential data issue,Extreme or zero value without mapped context; investigate source records
store_day,2016-03-23,17,0.0,12694.421503884452,-12694.421503884452,-3.014783198619765,0,0,0,0.0,0,12694.421503884452,4210.72450904471,1,8859.07347869873,5998.589499473572,11426.617485046387,5428.027985572815,-1.6320979741160713,0,240,Rolling z-score,Potential data issue,Extreme or zero value without mapped context; investigate source records
store_day,2016-04-18,17,24955.336029052734,14461.006762640816,10494.329266411918,1.6598057895958176,0,1,1,0.3333333333333333,1,14461.006762640816,6322.62481080236,0,11004.72998046875,7699.906997680664,14203.128051757812,6503.221054077148,2.145184045348997,1,241,Weekday IQR,Business event,"Known business context overlaps the flag; review, do not treat as error"
store_day,2016-04-19,17,25478.67596435547,14854.582797186715,10624.093167168754,1.6037645122190884,0,1,1,0.30303030303030304,1,14854.582797186715,6624.472038272293,0,10474.900527954102,6885.877754211426,13761.432949066162,6875.555194854736,2.182191112018025,1,242,Weekday IQR,Business event,"Known business context overlaps the flag; review, do not treat as error"
store_day,2016-04-20,17,20520.425079345703,15764.53551019941,4755.889569146293,0.7612315089089764,0,1,1,0.3939393939393939,1,15764.53551019941,6247.625739983622,0,8859.07347869873,5998.589499473572,11426.617485046387,5428.027985572815,2.1483587836396096,1,240,Weekday IQR,Business event,"Known business context overlaps the flag; review, do not treat as error"
store_day,2016-04-21,17,17437.114044189453,16497.407834461756,939.7062097276976,0.17125501240270052,0,1,1,0.3939393939393939,1,16497.407834461756,5487.174924363728,0,8465.069145202637,6074.120376586914,10553.120500564575,4479.000123977661,2.003135666586904,1,240,Weekday IQR,Business event,"Known business context overlaps the flag; review, do not treat as error"
store_day,2016-09-03,17,19475.161010742188,13385.11749976022,6090.043510981968,3.1342822073530363,0,0,1,0.48484848484848486,1,13385.11749976022,1943.0424920559822,1,12232.230987548828,8963.36100769043,15560.642959594727,6597.281951904297,1.0978657689630344,0,241,Rolling z-score,Business event,"Known business context overlaps the flag; review, do not treat as error"
store_day,2016-09-04,17,20345.838928222656,13532.457217080253,6813.381711142403,3.052042137165405,0,0,1,0.48484848484848486,1,13532.457217080253,2232.400931879124,1,14136.1488571167,9414.044006347656,18766.714714050293,9352.670707702637,0.6639483271865655,0,240,Rolling z-score,Business event,"Known business context overlaps the flag; review, do not treat as error"
store_day,2016-12-22,17,17558.787887573242,15134.668016161237,2424.1198714120055,0.6342359289802711,1,0,1,0.48484848484848486,1,15134.668016161237,3822.1106068675767,0,8465.069145202637,6074.120376586914,10553.120500564575,4479.000123977661,2.0303010695821895,1,240,Weekday IQR,Business event,"Known business context overlaps the flag; review, do not treat as error"
store_day,2016-12-23,17,18564.542922973633,15420.838940211705,3143.7039827619283,0.8529438539261628,1,0,1,0.48484848484848486,1,15420.838940211705,3685.7103410631653,0,7967.423538208008,5761.662509918213,10473.779987335205,4712.117477416992,2.24890814703851,1,240,Weekday IQR,Business event,"Known business context overlaps the flag; review, do not treat as error"
store_day,2017-01-01,17,0.0,16088.199346542358,-16088.199346542358,-4.598554592722537,0,0,0,0.0,0,16088.199346542358,3498.5339462975626,1,14136.1488571167,9414.044006347656,18766.714714050293,9352.670707702637,-1.5114558503032192,0,240,Rolling z-score,Potential data issue,Extreme or zero value without mapped context; investigate source records
store_day,2017-01-02,17,28026.0431060791,15440.379271098545,12585.663834980556,2.731173835440012,1,0,1,0.48484848484848486,1,15440.379271098545,4608.151876554908,0,11004.72998046875,7699.906997680664,14203.128051757812,6503.221054077148,2.6173665302271956,1,241,Weekday IQR,Business event,"Known business context overlaps the flag; review, do not treat as error"
store_day,2017-01-03,17,26587.824020385742,15594.207562855312,10993.61645753043,2.2192852995903602,0,0,1,0.42424242424242425,1,15594.207562855312,4953.674257005015,0,10474.900527954102,6885.877754211426,13761.432949066162,6875.555194854736,2.3435087110477437,1,242,Weekday IQR,Business event,"Known business context overlaps the flag; review, do not treat as error"
store_day,2017-03-05,17,25611.251922607422,14786.58822604588,10824.663696561542,3.371256307228179,0,0,1,0.45454545454545453,1,14786.58822604588,3210.8693941047445,1,14136.1488571167,9414.044006347656,18766.714714050293,9352.670707702637,1.2269332925449947,0,240,Rolling z-score,Business event,"Known business context overlaps the flag; review, do not treat as error"
store_day,2017-04-01,17,25552.558975219727,15383.82357113702,10168.735404082707,2.523625334798177,0,0,1,0.3939393939393939,1,15383.82357113702,4029.4156441791843,0,12232.230987548828,8963.36100769043,15560.642959594727,6597.281951904297,2.019063014856596,1,241,Weekday IQR,Business event,"Known business context overlaps the flag; review, do not treat as error"
store_day,2017-05-01,17,24903.327056884766,15246.400853838239,9656.926203046527,2.8280020437629063,1,0,1,0.45454545454545453,1,15246.400853838239,3414.752200884952,0,11004.72998046875,7699.906997680664,14203.128051757812,6503.221054077148,2.1371866281098333,1,241,Weekday IQR,Business event,"Known business context overlaps the flag; review, do not treat as error"
store_day,2013-06-02,18,10242.8600025177,5359.172036290169,4883.687966227531,3.7824678313206346,0,0,0,0.0,0,5359.172036290169,1291.1380040798417,1,10703.916456222534,8019.245487689972,14387.552391052246,6368.306903362274,-0.07239859207498466,0,240,Rolling z-score,Unexplained anomaly,No mapped business context; investigate before drawing conclusions
store_day,2013-08-31,18,7486.097009181976,4874.513357345547,2611.5836518364295,3.1064728686602856,0,0,0,0.0,0,4874.513357345547,840.6909579618235,1,9035.48692893982,6843.276012420654,11981.969911575317,5138.693899154663,-0.3015143439489019,0,241,Rolling z-score,Unexplained anomaly,No mapped business context; investigate before drawing conclusions
store_day,2013-09-01,18,9062.770003795624,4915.812786268337,4146.957217527287,4.422760274152645,0,0,0,0.0,0,4915.812786268337,937.6400619682696,1,10703.916456222534,8019.245487689972,14387.552391052246,6368.306903362274,-0.25770530179072154,0,240,Rolling z-score,Unexplained anomaly,No mapped business context; investigate before drawing conclusions
store_day,2013-12-01,18,11981.001985549927,5780.131142871721,6200.870842678206,3.5414601007292714,0,0,0,0.0,0,5780.131142871721,1750.9362427664505,1,10703.916456222534,8019.245487689972,14387.552391052246,6368.306903362274,0.20053768587269716,0,240,Rolling z-score,Unexplained anomaly,No mapped business context; investigate before drawing conclusions
store_day,2014-01-01,18,0.0,6684.586321396487,-6684.586321396487,-4.244831653783777,1,0,0,0.0,0,6684.586321396487,1574.7588754050942,1,6853.617509841919,4598.377246141434,8372.257026910782,3773.879780769348,-1.816066729196321,0,240,Rolling z-score,Business event,"Known business context overlaps the flag; review, do not treat as error"
store_day,2014-01-04,18,12467.375829696655,6534.729286415236,5932.646543281419,3.010682771512887,0,0,0,0.0,0,6534.729286415236,1970.531933625218,1,9035.48692893982,6843.276012420654,11981.969911575317,5138.693899154663,0.6678523702922636,0,241,Rolling z-score,Unexplained anomaly,No mapped business context; investigate before drawing conclusions
store_day,2014-01-05,18,13859.653072357178,6790.20974458967,7069.443327767508,3.141609914317341,0,0,0,0.0,0,6790.20974458967,2250.26133752308,1,10703.916456222534,8019.245487689972,14387.552391052246,6368.306903362274,0.4955377722874049,0,240,Rolling z-score,Unexplained anomaly,No mapped business context; investigate before drawing conclusions
store_day,2014-03-04,18,11869.0595703125,5741.5493678195135,6127.5102024929865,4.12389973154729,1,0,0,0.0,0,5741.5493678195135,1485.853343042834,1,8773.115601539612,5420.818751335144,11256.665727734566,5835.846976399422,0.530504651902818,0,242,Rolling z-score,Business event,"Known business context overlaps the flag; review, do not treat as error"
store_day,2014-03-09,18,14742.277019500732,6425.466979763338,8316.810039737395,4.02360700446608,0,0,0,0.0,0,6425.466979763338,2067.0035693113145,1,10703.916456222534,8019.245487689972,14387.552391052246,6368.306903362274,0.6341340994646576,0,240,Rolling z-score,Unexplained anomaly,No mapped business context; investigate before drawing conclusions
store_day,2014-06-01,18,11506.711072921753,5985.617818836655,5521.093254085098,3.9471828959764523,0,0,1,0.030303030303030304,0,5985.617818836655,1398.7426981691185,1,10703.916456222534,8019.245487689972,14387.552391052246,6368.306903362274,0.12606091836989944,0,240,Rolling z-score,Unexplained anomaly,No mapped business context; investigate before drawing conclusions
store_day,2014-07-01,18,10750.568979740143,6073.664984805243,4676.9039949349,3.587278692133363,0,1,1,0.15151515151515152,0,6073.664984805243,1303.7470451322906,1,8773.115601539612,5420.818751335144,11256.665727734566,5835.846976399422,0.33884599548231686,0,242,Rolling z-score,Business event,"Known business context overlaps the flag; review, do not treat as error"
store_day,2014-08-31,18,11103.471145629883,6325.2368389091325,4778.23430672075,4.028297413358977,0,0,1,0.09090909090909091,0,6325.2368389091325,1186.167210711595,1,10703.916456222534,8019.245487689972,14387.552391052246,6368.306903362274,0.06274111714000401,0,240,Rolling z-score,Unexplained anomaly,No mapped business context; investigate before drawing conclusions
store_day,2014-09-01,18,12269.595039367676,6434.645198279193,5834.949841088483,3.996838938296747,0,0,1,0.06060606060606061,0,6434.645198279193,1459.891161782728,1,7667.262097358704,5531.39803314209,9577.868927955627,4046.4708948135376,1.1373695898586338,0,241,Rolling z-score,Unexplained anomaly,No mapped business context; investigate before drawing conclusions
store_day,2014-09-02,18,12965.460083007812,6662.081374592015,6303.3787084157975,3.4552194310781403,0,0,1,0.12121212121212122,0,6662.081374592015,1824.3063383239135,1,8773.115601539612,5420.818751335144,11256.665727734566,5835.846976399422,0.7183780689285272,0,242,Rolling z-score,Unexplained anomaly,No mapped business context; investigate before drawing conclusions
store_day,2014-09-07,18,17001.604342460632,7646.312847520624,9355.291494940007,3.782070088804871,0,0,1,0.21212121212121213,0,7646.312847520624,2473.590196710571,1,10703.916456222534,8019.245487689972,14387.552391052246,6368.306903362274,0.9889108646621771,0,240,Rolling z-score,Unexplained anomaly,No mapped business context; investigate before drawing conclusions
store_day,2015-01-01,18,0.0,10181.305473753384,-10181.305473753384,-4.151008306968907,1,0,0,0.0,0,10181.305473753384,2452.730691157744,1,7094.15195274353,5011.362523555756,8287.162264108658,3275.799740552902,-2.1656244320802562,1,240,Rolling z-score + weekday IQR,Business event,"Known business context overlaps the flag; review, do not treat as error"
store_day,2015-02-01,18,11316.44808959961,6649.536171504429,4666.91191809518,3.031491779641815,0,0,1,0.030303030303030304,0,6649.536171504429,1539.4770157175217,1,10703.916456222534,8019.245487689972,14387.552391052246,6368.306903362274,0.09618437720921977,0,240,Rolling z-score,Unexplained anomaly,No mapped business context; investigate before drawing conclusions
store_day,2015-03-01,18,11674.326751708984,5975.431799054146,5698.894952654839,3.338056964857274,0,0,1,0.06060606060606061,0,5975.431799054146,1707.2491610096017,1,10703.916456222534,8019.245487689972,14387.552391052246,6368.306903362274,0.15238120747197387,0,240,Rolling z-score,Unexplained anomaly,No mapped business context; investigate before drawing conclusions
store_day,2015-03-15,18,12551.188999176025,6329.720105562891,6221.468893613134,3.489004823091931,0,0,1,0.21212121212121213,0,6329.720105562891,1783.1643144877378,1,10703.916456222534,8019.245487689972,14387.552391052246,6368.306903362274,0.29007278873104986,0,240,Rolling z-score,Unexplained anomaly,No mapped business context; investigate before drawing conclusions
store_day,2015-05-19,18,13254.002055168152,6851.8576991558075,6402.144356012344,4.210083954781754,0,0,1,0.15151515151515152,0,6851.8576991558075,1520.6690471673087,1,8773.115601539612,5420.818751335144,11256.665727734566,5835.846976399422,0.7678211015041282,0,242,Rolling z-score,Unexplained anomaly,No mapped business context; investigate before drawing conclusions
store_day,2015-05-29,18,13152.227240562439,7372.214025003569,5780.01321555887,3.2103488779682343,0,0,1,0.2727272727272727,1,7372.214025003569,1800.43149055405,1,6311.187009990215,4292.711503982544,7542.892193317413,3250.1806893348694,2.1048184345628496,1,240,Rolling z-score + weekday IQR,Business event,"Known business context overlaps the flag; review, do not treat as error"
store_day,2015-06-19,18,17897.911996364594,9169.298421331814,8728.61357503278,3.5995657096121056,0,0,1,0.2727272727272727,1,9169.298421331814,2424.907413615013,1,6311.187009990215,4292.711503982544,7542.892193317413,3250.1806893348694,3.564947950246278,1,240,Rolling z-score + weekday IQR,Business event,"Known business context overlaps the flag; review, do not treat as error"
store_day,2015-08-17,18,15358.81815958023,8386.271442021642,6972.546717558589,3.8132802818229057,0,0,1,0.06060606060606061,0,8386.271442021642,1828.490486470463,1,7667.262097358704,5531.39803314209,9577.868927955627,4046.4708948135376,1.9008059769019927,0,241,Rolling z-score,Unexplained anomaly,No mapped business context; investigate before drawing conclusions
store_day,2015-09-01,18,16588.486090660095,8820.05245812876,7768.433632531336,3.5084701927866053,0,0,1,0.12121212121212122,0,8820.05245812876,2214.193995007622,1,8773.115601539612,5420.818751335144,11256.665727734566,5835.846976399422,1.3392007228301899,0,242,Rolling z-score,Unexplained anomaly,No mapped business context; investigate before drawing conclusions
store_day,2015-09-06,18,18500.56499862671,9445.192280305284,9055.372718321425,3.373718468476993,0,0,1,0.21212121212121213,0,9445.192280305284,2684.0925829858343,1,10703.916456222534,8019.245487689972,14387.552391052246,6368.306903362274,1.2242890709754863,0,240,Rolling z-score,Unexplained anomaly,No mapped business context; investigate before drawing conclusions
store_day,2015-12-17,18,13855.455812454224,10392.55175000855,3462.904062445674,1.2681324100324258,0,0,1,0.21212121212121213,0,10392.55175000855,2730.7117419679607,0,7094.15195274353,5011.362523555756,8287.162264108658,3275.799740552902,2.0640162388466075,1,240,Weekday IQR,Unexplained anomaly,No mapped business context; investigate before drawing conclusions
store_day,2016-01-01,18,0.0,10305.348359039852,-10305.348359039852,-4.239709775565932,1,0,0,0.0,0,10305.348359039852,2430.6730659799127,1,6311.187009990215,4292.711503982544,7542.892193317413,3250.1806893348694,-1.9417957379107322,0,240,Rolling z-score,Business event,"Known business context overlaps the flag; review, do not treat as error"
store_day,2016-04-03,18,20999.95690536499,9990.605069654328,11009.351835710662,4.004359637036736,0,0,1,0.12121212121212122,0,9990.605069654328,2749.3414262505366,1,10703.916456222534,8019.245487689972,14387.552391052246,6368.306903362274,1.6167626035275493,0,240,Rolling z-score,Unexplained anomaly,No mapped business context; investigate before drawing conclusions
store_day,2016-04-17,18,26674.940782546997,10290.045391840595,16384.895390706402,4.866216987486231,0,1,1,0.3333333333333333,1,10290.045391840595,3367.0704435994417,1,10703.916456222534,8019.245487689972,14387.552391052246,6368.306903362274,2.5078917471600253,1,240,Rolling z-score + weekday IQR,Business event,"Known business context overlaps the flag; review, do not treat as error"
store_day,2016-04-18,18,28454.561478614807,10753.780986930642,17700.780491684163,3.897199548092284,0,1,1,0.3333333333333333,1,10753.780986930642,4541.923058661151,1,7667.262097358704,5531.39803314209,9577.868927955627,4046.4708948135376,5.137142938035141,1,241,Rolling z-score + weekday IQR,Business event,"Known business context overlaps the flag; review, do not treat as error"
store_day,2016-04-19,18,27584.753845214844,11475.59900439637,16109.154840818474,2.872070978453928,0,1,1,0.36363636363636365,1,11475.59900439637,5608.898582823407,0,8773.115601539612,5420.818751335144,11256.665727734566,5835.846976399422,3.223463247023239,1,242,Weekday IQR,Business event,"Known business context overlaps the flag; review, do not treat as error"
store_day,2016-04-20,18,18291.789034366608,12130.292500896114,6161.496533470494,0.9688602562623152,0,1,1,0.30303030303030304,1,12130.292500896114,6359.530689431327,0,6853.617509841919,4598.377246141434,8372.257026910782,3773.879780769348,3.0308786153736165,1,240,Weekday IQR,Business event,"Known business context overlaps the flag; review, do not treat as error"
store_day,2016-04-21,18,29701.359150886536,12496.861893389907,17204.49725749663,2.6840441942574063,0,1,1,0.3333333333333333,1,12496.861893389907,6409.915788386113,0,7094.15195274353,5011.362523555756,8287.162264108658,3275.799740552902,6.901278768135953,1,240,Weekday IQR,Business event,"Known business context overlaps the flag; review, do not treat as error"
store_day,2016-04-22,18,13756.48413658142,13274.229364063058,482.2547725183631,0.06776050890393502,0,1,1,0.36363636363636365,1,13274.229364063058,7117.047677461545,0,6311.187009990215,4292.711503982544,7542.892193317413,3250.1806893348694,2.290733297081659,1,240,Weekday IQR,Business event,"Known business context overlaps the flag; review, do not treat as error"
store_day,2016-08-15,18,0.0,9075.809638585362,-9075.809638585362,-4.1756976898975555,0,0,0,0.0,0,9075.809638585362,2173.4834062683362,1,7667.262097358704,5531.39803314209,9577.868927955627,4046.4708948135376,-1.8948022354951384,0,241,Rolling z-score,Potential data issue,Extreme or zero value without mapped context; investigate source records
store_day,2016-08-16,18,0.0,8777.70124260017,-8777.70124260017,-3.1709014643807993,0,0,0,0.0,0,8777.70124260017,2768.2037241463895,1,8773.115601539612,5420.818751335144,11256.665727734566,5835.846976399422,-1.503314880773727,0,242,Rolling z-score,Potential data issue,Extreme or zero value without mapped context; investigate source records
store_day,2016-08-18,18,0.0,8202.145703588214,-8202.145703588214,-2.2878010902304107,0,0,0,0.0,0,8202.145703588214,3585.165571698435,0,7094.15195274353,5011.362523555756,8287.162264108658,3275.799740552902,-2.1656244320802562,1,240,Weekday IQR,Potential data issue,Extreme or zero value without mapped context; investigate source records
store_day,2016-08-25,18,0.0,5785.187023001058,-5785.187023001058,-1.2186615694763547,0,0,0,0.0,0,5785.187023001058,4747.164567999702,0,7094.15195274353,5011.362523555756,8287.162264108658,3275.799740552902,-2.1656244320802562,1,240,Weekday IQR,Potential data issue,Extreme or zero value without mapped context; investigate source records
store_day,2016-09-01,18,0.0,3346.1922850864275,-3346.1922850864275,-0.7672722128598206,0,0,0,0.0,0,3346.1922850864275,4361.154006365367,0,7094.15195274353,5011.362523555756,8287.162264108658,3275.799740552902,-2.1656244320802562,1,240,Weekday IQR,Potential data issue,Extreme or zero value without mapped context; investigate source records
store_day,2016-09-08,18,0.0,1092.8770996502467,-1092.8770996502467,-0.400291075030325,0,0,0,0.0,0,1092.8770996502467,2730.20601213118,0,7094.15195274353,5011.362523555756,8287.162264108658,3275.799740552902,-2.1656244320802562,1,240,Weekday IQR,Potential data issue,Extreme or zero value without mapped context; investigate source records
store_day,2016-09-15,18,0.0,0.0,0.0,,0,0,0,0.0,0,0.0,0.0,0,7094.15195274353,5011.362523555756,8287.162264108658,3275.799740552902,-2.1656244320802562,1,240,Weekday IQR,Potential data issue,Extreme or zero value without mapped context; investigate source records
store_day,2016-09-22,18,0.0,0.0,0.0,,0,0,0,0.0,0,0.0,0.0,0,7094.15195274353,5011.362523555756,8287.162264108658,3275.799740552902,-2.1656244320802562,1,240,Weekday IQR,Potential data issue,Extreme or zero value without mapped context; investigate source records
store_day,2016-09-29,18,0.0,0.0,0.0,,0,0,0,0.0,0,0.0,0.0,0,7094.15195274353,5011.362523555756,8287.162264108658,3275.799740552902,-2.1656244320802562,1,240,Weekday IQR,Potential data issue,Extreme or zero value without mapped context; investigate source records
store_day,2016-10-06,18,0.0,0.0,0.0,,0,0,0,0.0,0,0.0,0.0,0,7094.15195274353,5011.362523555756,8287.162264108658,3275.799740552902,-2.1656244320802562,1,240,Weekday IQR,Potential data issue,Extreme or zero value without mapped context; investigate source records
store_day,2016-10-13,18,0.0,0.0,0.0,,0,0,0,0.0,0,0.0,0.0,0,7094.15195274353,5011.362523555756,8287.162264108658,3275.799740552902,-2.1656244320802562,1,240,Weekday IQR,Potential data issue,Extreme or zero value without mapped context; investigate source records
store_day,2016-10-20,18,0.0,0.0,0.0,,0,0,0,0.0,0,0.0,0.0,0,7094.15195274353,5011.362523555756,8287.162264108658,3275.799740552902,-2.1656244320802562,1,240,Weekday IQR,Potential data issue,Extreme or zero value without mapped context; investigate source records
store_day,2016-10-27,18,0.0,0.0,0.0,,0,0,0,0.0,0,0.0,0.0,0,7094.15195274353,5011.362523555756,8287.162264108658,3275.799740552902,-2.1656244320802562,1,240,Weekday IQR,Potential data issue,Extreme or zero value without mapped context; investigate source records
store_day,2016-11-03,18,0.0,0.0,0.0,,1,0,0,0.0,0,0.0,0.0,0,7094.15195274353,5011.362523555756,8287.162264108658,3275.799740552902,-2.1656244320802562,1,240,Weekday IQR,Business event,"Known business context overlaps the flag; review, do not treat as error"
store_day,2016-11-10,18,0.0,0.0,0.0,,0,0,0,0.0,0,0.0,0.0,0,7094.15195274353,5011.362523555756,8287.162264108658,3275.799740552902,-2.1656244320802562,1,240,Weekday IQR,Potential data issue,Extreme or zero value without mapped context; investigate source records
store_day,2016-11-17,18,0.0,0.0,0.0,,0,0,0,0.0,0,0.0,0.0,0,7094.15195274353,5011.362523555756,8287.162264108658,3275.799740552902,-2.1656244320802562,1,240,Weekday IQR,Potential data issue,Extreme or zero value without mapped context; investigate source records
store_day,2016-11-24,18,0.0,0.0,0.0,,0,0,0,0.0,0,0.0,0.0,0,7094.15195274353,5011.362523555756,8287.162264108658,3275.799740552902,-2.1656244320802562,1,240,Weekday IQR,Potential data issue,Extreme or zero value without mapped context; investigate source records
store_day,2016-12-01,18,0.0,0.0,0.0,,0,0,0,0.0,0,0.0,0.0,0,7094.15195274353,5011.362523555756,8287.162264108658,3275.799740552902,-2.1656244320802562,1,240,Weekday IQR,Potential data issue,Extreme or zero value without mapped context; investigate source records
store_day,2016-12-04,18,21586.283096313477,628.8712561471121,20957.411840166365,6.297916341681926,0,0,1,0.5454545454545454,1,628.8712561471121,3327.673900884092,1,10703.916456222534,8019.245487689972,14387.552391052246,6368.306903362274,1.7088320027958108,0,240,Rolling z-score,Business event,"Known business context overlaps the flag; review, do not treat as error"
store_day,2016-12-23,18,13678.128986358643,8872.896310993603,4805.2326753650395,0.7222320978760499,1,0,1,0.48484848484848486,1,8872.896310993603,6653.308111750134,0,6311.187009990215,4292.711503982544,7542.892193317413,3250.1806893348694,2.2666253604122018,1,240,Weekday IQR,Business event,"Known business context overlaps the flag; review, do not treat as error"
store_day,2017-01-01,18,0.0,11938.344309585435,-11938.344309585435,-3.2398829118872814,0,0,0,0.0,0,11938.344309585435,3684.807332321515,1,10703.916456222534,8019.245487689972,14387.552391052246,6368.306903362274,-1.6808103972770516,0,240,Rolling z-score,Potential data issue,Extreme or zero value without mapped context; investigate source records
store_day,2017-01-02,18,20716.67995452881,11309.473053438323,9407.206901090485,2.2646199656417796,1,0,1,0.48484848484848486,1,11309.473053438323,4153.989209586669,0,7667.262097358704,5531.39803314209,9577.868927955627,4046.4708948135376,3.2248885995685446,1,241,Weekday IQR,Business event,"Known business context overlaps the flag; review, do not treat as error"
store_day,2017-04-01,18,25624.409984588623,11940.037511859622,13684.372472729001,4.167555331225213,0,0,1,0.45454545454545453,1,11940.037511859622,3283.5490797685356,1,9035.48692893982,6843.276012420654,11981.969911575317,5138.693899154663,3.2282372488421136,1,241,Rolling z-score + weekday IQR,Business event,"Known business context overlaps the flag; review, do not treat as error"
store_day,2017-05-01,18,20031.379222869873,11774.528815048081,8256.850407821792,2.445020125555432,1,0,1,0.5454545454545454,1,11774.528815048081,3377.0071344284315,0,7667.262097358704,5531.39803314209,9577.868927955627,4046.4708948135376,3.0555309668379342,1,241,Weekday IQR,Business event,"Known business context overlaps the flag; review, do not treat as error"
store_day,2013-01-01,19,0.0,6891.5920124053955,-6891.5920124053955,,1,0,0,0.0,0,,,0,6891.5920124053955,5205.944246292114,8142.311747550964,2936.36750125885,-2.346978710754325,1,242,Weekday IQR,Business event,"Known business context overlaps the flag; review, do not treat as error"
store_day,2013-02-02,19,7267.584007263184,4086.0767158780777,3181.507291385106,3.6723192885055993,0,0,0,0.0,0,4086.0767158780777,866.3482234083674,1,12238.888000488281,9846.143997192383,13720.590957641602,3874.4469604492188,-1.2831002834656704,0,241,Rolling z-score,Unexplained anomaly,No mapped business context; investigate before drawing conclusions
store_day,2013-03-30,19,8223.115997314453,4504.697891848428,3718.418105466025,3.0601589873073047,0,0,0,0.0,0,4504.697891848428,1215.1061826816833,1,12238.888000488281,9846.143997192383,13720.590957641602,3874.4469604492188,-1.036476184644485,0,241,Rolling z-score,Unexplained anomaly,No mapped business context; investigate before drawing conclusions
store_day,2013-08-31,19,9212.268981933594,4796.580572571073,4415.68840936252,4.054960639908897,0,0,0,0.0,0,4796.580572571073,1088.9596229130668,1,12238.888000488281,9846.143997192383,13720.590957641602,3874.4469604492188,-0.7811744616588503,0,241,Rolling z-score,Unexplained anomaly,No mapped business context; investigate before drawing conclusions
store_day,2013-09-07,19,8914.584991455078,4942.482392072678,3972.1025993824005,3.199953929863143,0,0,0,0.0,0,4942.482392072678,1241.2999332000636,1,12238.888000488281,9846.143997192383,13720.590957641602,3874.4469604492188,-0.8580071021665941,0,241,Rolling z-score,Unexplained anomaly,No mapped business context; investigate before drawing conclusions
store_day,2013-11-09,19,9746.886016845703,5295.37992797579,4451.506088869913,3.1554008520547545,0,0,0,0.0,0,5295.37992797579,1410.7577127549903,1,12238.888000488281,9846.143997192383,13720.590957641602,3874.4469604492188,-0.6431890819725263,0,241,Rolling z-score,Unexplained anomaly,No mapped business context; investigate before drawing conclusions
store_day,2013-11-30,19,10384.249969482422,5616.702430180141,4767.547539302281,3.1331464094260024,0,0,0,0.0,0,5616.702430180141,1521.6485016337629,1,12238.888000488281,9846.143997192383,13720.590957641602,3874.4469604492188,-0.4786845838743461,0,241,Rolling z-score,Unexplained anomaly,No mapped business context; investigate before drawing conclusions
store_day,2014-01-01,19,0.0,7055.319997787476,-7055.319997787476,-3.956595156295476,1,0,0,0.0,0,7055.319997787476,1783.179658035397,1,6764.156494140625,5025.14649772644,7733.280740737915,2708.1342430114746,-2.4977183134831638,1,240,Rolling z-score + weekday IQR,Business event,"Known business context overlaps the flag; review, do not treat as error"
store_day,2014-03-01,19,12486.43099975586,6238.930701868875,6247.500297886984,4.116392285287928,0,0,0,0.0,0,6238.930701868875,1517.7125659805752,1,12238.888000488281,9846.143997192383,13720.590957641602,3874.4469604492188,0.06389118286932931,0,241,Rolling z-score,Unexplained anomaly,No mapped business context; investigate before drawing conclusions
store_day,2014-05-03,19,11632.61099243164,5883.025860037123,5749.585132394518,3.6264663860193607,0,0,0,0.0,0,5883.025860037123,1585.4511031896334,1,12238.888000488281,9846.143997192383,13720.590957641602,3874.4469604492188,-0.15648091566243727,0,241,Rolling z-score,Unexplained anomaly,No mapped business context; investigate before drawing conclusions
store_day,2014-08-30,19,11256.620025634766,6246.119033404759,5010.500992230007,3.1464263080851476,0,0,1,0.030303030303030304,0,6246.119033404759,1592.4418694805847,1,12238.888000488281,9846.143997192383,13720.590957641602,3874.4469604492188,-0.2535246926543621,0,241,Rolling z-score,Unexplained anomaly,No mapped business context; investigate before drawing conclusions
store_day,2014-09-06,19,15025.377990722656,6772.179535661425,8253.198455061232,4.455209724299941,0,0,1,0.12121212121212122,0,6772.179535661425,1852.4825913460404,1,12238.888000488281,9846.143997192383,13720.590957641602,3874.4469604492188,0.719196834717102,0,241,Rolling z-score,Unexplained anomaly,No mapped business context; investigate before drawing conclusions
store_day,2014-12-06,19,14101.426162719727,7963.050347055708,6138.375815664019,3.0142024972177643,0,0,1,0.030303030303030304,0,7963.050347055708,2036.484218074266,1,12238.888000488281,9846.143997192383,13720.590957641602,3874.4469604492188,0.4807236184272078,0,241,Rolling z-score,Unexplained anomaly,No mapped business context; investigate before drawing conclusions
store_day,2014-12-20,19,16729.75701904297,8630.119727407184,8099.637291635785,3.480510565557879,0,0,1,0.12121212121212122,0,8630.119727407184,2327.1405556953173,1,12238.888000488281,9846.143997192383,13720.590957641602,3874.4469604492188,1.1590993667994356,0,241,Rolling z-score,Unexplained anomaly,No mapped business context; investigate before drawing conclusions
store_day,2014-12-24,19,13435.057090759277,9241.945693561009,4193.111397198269,1.4803197101301537,1,0,1,0.06060606060606061,0,9241.945693561009,2832.571483378816,0,6764.156494140625,5025.14649772644,7733.280740737915,2708.1342430114746,2.4632828353444323,1,240,Weekday IQR,Business event,"Known business context overlaps the flag; review, do not treat as error"
store_day,2015-01-01,19,0.0,9977.829199518475,-9977.829199518475,-3.6276538705358012,1,0,0,0.0,0,9977.829199518475,2750.490966230127,1,6482.293502807617,5157.60525894165,7432.122520446777,2274.517261505127,-2.849964523249236,1,240,Rolling z-score + weekday IQR,Business event,"Known business context overlaps the flag; review, do not treat as error"
store_day,2015-05-09,19,13282.075996398926,7391.871178354536,5890.20481804439,3.2496591108844317,1,0,1,0.030303030303030304,0,7391.871178354536,1812.560830862442,1,12238.888000488281,9846.143997192383,13720.590957641602,3874.4469604492188,0.26924823247282065,0,241,Rolling z-score,Business event,"Known business context overlaps the flag; review, do not treat as error"
store_day,2015-05-30,19,14990.958000183105,7706.563140732901,7284.394859450204,3.4476350937140907,0,0,1,0.030303030303030304,0,7706.563140732901,2112.8671281747584,1,12238.888000488281,9846.143997192383,13720.590957641602,3874.4469604492188,0.7103129886118607,0,241,Rolling z-score,Unexplained anomaly,No mapped business context; investigate before drawing conclusions
store_day,2015-08-01,19,15073.206016540527,8406.335857936314,6666.870158604213,3.210213964076097,0,0,1,0.09090909090909091,0,8406.335857936314,2076.7681634962128,1,12238.888000488281,9846.143997192383,13720.590957641602,3874.4469604492188,0.7315413128596873,0,241,Rolling z-score,Unexplained anomaly,No mapped business context; investigate before drawing conclusions
store_day,2015-09-05,19,15317.034965515137,8900.272576059613,6416.762389455524,3.347341801576854,0,0,1,0.21212121212121213,0,8900.272576059613,1916.9725620588665,1,12238.888000488281,9846.143997192383,13720.590957641602,3874.4469604492188,0.7944738943258015,0,241,Rolling z-score,Unexplained anomaly,No mapped business context; investigate before drawing conclusions
store_day,2015-10-03,19,18200.824996948242,9604.49107142857,8596.333925519672,4.1130658685311285,0,0,1,0.18181818181818182,0,9604.49107142857,2090.0063846022535,1,12238.888000488281,9846.143997192383,13720.590957641602,3874.4469604492188,1.538784001257488,0,241,Rolling z-score,Unexplained anomaly,No mapped business context; investigate before drawing conclusions
store_day,2015-11-03,19,12809.372016906738,9331.942432812282,3477.429584094456,1.4081537743565873,1,0,1,0.15151515151515152,0,9331.942432812282,2469.495624285324,0,6891.5920124053955,5205.944246292114,8142.311747550964,2936.36750125885,2.0153403829610332,1,242,Weekday IQR,Business event,"Known business context overlaps the flag; review, do not treat as error"
store_day,2015-11-04,19,11811.890991210938,9461.381683485848,2350.5093077250895,0.9199588211908796,0,0,1,0.12121212121212122,0,9461.381683485848,2555.015782861208,0,6764.156494140625,5025.14649772644,7733.280740737915,2708.1342430114746,1.863915908192637,1,240,Weekday IQR,Unexplained anomaly,No mapped business context; investigate before drawing conclusions
store_day,2015-12-05,19,15410.485153198242,9174.633708136422,6235.85144506182,3.043632711512047,0,0,1,0.12121212121212122,0,9174.633708136422,2048.8186440748004,1,12238.888000488281,9846.143997192383,13720.590957641602,3874.4469604492188,0.8185935141417534,0,241,Rolling z-score,Unexplained anomaly,No mapped business context; investigate before drawing conclusions
store_day,2015-12-19,19,16311.427261352539,9550.28342301505,6761.14383833749,3.172582185571526,0,0,1,0.12121212121212122,0,9550.28342301505,2131.117002763949,1,12238.888000488281,9846.143997192383,13720.590957641602,3874.4469604492188,1.0511278906221164,0,241,Rolling z-score,Unexplained anomaly,No mapped business context; investigate before drawing conclusions
store_day,2015-12-21,19,14668.079093933105,9744.135150636945,4923.943943296161,2.002999337661396,1,0,1,0.15151515151515152,0,9744.135150636945,2458.2853577201463,0,7738.087982177734,6013.5570068359375,9099.484992980957,3085.9279861450195,2.2456749291847227,1,241,Weekday IQR,Business event,"Known business context overlaps the flag; review, do not treat as error"
store_day,2015-12-22,19,14765.535064697266,9951.747904368809,4813.787160328457,1.8369549531777827,1,0,1,0.15151515151515152,0,9951.747904368809,2620.5254255151963,0,6891.5920124053955,5205.944246292114,8142.311747550964,2936.36750125885,2.681525064187719,1,242,Weekday IQR,Business event,"Known business context overlaps the flag; review, do not treat as error"
store_day,2015-12-23,19,14050.258834838867,10236.362263543266,3813.8965712956015,1.41424055667724,1,0,1,0.06060606060606061,0,10236.362263543266,2696.780652547793,0,6764.156494140625,5025.14649772644,7733.280740737915,2708.1342430114746,2.6904509477329372,1,240,Weekday IQR,Business event,"Known business context overlaps the flag; review, do not treat as error"
store_day,2015-12-24,19,14929.946105957031,10485.05175754002,4444.89434841701,1.6362037140616283,1,0,1,0.12121212121212122,0,10485.05175754002,2716.589817158667,0,6482.293502807617,5157.60525894165,7432.122520446777,2274.517261505127,3.7140419842579298,1,240,Weekday IQR,Business event,"Known business context overlaps the flag; review, do not treat as error"
store_day,2015-12-30,19,12798.630014419556,11042.444115502494,1756.1858989170614,0.6147773004253514,0,0,1,0.21212121212121213,0,11042.444115502494,2856.621247567198,0,6764.156494140625,5025.14649772644,7733.280740737915,2708.1342430114746,2.2282771010526163,1,240,Weekday IQR,Unexplained anomaly,No mapped business context; investigate before drawing conclusions
store_day,2015-12-31,19,12591.468994140625,11163.828257220131,1427.6407369204935,0.4997954437544393,1,0,1,0.030303030303030304,0,11163.828257220131,2856.4500832503095,0,6482.293502807617,5157.60525894165,7432.122520446777,2274.517261505127,2.6859217974412535,1,240,Weekday IQR,Business event,"Known business context overlaps the flag; review, do not treat as error"
store_day,2016-01-01,19,0.0,11250.317475659507,-11250.317475659507,-3.931073758970511,1,0,0,0.0,0,11250.317475659507,2861.8942725220695,1,6902.330009460449,5264.036754608154,7975.660760879517,2711.6240062713623,-2.545459840116826,1,240,Rolling z-score + weekday IQR,Business event,"Known business context overlaps the flag; review, do not treat as error"
store_day,2016-02-05,19,14057.06600189209,9374.871285302299,4682.194716589791,2.1203068602705293,0,0,1,0.06060606060606061,0,9374.871285302299,2208.2627775832366,0,6902.330009460449,5264.036754608154,7975.660760879517,2711.6240062713623,2.6385427979264025,1,240,Weekday IQR,Unexplained anomaly,No mapped business context; investigate before drawing conclusions
store_day,2016-02-10,19,12010.960998535156,9604.338000229427,2406.622998305729,0.9537134655005333,0,0,1,0.06060606060606061,0,9604.338000229427,2523.42352851511,0,6764.156494140625,5025.14649772644,7733.280740737915,2708.1342430114746,1.937424083733762,1,240,Weekday IQR,Unexplained anomaly,No mapped business context; investigate before drawing conclusions
store_day,2016-04-02,19,17410.699981689453,9081.883175441197,8328.816806248256,3.8056963802805215,0,0,1,0.15151515151515152,0,9081.883175441197,2188.5132112494825,1,12238.888000488281,9846.143997192383,13720.590957641602,3874.4469604492188,1.3348516663140826,0,241,Rolling z-score,Unexplained anomaly,No mapped business context; investigate before drawing conclusions
store_day,2016-04-19,19,13291.616989135742,9604.635182108197,3686.981807027545,1.4105834589176423,0,1,1,0.30303030303030304,1,9604.635182108197,2613.799122425986,0,6891.5920124053955,5205.944246292114,8142.311747550964,2936.36750125885,2.1795722006821667,1,242,Weekday IQR,Business event,"Known business context overlaps the flag; review, do not treat as error"
store_day,2016-04-20,19,12522.409996032715,9799.225967270988,2723.184028761727,1.0161966540384884,0,1,1,0.3333333333333333,1,9799.225967270988,2679.780550289616,0,6764.156494140625,5025.14649772644,7733.280740737915,2708.1342430114746,2.1262806734014963,1,240,Weekday IQR,Business event,"Known business context overlaps the flag; review, do not treat as error"
store_day,2016-04-21,19,11028.712982177734,9937.196788106647,1091.5161940710877,0.40157489581549344,0,1,1,0.30303030303030304,1,9937.196788106647,2718.0887188042575,0,6482.293502807617,5157.60525894165,7432.122520446777,2274.517261505127,1.9988502863071673,1,240,Weekday IQR,Business event,"Known business context overlaps the flag; review, do not treat as error"
store_day,2016-07-02,19,14893.105987548828,7876.769067491804,7016.336920057024,3.118370743127505,0,0,1,0.3939393939393939,1,7876.769067491804,2250.0008812358647,1,12238.888000488281,9846.143997192383,13720.590957641602,3874.4469604492188,0.6850572518233173,0,241,Rolling z-score,Business event,"Known business context overlaps the flag; review, do not treat as error"
store_day,2016-09-03,19,13242.784973144531,7841.164253098624,5401.620720045908,3.071704459515759,0,0,1,0.3939393939393939,1,7841.164253098624,1758.5092547925165,1,12238.888000488281,9846.143997192383,13720.590957641602,3874.4469604492188,0.25910716623666313,0,241,Rolling z-score,Business event,"Known business context overlaps the flag; review, do not treat as error"
store_day,2016-10-01,19,16705.286987304688,8361.301531927926,8343.985455376762,4.181264991944838,0,0,1,0.42424242424242425,1,8361.301531927926,1995.5648521323956,1,12238.888000488281,9846.143997192383,13720.590957641602,3874.4469604492188,1.1527836185163711,0,241,Rolling z-score,Business event,"Known business context overlaps the flag; review, do not treat as error"
store_day,2016-12-20,19,13460.223037719727,9635.59124633244,3824.6317913872863,1.6840902276338596,0,0,1,0.3939393939393939,1,9635.59124633244,2271.0373402979003,0,6891.5920124053955,5205.944246292114,8142.311747550964,2936.36750125885,2.2369921416506258,1,242,Weekday IQR,Business event,"Known business context overlaps the flag; review, do not treat as error"
store_day,2016-12-21,19,11918.614952087402,9807.309211867196,2111.3057402202066,0.8895739376614112,1,0,1,0.36363636363636365,1,9807.309211867196,2373.389833981186,0,6764.156494140625,5025.14649772644,7733.280740737915,2708.1342430114746,1.9033245753042742,1,240,Weekday IQR,Business event,"Known business context overlaps the flag; review, do not treat as error"
store_day,2016-12-22,19,13683.2060546875,9913.760602814811,3769.445451872689,1.570829449491018,1,0,1,0.36363636363636365,1,9913.760602814811,2399.6529050904087,0,6482.293502807617,5157.60525894165,7432.122520446777,2274.517261505127,3.16590806926424,1,240,Weekday IQR,Business event,"Known business context overlaps the flag; review, do not treat as error"
store_day,2016-12-23,19,15155.469047546387,10173.981354577201,4981.487692969185,2.076285546354456,1,0,1,0.45454545454545453,1,10173.981354577201,2399.2305401902386,0,6902.330009460449,5264.036754608154,7975.660760879517,2711.6240062713623,3.0436148297102865,1,240,Weekday IQR,Business event,"Known business context overlaps the flag; review, do not treat as error"
store_day,2016-12-24,19,19617.08204650879,10454.820463180542,9162.261583328247,3.654404019520293,1,0,1,0.42424242424242425,1,10454.820463180542,2507.18353372733,1,12238.888000488281,9846.143997192383,13720.590957641602,3874.4469604492188,1.9043218609876262,1,241,Rolling z-score + weekday IQR,Business event,"Known business context overlaps the flag; review, do not treat as error"
store_day,2016-12-28,19,11898.57398223877,10766.533108711243,1132.0408735275269,0.38250580184127875,0,0,1,0.42424242424242425,1,10766.533108711243,2959.539092160669,0,6764.156494140625,5025.14649772644,7733.280740737915,2708.1342430114746,1.895924288593839,1,240,Weekday IQR,Business event,"Known business context overlaps the flag; review, do not treat as error"
store_day,2016-12-30,19,13507.78002166748,11063.3013583592,2444.4786633082804,0.8767677132533258,0,0,1,0.45454545454545453,1,11063.3013583592,2788.0573455856643,0,6902.330009460449,5264.036754608154,7975.660760879517,2711.6240062713623,2.435975635608088,1,240,Weekday IQR,Business event,"Known business context overlaps the flag; review, do not treat as error"
store_day,2017-01-01,19,0.0,11486.47675214495,-11486.47675214495,-4.043438351245959,0,0,0,0.0,0,11486.47675214495,2840.769601100872,1,8217.97101020813,6257.511999130249,9793.257252693176,3535.7452535629272,-2.3242542719747643,1,240,Rolling z-score + weekday IQR,Potential data issue,Extreme or zero value without mapped context; investigate source records
store_day,2017-01-02,19,14740.575012207031,10916.307394572666,3824.267617634365,1.109686663789714,1,0,1,0.3939393939393939,1,10916.307394572666,3446.2589687921713,0,7738.087982177734,6013.5570068359375,9099.484992980957,3085.9279861450195,2.269167349811326,1,241,Weekday IQR,Business event,"Known business context overlaps the flag; review, do not treat as error"
store_day,2017-02-04,19,15839.114028930664,8659.010641098022,7180.103387832642,3.1718698099038805,0,0,1,0.45454545454545453,1,8659.010641098022,2263.681619407395,1,12238.888000488281,9846.143997192383,13720.590957641602,3874.4469604492188,0.9292232066134565,0,241,Rolling z-score,Business event,"Known business context overlaps the flag; review, do not treat as error"
store_day,2017-02-24,19,15323.353988647461,9665.893285751343,5657.460702896118,2.355455954719968,0,0,1,0.45454545454545453,1,9665.893285751343,2401.8537436709207,0,6902.330009460449,5264.036754608154,7975.660760879517,2711.6240062713623,3.1055278901909413,1,240,Weekday IQR,Business event,"Known business context overlaps the flag; review, do not treat as error"
store_day,2017-02-28,19,12645.084014892578,9833.313680444446,2811.7703344481324,1.0290580079379823,1,0,1,0.42424242424242425,1,9833.313680444446,2732.3730176128106,0,6891.5920124053955,5205.944246292114,8142.311747550964,2936.36750125885,1.9593909822325044,1,242,Weekday IQR,Business event,"Known business context overlaps the flag; review, do not treat as error"
store_day,2017-03-01,19,13882.80403137207,9961.074180262429,3921.7298511096415,1.4114571539552754,0,0,1,0.3939393939393939,1,9961.074180262429,2778.4972715040763,0,6764.156494140625,5025.14649772644,7733.280740737915,2708.1342430114746,2.6286169364024703,1,240,Weekday IQR,Business event,"Known business context overlaps the flag; review, do not treat as error"
store_day,2017-04-01,19,20718.453002929688,9006.75439289638,11711.698610033307,5.0042153000642875,0,0,1,0.3939393939393939,1,9006.75439289638,2340.366652466542,1,12238.888000488281,9846.143997192383,13720.590957641602,3874.4469604492188,2.188587194250364,1,241,Rolling z-score + weekday IQR,Business event,"Known business context overlaps the flag; review, do not treat as error"
store_day,2015-02-14,20,17346.683784484863,795.6970710754395,16550.986713409424,3.9309463351810034,0,0,1,0.18181818181818182,0,795.6970710754395,4210.4331380161975,1,13091.9170627594,0.0,16857.499139785767,16857.499139785767,0.2523960812006623,0,241,Rolling z-score,Unexplained anomaly,No mapped business context; investigate before drawing conclusions
store_day,2015-05-31,20,27197.448928833008,10114.96584716865,17082.48308166436,4.276676392833715,0,0,1,0.21212121212121213,0,10114.96584716865,3994.3361415628524,1,16070.554559707642,0.0,23408.219178199768,23408.219178199768,0.4753413441842649,0,240,Rolling z-score,Unexplained anomaly,No mapped business context; investigate before drawing conclusions
store_day,2015-08-01,20,29973.4243144989,12048.813196863446,17924.611117635453,4.697095139153817,0,0,1,0.12121212121212122,0,12048.813196863446,3816.1056113640007,1,13091.9170627594,0.0,16857.499139785767,16857.499139785767,1.0014241799305257,0,241,Rolling z-score,Unexplained anomaly,No mapped business context; investigate before drawing conclusions
store_day,2015-09-06,20,31057.135107040405,11932.497532131416,19124.63757490899,4.9947233197588226,0,0,1,0.24242424242424243,0,11932.497532131416,3828.968363323166,1,16070.554559707642,0.0,23408.219178199768,23408.219178199768,0.6402272822739915,0,240,Rolling z-score,Unexplained anomaly,No mapped business context; investigate before drawing conclusions
store_day,2015-10-04,20,33027.23010635376,13754.824103576797,19272.406002776963,3.2731094472456537,0,0,1,0.24242424242424243,0,13754.824103576797,5888.103136604503,1,16070.554559707642,0.0,23408.219178199768,23408.219178199768,0.7243898144305648,0,240,Rolling z-score,Unexplained anomaly,No mapped business context; investigate before drawing conclusions
store_day,2016-01-01,20,0.0,14327.293027000767,-14327.293027000767,-3.210017022081306,1,0,0,0.0,0,14327.293027000767,4463.30749290272,1,6781.734500169754,0.0,9890.27832198143,9890.27832198143,-0.685697032923447,0,240,Rolling z-score,Business event,"Known business context overlaps the flag; review, do not treat as error"
store_day,2016-03-06,20,30839.672746658325,13753.719094097614,17085.95365256071,3.5374896275736956,0,0,1,0.24242424242424243,0,13753.719094097614,4829.965724671164,1,16070.554559707642,0.0,23408.219178199768,23408.219178199768,0.630937282093858,0,240,Rolling z-score,Unexplained anomaly,No mapped business context; investigate before drawing conclusions
store_day,2016-04-03,20,37198.540100097656,13472.096930963653,23726.443169134003,4.050517220823222,0,0,1,0.15151515151515152,0,13472.096930963653,5857.632957874914,1,16070.554559707642,0.0,23408.219178199768,23408.219178199768,0.9025883335912477,0,240,Rolling z-score,Unexplained anomaly,No mapped business context; investigate before drawing conclusions
store_day,2016-04-21,20,117725.09763240814,15560.465103268623,102164.63252913952,13.146135977078593,0,1,1,0.3939393939393939,1,15560.465103268623,7771.45715724166,1,7748.36296749115,0.0,10458.195293784142,10458.195293784142,10.515842511592988,1,240,Rolling z-score + weekday IQR,Business event,"Known business context overlaps the flag; review, do not treat as error"
store_day,2016-05-12,20,35953.66065788269,20066.756733809198,15886.903924073493,0.7831382334751029,0,1,1,0.45454545454545453,1,20066.756733809198,20286.20650223759,0,7748.36296749115,0.0,10458.195293784142,10458.195293784142,2.696956491829469,1,240,Weekday IQR,Business event,"Known business context overlaps the flag; review, do not treat as error"
store_day,2016-06-02,20,29321.78614425659,14465.032844773361,14856.75329948323,2.2794073382234026,0,0,1,0.45454545454545453,1,14465.032844773361,6517.814104723714,0,7748.36296749115,0.0,10458.195293784142,10458.195293784142,2.062824662452772,1,240,Weekday IQR,Business event,"Known business context overlaps the flag; review, do not treat as error"
store_day,2016-06-17,20,42125.486134529114,14918.238576718739,27207.247557810377,4.381332644099186,0,0,1,0.3939393939393939,1,14918.238576718739,6209.810979418173,1,6781.734500169754,0.0,9890.27832198143,9890.27832198143,3.5735851392378764,1,240,Rolling z-score + weekday IQR,Business event,"Known business context overlaps the flag; review, do not treat as error"
store_day,2016-06-27,20,41630.09762573242,16335.869127248016,25294.22849848441,3.372263586030618,0,0,1,0.36363636363636365,1,16335.869127248016,7500.6676830554115,1,8502.83406496048,0.0,11908.28104019165,11908.28104019165,2.781867798464286,1,241,Rolling z-score + weekday IQR,Business event,"Known business context overlaps the flag; review, do not treat as error"
store_day,2016-07-04,20,55550.20379447937,16423.27839543138,39126.92539904799,4.39374339551992,0,0,1,0.42424242424242425,1,16423.27839543138,8905.145766806445,1,8502.83406496048,0.0,11908.28104019165,11908.28104019165,3.9508111683566476,1,241,Rolling z-score + weekday IQR,Business event,"Known business context overlaps the flag; review, do not treat as error"
store_day,2016-09-03,20,22311.6120262146,12324.88731927531,9986.724706939289,3.234073066267106,0,0,1,0.45454545454545453,1,12324.88731927531,3087.9712679053223,1,13091.9170627594,0.0,16857.499139785767,16857.499139785767,0.5469194977857414,0,241,Rolling z-score,Business event,"Known business context overlaps the flag; review, do not treat as error"
store_day,2016-09-04,20,28897.531452178955,12564.547114627701,16332.984337551254,4.570150206407861,0,0,1,0.45454545454545453,1,12564.547114627701,3573.8397207712305,1,16070.554559707642,0.0,23408.219178199768,23408.219178199768,0.5479689332547417,0,240,Rolling z-score,Business event,"Known business context overlaps the flag; review, do not treat as error"
store_day,2016-09-11,20,27702.96706390381,13648.328606843948,14054.63845705986,3.05244437686772,0,0,1,0.42424242424242425,1,13648.328606843948,4604.388064716217,1,16070.554559707642,0.0,23408.219178199768,23408.219178199768,0.4969370978476445,0,240,Rolling z-score,Business event,"Known business context overlaps the flag; review, do not treat as error"
store_day,2016-10-02,20,37828.61492919922,13977.157994772706,23851.45693442651,3.6503905547131295,0,0,1,0.42424242424242425,1,13977.157994772706,6533.9465947366025,1,16070.554559707642,0.0,23408.219178199768,23408.219178199768,0.9295051538886395,0,240,Rolling z-score,Business event,"Known business context overlaps the flag; review, do not treat as error"
store_day,2017-01-01,20,0.0,17227.145540688718,-17227.145540688718,-3.343286966834257,0,0,0,0.0,0,17227.145540688718,5152.757065601528,1,16070.554559707642,0.0,23408.219178199768,23408.219178199768,-0.6865346926806912,0,240,Rolling z-score,Potential data issue,Extreme or zero value without mapped context; investigate source records
store_day,2017-01-02,20,35136.60301208496,16501.514718983854,18635.088293101107,3.0784872214995787,1,0,1,0.5757575757575758,1,16501.514718983854,6053.326504965536,1,8502.83406496048,0.0,11908.28104019165,11908.28104019165,2.236575443360198,1,241,Rolling z-score + weekday IQR,Business event,"Known business context overlaps the flag; review, do not treat as error"
store_day,2017-03-05,20,33782.47583961487,14926.591086574963,18855.884753039907,3.6419509528564857,0,0,1,0.48484848484848486,1,14926.591086574963,5177.413149468885,1,16070.554559707642,0.0,23408.219178199768,23408.219178199768,0.7566539404416743,0,240,Rolling z-score,Business event,"Known business context overlaps the flag; review, do not treat as error"
store_day,2017-04-01,20,38152.127014160156,15283.426236748695,22868.70077741146,3.4734028234764804,0,0,1,0.42424242424242425,1,15283.426236748695,6583.947195195315,1,13091.9170627594,0.0,16857.499139785767,16857.499139785767,1.4865912045195118,0,241,Rolling z-score,Business event,"Known business context overlaps the flag; review, do not treat as error"
store_day,2017-05-01,20,35435.857276916504,16393.714869856834,19042.14240705967,3.543054666229617,1,0,1,0.5151515151515151,1,16393.714869856834,5374.498617974638,1,8502.83406496048,0.0,11908.28104019165,11908.28104019165,2.2617053730134815,1,241,Rolling z-score + weekday IQR,Business event,"Known business context overlaps the flag; review, do not treat as error"
store_day,2017-06-04,20,32252.97474861145,15723.459547689983,16529.515200921465,3.075479080814801,0,0,1,0.48484848484848486,1,15723.459547689983,5374.614740199183,1,16070.554559707642,0.0,23408.219178199768,23408.219178199768,0.6913135965496515,0,240,Rolling z-score,Business event,"Known business context overlaps the flag; review, do not treat as error"
store_day,2015-07-24,21,22070.055755615234,0.0,22070.055755615234,,0,0,1,0.24242424242424243,0,0.0,0.0,0,0.0,0.0,8680.25332736969,8680.25332736969,2.542558946525925,1,240,Weekday IQR,Unexplained anomaly,No mapped business context; investigate before drawing conclusions
store_day,2015-07-25,21,25601.8975982666,788.2162769862583,24813.681321280343,5.949312554084782,0,0,1,0.2727272727272727,1,788.2162769862583,4170.848496477687,1,0.0,0.0,13818.297103881836,13818.297103881836,1.852753447534032,0,241,Rolling z-score,Business event,"Known business context overlaps the flag; review, do not treat as error"
store_day,2015-07-26,21,28858.552795410156,1702.569762638637,27155.98303277152,4.331237745139752,0,0,1,0.21212121212121213,0,1702.569762638637,6269.797372181725,1,0.0,0.0,18180.290700912476,18180.290700912476,1.5873537596382732,0,240,Rolling z-score,Unexplained anomaly,No mapped business context; investigate before drawing conclusions
store_day,2016-01-01,21,0.0,13482.138840402875,-13482.138840402875,-3.321197071225666,1,0,0,0.0,0,13482.138840402875,4059.421513167654,1,0.0,0.0,8680.25332736969,8680.25332736969,0.0,0,240,Rolling z-score,Business event,"Known business context overlaps the flag; review, do not treat as error"
store_day,2016-04-03,21,18992.703926086426,9474.245416913715,9518.458509172711,3.5811761982120665,0,0,1,0.15151515151515152,0,9474.245416913715,2657.9140434153687,1,0.0,0.0,18180.290700912476,18180.290700912476,1.0446864815606702,0,240,Rolling z-score,Unexplained anomaly,No mapped business context; investigate before drawing conclusions
store_day,2016-04-18,21,28136.847885131836,9935.837562969753,18201.01032216208,5.5143515904988725,0,1,1,0.3333333333333333,1,9935.837562969753,3300.6619225226937,1,0.0,0.0,11222.289142608643,11222.289142608643,2.507228919837951,1,241,Rolling z-score + weekday IQR,Business event,"Known business context overlaps the flag; review, do not treat as error"
store_day,2016-04-19,21,25581.32640838623,10655.009523800441,14926.316884585789,3.1475326361388025,0,1,1,0.3939393939393939,1,10655.009523800441,4742.227836880023,1,0.0,0.0,10677.418807029724,10677.418807029724,2.395834318266525,0,242,Rolling z-score,Business event,"Known business context overlaps the flag; review, do not treat as error"
store_day,2016-09-04,21,24339.582778930664,11346.717113154275,12992.86566577639,4.103805552908683,0,0,1,0.5151515151515151,1,11346.717113154275,3166.052947261925,1,0.0,0.0,18180.290700912476,18180.290700912476,1.3387895264903025,0,240,Rolling z-score,Business event,"Known business context overlaps the flag; review, do not treat as error"
store_day,2016-11-06,21,25956.203826904297,11385.578499521527,14570.62532738277,4.21449732432293,1,0,1,0.45454545454545453,1,11385.578499521527,3457.262920370599,1,0.0,0.0,18180.290700912476,18180.290700912476,1.4277111545637466,0,240,Rolling z-score,Business event,"Known business context overlaps the flag; review, do not treat as error"
store_day,2016-12-18,21,22531.69694519043,11767.071257318768,10764.625687871661,3.128296175382987,0,0,1,0.48484848484848486,1,11767.071257318768,3441.0506820230294,1,0.0,0.0,18180.290700912476,18180.290700912476,1.2393474513616856,0,240,Rolling z-score,Business event,"Known business context overlaps the flag; review, do not treat as error"
store_day,2017-01-01,21,0.0,14285.59884902409,-14285.59884902409,-3.6157466798600537,0,0,0,0.0,0,14285.59884902409,3950.9401830044712,1,0.0,0.0,18180.290700912476,18180.290700912476,0.0,0,240,Rolling z-score,Potential data issue,Extreme or zero value without mapped context; investigate source records
store_day,2017-02-05,21,22354.283203125,12097.841637202671,10256.441565922329,3.0877549574915677,0,0,1,0.48484848484848486,1,12097.841637202671,3321.6501008404057,1,0.0,0.0,18180.290700912476,18180.290700912476,1.229588875715999,0,240,Rolling z-score,Business event,"Known business context overlaps the flag; review, do not treat as error"
store_day,2017-03-05,21,23695.62303161621,12494.437305586678,11201.185726029533,3.2934519726909364,0,0,1,0.48484848484848486,1,12494.437305586678,3401.047235213675,1,0.0,0.0,18180.290700912476,18180.290700912476,1.3033687646384509,0,240,Rolling z-score,Business event,"Known business context overlaps the flag; review, do not treat as error"
store_day,2017-04-02,21,26125.36003112793,12916.457681655884,13208.902349472046,3.4719271158536595,0,0,1,0.42424242424242425,1,12916.457681655884,3804.487222429584,1,0.0,0.0,18180.290700912476,18180.290700912476,1.437015527469904,0,240,Rolling z-score,Business event,"Known business context overlaps the flag; review, do not treat as error"
store_day,2017-05-01,21,22404.511917114258,12827.43435559954,9577.077561514718,3.4032281439770005,1,0,1,0.48484848484848486,1,12827.43435559954,2814.1156444254657,1,0.0,0.0,11222.289142608643,11222.289142608643,1.9964297508650972,0,241,Rolling z-score,Business event,"Known business context overlaps the flag; review, do not treat as error"
store_day,2017-06-04,21,24688.229125976562,13351.689338275364,11336.539787701198,3.446571446769955,0,0,1,0.45454545454545453,1,13351.689338275364,3289.2223366863714,1,0.0,0.0,18180.290700912476,18180.290700912476,1.3579666866788578,0,240,Rolling z-score,Business event,"Known business context overlaps the flag; review, do not treat as error"
store_day,2017-07-30,21,25347.177963256836,13339.780409131732,12007.397554125104,3.1231284629394347,0,0,1,0.45454545454545453,1,13339.780409131732,3844.669758740551,1,0.0,0.0,18180.290700912476,18180.290700912476,1.3942119177436834,0,240,Rolling z-score,Business event,"Known business context overlaps the flag; review, do not treat as error"
store_day,2015-10-09,22,21571.010009765625,0.0,21571.010009765625,,1,0,1,0.2727272727272727,1,0.0,0.0,0,0.0,0.0,4836.245229721069,4836.245229721069,4.460280441777708,1,240,Weekday IQR,Business event,"Known business context overlaps the flag; review, do not treat as error"
store_day,2015-10-10,22,15586.221008300781,770.3932146344866,14815.827793666294,3.6344145027843973,0,0,1,0.21212121212121213,0,770.3932146344866,4076.5377153089153,1,0.0,0.0,6303.408012390137,6303.408012390137,2.4726657353711063,0,241,Rolling z-score,Unexplained anomaly,No mapped business context; investigate before drawing conclusions
store_day,2016-01-01,22,0.0,5857.297924927303,-5857.297924927303,-3.998380511219219,1,0,0,0.0,0,5857.297924927303,1464.9175856305,1,0.0,0.0,4836.245229721069,4836.245229721069,0.0,0,240,Rolling z-score,Business event,"Known business context overlaps the flag; review, do not treat as error"
store_day,2016-04-02,22,9357.229972839355,5309.677930559431,4047.5520422799245,3.5369417816713575,0,0,1,0.24242424242424243,0,5309.677930559431,1144.364903955892,1,0.0,0.0,6303.408012390137,6303.408012390137,1.4844715675149935,0,241,Rolling z-score,Unexplained anomaly,No mapped business context; investigate before drawing conclusions
store_day,2016-04-03,22,9920.294998168945,5380.787465504238,4539.5075326647075,3.4271821352121044,0,0,1,0.15151515151515152,0,5380.787465504238,1324.559755965162,1,0.0,0.0,6698.923486709595,6698.923486709595,1.4808789826978062,0,240,Rolling z-score,Unexplained anomaly,No mapped business context; investigate before drawing conclusions
store_day,2016-09-01,22,6864.705009460449,5185.770964350019,1678.93404511043,3.451944422296297,0,0,1,0.42424242424242425,1,5185.770964350019,486.37342891910527,1,0.0,0.0,4553.156249046326,4553.156249046326,1.5076805262060324,0,240,Rolling z-score,Business event,"Known business context overlaps the flag; review, do not treat as error"
store_day,2016-09-03,22,7360.711982727051,5316.975179263523,2043.7368034635274,3.5173292828358034,0,0,1,0.45454545454545453,1,5316.975179263523,581.0479028610565,1,0.0,0.0,6303.408012390137,6303.408012390137,1.1677352899032793,0,241,Rolling z-score,Business event,"Known business context overlaps the flag; review, do not treat as error"
store_day,2016-10-01,22,10418.445983886719,5622.7659620557515,4795.680021830967,4.43483901930076,0,0,1,0.42424242424242425,1,5622.7659620557515,1081.365073446815,1,0.0,0.0,6303.408012390137,6303.408012390137,1.6528274805324294,0,241,Rolling z-score,Business event,"Known business context overlaps the flag; review, do not treat as error"
store_day,2016-11-16,22,12483.804008483887,5734.404927526201,6749.399080957685,4.856586517743706,0,0,1,0.3939393939393939,1,5734.404927526201,1389.7413453458564,1,0.0,0.0,5031.478002548218,5031.478002548218,2.4811405320984012,0,240,Rolling z-score,Business event,"Known business context overlaps the flag; review, do not treat as error"
store_day,2017-01-01,22,0.0,7202.4271783828735,-7202.4271783828735,-4.868113801174371,0,0,0,0.0,0,7202.4271783828735,1479.5108480507129,1,0.0,0.0,6698.923486709595,6698.923486709595,0.0,0,240,Rolling z-score,Potential data issue,Extreme or zero value without mapped context; investigate source records
store_day,2017-02-28,22,8401.989990234375,6040.171713624682,2361.8182766096934,3.1470384766143455,1,0,1,0.3939393939393939,1,6040.171713624682,750.4891643875261,1,0.0,0.0,5229.054498672485,5229.054498672485,1.6067895242567105,0,242,Rolling z-score,Business event,"Known business context overlaps the flag; review, do not treat as error"
store_day,2017-03-01,22,9615.898025512695,6116.5274622780935,3499.370563234602,4.0089627673784385,0,0,1,0.42424242424242425,1,6116.5274622780935,872.8867705406325,1,0.0,0.0,5031.478002548218,5031.478002548218,1.9111477821512237,0,240,Rolling z-score,Business event,"Known business context overlaps the flag; review, do not treat as error"
store_day,2017-04-01,22,12101.170013427734,6300.215108598982,5800.954904828753,4.9379895517581005,0,0,1,0.36363636363636365,1,6300.215108598982,1174.7604655751866,1,0.0,0.0,6303.408012390137,6303.408012390137,1.919782122566296,0,241,Rolling z-score,Business event,"Known business context overlaps the flag; review, do not treat as error"
store_day,2017-05-01,22,13044.484977722168,6759.251323291233,6285.233654430935,5.118776217941279,1,0,1,0.42424242424242425,1,6759.251323291233,1227.878185493093,1,0.0,0.0,5614.003017425537,5614.003017425537,2.323562160054572,0,241,Rolling z-score,Business event,"Known business context overlaps the flag; review, do not treat as error"
store_day,2017-06-04,22,10121.474018096924,6650.425892829895,3471.048125267029,3.320829318175502,0,0,1,0.42424242424242425,1,6650.425892829895,1045.2353290996775,1,0.0,0.0,6698.923486709595,6698.923486709595,1.5109105273672012,0,240,Rolling z-score,Business event,"Known business context overlaps the flag; review, do not treat as error"
store_day,2017-07-31,22,9903.814010620117,6895.354145867484,3008.4598647526336,3.1712365238452276,0,0,1,0.42424242424242425,1,6895.354145867484,948.6709181517556,1,0.0,0.0,5614.003017425537,5614.003017425537,1.7641269482540813,0,241,Rolling z-score,Business event,"Known business context overlaps the flag; review, do not treat as error"
store_day,2013-01-01,23,0.0,6981.455993652344,-6981.455993652344,,1,0,0,0.0,0,,,0,6981.455993652344,5334.4535410404205,8000.268200874329,2665.814659833908,-2.6188827373645394,1,242,Weekday IQR,Business event,"Known business context overlaps the flag; review, do not treat as error"
store_day,2013-04-06,23,7803.907899856567,5064.178885970797,2739.7290138857707,3.1665923473073683,0,0,0,0.0,0,5064.178885970797,865.197888896381,1,7804.016916275024,6268.699048995972,8570.400939941406,2301.7018909454346,-4.736339613999807e-05,0,241,Rolling z-score,Unexplained anomaly,No mapped business context; investigate before drawing conclusions
store_day,2013-05-28,23,8402.350143432617,5315.963782106127,3086.3863613264903,3.4596866163093316,0,0,0,0.0,0,5315.963782106127,892.0999800319878,1,6981.455993652344,5334.4535410404205,8000.268200874329,2665.814659833908,0.5330056028234166,0,242,Rolling z-score,Unexplained anomaly,No mapped business context; investigate before drawing conclusions
store_day,2013-06-01,23,11058.534158706665,5321.734644481114,5736.799514225551,5.4642436958767435,0,0,0,0.0,0,5321.734644481114,1049.8798797269008,1,7804.016916275024,6268.699048995972,8570.400939941406,2301.7018909454346,1.4139612324404152,0,241,Rolling z-score,Unexplained anomaly,No mapped business context; investigate before drawing conclusions
store_day,2013-08-06,23,8093.485885620117,5079.105470878737,3014.3804147413803,3.5803502544733044,0,0,0,0.0,0,5079.105470878737,841.9233316559465,1,6981.455993652344,5334.4535410404205,8000.268200874329,2665.814659833908,0.4171444882207444,0,242,Rolling z-score,Unexplained anomaly,No mapped business context; investigate before drawing conclusions
store_day,2013-09-14,23,8081.1409912109375,5261.764481135777,2819.3765100751607,3.648019457315571,0,0,0,0.0,0,5261.764481135777,772.85128082892,1,7804.016916275024,6268.699048995972,8570.400939941406,2301.7018909454346,0.12039963820948295,0,241,Rolling z-score,Unexplained anomaly,No mapped business context; investigate before drawing conclusions
store_day,2013-11-05,23,7802.330001831055,5158.534829258919,2643.795172572136,3.141054521906291,0,0,0,0.0,0,5158.534829258919,841.6903158266826,1,6981.455993652344,5334.4535410404205,8000.268200874329,2665.814659833908,0.3079261362565449,0,242,Rolling z-score,Unexplained anomaly,No mapped business context; investigate before drawing conclusions
store_day,2013-12-07,23,7879.2508907318115,5174.129816481045,2705.1210742507665,3.4202093785593504,0,0,0,0.0,0,5174.129816481045,790.9226526330996,1,7804.016916275024,6268.699048995972,8570.400939941406,2301.7018909454346,0.0326862374109987,0,241,Rolling z-score,Unexplained anomaly,No mapped business context; investigate before drawing conclusions
store_day,2013-12-23,23,10438.799952507019,5884.89064344338,4553.909309063639,4.285735506261254,1,0,0,0.0,0,5884.89064344338,1062.5735774899304,1,7228.689012527466,5289.456005096436,7934.86594581604,2645.4099407196045,1.21346445802889,0,241,Rolling z-score,Business event,"Known business context overlaps the flag; review, do not treat as error"
store_day,2013-12-24,23,10863.8500289917,6075.657854574068,4788.192174417632,3.5333343267601953,1,0,0,0.0,0,6075.657854574068,1355.1483475972248,1,6981.455993652344,5334.4535410404205,8000.268200874329,2665.814659833908,1.456363074986333,0,242,Rolling z-score,Business event,"Known business context overlaps the flag; review, do not treat as error"
store_day,2014-01-01,23,0.0,6526.515888971941,-6526.515888971941,-4.336441056957193,1,0,0,0.0,0,6526.515888971941,1505.0396865192229,1,7152.344289064407,5202.948237419128,7998.895001411438,2795.9467639923096,-2.5581117570534975,1,240,Rolling z-score + weekday IQR,Business event,"Known business context overlaps the flag; review, do not treat as error"
store_day,2014-01-02,23,10642.688109636307,6342.981389258589,4299.706720377718,2.224362749131504,0,0,0,0.0,0,6342.981389258589,1933.0060809805082,0,6197.761491775513,4771.108744621277,7032.391468048096,2261.282723426819,1.9656660230105207,1,240,Weekday IQR,Unexplained anomaly,No mapped business context; investigate before drawing conclusions
store_day,2014-03-01,23,10084.187929153442,5212.6743451186585,4871.513584034784,7.832918593832252,0,0,0,0.0,0,5212.6743451186585,621.9282794373327,1,7804.016916275024,6268.699048995972,8570.400939941406,2301.7018909454346,0.9906456704268628,0,241,Rolling z-score,Unexplained anomaly,No mapped business context; investigate before drawing conclusions
store_day,2014-03-05,23,9905.63199043274,5586.0908443927765,4319.541146039963,3.237749785766268,0,0,0,0.0,0,5586.0908443927765,1334.1182709761713,1,7152.344289064407,5202.948237419128,7998.895001411438,2795.9467639923096,0.9847425340234071,0,240,Rolling z-score,Unexplained anomaly,No mapped business context; investigate before drawing conclusions
store_day,2014-05-10,23,8387.446995735168,5304.175792591913,3083.2712031432557,4.02388040806998,1,0,0,0.0,0,5304.175792591913,766.2432504106454,1,7804.016916275024,6268.699048995972,8570.400939941406,2301.7018909454346,0.25347769046689944,0,241,Rolling z-score,Business event,"Known business context overlaps the flag; review, do not treat as error"
store_day,2014-07-01,23,8147.088956832886,5143.212503058569,3003.8764537743164,3.6071232955419785,0,1,1,0.18181818181818182,0,5143.212503058569,832.7623448543577,1,6981.455993652344,5334.4535410404205,8000.268200874329,2665.814659833908,0.4372520643476265,0,242,Rolling z-score,Business event,"Known business context overlaps the flag; review, do not treat as error"
store_day,2014-07-02,23,8716.756980895996,5252.536394970758,3464.220585925238,3.438234737522641,0,0,1,0.2727272727272727,1,5252.536394970758,1007.5579040950882,1,7152.344289064407,5202.948237419128,7998.895001411438,2795.9467639923096,0.5595287835873444,0,240,Rolling z-score,Business event,"Known business context overlaps the flag; review, do not treat as error"
store_day,2014-09-01,23,9505.276044845581,4722.154856886183,4783.121187959398,11.088911804787179,0,0,1,0.12121212121212122,0,4722.154856886183,431.3427027072651,1,7228.689012527466,5289.456005096436,7934.86594581604,2645.4099407196045,0.860580055013643,0,241,Rolling z-score,Unexplained anomaly,No mapped business context; investigate before drawing conclusions
store_day,2014-09-03,23,9253.927014350891,4958.001930338995,4295.925084011896,3.9663483646165414,0,0,1,0.2727272727272727,1,4958.001930338995,1083.0932356662063,1,7152.344289064407,5202.948237419128,7998.895001411438,2795.9467639923096,0.7516533405971045,0,240,Rolling z-score,Business event,"Known business context overlaps the flag; review, do not treat as error"
store_day,2014-10-05,23,10469.466053009033,7513.455177341189,2956.0108756678446,3.229310303216927,0,0,1,0.21212121212121213,0,7513.455177341189,915.3691030320527,1,7791.971505641937,5943.0692393779755,9404.570017337799,3461.5007779598236,0.773506845474461,0,240,Rolling z-score,Unexplained anomaly,No mapped business context; investigate before drawing conclusions
store_day,2014-12-23,23,12800.50393486023,7970.430819783892,4830.073115076338,3.8365221731988663,1,0,1,0.15151515151515152,0,7970.430819783892,1258.9717710530147,1,6981.455993652344,5334.4535410404205,8000.268200874329,2665.814659833908,2.1828404010541522,1,242,Rolling z-score + weekday IQR,Business event,"Known business context overlaps the flag; review, do not treat as error"
store_day,2015-01-01,23,0.0,8710.683325767517,-8710.683325767517,-5.310837222002743,1,0,0,0.0,0,8710.683325767517,1640.1714007876662,1,6197.761491775513,4771.108744621277,7032.391468048096,2261.282723426819,-2.740816717682798,1,240,Rolling z-score + weekday IQR,Business event,"Known business context overlaps the flag; review, do not treat as error"
store_day,2015-05-17,23,7651.648008346558,5312.046929768154,2339.6010785784038,3.55994357388032,0,0,1,0.30303030303030304,1,5312.046929768154,657.201730876945,1,7791.971505641937,5943.0692393779755,9404.570017337799,3461.5007779598236,-0.040538340533924425,0,240,Rolling z-score,Business event,"Known business context overlaps the flag; review, do not treat as error"
store_day,2015-05-31,23,9260.022994995117,5604.644321271351,3655.378673723766,4.977925636858758,0,0,1,0.24242424242424243,0,5604.644321271351,734.3176536543112,1,7791.971505641937,5943.0692393779755,9404.570017337799,3461.5007779598236,0.42410838059046624,0,240,Rolling z-score,Unexplained anomaly,No mapped business context; investigate before drawing conclusions
store_day,2015-06-07,23,10498.029987335205,6184.850077697209,4313.179909637996,3.362053879724522,0,0,1,0.36363636363636365,1,6184.850077697209,1282.9002936715003,1,7791.971505641937,5943.0692393779755,9404.570017337799,3461.5007779598236,0.7817587385573819,0,240,Rolling z-score,Business event,"Known business context overlaps the flag; review, do not treat as error"
store_day,2015-10-04,23,11094.861980438232,7633.936102015631,3460.9258784226013,3.9582096339045405,0,0,1,0.21212121212121213,0,7633.936102015631,874.3664935726514,1,7791.971505641937,5943.0692393779755,9404.570017337799,3461.5007779598236,0.9541787469257736,0,240,Rolling z-score,Unexplained anomaly,No mapped business context; investigate before drawing conclusions
store_day,2015-12-16,23,12023.863939285278,7886.561371718134,4137.302567567144,4.1060131769308414,0,0,1,0.24242424242424243,0,7886.561371718134,1007.6203824215905,1,7152.344289064407,5202.948237419128,7998.895001411438,2795.9467639923096,1.7423506459274882,0,240,Rolling z-score,Unexplained anomaly,No mapped business context; investigate before drawing conclusions
store_day,2015-12-22,23,12911.530040740967,8475.815410409656,4435.714630331311,2.9490838114875744,1,0,1,0.2727272727272727,1,8475.815410409656,1504.0992097453654,0,6981.455993652344,5334.4535410404205,8000.268200874329,2665.814659833908,2.2244884974329358,1,242,Weekday IQR,Business event,"Known business context overlaps the flag; review, do not treat as error"
store_day,2015-12-24,23,13549.952016830444,8858.771451541355,4691.180565289089,2.6488823790535654,1,0,1,0.24242424242424243,0,8858.771451541355,1771.0037268492185,0,6197.761491775513,4771.108744621277,7032.391468048096,2261.282723426819,3.2513362654242504,1,240,Weekday IQR,Business event,"Known business context overlaps the flag; review, do not treat as error"
store_day,2016-01-01,23,0.0,9349.490160226822,-9349.490160226822,-4.866293664497403,1,0,0,0.0,0,9349.490160226822,1921.2753698851113,1,6920.414031028748,4925.6947593688965,7708.288235902786,2782.5934765338898,-2.487037394930248,1,240,Rolling z-score + weekday IQR,Business event,"Known business context overlaps the flag; review, do not treat as error"
store_day,2016-04-03,23,10664.515060424805,7609.754082168852,3054.760978255953,3.253538120432279,0,0,1,0.18181818181818182,0,7609.754082168852,938.9043143745567,1,7791.971505641937,5943.0692393779755,9404.570017337799,3461.5007779598236,0.829854949931838,0,240,Rolling z-score,Unexplained anomaly,No mapped business context; investigate before drawing conclusions
store_day,2016-04-17,23,13487.56402015686,7799.474435380527,5688.089584776333,5.695961204004719,0,1,1,0.3333333333333333,1,7799.474435380527,998.6180349643442,1,7791.971505641937,5943.0692393779755,9404.570017337799,3461.5007779598236,1.6454113056336945,0,240,Rolling z-score,Business event,"Known business context overlaps the flag; review, do not treat as error"
store_day,2016-10-02,23,10977.644090652466,7713.3604954481125,3264.2835952043533,4.151614520818995,0,0,1,0.36363636363636365,1,7713.3604954481125,786.2684694918167,1,7791.971505641937,5943.0692393779755,9404.570017337799,3461.5007779598236,0.9203154323391874,0,240,Rolling z-score,Business event,"Known business context overlaps the flag; review, do not treat as error"
store_day,2016-11-13,23,10961.475008010864,8268.717607668468,2692.757400342396,3.0800699514345173,0,0,1,0.48484848484848486,1,8268.717607668468,874.252027649004,1,7791.971505641937,5943.0692393779755,9404.570017337799,3461.5007779598236,0.9156443131689842,0,240,Rolling z-score,Business event,"Known business context overlaps the flag; review, do not treat as error"
store_day,2016-12-21,23,12625.706853866577,8779.894795673234,3845.8120581933435,3.1883530045560247,1,0,1,0.48484848484848486,1,8779.894795673234,1206.206481119825,1,7152.344289064407,5202.948237419128,7998.895001411438,2795.9467639923096,1.9576061444699326,1,240,Rolling z-score + weekday IQR,Business event,"Known business context overlaps the flag; review, do not treat as error"
store_day,2016-12-22,23,10909.387977600098,8949.701256258148,1959.68672134195,1.4061643008612699,1,0,1,0.42424242424242425,1,8949.701256258148,1393.6399325040823,0,6197.761491775513,4771.108744621277,7032.391468048096,2261.282723426819,2.0836078730944525,1,240,Weekday IQR,Business event,"Known business context overlaps the flag; review, do not treat as error"
store_day,2016-12-23,23,13317.024005889893,9091.058790666717,4225.965215223176,3.0531320745637376,1,0,1,0.5454545454545454,1,9091.058790666717,1384.14097786026,1,6920.414031028748,4925.6947593688965,7708.288235902786,2782.5934765338898,2.298794282673666,1,240,Rolling z-score + weekday IQR,Business event,"Known business context overlaps the flag; review, do not treat as error"
store_day,2016-12-24,23,14079.289001464844,9302.428861601013,4776.860139863831,3.0675976589580056,1,0,1,0.45454545454545453,1,9302.428861601013,1557.199043334263,1,7804.016916275024,6268.699048995972,8570.400939941406,2301.7018909454346,2.726361789020481,1,241,Rolling z-score + weekday IQR,Business event,"Known business context overlaps the flag; review, do not treat as error"
store_day,2017-01-01,23,0.0,9931.232362423625,-9931.232362423625,-5.829813673937947,0,0,0,0.0,0,9931.232362423625,1703.5248325038208,1,7791.971505641937,5943.0692393779755,9404.570017337799,3461.5007779598236,-2.251038496150347,1,240,Rolling z-score + weekday IQR,Potential data issue,Extreme or zero value without mapped context; investigate source records
store_day,2017-01-02,23,11962.053977966309,9590.44397165094,2371.610006315368,0.93535245351941,1,0,1,0.48484848484848486,1,9590.44397165094,2535.525509546497,0,7228.689012527466,5289.456005096436,7934.86594581604,2645.4099407196045,1.7892746574284335,1,241,Weekday IQR,Business event,"Known business context overlaps the flag; review, do not treat as error"
store_day,2017-04-01,23,12055.124998092651,8646.490568603787,3408.634429488864,3.8335517156055663,0,0,1,0.3333333333333333,1,8646.490568603787,889.1583268886252,1,7804.016916275024,6268.699048995972,8570.400939941406,2301.7018909454346,1.8469412127351839,1,241,Rolling z-score + weekday IQR,Business event,"Known business context overlaps the flag; review, do not treat as error"
store_day,2017-06-04,23,12136.553977966309,8313.283286469323,3823.270691496986,4.047379862368162,0,0,1,0.3939393939393939,1,8313.283286469323,944.6285798486807,1,7791.971505641937,5943.0692393779755,9404.570017337799,3461.5007779598236,1.2551152667615542,0,240,Rolling z-score,Business event,"Known business context overlaps the flag; review, do not treat as error"
store_day,2013-05-11,24,14490.546993255615,9866.051816872188,4624.495176383427,3.3149529963955806,1,0,0,0.0,0,9866.051816872188,1395.0409497243973,1,17657.240074157715,12162.0849609375,20401.67589187622,8239.59093093872,-0.3843264923518872,0,241,Rolling z-score,Business event,"Known business context overlaps the flag; review, do not treat as error"
store_day,2013-12-05,24,20392.21604347229,10139.1663476399,10253.04969583239,6.775421317276955,0,0,0,0.0,0,10139.1663476399,1513.271162885129,1,13508.481533050537,8812.173995018005,14746.369277954102,5934.195282936096,1.1600114560125914,0,240,Rolling z-score,Unexplained anomaly,No mapped business context; investigate before drawing conclusions
store_day,2014-01-01,24,0.0,13193.74458537783,-13193.74458537783,-4.797465123239636,1,0,0,0.0,0,13193.74458537783,2750.1491405253505,1,18894.753089904785,11038.10798740387,20735.241722106934,9697.133734703064,-1.948488451003441,0,240,Rolling z-score,Business event,"Known business context overlaps the flag; review, do not treat as error"
store_day,2014-03-01,24,20439.936058044434,10341.861435072762,10098.074622971671,6.685390945558118,0,0,0,0.0,0,10341.861435072762,1510.4688275082844,1,17657.240074157715,12162.0849609375,20401.67589187622,8239.59093093872,0.3377225892899627,0,241,Rolling z-score,Unexplained anomaly,No mapped business context; investigate before drawing conclusions
store_day,2014-03-05,24,19886.465858459473,10632.799896376473,9253.665962083,3.9065334238332534,0,0,0,0.0,0,10632.799896376473,2368.7666168751007,1,18894.753089904785,11038.10798740387,20735.241722106934,9697.133734703064,0.10226864924071863,0,240,Rolling z-score,Unexplained anomaly,No mapped business context; investigate before drawing conclusions
store_day,2014-04-01,24,10590.355979919434,16313.390577316284,-5723.034597396851,-3.219292748105649,0,0,0,0.0,0,16313.390577316284,1777.7304039107646,1,14014.422960281372,8858.94250869751,15677.863790035248,6818.921281337738,-0.5021420308418935,0,242,Rolling z-score,Unexplained anomaly,No mapped business context; investigate before drawing conclusions
store_day,2014-04-03,24,9525.429992675781,15981.646189280918,-6456.216196605137,-3.3189251922843876,0,0,0,0.0,0,15981.646189280918,1945.2731901321883,1,13508.481533050537,8812.173995018005,14746.369277954102,5934.195282936096,-0.6712033140918204,0,240,Rolling z-score,Unexplained anomaly,No mapped business context; investigate before drawing conclusions
store_day,2014-04-14,24,0.0,13468.53277192797,-13468.53277192797,-3.932529975242811,0,0,0,0.0,0,13468.53277192797,3424.902761509495,1,14960.061155319214,9558.31803894043,16686.776027679443,7128.457988739014,-2.0986391697828566,0,241,Rolling z-score,Potential data issue,Extreme or zero value without mapped context; investigate source records
store_day,2014-04-15,24,0.0,12886.611452511379,-12886.611452511379,-3.0542722829474394,0,0,0,0.0,0,12886.611452511379,4219.208459068855,1,14014.422960281372,8858.94250869751,15677.863790035248,6818.921281337738,-2.0552258021567917,0,242,Rolling z-score,Potential data issue,Extreme or zero value without mapped context; investigate source records
store_day,2014-04-20,24,0.0,9848.165041923523,-9848.165041923523,-1.6544254374413698,0,0,0,0.0,0,9848.165041923523,5952.61945268085,0,14816.04988861084,10654.141247749329,17641.986798763275,6987.8455510139465,-2.12026006877914,1,240,Weekday IQR,Potential data issue,Extreme or zero value without mapped context; investigate source records
store_day,2014-04-27,24,0.0,5833.446425778525,-5833.446425778525,-1.0122035733841588,0,0,0,0.0,0,5833.446425778525,5763.115818960435,0,14816.04988861084,10654.141247749329,17641.986798763275,6987.8455510139465,-2.12026006877914,1,240,Weekday IQR,Potential data issue,Extreme or zero value without mapped context; investigate source records
store_day,2014-05-04,24,0.0,2752.501736981528,-2752.501736981528,-0.6156161736028118,0,0,0,0.0,0,2752.501736981528,4471.132915291809,0,14816.04988861084,10654.141247749329,17641.986798763275,6987.8455510139465,-2.12026006877914,1,240,Weekday IQR,Potential data issue,Extreme or zero value without mapped context; investigate source records
store_day,2014-05-11,24,0.0,274.6377857753209,-274.6377857753209,-0.1889822365046136,0,1,0,0.0,0,274.6377857753209,1453.246563565863,0,14816.04988861084,10654.141247749329,17641.986798763275,6987.8455510139465,-2.12026006877914,1,240,Weekday IQR,Business event,"Known business context overlaps the flag; review, do not treat as error"
store_day,2014-05-18,24,0.0,0.0,0.0,,0,0,0,0.0,0,0.0,0.0,0,14816.04988861084,10654.141247749329,17641.986798763275,6987.8455510139465,-2.12026006877914,1,240,Weekday IQR,Potential data issue,Extreme or zero value without mapped context; investigate source records
store_day,2014-05-25,24,0.0,0.0,0.0,,0,0,0,0.0,0,0.0,0.0,0,14816.04988861084,10654.141247749329,17641.986798763275,6987.8455510139465,-2.12026006877914,1,240,Weekday IQR,Potential data issue,Extreme or zero value without mapped context; investigate source records
store_day,2014-06-01,24,0.0,0.0,0.0,,0,0,0,0.0,0,0.0,0.0,0,14816.04988861084,10654.141247749329,17641.986798763275,6987.8455510139465,-2.12026006877914,1,240,Weekday IQR,Potential data issue,Extreme or zero value without mapped context; investigate source records
store_day,2014-06-08,24,0.0,0.0,0.0,,0,0,0,0.0,0,0.0,0.0,0,14816.04988861084,10654.141247749329,17641.986798763275,6987.8455510139465,-2.12026006877914,1,240,Weekday IQR,Potential data issue,Extreme or zero value without mapped context; investigate source records
store_day,2014-06-15,24,0.0,0.0,0.0,,0,1,0,0.0,0,0.0,0.0,0,14816.04988861084,10654.141247749329,17641.986798763275,6987.8455510139465,-2.12026006877914,1,240,Weekday IQR,Business event,"Known business context overlaps the flag; review, do not treat as error"
store_day,2014-06-22,24,0.0,0.0,0.0,,0,0,0,0.0,0,0.0,0.0,0,14816.04988861084,10654.141247749329,17641.986798763275,6987.8455510139465,-2.12026006877914,1,240,Weekday IQR,Potential data issue,Extreme or zero value without mapped context; investigate source records
store_day,2014-06-29,24,0.0,0.0,0.0,,0,1,0,0.0,0,0.0,0.0,0,14816.04988861084,10654.141247749329,17641.986798763275,6987.8455510139465,-2.12026006877914,1,240,Weekday IQR,Business event,"Known business context overlaps the flag; review, do not treat as error"
store_day,2014-07-06,24,0.0,0.0,0.0,,0,0,0,0.0,0,0.0,0.0,0,14816.04988861084,10654.141247749329,17641.986798763275,6987.8455510139465,-2.12026006877914,1,240,Weekday IQR,Potential data issue,Extreme or zero value without mapped context; investigate source records
store_day,2014-07-13,24,0.0,0.0,0.0,,0,1,0,0.0,0,0.0,0.0,0,14816.04988861084,10654.141247749329,17641.986798763275,6987.8455510139465,-2.12026006877914,1,240,Weekday IQR,Business event,"Known business context overlaps the flag; review, do not treat as error"
store_day,2014-07-20,24,0.0,0.0,0.0,,0,0,0,0.0,0,0.0,0.0,0,14816.04988861084,10654.141247749329,17641.986798763275,6987.8455510139465,-2.12026006877914,1,240,Weekday IQR,Potential data issue,Extreme or zero value without mapped context; investigate source records
store_day,2014-07-25,24,13006.81995010376,410.642069544111,12596.17788055965,5.796906950914338,1,0,1,0.3333333333333333,1,410.642069544111,2172.913587749217,1,16257.613983154297,10949.26245880127,18585.294513702393,7636.032054901123,-0.4257177038648027,0,240,Rolling z-score,Business event,"Known business context overlaps the flag; review, do not treat as error"
store_day,2014-07-26,24,15499.359077453613,875.1713534763882,14624.187723977226,4.541769211315175,0,0,1,0.15151515151515152,0,875.1713534763882,3219.9319347938535,1,17657.240074157715,12162.0849609375,20401.67589187622,8239.59093093872,-0.2618917631701236,0,241,Rolling z-score,Unexplained anomaly,No mapped business context; investigate before drawing conclusions
store_day,2014-09-01,24,15764.09799194336,10039.150503567287,5724.947488376072,4.003463818392352,0,0,1,0.15151515151515152,0,10039.150503567287,1429.9985582672273,1,14960.061155319214,9558.31803894043,16686.776027679443,7128.457988739014,0.1127925335176697,0,241,Rolling z-score,Unexplained anomaly,No mapped business context; investigate before drawing conclusions
store_day,2014-09-03,24,19840.991081237793,10449.761320727212,9391.229760510581,4.963308067979515,0,0,1,0.3333333333333333,1,10449.761320727212,1892.131141546006,1,18894.753089904785,11038.10798740387,20735.241722106934,9697.133734703064,0.09757914216926931,0,240,Rolling z-score,Business event,"Known business context overlaps the flag; review, do not treat as error"
store_day,2014-12-17,24,26364.229820251465,18144.018032142096,8220.211788109369,3.310487688599854,0,0,1,0.24242424242424243,0,18144.018032142096,2483.0818179499242,1,18894.753089904785,11038.10798740387,20735.241722106934,9697.133734703064,0.7702767575139978,0,240,Rolling z-score,Unexplained anomaly,No mapped business context; investigate before drawing conclusions
store_day,2014-12-22,24,28162.29327392578,19066.767405441828,9095.525868483954,2.9924378524188238,1,0,1,0.24242424242424243,0,19066.767405441828,3039.503681298487,0,14960.061155319214,9558.31803894043,16686.776027679443,7128.457988739014,1.852046002019291,1,241,Weekday IQR,Business event,"Known business context overlaps the flag; review, do not treat as error"
store_day,2014-12-23,24,29104.112865447998,19519.947774410248,9584.16509103775,2.8126319800812456,1,0,1,0.2727272727272727,1,19519.947774410248,3407.54324025033,0,14014.422960281372,8858.94250869751,15677.863790035248,6818.921281337738,2.212914518673887,1,242,Weekday IQR,Business event,"Known business context overlaps the flag; review, do not treat as error"
store_day,2015-01-01,24,0.0,20888.15399456024,-20888.15399456024,-5.718744321525504,1,0,0,0.0,0,20888.15399456024,3652.577002950924,1,13508.481533050537,8812.173995018005,14746.369277954102,5934.195282936096,-2.2763796755887795,0,240,Rolling z-score,Business event,"Known business context overlaps the flag; review, do not treat as error"
store_day,2015-02-15,24,7174.77995300293,11339.825286456517,-4165.045333453587,-3.1481548529798395,0,0,1,0.2727272727272727,1,11339.825286456517,1323.0115823277322,1,14816.04988861084,10654.141247749329,17641.986798763275,6987.8455510139465,-1.0935087044817626,0,240,Rolling z-score,Business event,"Known business context overlaps the flag; review, do not treat as error"
store_day,2015-05-09,24,16008.059970855713,10789.091292653766,5218.968678201947,3.705184268568208,1,0,1,0.30303030303030304,1,10789.091292653766,1408.5584683265186,1,17657.240074157715,12162.0849609375,20401.67589187622,8239.59093093872,-0.2001531528840248,0,241,Rolling z-score,Business event,"Known business context overlaps the flag; review, do not treat as error"
store_day,2015-05-30,24,18074.835941314697,12193.68824829374,5881.147693020957,3.3523372754567284,0,0,1,0.3333333333333333,1,12193.68824829374,1754.3424810141453,1,17657.240074157715,12162.0849609375,20401.67589187622,8239.59093093872,0.05068162614589976,0,241,Rolling z-score,Business event,"Known business context overlaps the flag; review, do not treat as error"
store_day,2015-06-03,24,21237.644901275635,12929.193526472363,8308.451374803271,3.280568722066541,0,0,1,0.42424242424242425,1,12929.193526472363,2532.625309421806,1,18894.753089904785,11038.10798740387,20735.241722106934,9697.133734703064,0.24160663093532053,0,240,Rolling z-score,Business event,"Known business context overlaps the flag; review, do not treat as error"
store_day,2015-12-04,24,54672.03985595703,18040.344796180725,36631.695059776306,15.04421104945899,0,0,1,0.42424242424242425,1,18040.344796180725,2434.936264809555,1,16257.613983154297,10949.26245880127,18585.294513702393,7636.032054901123,5.030678969995517,1,240,Rolling z-score + weekday IQR,Business event,"Known business context overlaps the flag; review, do not treat as error"
store_day,2015-12-07,24,28343.009016036987,19477.160073416573,8865.848942620414,1.209378044452409,0,0,1,0.15151515151515152,0,19477.160073416573,7330.916071520679,0,14960.061155319214,9558.31803894043,16686.776027679443,7128.457988739014,1.8773973111518816,1,241,Weekday IQR,Unexplained anomaly,No mapped business context; investigate before drawing conclusions
store_day,2015-12-17,24,26993.002185821533,20488.47259766715,6504.5295881543825,0.8800566810034107,0,0,1,0.12121212121212122,0,20488.47259766715,7391.034837367678,0,13508.481533050537,8812.173995018005,14746.369277954102,5934.195282936096,2.27234191155556,1,240,Weekday IQR,Unexplained anomaly,No mapped business context; investigate before drawing conclusions
store_day,2015-12-22,24,36721.66347503662,21891.283247470856,14830.380227565765,1.9803689246841945,1,0,1,0.24242424242424243,0,21891.283247470856,7488.695688320164,0,14014.422960281372,8858.94250869751,15677.863790035248,6818.921281337738,3.3300341179918322,1,242,Weekday IQR,Business event,"Known business context overlaps the flag; review, do not treat as error"
store_day,2016-01-01,24,0.0,23936.375024386816,-23936.375024386816,-3.0420323176119846,1,0,0,0.0,0,23936.375024386816,7868.547249089394,1,16257.613983154297,10949.26245880127,18585.294513702393,7636.032054901123,-2.1290657066741208,0,240,Rolling z-score,Business event,"Known business context overlaps the flag; review, do not treat as error"
store_day,2016-04-18,24,37642.435874938965,16228.964227472034,21413.471647466933,7.962765946113029,0,1,1,0.24242424242424243,0,16228.964227472034,2689.2001840038733,1,14960.061155319214,9558.31803894043,16686.776027679443,7128.457988739014,3.1819468888575355,1,241,Rolling z-score + weekday IQR,Business event,"Known business context overlaps the flag; review, do not treat as error"
store_day,2016-04-19,24,32415.257026672363,16959.252258913857,15456.004767758506,3.1797465455995217,0,1,1,0.30303030303030304,1,16959.252258913857,4860.766273698198,1,14014.422960281372,8858.94250869751,15677.863790035248,6818.921281337738,2.6984963320739657,1,242,Rolling z-score + weekday IQR,Business event,"Known business context overlaps the flag; review, do not treat as error"
store_day,2016-06-18,24,23906.05987548828,17239.264895234788,6666.794980253493,3.2913881623508856,0,0,1,0.45454545454545453,1,17239.264895234788,2025.5268146470185,1,17657.240074157715,12162.0849609375,20401.67589187622,8239.59093093872,0.7583895673590983,0,241,Rolling z-score,Business event,"Known business context overlaps the flag; review, do not treat as error"
store_day,2016-11-18,24,40014.81996154785,16826.976140465056,23187.843821082795,9.866253184363154,0,0,1,0.5454545454545454,1,16826.976140465056,2350.217796745049,1,16257.613983154297,10949.26245880127,18585.294513702393,7636.032054901123,3.1111977801540514,1,240,Rolling z-score + weekday IQR,Business event,"Known business context overlaps the flag; review, do not treat as error"
store_day,2016-12-05,24,49321.78105831146,18805.70485009466,30516.076208216804,6.182378032255558,0,0,1,0.42424242424242425,1,18805.70485009466,4935.977070474194,1,14960.061155319214,9558.31803894043,16686.776027679443,7128.457988739014,4.820358057419183,1,241,Rolling z-score + weekday IQR,Business event,"Known business context overlaps the flag; review, do not treat as error"
store_day,2016-12-22,24,27115.274898529053,21224.78760222026,5890.487296308791,0.8741740925082235,1,0,1,0.5151515151515151,1,21224.78760222026,6738.34576749754,0,13508.481533050537,8812.173995018005,14746.369277954102,5934.195282936096,2.2929466788201487,1,240,Weekday IQR,Business event,"Known business context overlaps the flag; review, do not treat as error"
store_day,2016-12-23,24,31000.43793296814,21710.36353165763,9290.07440131051,1.3966208113701783,1,0,1,0.6363636363636364,1,21710.36353165763,6651.822975626667,0,16257.613983154297,10949.26245880127,18585.294513702393,7636.032054901123,1.9306917314930974,1,240,Weekday IQR,Business event,"Known business context overlaps the flag; review, do not treat as error"
store_day,2017-01-01,24,0.0,23292.45534300804,-23292.45534300804,-3.5939691636390805,0,0,0,0.0,0,23292.45534300804,6480.983637439788,1,14816.04988861084,10654.141247749329,17641.986798763275,6987.8455510139465,-2.12026006877914,1,240,Rolling z-score + weekday IQR,Potential data issue,Extreme or zero value without mapped context; investigate source records
store_day,2017-02-19,24,9891.868047714233,18219.74715287345,-8327.879105159216,-3.4159382413375736,0,0,1,0.45454545454545453,1,18219.74715287345,2437.9477955369243,1,14816.04988861084,10654.141247749329,17641.986798763275,6987.8455510139465,-0.7046781164449321,0,240,Rolling z-score,Business event,"Known business context overlaps the flag; review, do not treat as error"
store_day,2017-04-01,24,26722.21482849121,18153.28728079796,8568.927547693253,3.274709830877492,0,0,1,0.3333333333333333,1,18153.28728079796,2616.698269537097,1,17657.240074157715,12162.0849609375,20401.67589187622,8239.59093093872,1.1001729127468638,0,241,Rolling z-score,Business event,"Known business context overlaps the flag; review, do not treat as error"
store_day,2013-02-01,25,8838.677993774414,4211.474930899484,4627.20306287493,3.1004035406319073,0,0,0,0.0,0,4211.474930899484,1492.4518702916455,1,7518.284330368042,5612.821266174316,10209.43127822876,4596.610012054443,0.2872537935443049,0,240,Rolling z-score,Unexplained anomaly,No mapped business context; investigate before drawing conclusions
store_day,2013-02-02,25,11254.186981201172,4354.12935938154,6900.057621819632,3.994098778720839,0,0,0,0.0,0,4354.12935938154,1727.5630884696004,1,8482.821029663086,6563.0209884643555,11349.5650100708,4786.544021606445,0.5789910087587513,0,241,Rolling z-score,Unexplained anomaly,No mapped business context; investigate before drawing conclusions
store_day,2013-02-08,25,14792.441947937012,5126.485325540815,9665.956622396196,4.478721752648135,0,0,0,0.0,0,5126.485325540815,2158.1953861458355,1,7518.284330368042,5612.821266174316,10209.43127822876,4596.610012054443,1.5825048456346644,0,240,Rolling z-score,Unexplained anomaly,No mapped business context; investigate before drawing conclusions
store_day,2013-02-09,25,20156.068002700806,5483.567252635956,14672.50075006485,5.193396076291835,0,0,0,0.0,0,5483.567252635956,2825.222751071442,1,8482.821029663086,6563.0209884643555,11349.5650100708,4786.544021606445,2.4387631076502623,1,241,Rolling z-score + weekday IQR,Unexplained anomaly,No mapped business context; investigate before drawing conclusions
store_day,2013-02-10,25,15694.586966514587,5952.133145059858,9742.453821454728,2.463616946962014,0,0,0,0.0,0,5952.133145059858,3954.532718030107,0,5568.777488708496,3947.4135036468506,7269.588976860046,3322.175473213196,3.047945407896364,1,240,Weekday IQR,Unexplained anomaly,No mapped business context; investigate before drawing conclusions
store_day,2013-03-28,25,12275.945980072021,6350.8763953617645,5925.069584710257,2.5865792351735926,0,0,0,0.0,0,6350.8763953617645,2290.697112285682,0,4833.133506774902,3723.912742614746,6250.728223800659,2526.815481185913,2.9455306605150193,1,240,Weekday IQR,Unexplained anomaly,No mapped business context; investigate before drawing conclusions
store_day,2013-03-29,25,14962.00002670288,6622.503216743469,8339.496809959412,3.3051565075907856,0,0,0,0.0,0,6622.503216743469,2523.177583514279,1,7518.284330368042,5612.821266174316,10209.43127822876,4596.610012054443,1.6193924820278345,0,240,Rolling z-score,Unexplained anomaly,No mapped business context; investigate before drawing conclusions
store_day,2013-05-24,25,11260.543991088867,3472.544249875205,7787.999741213662,7.211239810436052,1,0,0,0.0,0,3472.544249875205,1079.980689304345,1,7518.284330368042,5612.821266174316,10209.43127822876,4596.610012054443,0.8141346885872164,0,240,Rolling z-score,Business event,"Known business context overlaps the flag; review, do not treat as error"
store_day,2013-08-10,25,6571.400009155273,3617.914140701294,2953.4858684539795,4.216990501424397,1,0,0,0.0,0,3617.914140701294,700.3776431216442,1,8482.821029663086,6563.0209884643555,11349.5650100708,4786.544021606445,-0.39933217199709514,0,241,Rolling z-score,Business event,"Known business context overlaps the flag; review, do not treat as error"
store_day,2013-10-05,25,6113.840995788574,3191.850893838065,2921.990101950509,3.724758683975662,0,0,0,0.0,0,3191.850893838065,784.4776936882502,1,8482.821029663086,6563.0209884643555,11349.5650100708,4786.544021606445,-0.49492494442356383,0,241,Rolling z-score,Unexplained anomaly,No mapped business context; investigate before drawing conclusions
store_day,2013-10-10,25,7505.997985839844,3423.518322127206,4082.479663712638,4.316365378198066,0,0,0,0.0,0,3423.518322127206,945.8141992179848,1,4833.133506774902,3723.912742614746,6250.728223800659,2526.815481185913,1.057799629203824,0,240,Rolling z-score,Unexplained anomaly,No mapped business context; investigate before drawing conclusions
store_day,2013-10-11,25,13354.284050941467,3620.1454285212926,9734.138622420174,8.236421469026634,1,0,0,0.0,0,3620.1454285212926,1181.8407616737147,1,7518.284330368042,5612.821266174316,10209.43127822876,4596.610012054443,1.2696312511326233,0,240,Rolling z-score,Business event,"Known business context overlaps the flag; review, do not treat as error"
store_day,2013-12-21,25,8268.042003631592,3835.407425880432,4432.63457775116,4.307045701498643,1,0,0,0.0,0,3835.407425880432,1029.1589374611972,1,8482.821029663086,6563.0209884643555,11349.5650100708,4786.544021606445,-0.04487141976799592,0,241,Rolling z-score,Business event,"Known business context overlaps the flag; review, do not treat as error"
store_day,2013-12-26,25,16904.571014404297,4458.665211405073,12445.905802999223,7.565046631055339,1,0,0,0.0,0,4458.665211405073,1645.1856029422775,1,4833.133506774902,3723.912742614746,6250.728223800659,2526.815481185913,4.7773324160432535,1,240,Rolling z-score + weekday IQR,Business event,"Known business context overlaps the flag; review, do not treat as error"
store_day,2013-12-27,25,21197.247985839844,4944.393533297947,16252.854452541897,5.6932456515462615,0,0,0,0.0,0,4944.393533297947,2854.7607897663243,1,7518.284330368042,5612.821266174316,10209.43127822876,4596.610012054443,2.975880838182751,1,240,Rolling z-score + weekday IQR,Unexplained anomaly,No mapped business context; investigate before drawing conclusions
store_day,2013-12-28,25,26539.181930541992,5609.416532788958,20929.765397753035,5.036827577715727,0,0,0,0.0,0,5609.416532788958,4155.346808048764,1,8482.821029663086,6563.0209884643555,11349.5650100708,4786.544021606445,3.7723168990763583,1,241,Rolling z-score + weekday IQR,Unexplained anomaly,No mapped business context; investigate before drawing conclusions
store_day,2013-12-29,25,20677.811965942383,6424.16706602914,14253.644899913243,2.493687377250064,0,0,0,0.0,0,6424.16706602914,5715.890865049642,0,5568.777488708496,3947.4135036468506,7269.588976860046,3322.175473213196,4.5479339062787325,1,240,Weekday IQR,Unexplained anomaly,No mapped business context; investigate before drawing conclusions
store_day,2013-12-30,25,23676.473999023438,6997.510457992554,16678.963541030884,2.645948453868893,0,0,0,0.0,0,6997.510457992554,6303.585966175186,0,5260.052007675171,3730.4570083618164,6819.4029541015625,3088.945945739746,5.962040875706509,1,241,Weekday IQR,Unexplained anomaly,No mapped business context; investigate before drawing conclusions
store_day,2013-12-31,25,17884.919021606445,7715.823814937046,10169.095206669399,1.4517407591484401,1,0,0,0.0,0,7715.823814937046,7004.759729026532,0,4577.522010803223,3428.7350063323975,5782.846254348755,2354.1112480163574,5.65283268665252,1,242,Weekday IQR,Business event,"Known business context overlaps the flag; review, do not treat as error"
store_day,2014-01-02,25,12759.373008728027,8315.754330362592,4443.618678365436,0.6211880802101365,0,0,0,0.0,0,8315.754330362592,7153.419101123513,0,4833.133506774902,3723.912742614746,6250.728223800659,2526.815481185913,3.136849350880617,1,240,Weekday IQR,Unexplained anomaly,No mapped business context; investigate before drawing conclusions
store_day,2014-02-28,25,14902.072219848633,5428.702784129551,9473.369435719082,4.197221656326142,0,0,0,0.0,0,5428.702784129551,2257.057218181608,1,7518.284330368042,5612.821266174316,10209.43127822876,4596.610012054443,1.6063550899721477,0,240,Rolling z-score,Unexplained anomaly,No mapped business context; investigate before drawing conclusions
store_day,2014-03-01,25,34928.132263183594,5614.965094975063,29313.16716820853,10.556401900378283,0,0,0,0.0,0,5614.965094975063,2776.8142445541134,1,8482.821029663086,6563.0209884643555,11349.5650100708,4786.544021606445,5.52492803035895,1,241,Rolling z-score + weekday IQR,Potential data issue,Extreme or zero value without mapped context; investigate source records
store_day,2014-03-02,25,21898.20701599121,6491.384640284947,15406.822375706264,2.502785423813784,0,0,0,0.0,0,6491.384640284947,6155.870267227746,0,5568.777488708496,3947.4135036468506,7269.588976860046,3322.175473213196,4.91528206711157,1,240,Weekday IQR,Unexplained anomaly,No mapped business context; investigate before drawing conclusions
store_day,2014-03-03,25,16102.429077148438,7109.619783810207,8992.80929333823,1.3236802171319277,1,0,0,0.0,0,7109.619783810207,6793.792924414418,0,5260.052007675171,3730.4570083618164,6819.4029541015625,3088.945945739746,3.5100572363291116,1,241,Weekday IQR,Business event,"Known business context overlaps the flag; review, do not treat as error"
store_day,2014-04-17,25,11789.866972923279,7676.732256480625,4113.134716442653,1.4166071177866664,0,0,0,0.0,0,7676.732256480625,2903.5112592608543,0,4833.133506774902,3723.912742614746,6250.728223800659,2526.815481185913,2.7531624362548883,1,240,Weekday IQR,Unexplained anomaly,No mapped business context; investigate before drawing conclusions
store_day,2014-07-02,25,7391.900016784668,3703.8326224599564,3688.0673943247116,4.156572316259161,0,0,1,0.24242424242424243,0,3703.8326224599564,887.2857522286308,1,6334.119478225708,4149.851491928101,7840.011691093445,3690.1601991653442,0.2866489478690419,0,240,Rolling z-score,Unexplained anomaly,No mapped business context; investigate before drawing conclusions
store_day,2014-07-05,25,7948.883026123047,3970.214271136693,3978.668754986354,3.2419388295384777,0,1,1,0.15151515151515152,0,3970.214271136693,1227.2497922339753,1,8482.821029663086,6563.0209884643555,11349.5650100708,4786.544021606445,-0.1115497948268823,0,241,Rolling z-score,Business event,"Known business context overlaps the flag; review, do not treat as error"
store_day,2014-07-25,25,15170.359985351562,5577.126354626247,9593.233630725315,7.595694498340292,0,0,1,0.36363636363636365,1,5577.126354626247,1262.9830797988911,1,7518.284330368042,5612.821266174316,10209.43127822876,4596.610012054443,1.664721530631537,0,240,Rolling z-score,Business event,"Known business context overlaps the flag; review, do not treat as error"
store_day,2014-10-09,25,12497.639999389648,5834.771601540701,6662.868397848947,4.0290259457307025,0,0,1,0.15151515151515152,0,5834.771601540701,1653.716925032254,1,4833.133506774902,3723.912742614746,6250.728223800659,2526.815481185913,3.033267189346788,1,240,Rolling z-score + weekday IQR,Unexplained anomaly,No mapped business context; investigate before drawing conclusions
store_day,2014-10-10,25,19175.69204711914,6159.397459030151,13016.29458808899,6.466562268724241,1,0,1,0.42424242424242425,1,6159.397459030151,2012.8615556742973,1,7518.284330368042,5612.821266174316,10209.43127822876,4596.610012054443,2.5360880488403343,1,240,Rolling z-score + weekday IQR,Business event,"Known business context overlaps the flag; review, do not treat as error"
store_day,2014-11-01,25,18893.026947021484,6724.399926117489,12168.627020903996,3.5783879564404346,0,0,1,0.18181818181818182,0,6724.399926117489,3400.5890834174993,1,8482.821029663086,6563.0209884643555,11349.5650100708,4786.544021606445,2.174889830818804,1,241,Rolling z-score + weekday IQR,Unexplained anomaly,No mapped business context; investigate before drawing conclusions
store_day,2014-12-20,25,9662.043930053711,5942.871170316424,3719.1727597372874,3.0756005846147154,0,0,1,0.24242424242424243,0,5942.871170316424,1209.2508950420795,1,8482.821029663086,6563.0209884643555,11349.5650100708,4786.544021606445,0.2463620714794675,0,241,Rolling z-score,Unexplained anomaly,No mapped business context; investigate before drawing conclusions
store_day,2014-12-23,25,11912.399055480957,6335.340736252921,5577.058319228036,3.5416285940727557,1,0,1,0.15151515151515152,0,6335.340736252921,1574.715747597521,1,4577.522010803223,3428.7350063323975,5782.846254348755,2354.1112480163574,3.1157733309580484,1,242,Rolling z-score + weekday IQR,Business event,"Known business context overlaps the flag; review, do not treat as error"
store_day,2014-12-24,25,12750.022964477539,6613.4145250320435,6136.608439445496,3.3424294018677534,1,0,1,0.3333333333333333,1,6613.4145250320435,1835.9724923483357,1,6334.119478225708,4149.851491928101,7840.011691093445,3690.1601991653442,1.7386517495102263,0,240,Rolling z-score,Business event,"Known business context overlaps the flag; review, do not treat as error"
store_day,2014-12-26,25,34044.994689941406,6866.62563092368,27178.36905901773,12.582868041212647,1,0,1,0.3333333333333333,1,6866.62563092368,2159.9502569684796,1,7518.284330368042,5612.821266174316,10209.43127822876,4596.610012054443,5.77092907381919,1,240,Rolling z-score + weekday IQR,Business event,"Known business context overlaps the flag; review, do not treat as error"
store_day,2014-12-27,25,31033.91593170166,7921.931797572544,23111.984134129118,4.1739662133915685,0,0,1,0.2727272727272727,1,7921.931797572544,5537.17566279709,1,8482.821029663086,6563.0209884643555,11349.5650100708,4786.544021606445,4.711352240832425,1,241,Rolling z-score + weekday IQR,Business event,"Known business context overlaps the flag; review, do not treat as error"
store_day,2014-12-28,25,22137.9949798584,8805.006689071655,13332.988290786743,1.8943230846837116,0,0,1,0.18181818181818182,0,8805.006689071655,7038.391918774988,0,5568.777488708496,3947.4135036468506,7269.588976860046,3322.175473213196,4.987460061862481,1,240,Weekday IQR,Unexplained anomaly,No mapped business context; investigate before drawing conclusions
store_day,2014-12-29,25,30488.513038635254,9322.379796709332,21166.13324192592,2.833606489000809,0,0,1,0.24242424242424243,0,9322.379796709332,7469.679831721997,0,5260.052007675171,3730.4570083618164,6819.4029541015625,3088.945945739746,8.167336520004506,1,241,Weekday IQR,Unexplained anomaly,No mapped business context; investigate before drawing conclusions
store_day,2014-12-30,25,34706.02383232117,10199.178441456386,24506.84539086478,2.9050034683351664,0,0,1,0.18181818181818182,0,10199.178441456386,8436.081284580858,0,4577.522010803223,3428.7350063323975,5782.846254348755,2354.1112480163574,12.798248955696167,1,242,Weekday IQR,Unexplained anomaly,No mapped business context; investigate before drawing conclusions
store_day,2014-12-31,25,34619.43974304199,11230.840112890515,23388.599630151475,2.4437857276396344,1,0,1,0.2727272727272727,1,11230.840112890515,9570.642534499819,0,6334.119478225708,4149.851491928101,7840.011691093445,3690.1601991653442,7.665065671461628,1,240,Weekday IQR,Business event,"Known business context overlaps the flag; review, do not treat as error"
store_day,2015-01-01,25,12773.616966247559,12308.006746087756,465.61022015980234,0.04460645051691716,1,0,1,0.15151515151515152,0,12308.006746087756,10438.181356376203,0,4833.133506774902,3723.912742614746,6250.728223800659,2526.815481185913,3.1424864690736896,1,240,Weekday IQR,Business event,"Known business context overlaps the flag; review, do not treat as error"
store_day,2015-01-02,25,22363.275062561035,12529.118493829455,9834.15656873158,0.9476143600508905,1,0,1,0.30303030303030304,1,12529.118493829455,10377.804498660666,0,7518.284330368042,5612.821266174316,10209.43127822876,4596.610012054443,3.2295519291961994,1,240,Weekday IQR,Business event,"Known business context overlaps the flag; review, do not treat as error"
store_day,2015-02-13,25,16887.578994750977,5863.758074556078,11023.8209201949,5.297346573502311,0,0,1,0.3333333333333333,1,5863.758074556078,2081.0080607783534,1,7518.284330368042,5612.821266174316,10209.43127822876,4596.610012054443,2.0383053249704237,0,240,Rolling z-score,Business event,"Known business context overlaps the flag; review, do not treat as error"
store_day,2015-02-14,25,24057.371963500977,6234.15111044475,17823.220853056227,6.051878998492047,0,0,1,0.18181818181818182,0,6234.15111044475,2945.072242438631,1,8482.821029663086,6563.0209884643555,11349.5650100708,4786.544021606445,3.2538196376204658,1,241,Rolling z-score + weekday IQR,Potential data issue,Extreme or zero value without mapped context; investigate source records
store_day,2015-02-15,25,16867.01398086548,6772.199429580143,10094.814551285335,2.2653831823584007,0,0,1,0.21212121212121213,0,6772.199429580143,4456.117900891285,0,5568.777488708496,3947.4135036468506,7269.588976860046,3322.175473213196,3.400854826379586,1,240,Weekday IQR,Unexplained anomaly,No mapped business context; investigate before drawing conclusions
store_day,2015-02-16,25,12482.520991325378,7212.786857945578,5269.7341333798,1.0930367220475592,1,0,1,0.12121212121212122,0,7212.786857945578,4821.186724182638,0,5260.052007675171,3730.4570083618164,6819.4029541015625,3088.945945739746,2.338166193426398,1,241,Weekday IQR,Business event,"Known business context overlaps the flag; review, do not treat as error"
store_day,2015-04-02,25,14082.778015136719,7308.3960673468455,6774.381947789873,2.80257490710657,0,0,1,0.18181818181818182,0,7308.3960673468455,2417.1992443848253,0,4833.133506774902,3723.912742614746,6250.728223800659,2526.815481185913,3.660593572119746,1,240,Weekday IQR,Unexplained anomaly,No mapped business context; investigate before drawing conclusions
store_day,2015-04-03,25,18412.2029876709,7610.00403213501,10802.198955535889,3.985845927853228,1,0,1,0.3333333333333333,1,7610.00403213501,2710.139616799975,1,7518.284330368042,5612.821266174316,10209.43127822876,4596.610012054443,2.369989759569324,1,240,Rolling z-score + weekday IQR,Business event,"Known business context overlaps the flag; review, do not treat as error"
store_day,2015-05-01,25,18413.487915039062,6827.34353869302,11586.144376346043,3.4610286995021675,1,0,1,0.3939393939393939,1,6827.34353869302,3347.601358524588,1,7518.284330368042,5612.821266174316,10209.43127822876,4596.610012054443,2.370269297612533,1,240,Rolling z-score + weekday IQR,Business event,"Known business context overlaps the flag; review, do not treat as error"
store_day,2015-07-04,25,10260.678932189941,6107.868499347142,4152.8104328428,3.3705556356811535,0,0,1,0.18181818181818182,0,6107.868499347142,1232.084819749181,1,8482.821029663086,6563.0209884643555,11349.5650100708,4786.544021606445,0.3714282986851495,0,241,Rolling z-score,Unexplained anomaly,No mapped business context; investigate before drawing conclusions
store_day,2015-08-01,25,11353.15503692627,6818.314697742462,4534.840339183807,3.0041669305307166,0,0,1,0.21212121212121213,0,6818.314697742462,1509.5167625664137,1,8482.821029663086,6563.0209884643555,11349.5650100708,4786.544021606445,0.5996673161902417,0,241,Rolling z-score,Unexplained anomaly,No mapped business context; investigate before drawing conclusions
store_day,2015-08-07,25,13066.048957824707,7009.138749735696,6056.910208089011,3.842139183316775,0,0,1,0.48484848484848486,1,7009.138749735696,1576.4421638833778,1,7518.284330368042,5612.821266174316,10209.43127822876,4596.610012054443,1.2069252368392909,0,240,Rolling z-score,Business event,"Known business context overlaps the flag; review, do not treat as error"
store_day,2015-08-08,25,22199.61590576172,7216.137928758349,14983.477977003371,7.689439168237914,0,0,1,0.21212121212121213,0,7216.137928758349,1948.578777876844,1,8482.821029663086,6563.0209884643555,11349.5650100708,4786.544021606445,2.865699096087085,1,241,Rolling z-score + weekday IQR,Potential data issue,Extreme or zero value without mapped context; investigate source records
store_day,2015-08-09,25,14191.606086730957,7755.492601735251,6436.113484995706,1.8728516848409233,0,0,1,0.2727272727272727,1,7755.492601735251,3436.531326580929,0,5568.777488708496,3947.4135036468506,7269.588976860046,3322.175473213196,2.5955367702725507,1,240,Weekday IQR,Business event,"Known business context overlaps the flag; review, do not treat as error"
store_day,2015-10-08,25,12436.446983337402,6126.82110789844,6309.625875438963,4.10005120855487,0,0,1,0.24242424242424243,0,6126.82110789844,1538.9139194831894,1,4833.133506774902,3723.912742614746,6250.728223800659,2526.815481185913,3.009049743906915,1,240,Rolling z-score + weekday IQR,Unexplained anomaly,No mapped business context; investigate before drawing conclusions
store_day,2015-10-09,25,21424.753997802734,6398.972179038184,15025.78181876455,7.809079634482871,1,0,1,0.45454545454545453,1,6398.972179038184,1924.142475435209,1,7518.284330368042,5612.821266174316,10209.43127822876,4596.610012054443,3.025375141890541,1,240,Rolling z-score + weekday IQR,Business event,"Known business context overlaps the flag; review, do not treat as error"
store_day,2015-10-31,25,23558.579956054688,7465.591884681156,16092.988071373531,4.358628981779936,0,0,1,0.15151515151515152,0,7465.591884681156,3692.213340168639,1,8482.821029663086,6563.0209884643555,11349.5650100708,4786.544021606445,3.1496125092216163,1,241,Rolling z-score + weekday IQR,Unexplained anomaly,No mapped business context; investigate before drawing conclusions
store_day,2015-11-01,25,19825.304878234863,7972.501776627132,11852.803101607731,2.480972549098779,0,0,1,0.12121212121212122,0,7972.501776627132,4777.482566630291,0,5568.777488708496,3947.4135036468506,7269.588976860046,3322.175473213196,4.291322810753734,1,240,Weekday IQR,Unexplained anomaly,No mapped business context; investigate before drawing conclusions
store_day,2015-11-02,25,11690.558059692383,8413.226378372738,3277.331681319645,0.6213869498461758,1,0,1,0.15151515151515152,0,8413.226378372738,5274.220326208891,0,5260.052007675171,3730.4570083618164,6819.4029541015625,3088.945945739746,2.0817800521521344,1,241,Weekday IQR,Business event,"Known business context overlaps the flag; review, do not treat as error"
store_day,2015-12-18,25,10296.063110351562,6348.561916623797,3947.501193727766,3.9250669506035676,0,0,1,0.3333333333333333,1,6348.561916623797,1005.7156332379881,1,7518.284330368042,5612.821266174316,10209.43127822876,4596.610012054443,0.6043103010041957,0,240,Rolling z-score,Business event,"Known business context overlaps the flag; review, do not treat as error"
store_day,2015-12-22,25,9545.352951049805,6789.5104166439605,2755.842534405844,1.9970923749323695,1,0,1,0.30303030303030304,1,6789.5104166439605,1379.9274229862149,0,4577.522010803223,3428.7350063323975,5782.846254348755,2354.1112480163574,2.1102787493295487,1,242,Weekday IQR,Business event,"Known business context overlaps the flag; review, do not treat as error"
store_day,2015-12-23,25,12284.629035949707,6956.889879090445,5327.739156859262,3.7501077043043556,1,0,1,0.2727272727272727,1,6956.889879090445,1420.6896379920258,1,6334.119478225708,4149.851491928101,7840.011691093445,3690.1601991653442,1.6125342089673804,0,240,Rolling z-score,Business event,"Known business context overlaps the flag; review, do not treat as error"
store_day,2015-12-24,25,10590.874969482422,7167.266094344003,3423.6088751384186,1.9726736247523848,1,0,1,0.2727272727272727,1,7167.266094344003,1735.5171337925497,0,4833.133506774902,3723.912742614746,6250.728223800659,2526.815481185913,2.278655289861226,1,240,Weekday IQR,Business event,"Known business context overlaps the flag; review, do not treat as error"
store_day,2015-12-26,25,25963.391151428223,7384.997379575457,18578.393771852767,10.49715387750515,1,0,1,0.09090909090909091,0,7384.997379575457,1769.8505698449644,1,8482.821029663086,6563.0209884643555,11349.5650100708,4786.544021606445,3.652023264145884,1,241,Rolling z-score + weekday IQR,Business event,"Known business context overlaps the flag; review, do not treat as error"
store_day,2015-12-27,25,21101.11508178711,8048.990882873535,13052.124198913574,3.319665259323148,0,0,1,0.12121212121212122,0,8048.990882873535,3931.759132116469,1,5568.777488708496,3947.4135036468506,7269.588976860046,3322.175473213196,4.675351352845849,1,240,Rolling z-score + weekday IQR,Unexplained anomaly,No mapped business context; investigate before drawing conclusions
store_day,2015-12-28,25,21941.239974975586,8532.714527675083,13408.525447300502,2.8906373465462982,0,0,1,0.18181818181818182,0,8532.714527675083,4638.605207021511,0,5260.052007675171,3730.4570083618164,6819.4029541015625,3088.945945739746,5.400284841600094,1,241,Weekday IQR,Unexplained anomaly,No mapped business context; investigate before drawing conclusions
store_day,2015-12-29,25,26573.975036621094,9117.811883245196,17456.1631533759,3.3291924829817403,0,0,1,0.18181818181818182,0,9117.811883245196,5243.362539897829,1,4577.522010803223,3428.7350063323975,5782.846254348755,2354.1112480163574,9.343846024419076,1,242,Rolling z-score + weekday IQR,Unexplained anomaly,No mapped business context; investigate before drawing conclusions
store_day,2015-12-30,25,35315.079025268555,9841.546065330505,25473.53295993805,4.13543453851409,0,0,1,0.24242424242424243,0,9841.546065330505,6159.820140470894,1,6334.119478225708,4149.851491928101,7840.011691093445,3690.1601991653442,7.853577618011782,1,240,Rolling z-score + weekday IQR,Unexplained anomaly,No mapped business context; investigate before drawing conclusions
store_day,2015-12-31,25,34061.51914978027,10896.139137676784,23165.380012103487,2.985309463951542,1,0,1,0.21212121212121213,0,10896.139137676784,7759.791837942437,0,4833.133506774902,3723.912742614746,6250.728223800659,2526.815481185913,11.567281370813662,1,240,Weekday IQR,Business event,"Known business context overlaps the flag; review, do not treat as error"
store_day,2016-01-02,25,19655.149841308594,12208.952004977635,7446.197836330959,0.8423973571689278,0,0,1,0.18181818181818182,0,12208.952004977635,8839.293918674719,0,8482.821029663086,6563.0209884643555,11349.5650100708,4786.544021606445,2.3341117852909425,1,241,Weekday IQR,Unexplained anomaly,No mapped business context; investigate before drawing conclusions
store_day,2016-02-04,25,12253.940002441406,7623.628576483045,4630.311425958361,2.0401868175555307,0,0,1,0.12121212121212122,0,7623.628576483045,2269.5526635674532,0,4833.133506774902,3723.912742614746,6250.728223800659,2526.815481185913,2.936821683625149,1,240,Weekday IQR,Unexplained anomaly,No mapped business context; investigate before drawing conclusions
store_day,2016-02-05,25,27208.097885131836,7856.165075915201,19351.932809216636,8.064805899347755,0,0,1,0.3333333333333333,1,7856.165075915201,2399.553448742236,1,7518.284330368042,5612.821266174316,10209.43127822876,4596.610012054443,4.283551030678689,1,240,Rolling z-score + weekday IQR,Business event,"Known business context overlaps the flag; review, do not treat as error"
store_day,2016-02-06,25,37484.340103149414,8511.426390988487,28972.913712160927,6.621540969508334,0,0,1,0.18181818181818182,0,8511.426390988487,4375.554549247506,1,8482.821029663086,6563.0209884643555,11349.5650100708,4786.544021606445,6.058968421176857,1,241,Rolling z-score + weekday IQR,Potential data issue,Extreme or zero value without mapped context; investigate source records
store_day,2016-02-07,25,27994.23193359375,9478.469178812844,18515.762754780906,2.641538335632529,0,0,1,0.15151515151515152,0,9478.469178812844,7009.462064213131,0,5568.777488708496,3947.4135036468506,7269.588976860046,3322.175473213196,6.750231776046266,1,240,Weekday IQR,Unexplained anomaly,No mapped business context; investigate before drawing conclusions
store_day,2016-02-08,25,18360.07097530365,10222.117175306592,8137.953799997058,1.0414496877710988,1,0,1,0.12121212121212122,0,10222.117175306592,7814.063315352116,0,5260.052007675171,3730.4570083618164,6819.4029541015625,3088.945945739746,4.240934997809184,1,241,Weekday IQR,Business event,"Known business context overlaps the flag; review, do not treat as error"
store_day,2016-03-23,25,15198.374153137207,9944.918422426495,5253.455730710712,1.6874755935992196,0,0,1,0.30303030303030304,1,9944.918422426495,3113.203977964272,0,6334.119478225708,4149.851491928101,7840.011691093445,3690.1601991653442,2.4021327521001536,1,240,Weekday IQR,Business event,"Known business context overlaps the flag; review, do not treat as error"
store_day,2016-03-24,25,19885.8670501709,10205.161964825222,9680.705085345677,2.9888330855439875,0,0,1,0.21212121212121213,0,10205.161964825222,3238.9580844002617,0,4833.133506774902,3723.912742614746,6250.728223800659,2526.815481185913,5.957195392966042,1,240,Weekday IQR,Unexplained anomaly,No mapped business context; investigate before drawing conclusions
store_day,2016-03-25,25,24080.438018798828,10657.65050302233,13422.787515776497,3.664284198238704,1,0,1,0.3939393939393939,1,10657.65050302233,3663.140408767522,1,7518.284330368042,5612.821266174316,10209.43127822876,4596.610012054443,3.603123529078416,1,240,Rolling z-score + weekday IQR,Business event,"Known business context overlaps the flag; review, do not treat as error"
store_day,2016-05-27,25,21298.71799468994,5969.552750519344,15329.165244170597,10.725620409863675,1,0,1,0.48484848484848486,1,5969.552750519344,1429.210121036293,1,7518.284330368042,5612.821266174316,10209.43127822876,4596.610012054443,2.9979558039910303,1,240,Rolling z-score + weekday IQR,Business event,"Known business context overlaps the flag; review, do not treat as error"
store_day,2016-07-02,25,9866.11502456665,5729.182280646904,4136.932743919747,3.295828965684671,0,0,1,0.42424242424242425,1,5729.182280646904,1255.2024959403032,1,8482.821029663086,6563.0209884643555,11349.5650100708,4786.544021606445,0.2889964008811743,0,241,Rolling z-score,Business event,"Known business context overlaps the flag; review, do not treat as error"
store_day,2016-07-23,25,14689.718940734863,6506.238280232464,8183.4806605024,4.974397051819452,0,0,1,0.45454545454545453,1,6506.238280232464,1645.1201171223722,1,8482.821029663086,6563.0209884643555,11349.5650100708,4786.544021606445,1.2967389170670653,0,241,Rolling z-score,Business event,"Known business context overlaps the flag; review, do not treat as error"
store_day,2016-08-11,25,11377.120971679688,7571.846457685743,3805.2745139939443,1.857642457538813,0,0,1,0.3939393939393939,1,7571.846457685743,2048.442905980705,0,4833.133506774902,3723.912742614746,6250.728223800659,2526.815481185913,2.589816119787856,1,240,Weekday IQR,Business event,"Known business context overlaps the flag; review, do not treat as error"
store_day,2016-08-12,25,21941.203094482422,7799.804527623312,14141.398566859109,6.716913673106474,1,0,1,0.5151515151515151,1,7799.804527623312,2105.3417172055033,1,7518.284330368042,5612.821266174316,10209.43127822876,4596.610012054443,3.1377294846181853,1,240,Rolling z-score + weekday IQR,Business event,"Known business context overlaps the flag; review, do not treat as error"
store_day,2016-10-27,25,12941.325946807861,0.0,12941.325946807861,,0,0,1,0.45454545454545453,1,0.0,0.0,0,4833.133506774902,3723.912742614746,6250.728223800659,2526.815481185913,3.2088581459171417,1,240,Weekday IQR,Business event,"Known business context overlaps the flag; review, do not treat as error"
store_day,2016-10-28,25,10462.357040405273,462.19021238599504,10000.166828019279,4.0889093752596715,0,0,1,0.5151515151515151,1,462.19021238599504,2445.6807207629063,1,7518.284330368042,5612.821266174316,10209.43127822876,4596.610012054443,0.6404878165248972,0,240,Rolling z-score,Business event,"Known business context overlaps the flag; review, do not treat as error"
store_day,2016-10-29,25,11619.2939453125,835.8458209718976,10783.448124340603,3.492647055114041,0,0,1,0.42424242424242425,1,835.8458209718976,3087.471466248256,1,8482.821029663086,6563.0209884643555,11349.5650100708,4786.544021606445,0.6552687913223789,0,241,Rolling z-score,Business event,"Known business context overlaps the flag; review, do not treat as error"
store_day,2016-11-01,25,13574.600021362305,1994.2856055327825,11580.314415829522,2.644258219988882,0,0,1,0.42424242424242425,1,1994.2856055327825,4379.418896494236,0,4577.522010803223,3428.7350063323975,5782.846254348755,2354.1112480163574,3.821857619575235,1,242,Weekday IQR,Business event,"Known business context overlaps the flag; review, do not treat as error"
store_day,2016-11-02,25,32651.702976226807,2479.0927491528646,30172.610227073943,6.190628635328988,1,0,1,0.5454545454545454,1,2479.0927491528646,4873.917013028918,1,6334.119478225708,4149.851491928101,7840.011691093445,3690.1601991653442,7.131826825283553,1,240,Rolling z-score + weekday IQR,Business event,"Known business context overlaps the flag; review, do not treat as error"
store_day,2016-11-03,25,24650.161043167114,3645.2249983038223,21004.93604486329,2.81104127655282,1,0,1,0.42424242424242425,1,3645.2249983038223,7472.297265809502,0,4833.133506774902,3723.912742614746,6250.728223800659,2526.815481185913,7.84268882470653,1,240,Weekday IQR,Business event,"Known business context overlaps the flag; review, do not treat as error"
store_day,2016-11-04,25,19360.15406036377,4525.587892702648,14834.566167661122,1.7620243064239758,1,0,1,0.48484848484848486,1,4525.587892702648,8419.047406768093,0,7518.284330368042,5612.821266174316,10209.43127822876,4596.610012054443,2.5762180604708367,1,240,Weekday IQR,Business event,"Known business context overlaps the flag; review, do not treat as error"
store_day,2016-12-22,25,10551.818000793457,7022.764396531241,3529.053604262216,2.103242201552787,1,0,1,0.45454545454545453,1,7022.764396531241,1677.9111800137791,0,4833.133506774902,3723.912742614746,6250.728223800659,2526.815481185913,2.2631982970654425,1,240,Weekday IQR,Business event,"Known business context overlaps the flag; review, do not treat as error"
store_day,2016-12-23,25,13375.84892654419,7240.032146317618,6135.816780226572,3.550794733027606,1,0,1,0.5757575757575758,1,7240.032146317618,1728.012245583915,1,7518.284330368042,5612.821266174316,10209.43127822876,4596.610012054443,1.274322724967943,0,240,Rolling z-score,Business event,"Known business context overlaps the flag; review, do not treat as error"
store_day,2016-12-26,25,23082.84593963623,7600.257828303746,15482.588111332485,6.8060798186778735,1,0,1,0.45454545454545453,1,7600.257828303746,2274.81729921,1,5260.052007675171,3730.4570083618164,6819.4029541015625,3088.945945739746,5.769862679708637,1,241,Rolling z-score + weekday IQR,Business event,"Known business context overlaps the flag; review, do not treat as error"
store_day,2016-12-27,25,22548.96401977539,8169.763896124704,14379.200123650688,3.883625503983895,0,0,1,0.48484848484848486,1,8169.763896124704,3702.5197483383085,1,4577.522010803223,3428.7350063323975,5782.846254348755,2354.1112480163574,7.634066582076539,1,242,Rolling z-score + weekday IQR,Business event,"Known business context overlaps the flag; review, do not treat as error"
store_day,2016-12-28,25,29750.09217453003,8803.877789020538,20946.21438550949,4.623160002252803,0,0,1,0.5454545454545454,1,8803.877789020538,4530.713705626171,1,6334.119478225708,4149.851491928101,7840.011691093445,3690.1601991653442,6.345516571773942,1,240,Rolling z-score + weekday IQR,Business event,"Known business context overlaps the flag; review, do not treat as error"
store_day,2016-12-29,25,28552.950149536133,9705.444582326072,18847.50556721006,3.174486072098853,0,0,1,0.5151515151515151,1,9705.444582326072,5937.183260265113,1,4833.133506774902,3723.912742614746,6250.728223800659,2526.815481185913,9.387237342565586,1,240,Rolling z-score + weekday IQR,Business event,"Known business context overlaps the flag; review, do not treat as error"
store_day,2016-12-30,25,37096.79067516327,10490.297802516392,26606.49287264688,3.864322772870605,0,0,1,0.6060606060606061,1,10490.297802516392,6885.16318032158,1,7518.284330368042,5612.821266174316,10209.43127822876,4596.610012054443,6.434852264435457,1,240,Rolling z-score + weekday IQR,Business event,"Known business context overlaps the flag; review, do not treat as error"
store_day,2016-12-31,25,33025.68601799011,11597.033005816596,21428.653012173516,2.5316795974806037,1,0,1,0.5151515151515151,1,11597.033005816596,8464.204172399304,0,8482.821029663086,6563.0209884643555,11349.5650100708,4786.544021606445,5.127470859463656,1,241,Weekday IQR,Business event,"Known business context overlaps the flag; review, do not treat as error"
store_day,2017-01-02,25,12856.3090133667,12646.490044151034,209.81896921566477,0.022566123727084778,1,0,1,0.5151515151515151,1,12646.490044151034,9297.962368425355,0,5260.052007675171,3730.4570083618164,6819.4029541015625,3088.945945739746,2.4591744689376114,1,241,Weekday IQR,Business event,"Known business context overlaps the flag; review, do not treat as error"
store_day,2017-01-03,25,10151.416015625,12844.790617091316,-2693.3746014663157,-0.2915279886399292,0,0,1,0.5454545454545454,1,12844.790617091316,9238.819963845548,0,4577.522010803223,3428.7350063323975,5782.846254348755,2354.1112480163574,2.3677275275408087,1,242,Weekday IQR,Business event,"Known business context overlaps the flag; review, do not treat as error"
store_day,2017-02-23,25,11545.913944244385,9151.685989243644,2394.2279550007406,0.790424894191172,0,0,1,0.48484848484848486,1,9151.685989243644,3029.0391567825204,0,4833.133506774902,3723.912742614746,6250.728223800659,2526.815481185913,2.6566167919467416,1,240,Weekday IQR,Business event,"Known business context overlaps the flag; review, do not treat as error"
store_day,2017-02-24,25,25383.20014190674,9334.94452204023,16048.255619866508,5.327236477648291,0,0,1,0.6060606060606061,1,9334.94452204023,3012.491690053717,1,7518.284330368042,5612.821266174316,10209.43127822876,4596.610012054443,3.886541552293669,1,240,Rolling z-score + weekday IQR,Business event,"Known business context overlaps the flag; review, do not treat as error"
store_day,2017-02-25,25,39140.26716995239,9835.988383974347,29304.278785978044,6.868549171585006,0,0,1,0.5151515151515151,1,9835.988383974347,4266.443764748605,1,8482.821029663086,6563.0209884643555,11349.5650100708,4786.544021606445,6.404923051350137,1,241,Rolling z-score + weekday IQR,Business event,"Known business context overlaps the flag; review, do not treat as error"
store_day,2017-02-26,25,29087.07794189453,10688.684320041111,18398.39362185342,2.651104219432425,0,0,1,0.5151515151515151,1,10688.684320041111,6939.8982835131,0,5568.777488708496,3947.4135036468506,7269.588976860046,3322.175473213196,7.079186708473054,1,240,Weekday IQR,Business event,"Known business context overlaps the flag; review, do not treat as error"
store_day,2017-02-27,25,20828.46694946289,11425.777103287834,9402.689846175057,1.214388555638955,1,0,1,0.5454545454545454,1,11425.777103287834,7742.735883432133,0,5260.052007675171,3730.4570083618164,6819.4029541015625,3088.945945739746,5.040041235833076,1,241,Weekday IQR,Business event,"Known business context overlaps the flag; review, do not treat as error"
store_day,2017-02-28,25,10656.863960266113,11922.373386246818,-1265.5094259807047,-0.16043802630310622,1,0,1,0.45454545454545453,1,11922.373386246818,7887.8396546081385,0,4577.522010803223,3428.7350063323975,5782.846254348755,2354.1112480163574,2.5824361336302695,1,242,Weekday IQR,Business event,"Known business context overlaps the flag; review, do not treat as error"
store_day,2017-03-01,25,14691.821060180664,12078.641312326703,2613.179747853961,0.33438212834337905,0,0,1,0.5151515151515151,1,12078.641312326703,7814.95040061014,0,6334.119478225708,4149.851491928101,7840.011691093445,3690.1601991653442,2.2648614506886005,1,240,Weekday IQR,Business event,"Known business context overlaps the flag; review, do not treat as error"
store_day,2017-04-12,25,15192.106048583984,10561.757633175168,4630.348415408816,1.4454515209050178,0,0,1,0.5151515151515151,1,10561.757633175168,3203.392399151297,0,6334.119478225708,4149.851491928101,7840.011691093445,3690.1601991653442,2.400434152523192,1,240,Weekday IQR,Business event,"Known business context overlaps the flag; review, do not treat as error"
store_day,2017-04-13,25,20371.300094604492,10731.973206894738,9639.326887709754,2.9030596903208954,0,0,1,0.48484848484848486,1,10731.973206894738,3320.4025807145053,0,4833.133506774902,3723.912742614746,6250.728223800659,2526.815481185913,6.149307974216244,1,240,Weekday IQR,Business event,"Known business context overlaps the flag; review, do not treat as error"
store_day,2017-04-14,25,26392.460075378418,11146.039497341428,15246.42057803699,4.053531601089752,1,0,1,0.5757575757575758,1,11146.039497341428,3761.26846376087,1,7518.284330368042,5612.821266174316,10209.43127822876,4596.610012054443,4.106107695783095,1,240,Rolling z-score + weekday IQR,Business event,"Known business context overlaps the flag; review, do not treat as error"
store_day,2017-04-29,25,20751.560918807983,10453.127573285785,10298.433345522199,2.1465625590792987,0,0,1,0.48484848484848486,1,10453.127573285785,4797.639510650643,0,8482.821029663086,6563.0209884643555,11349.5650100708,4786.544021606445,2.563172893378572,1,241,Weekday IQR,Business event,"Known business context overlaps the flag; review, do not treat as error"
store_day,2017-04-30,25,13538.3960647583,10880.335321903229,2658.060742855072,0.5148567557727532,0,0,1,0.48484848484848486,1,10880.335321903229,5162.718975816028,0,5568.777488708496,3947.4135036468506,7269.588976860046,3322.175473213196,2.398915602233864,1,240,Weekday IQR,Business event,"Known business context overlaps the flag; review, do not treat as error"
store_day,2017-05-26,25,24358.37787628174,8070.170462948935,16288.207413332802,4.844299651344634,1,0,1,0.6060606060606061,1,8070.170462948935,3362.3451449399254,1,7518.284330368042,5612.821266174316,10209.43127822876,4596.610012054443,3.6635897980797067,1,240,Rolling z-score + weekday IQR,Business event,"Known business context overlaps the flag; review, do not treat as error"
store_day,2017-07-22,25,14525.664031982422,7308.329680987767,7217.334350994655,4.8946669591563365,0,0,1,0.36363636363636365,1,7308.329680987767,1474.5302205890353,1,8482.821029663086,6563.0209884643555,11349.5650100708,4786.544021606445,1.2624647292580953,0,241,Rolling z-score,Business event,"Known business context overlaps the flag; review, do not treat as error"
store_day,2017-07-23,25,13027.800971984863,7539.477397509983,5488.32357447488,2.7347703256707856,0,0,1,0.3333333333333333,1,7539.477397509983,2006.868190340153,0,5568.777488708496,3947.4135036468506,7269.588976860046,3322.175473213196,2.245222608925599,1,240,Weekday IQR,Business event,"Known business context overlaps the flag; review, do not treat as error"
store_day,2017-08-10,25,10781.434043884277,8344.413589273181,2437.0204546110963,1.2094420222070892,0,0,1,0.3939393939393939,1,8344.413589273181,2014.995683847516,0,4833.133506774902,3723.912742614746,6250.728223800659,2526.815481185913,2.354070006852124,1,240,Weekday IQR,Business event,"Known business context overlaps the flag; review, do not treat as error"
store_day,2017-08-11,25,22800.84108734131,8516.91491324561,14283.926174095699,7.1089646315348185,1,0,1,0.5151515151515151,1,8516.91491324561,2009.2836178609336,1,7518.284330368042,5612.821266174316,10209.43127822876,4596.610012054443,3.3247451310629605,1,240,Rolling z-score + weekday IQR,Business event,"Known business context overlaps the flag; review, do not treat as error"
store_day,2013-01-01,26,0.0,3424.347987174988,-3424.347987174988,,1,0,0,0.0,0,,,0,3424.347987174988,2876.4594960063696,4215.608749866486,1339.149253860116,-2.5571070418807,1,242,Weekday IQR,Business event,"Known business context overlaps the flag; review, do not treat as error"
store_day,2013-02-02,26,7521.492004394531,3780.433929958514,3741.0580744360173,3.86839730393153,0,0,0,0.0,0,3780.433929958514,967.0821739623034,1,5010.82698059082,4427.954010009766,5829.816993713379,1401.8629837036133,1.7909489393683315,0,241,Rolling z-score,Unexplained anomaly,No mapped business context; investigate before drawing conclusions
store_day,2013-05-01,26,7398.500003814697,3736.4609276652336,3662.0390761494637,4.267691547194218,1,0,0,0.0,0,3736.4609276652336,858.0842911566702,1,3938.6494841575623,3195.285747528076,4731.0137721300125,1535.7280246019363,2.252905764713081,1,240,Rolling z-score + weekday IQR,Business event,"Known business context overlaps the flag; review, do not treat as error"
store_day,2013-05-05,26,7972.131013870239,3960.280142588275,4011.8508712819644,3.4933442280691684,0,0,0,0.0,0,3960.280142588275,1148.4270112995373,1,6063.976991534233,5137.854981422424,6963.286485671997,1825.4315042495728,1.0453166924608548,0,240,Rolling z-score,Unexplained anomaly,No mapped business context; investigate before drawing conclusions
store_day,2013-06-01,26,8147.248027801514,3990.3795321754046,4156.8684956261095,3.0193435554300727,0,0,0,0.0,0,3990.3795321754046,1376.745779111582,1,5010.82698059082,4427.954010009766,5829.816993713379,1401.8629837036133,2.2373235356600345,1,241,Rolling z-score + weekday IQR,Unexplained anomaly,No mapped business context; investigate before drawing conclusions
store_day,2013-06-02,26,8901.501022338867,4069.449748252119,4832.051274086748,3.126170485084339,0,0,0,0.0,0,4069.449748252119,1545.6774661335808,1,6063.976991534233,5137.854981422424,6963.286485671997,1825.4315042495728,1.5544401552175076,0,240,Rolling z-score,Unexplained anomaly,No mapped business context; investigate before drawing conclusions
store_day,2013-08-01,26,5419.884994506836,3731.7786767823354,1688.1063177245005,1.6950661914333711,0,0,0,0.0,0,3731.7786767823354,995.894040159585,0,3099.2615098953247,2763.233991622925,3753.457247465849,990.2232558429241,2.3435356329175367,1,240,Weekday IQR,Unexplained anomaly,No mapped business context; investigate before drawing conclusions
store_day,2013-09-01,26,9548.148986816406,3861.0940002713883,5687.0549865450175,4.722756490491024,0,0,0,0.0,0,3861.0940002713883,1204.1812864998542,1,6063.976991534233,5137.854981422424,6963.286485671997,1825.4315042495728,1.9086840493171513,0,240,Rolling z-score,Unexplained anomaly,No mapped business context; investigate before drawing conclusions
store_day,2013-11-02,26,5655.577003479004,3136.936463398593,2518.640540080411,3.2561145813019543,1,0,0,0.0,0,3136.936463398593,773.5110289249511,1,5010.82698059082,4427.954010009766,5829.816993713379,1401.8629837036133,0.4599237089382331,0,241,Rolling z-score,Business event,"Known business context overlaps the flag; review, do not treat as error"
store_day,2013-12-01,26,7350.285011291504,3441.835286376732,3908.449724914772,3.4866743108421097,0,0,0,0.0,0,3441.835286376732,1120.9678267801257,1,6063.976991534233,5137.854981422424,6963.286485671997,1825.4315042495728,0.7046597019733516,0,240,Rolling z-score,Unexplained anomaly,No mapped business context; investigate before drawing conclusions
store_day,2013-12-09,26,7080.735000610352,3635.0071787855454,3445.727821824806,2.580889836914234,0,0,0,0.0,0,3635.0071787855454,1335.0929483858135,0,3858.458023071289,3355.5709857940674,4555.854995727539,1200.2840099334717,2.6845954381393984,1,241,Weekday IQR,Unexplained anomaly,No mapped business context; investigate before drawing conclusions
store_day,2013-12-10,26,6716.499973297119,3794.195250308939,2922.30472298818,1.989279550111309,0,0,0,0.0,0,3794.195250308939,1469.02667492091,0,3424.347987174988,2876.4594960063696,4215.608749866486,1339.149253860116,2.45839063616879,1,242,Weekday IQR,Unexplained anomaly,No mapped business context; investigate before drawing conclusions
store_day,2013-12-19,26,5528.472984313965,4180.075815541403,1348.3971687725616,0.8415838266984143,0,0,0,0.0,0,4180.075815541403,1602.2137379497983,0,3099.2615098953247,2763.233991622925,3753.457247465849,990.2232558429241,2.4531957415510126,1,240,Weekday IQR,Unexplained anomaly,No mapped business context; investigate before drawing conclusions
store_day,2013-12-20,26,7488.397994995117,4291.8799938474385,3196.5180011476787,2.0201055705262556,0,0,0,0.0,0,4291.8799938474385,1582.3519561479932,0,3944.374017715454,3293.04700627923,4703.079238891602,1410.0322326123714,2.513434725327972,1,240,Weekday IQR,Unexplained anomaly,No mapped business context; investigate before drawing conclusions
store_day,2013-12-21,26,10261.142990112305,4478.113851070404,5783.029139041901,3.5223935350229882,1,0,0,0.0,0,4478.113851070404,1641.7896187752795,1,5010.82698059082,4427.954010009766,5829.816993713379,1401.8629837036133,3.745241917759007,1,241,Rolling z-score + weekday IQR,Business event,"Known business context overlaps the flag; review, do not treat as error"
store_day,2013-12-22,26,11926.039978027344,4697.027315480368,7229.012662546976,3.6699881257379605,1,0,0,0.0,0,4697.027315480368,1969.7645918386636,1,6063.976991534233,5137.854981422424,6963.286485671997,1825.4315042495728,3.211330018599071,1,240,Rolling z-score + weekday IQR,Business event,"Known business context overlaps the flag; review, do not treat as error"
store_day,2013-12-23,26,12509.711181640625,4947.728993075235,7561.98218856539,3.1539281148827487,1,0,0,0.0,0,4947.728993075235,2397.6393605427866,1,3858.458023071289,3355.5709857940674,4555.854995727539,1200.2840099334717,7.207671756827661,1,241,Rolling z-score + weekday IQR,Business event,"Known business context overlaps the flag; review, do not treat as error"
store_day,2013-12-24,26,13394.534881591797,5302.1984641211375,8092.336417470659,2.9491195000856227,1,0,0,0.0,0,5302.1984641211375,2743.983896629388,0,3424.347987174988,2876.4594960063696,4215.608749866486,1339.149253860116,7.445164805698551,1,242,Weekday IQR,Business event,"Known business context overlaps the flag; review, do not treat as error"
store_day,2013-12-30,26,8545.649978637695,6194.501530170441,2351.1484484672546,0.8169660303731489,0,0,0,0.0,0,6194.501530170441,2877.902337497887,0,3858.458023071289,3355.5709857940674,4555.854995727539,1200.2840099334717,3.9050690643010433,1,241,Weekday IQR,Unexplained anomaly,No mapped business context; investigate before drawing conclusions
store_day,2013-12-31,26,8502.621978759766,6237.193136147091,2265.428842612675,0.779991791184043,1,0,0,0.0,0,6237.193136147091,2904.4265186095213,0,3424.347987174988,2876.4594960063696,4215.608749866486,1339.149253860116,3.79216429904776,1,242,Weekday IQR,Business event,"Known business context overlaps the flag; review, do not treat as error"
store_day,2014-01-01,26,0.0,6354.816599982126,-6354.816599982126,-2.1704748276991404,1,0,0,0.0,0,6354.816599982126,2927.846256903467,0,3938.6494841575623,3195.285747528076,4731.0137721300125,1535.7280246019363,-2.564679045417868,1,240,Weekday IQR,Business event,"Known business context overlaps the flag; review, do not treat as error"
store_day,2014-01-02,26,6408.6359786987305,6223.393600463867,185.24237823486328,0.05921870390259417,0,0,0,0.0,0,6223.393600463867,3128.105919703326,0,3099.2615098953247,2763.233991622925,3753.457247465849,990.2232558429241,3.34204882512713,1,240,Weekday IQR,Unexplained anomaly,No mapped business context; investigate before drawing conclusions
store_day,2014-03-01,26,10367.126978874207,3638.555262663535,6728.571716210672,5.069146400239802,0,0,0,0.0,0,3638.555262663535,1327.3579385855514,1,5010.82698059082,4427.954010009766,5829.816993713379,1401.8629837036133,3.820844162767218,1,241,Rolling z-score + weekday IQR,Unexplained anomaly,No mapped business context; investigate before drawing conclusions
store_day,2014-05-01,26,5362.591992616653,3225.8368916277373,2136.755100988916,3.2253112314110797,1,0,0,0.0,0,3225.8368916277373,662.4957865086657,1,3099.2615098953247,2763.233991622925,3753.457247465849,990.2232558429241,2.2856769616006205,1,240,Rolling z-score + weekday IQR,Business event,"Known business context overlaps the flag; review, do not treat as error"
store_day,2014-05-04,26,6022.194987893105,3320.581828577178,2701.6131593159266,3.3743514774508934,0,0,0,0.0,0,3320.581828577178,800.6318184010939,1,6063.976991534233,5137.854981422424,6963.286485671997,1825.4315042495728,-0.0228888367182558,0,240,Rolling z-score,Unexplained anomaly,No mapped business context; investigate before drawing conclusions
store_day,2014-05-18,26,6446.425006866455,3411.6441760616644,3034.7808308047906,3.156084257096692,0,0,0,0.0,0,3411.6441760616644,961.565212963139,1,6063.976991534233,5137.854981422424,6963.286485671997,1825.4315042495728,0.20951101941754027,0,240,Rolling z-score,Unexplained anomaly,No mapped business context; investigate before drawing conclusions
store_day,2014-06-01,26,9706.093978881836,3468.3578344987973,6237.736144383039,5.6847348825985735,0,0,0,0.0,0,3468.3578344987973,1097.2782853035496,1,6063.976991534233,5137.854981422424,6963.286485671997,1825.4315042495728,1.995208792479377,1,240,Rolling z-score + weekday IQR,Unexplained anomaly,No mapped business context; investigate before drawing conclusions
store_day,2014-07-01,26,7988.540015459061,3492.666733469282,4495.873281989779,4.100541819580768,0,1,1,0.3333333333333333,1,3492.666733469282,1096.409567272607,1,3424.347987174988,2876.4594960063696,4215.608749866486,1339.149253860116,3.4082773186989628,1,242,Rolling z-score + weekday IQR,Business event,"Known business context overlaps the flag; review, do not treat as error"
store_day,2014-07-06,26,8614.098994255066,3949.1017413607665,4664.9972528943,3.005909235946908,0,0,1,0.21212121212121213,0,3949.1017413607665,1551.9421535110835,1,6063.976991534233,5137.854981422424,6963.286485671997,1825.4315042495728,1.3969968178943954,0,240,Rolling z-score,Unexplained anomaly,No mapped business context; investigate before drawing conclusions
store_day,2014-09-01,26,7260.1820068359375,3240.9607855422155,4019.221221293722,3.738786955233898,0,0,1,0.18181818181818182,0,3240.9607855422155,1075.0067520341715,1,3858.458023071289,3355.5709857940674,4555.854995727539,1200.2840099334717,2.8340992261933042,1,241,Rolling z-score + weekday IQR,Unexplained anomaly,No mapped business context; investigate before drawing conclusions
store_day,2014-10-01,26,7446.993019104004,4276.169180052621,3170.8238390513825,2.9012442111140064,0,0,1,0.2727272727272727,1,4276.169180052621,1092.9186267411333,0,3938.6494841575623,3195.285747528076,4731.0137721300125,1535.7280246019363,2.284482329386293,1,240,Weekday IQR,Business event,"Known business context overlaps the flag; review, do not treat as error"
store_day,2014-10-02,26,5283.089012145996,4380.917502403259,902.1715097427368,0.7238546919670464,0,0,1,0.18181818181818182,0,4380.917502403259,1246.3433887416293,0,3099.2615098953247,2763.233991622925,3753.457247465849,990.2232558429241,2.205389026529877,1,240,Weekday IQR,Unexplained anomaly,No mapped business context; investigate before drawing conclusions
store_day,2014-11-03,26,8303.79898071289,4448.132031576974,3855.666949135916,3.1481280537541223,1,0,1,0.18181818181818182,0,4448.132031576974,1224.7490836778568,1,3858.458023071289,3355.5709857940674,4555.854995727539,1200.2840099334717,3.7035742548032395,1,241,Rolling z-score + weekday IQR,Business event,"Known business context overlaps the flag; review, do not treat as error"
store_day,2014-11-19,26,7585.911018371582,4666.302351134164,2919.6086672374176,1.8809205241840348,0,0,1,0.2727272727272727,1,4666.302351134164,1552.2233022067628,0,3938.6494841575623,3195.285747528076,4731.0137721300125,1535.7280246019363,2.374939752212568,1,240,Weekday IQR,Business event,"Known business context overlaps the flag; review, do not treat as error"
store_day,2014-12-01,26,6807.30598449707,4745.380856241499,2061.9251282555715,1.1667409666236803,0,1,1,0.3333333333333333,1,4745.380856241499,1767.251847016548,0,3858.458023071289,3355.5709857940674,4555.854995727539,1200.2840099334717,2.456791840115597,1,241,Weekday IQR,Business event,"Known business context overlaps the flag; review, do not treat as error"
store_day,2014-12-05,26,7561.356010437012,4759.519927978516,2801.836082458496,1.6457531038766717,0,0,1,0.36363636363636365,1,4759.519927978516,1702.4644072422532,0,3944.374017715454,3293.04700627923,4703.079238891602,1410.0322326123714,2.565176815866374,1,240,Weekday IQR,Business event,"Known business context overlaps the flag; review, do not treat as error"
store_day,2014-12-10,26,24393.82102584839,5048.612572669983,19345.208453178406,11.015747481447077,0,0,1,0.36363636363636365,1,5048.612572669983,1756.1412410515,1,3938.6494841575623,3195.285747528076,4731.0137721300125,1535.7280246019363,13.319527425432538,1,240,Rolling z-score + weekday IQR,Business event,"Known business context overlaps the flag; review, do not treat as error"
store_day,2014-12-12,26,7741.937998533249,5789.722859995706,1952.2151385375428,0.48379405124834096,0,0,1,0.36363636363636365,1,5789.722859995706,4035.219394492787,0,3944.374017715454,3293.04700627923,4703.079238891602,1410.0322326123714,2.693246220181815,1,240,Weekday IQR,Business event,"Known business context overlaps the flag; review, do not treat as error"
store_day,2014-12-15,26,43339.48299407959,5952.262181818485,37387.220812261105,9.257624631167543,0,0,1,0.2727272727272727,1,5952.262181818485,4038.532809635634,1,3858.458023071289,3355.5709857940674,4555.854995727539,1200.2840099334717,32.89306917718301,1,241,Rolling z-score + weekday IQR,Business event,"Known business context overlaps the flag; review, do not treat as error"
store_day,2014-12-16,26,14869.698013305664,7315.706216939858,7553.991796365806,0.9289220977973075,0,0,1,0.2727272727272727,1,7315.706216939858,8131.997090259878,0,3424.347987174988,2876.4594960063696,4215.608749866486,1339.149253860116,8.546732183241934,1,242,Weekday IQR,Business event,"Known business context overlaps the flag; review, do not treat as error"
store_day,2014-12-17,26,8808.012954711914,7712.918216833046,1095.0947378788678,0.13318447496372685,0,0,1,0.3333333333333333,1,7712.918216833046,8222.390321222649,0,3938.6494841575623,3195.285747528076,4731.0137721300125,1535.7280246019363,3.1707199403465336,1,240,Weekday IQR,Business event,"Known business context overlaps the flag; review, do not treat as error"
store_day,2014-12-18,26,6405.232009887695,7756.564714559487,-1351.3327046717914,-0.16429708028999107,0,0,1,0.21212121212121213,0,7756.564714559487,8224.934382806036,0,3099.2615098953247,2763.233991622925,3753.457247465849,990.2232558429241,3.338611248004042,1,240,Weekday IQR,Unexplained anomaly,No mapped business context; investigate before drawing conclusions
store_day,2014-12-19,26,12523.379043579102,7895.436286645277,4627.942756933825,0.5667468268382093,0,0,1,0.3333333333333333,1,7895.436286645277,8165.802679041687,0,3944.374017715454,3293.04700627923,4703.079238891602,1410.0322326123714,6.084261641288367,1,240,Weekday IQR,Business event,"Known business context overlaps the flag; review, do not treat as error"
store_day,2014-12-20,26,9754.995971679688,8231.531323833125,1523.464647846562,0.1868062384473255,0,0,1,0.21212121212121213,0,8231.531323833125,8155.319974906189,0,5010.82698059082,4427.954010009766,5829.816993713379,1401.8629837036133,3.3841887875198333,1,241,Weekday IQR,Unexplained anomaly,No mapped business context; investigate before drawing conclusions
store_day,2014-12-21,26,12831.294964790344,8412.81467900106,4418.480285789285,0.5434916040229084,1,0,1,0.3333333333333333,1,8412.81467900106,8129.80412776173,0,6063.976991534233,5137.854981422424,6963.286485671997,1825.4315042495728,3.7072428943523286,1,240,Weekday IQR,Business event,"Known business context overlaps the flag; review, do not treat as error"
store_day,2014-12-22,26,12277.645004272461,8640.025142831462,3637.6198614409986,0.4456603742360304,1,0,1,0.2727272727272727,1,8640.025142831462,8162.313886839857,0,3858.458023071289,3355.5709857940674,4555.854995727539,1200.2840099334717,7.014329035065479,1,241,Weekday IQR,Business event,"Known business context overlaps the flag; review, do not treat as error"
store_day,2014-12-23,26,13049.509033203125,8961.333464103085,4088.17556910004,0.5034381268902409,1,0,1,0.30303030303030304,1,8961.333464103085,8120.512433877181,0,3424.347987174988,2876.4594960063696,4215.608749866486,1339.149253860116,7.187519253946847,1,242,Weekday IQR,Business event,"Known business context overlaps the flag; review, do not treat as error"
store_day,2014-12-24,26,18324.848083496094,9310.057501545974,9014.79058195012,1.1160684491484125,1,0,1,0.3333333333333333,1,9310.057501545974,8077.273924219097,0,3938.6494841575623,3195.285747528076,4731.0137721300125,1535.7280246019363,9.367673421905199,1,240,Weekday IQR,Business event,"Known business context overlaps the flag; review, do not treat as error"
store_day,2014-12-26,26,8276.479995727539,9844.3021112425,-1567.8221155149604,-0.1920456050387526,1,0,1,0.3333333333333333,1,9844.3021112425,8163.80106797337,0,3944.374017715454,3293.04700627923,4703.079238891602,1410.0322326123714,3.0723453534008778,1,240,Weekday IQR,Business event,"Known business context overlaps the flag; review, do not treat as error"
store_day,2014-12-27,26,8351.36897277832,10029.77093304055,-1678.4019602622302,-0.2081640725836796,0,0,1,0.30303030303030304,1,10029.77093304055,8062.880109090542,0,5010.82698059082,4427.954010009766,5829.816993713379,1401.8629837036133,2.38293045113585,1,241,Weekday IQR,Business event,"Known business context overlaps the flag; review, do not treat as error"
store_day,2014-12-29,26,7762.9019775390625,10269.58843165636,-2506.686454117298,-0.3152717048323829,0,0,1,0.3333333333333333,1,10269.58843165636,7950.876706331768,0,3858.458023071289,3355.5709857940674,4555.854995727539,1200.2840099334717,3.2529334075559215,1,241,Weekday IQR,Business event,"Known business context overlaps the flag; review, do not treat as error"
store_day,2014-12-30,26,11432.012023925781,10240.248503438064,1191.763520487717,0.14974090712158006,0,0,1,0.3333333333333333,1,10240.248503438064,7958.837323725314,0,3424.347987174988,2876.4594960063696,4215.608749866486,1339.149253860116,5.979665084880264,1,242,Weekday IQR,Business event,"Known business context overlaps the flag; review, do not treat as error"
store_day,2014-12-31,26,14120.019023895264,10405.416576274803,3714.60244762046,0.4682527128899171,1,0,1,0.3333333333333333,1,10405.416576274803,7932.901071079832,0,3938.6494841575623,3195.285747528076,4731.0137721300125,1535.7280246019363,6.629669691921349,1,240,Weekday IQR,Business event,"Known business context overlaps the flag; review, do not treat as error"
store_day,2015-01-01,26,0.0,10693.849398297923,-10693.849398297923,-1.3510442256939188,1,0,0,0.0,0,10693.849398297923,7915.247476673374,0,3099.2615098953247,2763.233991622925,3753.457247465849,990.2232558429241,-3.1298613636952903,1,240,Weekday IQR,Business event,"Known business context overlaps the flag; review, do not treat as error"
store_day,2015-02-01,26,8912.198997497559,3534.947427681514,5377.251569816044,4.472794948810725,0,0,1,0.21212121212121213,0,3534.947427681514,1202.2128515517588,1,6063.976991534233,5137.854981422424,6963.286485671997,1825.4315042495728,1.5603006737490366,0,240,Rolling z-score,Unexplained anomaly,No mapped business context; investigate before drawing conclusions
store_day,2015-05-01,26,6018.677032470703,3188.4513565472193,2830.225675923484,3.8992997907475235,1,0,1,0.3939393939393939,1,3188.4513565472193,725.8292072436188,1,3944.374017715454,3293.04700627923,4703.079238891602,1410.0322326123714,1.471103260463898,0,240,Rolling z-score,Business event,"Known business context overlaps the flag; review, do not treat as error"
store_day,2015-05-03,26,6178.507019042969,3253.1261792182922,2925.3808398246765,3.319260684639181,0,0,1,0.3939393939393939,1,3253.1261792182922,881.3350675837861,1,6063.976991534233,5137.854981422424,6963.286485671997,1825.4315042495728,0.06274134485030622,0,240,Rolling z-score,Business event,"Known business context overlaps the flag; review, do not treat as error"
store_day,2015-05-17,26,6902.396018028259,3405.5584297520772,3496.837588276182,3.094725934376067,0,0,1,0.3333333333333333,1,3405.5584297520772,1129.934495792819,1,6063.976991534233,5137.854981422424,6963.286485671997,1825.4315042495728,0.45929908875912423,0,240,Rolling z-score,Business event,"Known business context overlaps the flag; review, do not treat as error"
store_day,2015-05-31,26,9252.231018066406,3644.5669296000683,5607.6640884663375,4.344289392099649,0,0,1,0.30303030303030304,1,3644.5669296000683,1290.8127388254134,1,6063.976991534233,5137.854981422424,6963.286485671997,1825.4315042495728,1.7465755461708496,0,240,Rolling z-score,Business event,"Known business context overlaps the flag; review, do not treat as error"
store_day,2015-07-01,26,8060.875030517578,4360.186750721718,3700.6882797958597,2.934188979715168,0,0,1,0.36363636363636365,1,4360.186750721718,1261.2303792903954,0,3938.6494841575623,3195.285747528076,4731.0137721300125,1535.7280246019363,2.6842158769802387,1,240,Weekday IQR,Business event,"Known business context overlaps the flag; review, do not treat as error"
store_day,2015-08-01,26,8716.049006462097,4639.533679508737,4076.5153269533603,3.4008726977264527,0,0,1,0.2727272727272727,1,4639.533679508737,1198.6674272396574,1,5010.82698059082,4427.954010009766,5829.816993713379,1401.8629837036133,2.6430700210675138,1,241,Rolling z-score + weekday IQR,Business event,"Known business context overlaps the flag; review, do not treat as error"
store_day,2015-08-02,26,10143.848007202148,4728.963822567037,5414.8841846351115,3.8752850673976575,0,0,1,0.2727272727272727,1,4728.963822567037,1397.286674518458,1,6063.976991534233,5137.854981422424,6963.286485671997,1825.4315042495728,2.235017312986024,1,240,Rolling z-score + weekday IQR,Business event,"Known business context overlaps the flag; review, do not treat as error"
store_day,2015-09-01,26,7677.807992935181,4280.267639019659,3397.5403539155213,3.2601858459172237,0,0,1,0.18181818181818182,0,4280.267639019659,1042.1308828667877,1,3424.347987174988,2876.4594960063696,4215.608749866486,1339.149253860116,3.1762404328714937,1,242,Rolling z-score + weekday IQR,Unexplained anomaly,No mapped business context; investigate before drawing conclusions
store_day,2015-10-01,26,6359.5,4226.750640941517,2132.7493590584827,2.291537647129296,0,0,1,0.21212121212121213,0,4226.750640941517,930.7066640298343,0,3099.2615098953247,2763.233991622925,3753.457247465849,990.2232558429241,3.2924277135153814,1,240,Weekday IQR,Unexplained anomaly,No mapped business context; investigate before drawing conclusions
store_day,2015-11-03,26,6492.182987213135,4373.099897193058,2119.083090020077,2.097536952004504,1,0,1,0.21212121212121213,0,4373.099897193058,1010.2721136783706,0,3424.347987174988,2876.4594960063696,4215.608749866486,1339.149253860116,2.2908835525204307,1,242,Weekday IQR,Business event,"Known business context overlaps the flag; review, do not treat as error"
store_day,2015-11-19,26,6912.6700091362,4521.143209763935,2391.5267993722646,2.0494392347210577,0,0,1,0.2727272727272727,1,4521.143209763935,1166.9176420826,0,3099.2615098953247,2763.233991622925,3753.457247465849,990.2232558429241,3.85105932095558,1,240,Weekday IQR,Business event,"Known business context overlaps the flag; review, do not treat as error"
store_day,2015-12-01,26,8867.102979660034,4601.826710007021,4265.2762696530135,3.900503502566008,0,0,1,0.3333333333333333,1,4601.826710007021,1093.519405083737,1,3424.347987174988,2876.4594960063696,4215.608749866486,1339.149253860116,4.064337844938666,1,242,Rolling z-score + weekday IQR,Business event,"Known business context overlaps the flag; review, do not treat as error"
store_day,2015-12-02,26,17103.72293841839,4686.645281165838,12417.07765725255,9.441147427991694,0,0,1,0.3333333333333333,1,4686.645281165838,1315.2085328566775,1,3938.6494841575623,3195.285747528076,4731.0137721300125,1535.7280246019363,8.57252927820552,1,240,Rolling z-score + weekday IQR,Business event,"Known business context overlaps the flag; review, do not treat as error"
store_day,2015-12-15,26,6635.380971431732,5343.369498137917,1292.0114732938155,0.4935502456149248,0,0,1,0.21212121212121213,0,5343.369498137917,2617.7911667009116,0,3424.347987174988,2876.4594960063696,4215.608749866486,1339.149253860116,2.3978156094258334,1,242,Weekday IQR,Unexplained anomaly,No mapped business context; investigate before drawing conclusions
store_day,2015-12-17,26,7274.0070333480835,5452.728353368385,1821.2786799796986,0.6979839834346664,0,0,1,0.30303030303030304,1,5452.728353368385,2609.341651390739,0,3099.2615098953247,2763.233991622925,3753.457247465849,990.2232558429241,4.215963924114286,1,240,Weekday IQR,Business event,"Known business context overlaps the flag; review, do not treat as error"
store_day,2015-12-18,26,43563.03300476074,5465.633247090237,38097.39975767051,14.55371544072547,0,0,1,0.3333333333333333,1,5465.633247090237,2617.7095404148863,1,3944.374017715454,3293.04700627923,4703.079238891602,1410.0322326123714,28.09769739351537,1,240,Rolling z-score + weekday IQR,Business event,"Known business context overlaps the flag; review, do not treat as error"
store_day,2015-12-19,26,8763.421997070312,6895.713068881205,1867.7089281891076,0.2445109458706095,0,0,1,0.21212121212121213,0,6895.713068881205,7638.549356303514,0,5010.82698059082,4427.954010009766,5829.816993713379,1401.8629837036133,2.6768629032242703,1,241,Weekday IQR,Unexplained anomaly,No mapped business context; investigate before drawing conclusions
store_day,2015-12-20,26,10489.270959854126,7036.638282660927,3452.632677193199,0.4522001517310935,0,0,1,0.36363636363636365,1,7036.638282660927,7635.186905568201,0,6063.976991534233,5137.854981422424,6963.286485671997,1825.4315042495728,2.4242454225304457,1,240,Weekday IQR,Business event,"Known business context overlaps the flag; review, do not treat as error"
store_day,2015-12-21,26,8593.643951416016,7237.674674208675,1355.9692772073404,0.17725430667764205,1,0,1,0.21212121212121213,0,7237.674674208675,7649.852365355111,0,3858.458023071289,3355.5709857940674,4555.854995727539,1200.2840099334717,3.945054578047061,1,241,Weekday IQR,Business event,"Known business context overlaps the flag; review, do not treat as error"
store_day,2015-12-22,26,12824.879104614258,7403.525601289102,5421.3535033251555,0.7108821422308236,1,0,1,0.30303030303030304,1,7403.525601289102,7626.233915951769,0,3424.347987174988,2876.4594960063696,4215.608749866486,1339.149253860116,7.019778482750978,1,242,Weekday IQR,Business event,"Known business context overlaps the flag; review, do not treat as error"
store_day,2015-12-23,26,13124.245162963867,7730.370855301619,5393.874307662249,0.7044839530605335,1,0,1,0.2727272727272727,1,7730.370855301619,7656.489951586981,0,3938.6494841575623,3195.285747528076,4731.0137721300125,1535.7280246019363,5.98126460652903,1,240,Weekday IQR,Business event,"Known business context overlaps the flag; review, do not treat as error"
store_day,2015-12-24,26,15798.465919971466,8055.618040327515,7742.847879643951,1.007358172847155,1,0,1,0.15151515151515152,0,8055.618040327515,7686.290823213247,0,3099.2615098953247,2763.233991622925,3753.457247465849,990.2232558429241,12.824587117241544,1,240,Weekday IQR,Business event,"Known business context overlaps the flag; review, do not treat as error"
store_day,2015-12-29,26,7575.125,8687.694607079029,-1112.569607079029,-0.1443747513011205,0,0,1,0.21212121212121213,0,8687.694607079029,7706.1231070698595,0,3424.347987174988,2876.4594960063696,4215.608749866486,1339.149253860116,3.0995626520795505,1,242,Weekday IQR,Unexplained anomaly,No mapped business context; investigate before drawing conclusions
store_day,2015-12-30,26,9917.562004089355,8788.597750008106,1128.9642540812492,0.1471717022529321,0,0,1,0.21212121212121213,0,8788.597750008106,7671.068804660488,0,3938.6494841575623,3195.285747528076,4731.0137721300125,1535.7280246019363,3.893210532171892,1,240,Weekday IQR,Unexplained anomaly,No mapped business context; investigate before drawing conclusions
store_day,2015-12-31,26,13449.3300075531,8826.114143737725,4623.215863815376,0.6024491425053365,1,0,1,0.21212121212121213,0,8826.114143737725,7674.035097119295,0,3099.2615098953247,2763.233991622925,3753.457247465849,990.2232558429241,10.45225754554443,1,240,Weekday IQR,Business event,"Known business context overlaps the flag; review, do not treat as error"
store_day,2016-01-01,26,0.0,8695.600110492536,-8695.600110492536,-1.1504789009862029,1,0,0,0.0,0,8695.600110492536,7558.243878300223,0,3944.374017715454,3293.04700627923,4703.079238891602,1410.0322326123714,-2.797364433582982,1,240,Weekday IQR,Business event,"Known business context overlaps the flag; review, do not treat as error"
store_day,2016-02-01,26,7129.854028701782,4437.836464000599,2692.017564701183,2.1020774846549712,0,0,1,0.24242424242424243,0,4437.836464000599,1280.6462104050568,0,3858.458023071289,3355.5709857940674,4555.854995727539,1200.2840099334717,2.7255182761385095,1,241,Weekday IQR,Unexplained anomaly,No mapped business context; investigate before drawing conclusions
store_day,2016-03-01,26,6467.96796131134,4152.511112072638,2315.4568492387025,2.9401017933185982,0,0,1,0.2727272727272727,1,4152.511112072638,787.5430893245242,0,3424.347987174988,2876.4594960063696,4215.608749866486,1339.149253860116,2.2728011574236975,1,242,Weekday IQR,Business event,"Known business context overlaps the flag; review, do not treat as error"
store_day,2016-04-01,26,7357.393984794617,4060.9886843668564,3296.4053004277603,4.251851753900844,0,0,1,0.3939393939393939,1,4060.9886843668564,775.2869787624854,1,3944.374017715454,3293.04700627923,4703.079238891602,1410.0322326123714,2.420526203685322,1,240,Rolling z-score + weekday IQR,Business event,"Known business context overlaps the flag; review, do not treat as error"
store_day,2016-04-17,26,9061.285011768341,4112.175607751523,4949.109404016818,4.530220607220422,0,1,1,0.24242424242424243,0,4112.175607751523,1092.4654300783402,1,6063.976991534233,5137.854981422424,6963.286485671997,1825.4315042495728,1.6419723299704356,0,240,Rolling z-score,Business event,"Known business context overlaps the flag; review, do not treat as error"
store_day,2016-04-18,26,9652.789031982422,4266.523108995387,5386.265922987035,3.7515413428410027,0,1,1,0.3333333333333333,1,4266.523108995387,1435.7474517148923,1,3858.458023071289,3355.5709857940674,4555.854995727539,1200.2840099334717,4.827466633694717,1,241,Rolling z-score + weekday IQR,Business event,"Known business context overlaps the flag; review, do not treat as error"
store_day,2016-04-19,26,7768.996994495392,4491.423753502114,3277.573240993278,1.875904112762443,0,1,0,0.0,0,4491.423753502114,1747.1965750780018,0,3424.347987174988,2876.4594960063696,4215.608749866486,1339.149253860116,3.2443351589054723,1,242,Weekday IQR,Business event,"Known business context overlaps the flag; review, do not treat as error"
store_day,2016-04-20,26,7264.850968360901,4664.821002481239,2600.029965879662,1.4254042896309553,0,1,1,0.30303030303030304,1,4664.821002481239,1824.0649230491817,0,3938.6494841575623,3195.285747528076,4731.0137721300125,1535.7280246019363,2.165879264373974,1,240,Weekday IQR,Business event,"Known business context overlaps the flag; review, do not treat as error"
store_day,2016-06-05,26,8224.647994995117,4524.319356924721,3700.3286380703958,3.52026229482904,0,0,1,0.3333333333333333,1,4524.319356924721,1051.151399572088,1,6063.976991534233,5137.854981422424,6963.286485671997,1825.4315042495728,1.1836494540775042,0,240,Rolling z-score,Business event,"Known business context overlaps the flag; review, do not treat as error"
store_day,2016-07-01,26,6934.398986816406,4537.132395389889,2397.266591426517,1.8484236675674008,0,0,1,0.42424242424242425,1,4537.132395389889,1296.9248519639523,0,3944.374017715454,3293.04700627923,4703.079238891602,1410.0322326123714,2.120536608983273,1,240,Weekday IQR,Business event,"Known business context overlaps the flag; review, do not treat as error"
store_day,2016-08-01,26,6522.490005493164,4174.730184994638,2347.759820498526,1.9788185816844477,0,0,1,0.30303030303030304,1,4174.730184994638,1186.4452063614751,0,3858.458023071289,3355.5709857940674,4555.854995727539,1200.2840099334717,2.219501351658875,1,241,Weekday IQR,Business event,"Known business context overlaps the flag; review, do not treat as error"
store_day,2016-09-01,26,5935.058971405029,4012.2318223991565,1922.8271490058728,2.3004558626340526,0,0,1,0.24242424242424243,0,4012.2318223991565,835.8461382537504,0,3099.2615098953247,2763.233991622925,3753.457247465849,990.2232558429241,2.863796062935062,1,240,Weekday IQR,Unexplained anomaly,No mapped business context; investigate before drawing conclusions
store_day,2016-10-01,26,7342.09197807312,3825.186002101217,3516.905975971903,3.2037819406954133,0,0,0,0.0,0,3825.186002101217,1097.7357513940299,1,5010.82698059082,4427.954010009766,5829.816993713379,1401.8629837036133,1.6629763568785292,0,241,Rolling z-score,Unexplained anomaly,No mapped business context; investigate before drawing conclusions
store_day,2016-11-03,26,5355.543006896973,4213.184213936329,1142.3587929606438,0.9216246832155226,1,0,1,0.42424242424242425,1,4213.184213936329,1239.5054231566216,0,3099.2615098953247,2763.233991622925,3753.457247465849,990.2232558429241,2.2785583793232527,1,240,Weekday IQR,Business event,"Known business context overlaps the flag; review, do not treat as error"
store_day,2016-11-14,26,7215.927001476288,4559.147786608764,2656.7792148675235,2.065746901746926,0,0,1,0.48484848484848486,1,4559.147786608764,1286.1107101846715,0,3858.458023071289,3355.5709857940674,4555.854995727539,1200.2840099334717,2.7972287813707473,1,241,Weekday IQR,Business event,"Known business context overlaps the flag; review, do not treat as error"
store_day,2016-11-16,26,8205.375006198883,4736.46139309236,3468.9136131065234,2.627988552229669,0,0,1,0.5454545454545454,1,4736.46139309236,1319.9880989448707,0,3938.6494841575623,3195.285747528076,4731.0137721300125,1535.7280246019363,2.778308042628358,1,240,Weekday IQR,Business event,"Known business context overlaps the flag; review, do not treat as error"
store_day,2016-11-30,26,11307.130992889404,5318.576574319175,5988.554418570229,4.452524577456505,0,0,1,0.3939393939393939,1,5318.576574319175,1344.9795311385294,1,3938.6494841575623,3195.285747528076,4731.0137721300125,1535.7280246019363,4.798038057970432,1,240,Rolling z-score + weekday IQR,Business event,"Known business context overlaps the flag; review, do not treat as error"
store_day,2016-12-01,26,7128.614010930061,5478.54746627169,1650.0665446583716,0.9485169712468076,0,0,1,0.45454545454545453,1,5478.54746627169,1739.6278555663484,0,3099.2615098953247,2763.233991622925,3753.457247465849,990.2232558429241,4.069135396749256,1,240,Weekday IQR,Business event,"Known business context overlaps the flag; review, do not treat as error"
store_day,2016-12-02,26,7101.08197593689,5541.871430701443,1559.2105452354463,0.8823859124189116,0,0,1,0.48484848484848486,1,5541.871430701443,1767.0392549232054,0,3944.374017715454,3293.04700627923,4703.079238891602,1410.0322326123714,2.2387487925527716,1,240,Weekday IQR,Business event,"Known business context overlaps the flag; review, do not treat as error"
store_day,2016-12-05,26,10696.877996325493,5685.097678310105,5011.780318015388,2.765592446443588,0,0,1,0.45454545454545453,1,5685.097678310105,1812.1904854275558,0,3858.458023071289,3355.5709857940674,4555.854995727539,1200.2840099334717,5.697334894624846,1,241,Weekday IQR,Business event,"Known business context overlaps the flag; review, do not treat as error"
store_day,2016-12-06,26,6513.957008361816,5906.491571343371,607.4654370184453,0.2995935184455429,0,0,1,0.42424242424242425,1,5906.491571343371,2027.6321068970801,0,3424.347987174988,2876.4594960063696,4215.608749866486,1339.149253860116,2.30714314500866,1,242,Weekday IQR,Business event,"Known business context overlaps the flag; review, do not treat as error"
store_day,2016-12-14,26,8461.245002746582,5880.702890225819,2580.542112520763,1.2955598160776438,0,0,1,0.5151515151515151,1,5880.702890225819,1991.8355605790953,0,3938.6494841575623,3195.285747528076,4731.0137721300125,1535.7280246019363,2.944919573087354,1,240,Weekday IQR,Business event,"Known business context overlaps the flag; review, do not treat as error"
store_day,2016-12-15,26,5599.183013916016,5889.841104388237,-290.6580904722214,-0.14507886606359555,0,0,1,0.45454545454545453,1,5889.841104388237,2003.4488713525714,0,3099.2615098953247,2763.233991622925,3753.457247465849,990.2232558429241,2.5246039105521123,1,240,Weekday IQR,Business event,"Known business context overlaps the flag; review, do not treat as error"
store_day,2016-12-18,26,10020.327006340027,6043.35653253964,3976.9704738003866,2.017367775264421,0,0,1,0.3939393939393939,1,6043.35653253964,1971.3661150749356,0,6063.976991534233,5137.854981422424,6963.286485671997,1825.4315042495728,2.1673505719581807,1,240,Weekday IQR,Business event,"Known business context overlaps the flag; review, do not treat as error"
store_day,2016-12-19,26,6648.724983215332,6171.502210259438,477.22277295589447,0.22623947113254242,0,0,1,0.3939393939393939,1,6171.502210259438,2109.3700872219306,0,3858.458023071289,3355.5709857940674,4555.854995727539,1200.2840099334717,2.3246722751048723,1,241,Weekday IQR,Business event,"Known business context overlaps the flag; review, do not treat as error"
store_day,2016-12-20,26,22416.220989465714,6268.565673919661,16147.655315546053,7.821565566374649,0,0,1,0.48484848484848486,1,6268.565673919661,2064.5042451559484,1,3424.347987174988,2876.4594960063696,4215.608749866486,1339.149253860116,14.182043523189362,1,242,Rolling z-score + weekday IQR,Business event,"Known business context overlaps the flag; review, do not treat as error"
store_day,2016-12-21,26,13341.429057121277,6946.829674275858,6394.599382845418,1.7638765835330705,1,0,1,0.45454545454545453,1,6946.829674275858,3625.309980609268,0,3938.6494841575623,3195.285747528076,4731.0137721300125,1535.7280246019363,6.122685411956934,1,240,Weekday IQR,Business event,"Known business context overlaps the flag; review, do not treat as error"
store_day,2016-12-22,26,9303.17201924324,7247.638926955206,2055.533092288034,0.5414704059010973,1,0,1,0.3939393939393939,1,7247.638926955206,3796.205794234097,0,3099.2615098953247,2763.233991622925,3753.457247465849,990.2232558429241,6.265163409100969,1,240,Weekday IQR,Business event,"Known business context overlaps the flag; review, do not treat as error"
store_day,2016-12-23,26,12659.264979600906,7459.71796336983,5199.547016231077,1.391493107721347,1,0,1,0.5151515151515151,1,7459.71796336983,3736.6674598522773,0,3944.374017715454,3293.04700627923,4703.079238891602,1410.0322326123714,6.180632442521789,1,240,Weekday IQR,Business event,"Known business context overlaps the flag; review, do not treat as error"
store_day,2016-12-24,26,16492.790974140167,7704.378713239516,8788.412260900652,2.2843645261922982,1,0,1,0.42424242424242425,1,7704.378713239516,3847.202213190401,0,5010.82698059082,4427.954010009766,5829.816993713379,1401.8629837036133,8.190503727557516,1,241,Weekday IQR,Business event,"Known business context overlaps the flag; review, do not treat as error"
store_day,2016-12-26,26,8137.96498298645,8072.713354440672,65.25162854577775,0.01562728815654367,1,0,1,0.45454545454545453,1,8072.713354440672,4175.492759340635,0,3858.458023071289,3355.5709857940674,4555.854995727539,1200.2840099334717,3.5654119562522224,1,241,Weekday IQR,Business event,"Known business context overlaps the flag; review, do not treat as error"
store_day,2016-12-28,26,8244.373962402344,8068.666531858699,175.70743054364448,0.041838823139756016,0,0,1,0.48484848484848486,1,8068.666531858699,4199.62650375517,0,3938.6494841575623,3195.285747528076,4731.0137721300125,1535.7280246019363,2.803702484599012,1,240,Weekday IQR,Business event,"Known business context overlaps the flag; review, do not treat as error"
store_day,2016-12-29,26,8436.619967341423,8218.553637255516,218.06633008590688,0.052864234503514206,0,0,1,0.42424242424242425,1,8218.553637255516,4125.025778466738,0,3099.2615098953247,2763.233991622925,3753.457247465849,990.2232558429241,5.390055652553515,1,240,Weekday IQR,Business event,"Known business context overlaps the flag; review, do not treat as error"
store_day,2016-12-30,26,10434.229064941406,8116.035386343087,2318.193678598319,0.5680654375665416,0,0,1,0.5454545454545454,1,8116.035386343087,4080.8567557443985,0,3944.374017715454,3293.04700627923,4703.079238891602,1410.0322326123714,4.602628859910653,1,240,Weekday IQR,Business event,"Known business context overlaps the flag; review, do not treat as error"
store_day,2016-12-31,26,13650.42904663086,8234.093066843492,5416.335979787367,1.3213773374322066,1,0,1,0.36363636363636365,1,8234.093066843492,4099.007774957585,0,5010.82698059082,4427.954010009766,5829.816993713379,1401.8629837036133,6.162943287948784,1,241,Weekday IQR,Business event,"Known business context overlaps the flag; review, do not treat as error"
store_day,2017-01-01,26,0.0,8467.998319368276,-8467.998319368276,-2.008003657637324,0,0,0,0.0,0,8467.998319368276,4217.122955508941,0,6063.976991534233,5137.854981422424,6963.286485671997,1825.4315042495728,-3.321941676484382,1,240,Weekday IQR,Potential data issue,Extreme or zero value without mapped context; investigate source records
store_day,2017-01-02,26,7343.726992607117,8237.9110340029,-894.1840413957834,-0.1987906245335924,1,0,1,0.45454545454545453,1,8237.9110340029,4498.119785546933,0,3858.458023071289,3355.5709857940674,4555.854995727539,1200.2840099334717,2.9037035740641137,1,241,Weekday IQR,Business event,"Known business context overlaps the flag; review, do not treat as error"
store_day,2017-01-03,26,6834.283976554871,8227.815891493645,-1393.5319149387742,-0.30968339981306975,0,0,1,0.42424242424242425,1,8227.815891493645,4499.859907828234,0,3424.347987174988,2876.4594960063696,4215.608749866486,1339.149253860116,2.5463449869763926,1,242,Weekday IQR,Business event,"Known business context overlaps the flag; review, do not treat as error"
store_day,2017-01-06,26,10653.988998174667,8107.03560486223,2546.9533933124376,0.5701195585102014,0,0,1,0.5151515151515151,1,8107.03560486223,4467.4022409755025,0,3944.374017715454,3293.04700627923,4703.079238891602,1410.0322326123714,4.7584834057504395,1,240,Weekday IQR,Business event,"Known business context overlaps the flag; review, do not treat as error"
store_day,2017-01-17,26,19011.97599029541,7951.6637818046975,11060.312208490712,2.409173163374071,0,0,1,0.42424242424242425,1,7951.6637818046975,4590.916243231198,0,3424.347987174988,2876.4594960063696,4215.608749866486,1339.149253860116,11.63994824190722,1,242,Weekday IQR,Business event,"Known business context overlaps the flag; review, do not treat as error"
store_day,2017-01-24,26,6555.143005490303,6602.966101889099,-47.823096398796224,-0.013154947998359956,0,0,1,0.45454545454545453,1,6602.966101889099,3635.369475026309,0,3424.347987174988,2876.4594960063696,4215.608749866486,1339.149253860116,2.3378984898738926,1,242,Weekday IQR,Business event,"Known business context overlaps the flag; review, do not treat as error"
store_day,2017-02-01,26,8067.430016040802,5888.6389935186935,2178.7910225221085,0.70618679339745,0,0,1,0.48484848484848486,1,5888.6389935186935,3085.2899585391424,0,3938.6494841575623,3195.285747528076,4731.0137721300125,1535.7280246019363,2.6884842014610157,1,240,Weekday IQR,Business event,"Known business context overlaps the flag; review, do not treat as error"
store_day,2017-02-02,26,5361.853013038635,5939.327422601836,-577.4744095632004,-0.18569553136816194,0,0,1,0.45454545454545453,1,5939.327422601836,3109.791632079145,0,3099.2615098953247,2763.233991622925,3753.457247465849,990.2232558429241,2.28493068587577,1,240,Weekday IQR,Business event,"Known business context overlaps the flag; review, do not treat as error"
store_day,2017-03-15,26,7658.093978881836,4692.747785521405,2965.3461933604312,2.750575682849791,0,0,1,0.42424242424242425,1,4692.747785521405,1078.0820218290169,0,3938.6494841575623,3195.285747528076,4731.0137721300125,1535.7280246019363,2.4219421897235747,1,240,Weekday IQR,Business event,"Known business context overlaps the flag; review, do not treat as error"
store_day,2017-03-16,26,5914.961013793945,4775.919642265354,1139.0413715285913,0.9408240934395319,0,0,1,0.3333333333333333,1,4775.919642265354,1210.6847384875132,0,3099.2615098953247,2763.233991622925,3753.457247465849,990.2232558429241,2.8434996727094295,1,240,Weekday IQR,Business event,"Known business context overlaps the flag; review, do not treat as error"
store_day,2017-03-17,26,6953.214988708496,4879.001642912626,2074.21334579587,1.7595019112824368,0,0,1,0.5151515151515151,1,4879.001642912626,1178.86393444384,0,3944.374017715454,3293.04700627923,4703.079238891602,1410.0322326123714,2.1338809861236663,1,240,Weekday IQR,Business event,"Known business context overlaps the flag; review, do not treat as error"
store_day,2017-03-23,26,7713.675003051758,5227.7248576922075,2485.9501453595503,1.9006922880694244,0,0,1,0.3333333333333333,1,5227.7248576922075,1307.918257449545,0,3099.2615098953247,2763.233991622925,3753.457247465849,990.2232558429241,4.659972855544005,1,240,Weekday IQR,Business event,"Known business context overlaps the flag; review, do not treat as error"
store_day,2017-03-24,26,9118.420989990234,5356.9271784722805,3761.493811517954,2.747160974134047,0,0,1,0.45454545454545453,1,5356.9271784722805,1369.2294870720646,0,3944.374017715454,3293.04700627923,4703.079238891602,1410.0322326123714,3.6694529760421193,1,240,Weekday IQR,Business event,"Known business context overlaps the flag; review, do not treat as error"
store_day,2017-04-01,26,8246.015998840332,5464.3716406311305,2781.6443582092015,1.7188745532538419,0,0,1,0.3333333333333333,1,5464.3716406311305,1618.2939894848805,0,5010.82698059082,4427.954010009766,5829.816993713379,1401.8629837036133,2.30777833201815,1,241,Weekday IQR,Business event,"Known business context overlaps the flag; review, do not treat as error"
store_day,2017-05-01,26,8103.377997130156,4343.691393034799,3759.6866040953564,4.104792935883974,1,0,1,0.48484848484848486,1,4343.691393034799,915.9260071874251,1,3858.458023071289,3355.5709857940674,4555.854995727539,1200.2840099334717,3.536596287985333,1,241,Rolling z-score + weekday IQR,Business event,"Known business context overlaps the flag; review, do not treat as error"
store_day,2017-05-21,26,8802.015998840332,4978.104425578245,3823.9115732620867,3.1238987737421358,0,0,1,0.3939393939393939,1,4978.104425578245,1224.0830610146186,1,6063.976991534233,5137.854981422424,6963.286485671997,1825.4315042495728,1.4999406994631088,0,240,Rolling z-score,Business event,"Known business context overlaps the flag; review, do not treat as error"
store_day,2017-06-01,26,8552.644020080566,4900.86749488541,3651.776525195156,2.7267450882738364,0,0,1,0.3333333333333333,1,4900.86749488541,1339.2438262378644,0,3099.2615098953247,2763.233991622925,3753.457247465849,990.2232558429241,5.507225242395533,1,240,Weekday IQR,Business event,"Known business context overlaps the flag; review, do not treat as error"
store_day,2017-07-01,26,8286.383033752441,5024.665790217264,3261.7172435351777,2.151232445081558,0,0,1,0.45454545454545453,1,5024.665790217264,1516.2086509956475,0,5010.82698059082,4427.954010009766,5829.816993713379,1401.8629837036133,2.336573610430783,1,241,Weekday IQR,Business event,"Known business context overlaps the flag; review, do not treat as error"
store_day,2017-07-03,26,6562.7590255737305,5084.392433370863,1478.3665922028677,0.8996800437192954,0,0,1,0.45454545454545453,1,5084.392433370863,1643.2137208370993,0,3858.458023071289,3355.5709857940674,4555.854995727539,1200.2840099334717,2.2530509280485482,1,241,Weekday IQR,Business event,"Known business context overlaps the flag; review, do not treat as error"
store_day,2017-07-24,26,6843.5689697265625,5086.993786062513,1756.5751836640493,1.067754210404105,1,0,1,0.3333333333333333,1,5086.993786062513,1645.111924212644,0,3858.458023071289,3355.5709857940674,4555.854995727539,1200.2840099334717,2.487003844049151,1,241,Weekday IQR,Business event,"Known business context overlaps the flag; review, do not treat as error"
store_day,2017-08-01,26,8018.453018188477,5000.4449635233195,3018.008054665157,2.23344913839774,0,0,1,0.3939393939393939,1,5000.4449635233195,1351.2768223727062,0,3424.347987174988,2876.4594960063696,4215.608749866486,1339.149253860116,3.430614636696334,1,242,Weekday IQR,Business event,"Known business context overlaps the flag; review, do not treat as error"
store_day,2017-08-02,26,7044.894020080566,5143.1282141549245,1901.7658059256419,1.310216696731155,0,0,1,0.42424242424242425,1,5143.1282141549245,1451.4895212908948,0,3938.6494841575623,3195.285747528076,4731.0137721300125,1535.7280246019363,2.022652765438821,1,240,Weekday IQR,Business event,"Known business context overlaps the flag; review, do not treat as error"
store_day,2013-03-03,27,10109.390949249268,5570.71714254788,4538.673806701388,3.2640036585569345,0,0,0,0.0,0,5570.71714254788,1390.523504715679,1,17446.66948890686,12397.478255748749,20944.008628845215,8546.530373096466,-0.8585096196176328,0,240,Rolling z-score,Unexplained anomaly,No mapped business context; investigate before drawing conclusions
store_day,2013-05-05,27,11729.545026779175,6096.752283164433,5632.792743614742,3.1191972283377236,0,0,0,0.0,0,6096.752283164433,1805.8469315249292,1,17446.66948890686,12397.478255748749,20944.008628845215,8546.530373096466,-0.6689409868739906,0,240,Rolling z-score,Unexplained anomaly,No mapped business context; investigate before drawing conclusions
store_day,2013-06-02,27,14067.213066101074,6810.763855184828,7256.449210916247,3.220941196063044,0,0,0,0.0,0,6810.763855184828,2252.897140682296,1,17446.66948890686,12397.478255748749,20944.008628845215,8546.530373096466,-0.39541852369049574,0,240,Rolling z-score,Unexplained anomaly,No mapped business context; investigate before drawing conclusions
store_day,2014-01-01,27,0.0,7482.645927156721,-7482.645927156721,-3.623709843231175,1,0,0,0.0,0,7482.645927156721,2064.9131003503926,1,12091.344464302063,6946.692490100861,14251.411462306976,7304.718972206116,-1.655278527525656,0,240,Rolling z-score,Business event,"Known business context overlaps the flag; review, do not treat as error"
store_day,2014-01-05,27,18110.57709121704,7945.8241655145375,10164.752925702503,3.6802286861471365,0,0,0,0.0,0,7945.8241655145375,2761.9894828720744,1,17446.66948890686,12397.478255748749,20944.008628845215,8546.530373096466,0.07768153546848537,0,240,Rolling z-score,Unexplained anomaly,No mapped business context; investigate before drawing conclusions
store_day,2014-03-01,27,14789.210006713867,7088.9374941417145,7700.272512572153,3.3743604403750815,0,0,0,0.0,0,7088.9374941417145,2281.9946619917755,1,13949.248098373413,9704.17396736145,16164.383955001831,6460.209987640381,0.13002083677581103,0,241,Rolling z-score,Unexplained anomaly,No mapped business context; investigate before drawing conclusions
store_day,2014-05-18,27,13849.496994018555,7561.716625043324,6287.780368975231,3.4623164649371607,0,0,0,0.0,0,7561.716625043324,1816.0617126283835,1,17446.66948890686,12397.478255748749,20944.008628845215,8546.530373096466,-0.420892729312916,0,240,Rolling z-score,Unexplained anomaly,No mapped business context; investigate before drawing conclusions
store_day,2014-07-06,27,20744.443962097168,8905.651799712863,11838.792162384305,3.979614688036884,0,0,1,0.21212121212121213,0,8905.651799712863,2974.8588972628145,1,17446.66948890686,12397.478255748749,20944.008628845215,8546.530373096466,0.38586120088818004,0,240,Rolling z-score,Unexplained anomaly,No mapped business context; investigate before drawing conclusions
store_day,2014-09-07,27,19157.646076202393,8797.881006513324,10359.765069689069,3.5852696296323527,0,0,1,0.21212121212121213,0,8797.881006513324,2889.5358340877137,1,17446.66948890686,12397.478255748749,20944.008628845215,8546.530373096466,0.20019546091844448,0,240,Rolling z-score,Unexplained anomaly,No mapped business context; investigate before drawing conclusions
store_day,2015-01-01,27,0.0,13897.794308253697,-13897.794308253697,-4.2438377202882,1,0,0,0.0,0,13897.794308253697,3274.817564727686,1,8780.554532527924,5473.832737445831,10211.577202320099,4737.744464874268,-1.8533195696026097,0,240,Rolling z-score,Business event,"Known business context overlaps the flag; review, do not treat as error"
store_day,2015-05-17,27,17009.850006103516,8807.87003343446,8201.979972669056,3.4560644701684953,0,0,1,0.30303030303030304,1,8807.87003343446,2373.2138226776715,1,17446.66948890686,12397.478255748749,20944.008628845215,8546.530373096466,-0.051110738947164364,0,240,Rolling z-score,Business event,"Known business context overlaps the flag; review, do not treat as error"
store_day,2015-05-31,27,20782.96397781372,9789.997498648507,10992.966479165214,3.720621660239057,0,0,1,0.2727272727272727,1,9789.997498648507,2954.6047631349043,1,17446.66948890686,12397.478255748749,20944.008628845215,8546.530373096466,0.3903682948824645,0,240,Rolling z-score,Business event,"Known business context overlaps the flag; review, do not treat as error"
store_day,2015-12-24,27,17683.207000732422,14173.967753853116,3509.239246879306,1.0374586198559972,1,0,1,0.18181818181818182,0,14173.967753853116,3382.534184704543,0,8780.554532527924,5473.832737445831,10211.577202320099,4737.744464874268,1.8790908910788546,1,240,Weekday IQR,Business event,"Known business context overlaps the flag; review, do not treat as error"
store_day,2015-12-31,27,19685.387134552002,14388.978105238506,5296.409029313496,1.7091207181519714,1,0,1,0.15151515151515152,0,14388.978105238506,3098.908680388807,0,8780.554532527924,5473.832737445831,10211.577202320099,4737.744464874268,2.30169285888522,1,240,Weekday IQR,Business event,"Known business context overlaps the flag; review, do not treat as error"
store_day,2016-01-01,27,0.0,14609.255178281239,-14609.255178281239,-4.494888066599066,1,0,0,0.0,0,14609.255178281239,3250.193322241043,1,9745.784277915955,6282.183004498482,11787.83704328537,5505.654038786888,-1.770141060309582,0,240,Rolling z-score,Business event,"Known business context overlaps the flag; review, do not treat as error"
store_day,2016-04-17,27,40102.02296447754,12904.261786222458,27197.76117825508,11.46206102527464,0,1,1,0.30303030303030304,1,12904.261786222458,2372.8508440394908,1,17446.66948890686,12397.478255748749,20944.008628845215,8546.530373096466,2.650824660599959,1,240,Rolling z-score + weekday IQR,Business event,"Known business context overlaps the flag; review, do not treat as error"
store_day,2016-04-18,27,26837.531993865967,13748.833782366344,13088.698211499623,2.3202761927795827,0,1,1,0.3333333333333333,1,13748.833782366344,5641.008709320924,0,11929.536968231201,7515.809051513672,13885.519886016846,6369.710834503174,2.3404508325372926,1,241,Weekday IQR,Business event,"Known business context overlaps the flag; review, do not treat as error"
store_day,2016-04-19,27,23127.56900024414,14257.194099869046,8870.374900375095,1.4418256687942874,0,1,1,0.36363636363636365,1,14257.194099869046,6152.182675311127,0,10228.108032226562,6193.017014980316,12046.3779874444,5853.360972464085,2.2037699415259713,1,242,Weekday IQR,Business event,"Known business context overlaps the flag; review, do not treat as error"
store_day,2016-04-22,27,20828.088981628418,15062.604098694665,5765.484882933753,0.8985141103752048,0,1,1,0.42424242424242425,1,15062.604098694665,6416.688192605213,0,9745.784277915955,6282.183004498482,11787.83704328537,5505.654038786888,2.01289522110153,1,240,Weekday IQR,Business event,"Known business context overlaps the flag; review, do not treat as error"
store_day,2016-12-30,27,20436.29005432129,16193.654666151318,4242.635388169971,1.180856741105206,0,0,1,0.6060606060606061,1,16193.654666151318,3592.8451271736285,0,9745.784277915955,6282.183004498482,11787.83704328537,5505.654038786888,1.94173220857896,1,240,Weekday IQR,Business event,"Known business context overlaps the flag; review, do not treat as error"
store_day,2017-01-01,27,0.0,16688.349630117416,-16688.349630117416,-4.32907810522214,0,0,0,0.0,0,16688.349630117416,3854.943067436543,1,17446.66948890686,12397.478255748749,20944.008628845215,8546.530373096466,-2.0413745376517998,0,240,Rolling z-score,Potential data issue,Extreme or zero value without mapped context; investigate source records
store_day,2017-01-02,27,24004.210178375244,16033.319054910115,7970.89112346513,1.6061291754843834,1,0,1,0.5454545454545454,1,16033.319054910115,4962.795798202989,0,11929.536968231201,7515.809051513672,13885.519886016846,6369.710834503174,1.8956391465588165,1,241,Weekday IQR,Business event,"Known business context overlaps the flag; review, do not treat as error"
store_day,2017-05-01,27,24017.07276916504,14807.077316352299,9209.99545281274,3.263889984709534,1,0,1,0.5757575757575758,1,14807.077316352299,2821.7848934734766,1,11929.536968231201,7515.809051513672,13885.519886016846,6369.710834503174,1.8976584832483443,1,241,Rolling z-score + weekday IQR,Business event,"Known business context overlaps the flag; review, do not treat as error"
store_day,2013-03-03,28,9024.865005493164,4659.999643530165,4364.8653619629995,3.278995746445065,0,0,0,0.0,0,4659.999643530165,1331.1592022329348,1,17711.98403930664,12443.155994415283,21018.89507484436,8575.739080429077,-1.0129877964266174,0,240,Rolling z-score,Unexplained anomaly,No mapped business context; investigate before drawing conclusions
store_day,2013-05-01,28,10180.02799987793,5349.272676655224,4830.755323222706,3.2892951406313573,1,0,0,0.0,0,5349.272676655224,1468.6293314182428,1,8269.64453125,5663.9230699539185,10365.671339988708,4701.74827003479,0.4063134304325046,0,240,Rolling z-score,Business event,"Known business context overlaps the flag; review, do not treat as error"
store_day,2013-05-05,28,12867.609046936035,5646.013961093767,7221.595085842268,4.253744984141763,0,0,0,0.0,0,5646.013961093767,1697.7028742354896,1,17711.98403930664,12443.155994415283,21018.89507484436,8575.739080429077,-0.5648930018668692,0,240,Rolling z-score,Unexplained anomaly,No mapped business context; investigate before drawing conclusions
store_day,2013-06-02,28,14309.48099899292,6249.269646372114,8060.211352620806,3.3491129039124945,0,0,0,0.0,0,6249.269646372114,2406.670537504042,1,17711.98403930664,12443.155994415283,21018.89507484436,8575.739080429077,-0.39675916074436823,0,240,Rolling z-score,Unexplained anomaly,No mapped business context; investigate before drawing conclusions
store_day,2013-09-01,28,16406.616011619568,7385.586107592498,9021.02990402707,3.6198533929155547,0,0,0,0.0,0,7385.586107592498,2492.0981390246916,1,17711.98403930664,12443.155994415283,21018.89507484436,8575.739080429077,-0.15221638805057489,0,240,Rolling z-score,Unexplained anomaly,No mapped business context; investigate before drawing conclusions
store_day,2014-01-01,28,0.0,8232.147532871792,-8232.147532871792,-3.0622863017596242,1,0,0,0.0,0,8232.147532871792,2688.2357564482154,1,8269.64453125,5663.9230699539185,10365.671339988708,4701.74827003479,-1.7588445948827476,0,240,Rolling z-score,Business event,"Known business context overlaps the flag; review, do not treat as error"
store_day,2014-01-05,28,18511.887886047363,8474.892664500645,10036.995221546718,3.283306604915582,0,0,0,0.0,0,8474.892664500645,3056.977745093892,1,17711.98403930664,12443.155994415283,21018.89507484436,8575.739080429077,0.09327520803031479,0,240,Rolling z-score,Unexplained anomaly,No mapped business context; investigate before drawing conclusions
store_day,2014-03-01,28,17233.195724487305,7152.574791090829,10080.620933396476,3.48391277705481,0,0,0,0.0,0,7152.574791090829,2893.476840117196,1,12940.173957824707,9270.87198638916,15453.353790283203,6182.481803894043,0.6943848607785037,0,241,Rolling z-score,Unexplained anomaly,No mapped business context; investigate before drawing conclusions
store_day,2014-05-04,28,13483.795036315918,6867.7000308718,6616.095005444118,4.080807042747793,0,0,1,0.15151515151515152,0,6867.7000308718,1621.2712182022703,1,17711.98403930664,12443.155994415283,21018.89507484436,8575.739080429077,-0.4930407704030998,0,240,Rolling z-score,Unexplained anomaly,No mapped business context; investigate before drawing conclusions
store_day,2014-05-18,28,14517.303867340088,7256.739134039198,7260.56473330089,3.3017133457851435,0,0,1,0.15151515151515152,0,7256.739134039198,2199.0294047087655,1,17711.98403930664,12443.155994415283,21018.89507484436,8575.739080429077,-0.3725253464459078,0,240,Rolling z-score,Unexplained anomaly,No mapped business context; investigate before drawing conclusions
store_day,2014-06-01,28,15869.538024902344,7522.503534385136,8347.034490517208,3.0715426972227853,0,0,1,0.030303030303030304,0,7522.503534385136,2717.538160242537,1,17711.98403930664,12443.155994415283,21018.89507484436,8575.739080429077,-0.2148439915352593,0,240,Rolling z-score,Unexplained anomaly,No mapped business context; investigate before drawing conclusions
store_day,2014-07-06,28,20121.451934814453,8316.361730246672,11805.090204567781,3.392573351965548,0,0,1,0.09090909090909091,0,8316.361730246672,3479.686061239705,1,17711.98403930664,12443.155994415283,21018.89507484436,8575.739080429077,0.28096329341531895,0,240,Rolling z-score,Unexplained anomaly,No mapped business context; investigate before drawing conclusions
store_day,2014-10-19,28,20882.35496520996,10799.987754430089,10082.367210779872,3.3407182540156684,0,0,1,0.15151515151515152,0,10799.987754430089,3018.023803312503,1,17711.98403930664,12443.155994415283,21018.89507484436,8575.739080429077,0.36969069326496984,0,240,Rolling z-score,Unexplained anomaly,No mapped business context; investigate before drawing conclusions
store_day,2014-12-24,28,20260.573837280273,13015.645947592599,7244.927889687675,1.7500836119450198,1,0,1,0.3333333333333333,1,13015.645947592599,4139.761003553286,0,8269.64453125,5663.9230699539185,10365.671339988708,4701.74827003479,2.550312908594221,1,240,Weekday IQR,Business event,"Known business context overlaps the flag; review, do not treat as error"
store_day,2014-12-31,28,19380.81916809082,13646.513616698128,5734.305551392692,1.4842673588856499,1,0,1,0.21212121212121213,0,13646.513616698128,3863.391266448022,0,8269.64453125,5663.9230699539185,10365.671339988708,4701.74827003479,2.363200664666508,1,240,Weekday IQR,Business event,"Known business context overlaps the flag; review, do not treat as error"
store_day,2015-01-01,28,0.0,13820.58183492933,-13820.58183492933,-3.4460240786919507,1,0,0,0.0,0,13820.58183492933,4010.5877148065015,1,8520.387977600098,6116.931965827942,10237.970478236675,4121.038512408733,-2.067534179053318,0,240,Rolling z-score,Business event,"Known business context overlaps the flag; review, do not treat as error"
store_day,2015-02-01,28,19559.838928222656,8593.35189969199,10966.487028530666,3.813313366576124,0,0,1,0.2727272727272727,1,8593.35189969199,2875.842075988943,1,17711.98403930664,12443.155994415283,21018.89507484436,8575.739080429077,0.21547470971138272,0,240,Rolling z-score,Business event,"Known business context overlaps the flag; review, do not treat as error"
store_day,2015-05-15,28,17130.97378396988,8532.20429944992,8598.769484519958,3.6367513486959955,0,0,1,0.3333333333333333,1,8532.20429944992,2364.4095127931027,1,7956.926996231079,5413.986003398895,10214.308194994926,4800.322191596031,1.9111314660919823,0,240,Rolling z-score,Business event,"Known business context overlaps the flag; review, do not treat as error"
store_day,2015-05-17,28,19495.28687286377,9009.038717968124,10486.248154895646,3.600422535107954,0,0,1,0.18181818181818182,0,9009.038717968124,2912.5048664826304,1,17711.98403930664,12443.155994415283,21018.89507484436,8575.739080429077,0.20794742200434385,0,240,Rolling z-score,Unexplained anomaly,No mapped business context; investigate before drawing conclusions
store_day,2015-05-31,28,25360.621063232422,10006.080132365227,15354.540930867195,4.199795531496823,0,0,1,0.2727272727272727,1,10006.080132365227,3656.0210647671165,1,17711.98403930664,12443.155994415283,21018.89507484436,8575.739080429077,0.891892459902487,0,240,Rolling z-score,Business event,"Known business context overlaps the flag; review, do not treat as error"
store_day,2015-08-02,28,26539.094009399414,12487.857399123055,14051.236610276359,3.0533540712216514,0,0,1,0.18181818181818182,0,12487.857399123055,4601.90213205586,1,17711.98403930664,12443.155994415283,21018.89507484436,8575.739080429077,1.0293118630716456,0,240,Rolling z-score,Unexplained anomaly,No mapped business context; investigate before drawing conclusions
store_day,2015-12-23,28,18341.741203308105,13341.130756514412,5000.610446793693,1.2605592523963733,1,0,1,0.24242424242424243,0,13341.130756514412,3966.977702386725,0,8269.64453125,5663.9230699539185,10365.671339988708,4701.74827003479,2.142202451851719,1,240,Weekday IQR,Business event,"Known business context overlaps the flag; review, do not treat as error"
store_day,2015-12-24,28,20902.4599609375,13722.50890799931,7179.95105293819,1.8345010862527964,1,0,1,0.21212121212121213,0,13722.50890799931,3913.8439910134693,0,8520.387977600098,6116.931965827942,10237.970478236675,4121.038512408733,3.0045999196693076,1,240,Weekday IQR,Business event,"Known business context overlaps the flag; review, do not treat as error"
store_day,2015-12-31,28,21600.5630569458,14077.398951939174,7523.164105006626,2.0546560114272117,1,0,1,0.15151515151515152,0,14077.398951939174,3661.52001267641,0,8520.387977600098,6116.931965827942,10237.970478236675,4121.038512408733,3.173999718750598,1,240,Weekday IQR,Business event,"Known business context overlaps the flag; review, do not treat as error"
store_day,2016-01-01,28,0.0,14421.640171323505,-14421.640171323505,-3.6973347651982476,1,0,0,0.0,0,14421.640171323505,3900.5502847806724,1,7956.926996231079,5413.986003398895,10214.308194994926,4800.322191596031,-1.6575818619344647,0,240,Rolling z-score,Business event,"Known business context overlaps the flag; review, do not treat as error"
store_day,2016-04-03,28,22701.19995880127,12693.882362501961,10007.317596299308,3.4118976042966187,0,0,1,0.15151515151515152,0,12693.882362501961,2933.065043832806,1,17711.98403930664,12443.155994415283,21018.89507484436,8575.739080429077,0.5817826163672181,0,240,Rolling z-score,Unexplained anomaly,No mapped business context; investigate before drawing conclusions
store_day,2016-04-17,28,36743.613998413086,12488.922493525914,24254.691504887174,7.213050262271472,0,1,1,0.36363636363636365,1,12488.922493525914,3362.612296181213,1,17711.98403930664,12443.155994415283,21018.89507484436,8575.739080429077,2.2192407885332046,1,240,Rolling z-score + weekday IQR,Business event,"Known business context overlaps the flag; review, do not treat as error"
store_day,2016-04-18,28,35819.590393066406,13169.755527496338,22649.83486557007,4.028152775340967,0,1,1,0.3333333333333333,1,13169.755527496338,5622.8837705026845,1,10221.78882598877,7280.509101867676,12384.440071105957,5103.930969238281,5.015311084996491,1,241,Rolling z-score + weekday IQR,Business event,"Known business context overlaps the flag; review, do not treat as error"
store_day,2016-04-19,28,30934.08588409424,14052.641042164394,16881.444841929842,2.395792634439396,0,1,1,0.42424242424242425,1,14052.641042164394,7046.28797971074,0,11767.345436096191,7095.394502997398,14601.649068832397,7506.254565834999,2.553435975278029,1,242,Weekday IQR,Business event,"Known business context overlaps the flag; review, do not treat as error"
store_day,2016-04-20,28,19694.037929534912,14689.908532551357,5004.129396983555,0.6473821940404247,0,1,1,0.3333333333333333,1,14689.908532551357,7729.791525083373,0,8269.64453125,5663.9230699539185,10365.671339988708,4701.74827003479,2.429818174463938,1,240,Weekday IQR,Business event,"Known business context overlaps the flag; review, do not treat as error"
store_day,2016-04-21,28,17837.38185119629,15061.450282096863,2775.9315690994263,0.3600119341188186,0,1,1,0.3939393939393939,1,15061.450282096863,7710.665414172786,0,8520.387977600098,6116.931965827942,10237.970478236675,4121.038512408733,2.260836399742947,1,240,Weekday IQR,Business event,"Known business context overlaps the flag; review, do not treat as error"
store_day,2016-04-22,28,19639.305870056152,15387.271237645831,4252.034632410321,0.5576582556399096,0,1,1,0.45454545454545453,1,15387.271237645831,7624.803523317585,0,7956.926996231079,5413.986003398895,10214.308194994926,4800.322191596031,2.4336655765059945,1,240,Weekday IQR,Business event,"Known business context overlaps the flag; review, do not treat as error"
store_day,2016-07-03,28,29017.040771484375,13328.838361195156,15688.20241028922,3.48399815411791,0,0,1,0.42424242424242425,1,13328.838361195156,4502.930746891056,1,17711.98403930664,12443.155994415283,21018.89507484436,8575.739080429077,1.318260341896048,0,240,Rolling z-score,Business event,"Known business context overlaps the flag; review, do not treat as error"
store_day,2016-09-01,28,16432.016136169434,13381.683143751961,3050.3329924174723,0.7577671978090548,0,0,1,0.3939393939393939,1,13381.683143751961,4025.4223213104924,0,8520.387977600098,6116.931965827942,10237.970478236675,4121.038512408733,1.919814176632146,1,240,Weekday IQR,Business event,"Known business context overlaps the flag; review, do not treat as error"
store_day,2016-09-04,28,25916.072692871094,13828.893825939724,12087.17886693137,3.0165476413624686,0,0,1,0.45454545454545453,1,13828.893825939724,4006.9577225281337,1,17711.98403930664,12443.155994415283,21018.89507484436,8575.739080429077,0.9566625776065438,0,240,Rolling z-score,Business event,"Known business context overlaps the flag; review, do not treat as error"
store_day,2016-12-01,28,18200.786827087402,13311.854748385293,4888.93207870211,1.2147784192610356,0,0,1,0.5151515151515151,1,13311.854748385293,4024.5463709143814,0,8520.387977600098,6116.931965827942,10237.970478236675,4121.038512408733,2.349019263066567,1,240,Weekday IQR,Business event,"Known business context overlaps the flag; review, do not treat as error"
store_day,2016-12-21,28,18077.569953918457,15324.040459087917,2753.52949483054,0.6027070113931158,1,0,1,0.5454545454545454,1,15324.040459087917,4568.603720845965,0,8269.64453125,5663.9230699539185,10365.671339988708,4701.74827003479,2.086016702590478,1,240,Weekday IQR,Business event,"Known business context overlaps the flag; review, do not treat as error"
store_day,2016-12-22,28,19230.177925109863,15658.520239148822,3571.6576859610414,0.8105319086510884,1,0,1,0.45454545454545453,1,15658.520239148822,4406.560244994058,0,8520.387977600098,6116.931965827942,10237.970478236675,4121.038512408733,2.598808507919022,1,240,Weekday IQR,Business event,"Known business context overlaps the flag; review, do not treat as error"
store_day,2016-12-23,28,20633.222106933594,16015.72499029977,4617.497116633824,1.0815680631958144,1,0,1,0.5454545454545454,1,16015.72499029977,4269.261707848562,0,7956.926996231079,5413.986003398895,10214.308194994926,4800.322191596031,2.640717561186835,1,240,Weekday IQR,Business event,"Known business context overlaps the flag; review, do not treat as error"
store_day,2016-12-24,28,25835.69881439209,16446.686675752913,9389.012138639177,2.292846426761957,1,0,1,0.5151515151515151,1,16446.686675752913,4094.9153981929303,0,12940.173957824707,9270.87198638916,15453.353790283203,6182.481803894043,2.0858168718661045,1,241,Weekday IQR,Business event,"Known business context overlaps the flag; review, do not treat as error"
store_day,2016-12-30,28,19837.49789428711,16818.360615594047,3019.1372786930624,0.6791977625080834,0,0,1,0.5454545454545454,1,16818.360615594047,4445.151979806663,0,7956.926996231079,5413.986003398895,10214.308194994926,4800.322191596031,2.474952810220834,1,240,Weekday IQR,Business event,"Known business context overlaps the flag; review, do not treat as error"
store_day,2017-01-01,28,0.0,17244.501979282923,-17244.501979282923,-3.7681544249178494,0,0,0,0.0,0,17244.501979282923,4576.37878778253,1,17711.98403930664,12443.155994415283,21018.89507484436,8575.739080429077,-2.0653594836773466,0,240,Rolling z-score,Potential data issue,Extreme or zero value without mapped context; investigate source records
store_day,2017-01-02,28,24830.009323120117,16538.139829363143,8291.869493756974,1.4844382298939933,1,0,1,0.5454545454545454,1,16538.139829363143,5585.863612761518,0,10221.78882598877,7280.509101867676,12384.440071105957,5103.930969238281,2.862150876486384,1,241,Weekday IQR,Business event,"Known business context overlaps the flag; review, do not treat as error"
store_day,2017-04-01,28,25077.027374267578,14198.713034493583,10878.314339773995,3.207652331996276,0,0,1,0.3939393939393939,1,14198.713034493583,3391.36328188158,1,12940.173957824707,9270.87198638916,15453.353790283203,6182.481803894043,1.9631037828204299,1,241,Rolling z-score + weekday IQR,Business event,"Known business context overlaps the flag; review, do not treat as error"
store_day,2017-05-01,28,28987.6961517334,14966.605631555829,14021.09052017757,3.931191345434939,1,0,1,0.5151515151515151,1,14966.605631555829,3566.6263196421196,1,10221.78882598877,7280.509101867676,12384.440071105957,5103.930969238281,3.6767557082664233,1,241,Rolling z-score + weekday IQR,Business event,"Known business context overlaps the flag; review, do not treat as error"
store_day,2015-03-21,29,17272.37387084961,704.7808889661517,16567.59298188346,4.442488189212019,0,0,1,0.15151515151515152,0,704.7808889661517,3729.3499219909268,1,8682.351013183594,0.0,12468.194801330566,12468.194801330566,0.6889548161975554,0,241,Rolling z-score,Unexplained anomaly,No mapped business context; investigate before drawing conclusions
store_day,2015-03-22,29,16699.474975585938,1321.6513843536377,15377.8235912323,3.161381993364766,0,0,1,0.24242424242424243,0,1321.6513843536377,4864.272531287863,1,9201.219917297363,0.0,16045.43638420105,16045.43638420105,0.46731387534412233,0,240,Rolling z-score,Unexplained anomaly,No mapped business context; investigate before drawing conclusions
store_day,2015-05-17,29,13474.526184082031,6687.2811460494995,6787.245038032532,3.53673509566569,0,0,1,0.18181818181818182,0,6687.2811460494995,1919.0707967781864,1,9201.219917297363,0.0,16045.43638420105,16045.43638420105,0.26632533790058394,0,240,Rolling z-score,Unexplained anomaly,No mapped business context; investigate before drawing conclusions
store_day,2015-05-31,29,18152.29214477539,7434.167964594705,10718.124180180686,4.746922510562544,0,0,1,0.15151515151515152,0,7434.167964594705,2257.910078862971,1,9201.219917297363,0.0,16045.43638420105,16045.43638420105,0.557857824065888,0,240,Rolling z-score,Unexplained anomaly,No mapped business context; investigate before drawing conclusions
store_day,2015-08-02,29,19082.26596069336,9867.45670740945,9214.80925328391,3.034463889349784,0,0,1,0.18181818181818182,0,9867.45670740945,3036.717387089563,1,9201.219917297363,0.0,16045.43638420105,16045.43638420105,0.6158165977414769,0,240,Rolling z-score,Unexplained anomaly,No mapped business context; investigate before drawing conclusions
store_day,2015-11-03,29,16649.666007995605,9333.836838994708,7315.829169000897,3.0566168026268494,1,0,1,0.18181818181818182,0,9333.836838994708,2393.440081436996,1,6953.768114089966,0.0,11955.597922325134,11955.597922325134,0.8109923030951156,0,242,Rolling z-score,Business event,"Known business context overlaps the flag; review, do not treat as error"
store_day,2016-01-01,29,0.0,11458.095949581691,-11458.095949581691,-3.68744470737669,1,0,0,0.0,0,11458.095949581691,3107.32685066705,1,5735.326539993286,0.0,8457.527709007263,8457.527709007263,-0.6781327519489136,0,240,Rolling z-score,Business event,"Known business context overlaps the flag; review, do not treat as error"
store_day,2016-04-03,29,16419.19524383545,10234.380489894322,6184.8147539411275,3.1776083069666208,0,0,1,0.15151515151515152,0,10234.380489894322,1946.3741772016006,1,9201.219917297363,0.0,16045.43638420105,16045.43638420105,0.4498459969368724,0,240,Rolling z-score,Unexplained anomaly,No mapped business context; investigate before drawing conclusions
store_day,2016-04-17,29,27960.49616241455,10037.777814728874,17922.718347685677,8.351014972364869,0,1,1,0.36363636363636365,1,10037.777814728874,2146.1724601135834,1,9201.219917297363,0.0,16045.43638420105,16045.43638420105,1.1691346870184403,0,240,Rolling z-score,Business event,"Known business context overlaps the flag; review, do not treat as error"
store_day,2016-04-18,29,31367.553077697754,10563.595000811985,20803.95807688577,5.227638231217448,0,1,1,0.42424242424242425,1,10563.595000811985,3979.609367888643,1,7063.582077026367,0.0,10562.340103149414,10562.340103149414,2.3010025016543993,1,241,Rolling z-score + weekday IQR,Business event,"Known business context overlaps the flag; review, do not treat as error"
store_day,2016-09-04,29,20844.191284179688,11819.774603843689,9024.416680335999,3.0828391728951567,0,0,1,0.48484848484848486,1,11819.774603843689,2927.3069966413414,1,9201.219917297363,0.0,16045.43638420105,16045.43638420105,0.7256250991307683,0,240,Rolling z-score,Business event,"Known business context overlaps the flag; review, do not treat as error"
store_day,2017-01-01,29,0.0,14705.195068768093,-14705.195068768093,-4.390465958157652,0,0,0,0.0,0,14705.195068768093,3349.3472467188326,1,9201.219917297363,0.0,16045.43638420105,16045.43638420105,-0.5734477827201532,0,240,Rolling z-score,Potential data issue,Extreme or zero value without mapped context; investigate source records
store_day,2017-04-01,29,20592.69721221924,11906.729459081378,8685.96775313786,3.8952469858268985,0,0,1,0.3939393939393939,1,11906.729459081378,2229.8888324006925,1,8682.351013183594,0.0,12468.194801330566,12468.194801330566,0.9552582702481205,0,241,Rolling z-score,Business event,"Known business context overlaps the flag; review, do not treat as error"
store_day,2017-05-01,29,21052.229820251465,12055.563567570278,8996.666252681187,3.8582241335790415,1,0,1,0.48484848484848486,1,12055.563567570278,2331.8153485125613,1,7063.582077026367,0.0,10562.340103149414,10562.340103149414,1.3243890659281126,0,241,Rolling z-score,Business event,"Known business context overlaps the flag; review, do not treat as error"
store_day,2017-07-02,29,23124.154090881348,12161.96691111156,10962.187179769788,3.0028816279540664,0,0,1,0.45454545454545453,1,12161.96691111156,3650.5558786340116,1,9201.219917297363,0.0,16045.43638420105,16045.43638420105,0.8677192592463885,0,240,Rolling z-score,Business event,"Known business context overlaps the flag; review, do not treat as error"
store_day,2013-02-16,30,3484.7620010375977,2380.5136796746933,1104.2483213629043,3.130354079883206,0,0,0,0.0,0,2380.5136796746933,352.75508558575075,1,4840.674995422363,3756.1989974975586,5665.454032897949,1909.2550354003906,-0.7101790851636626,0,241,Rolling z-score,Unexplained anomaly,No mapped business context; investigate before drawing conclusions
store_day,2013-04-20,30,3559.96199798584,2623.9893924849375,935.9726055009023,3.1350179815077834,0,0,0,0.0,0,2623.9893924849375,298.5541425988081,1,4840.674995422363,3756.1989974975586,5665.454032897949,1909.2550354003906,-0.6707919967161142,0,241,Rolling z-score,Unexplained anomaly,No mapped business context; investigate before drawing conclusions
store_day,2013-07-08,30,0.0,3014.7818566731044,-3014.7818566731044,-5.976844949748398,0,0,0,0.0,0,3014.7818566731044,504.41025022742394,1,4430.370975494385,3236.362995147705,5117.847991943359,1881.4849967956543,-2.3547203315677363,1,241,Rolling z-score + weekday IQR,Potential data issue,Extreme or zero value without mapped context; investigate source records
store_day,2013-07-09,30,0.0,2920.1749636786326,-2920.1749636786326,-3.8449377824422393,0,0,0,0.0,0,2920.1749636786326,759.4856221116241,1,4829.025758743286,3205.7682485580444,5961.024208068848,2755.255959510803,-1.752659582161173,0,242,Rolling z-score,Potential data issue,Extreme or zero value without mapped context; investigate source records
store_day,2013-07-11,30,0.0,2732.6797493525914,-2732.6797493525914,-2.5438619743512696,0,0,0,0.0,0,2732.6797493525914,1074.2248506031754,0,4073.801513671875,3074.917000770569,4862.765506744385,1787.848505973816,-2.2786055418341684,1,240,Weekday IQR,Potential data issue,Extreme or zero value without mapped context; investigate source records
store_day,2013-07-12,30,0.0,2629.0500707626343,-2629.0500707626343,-2.207540140780423,0,0,0,0.0,0,2629.0500707626343,1190.9410036064833,0,3746.673505783081,2834.564000606537,4447.1947565078735,1612.6307559013367,-2.3233300568479973,1,240,Weekday IQR,Potential data issue,Extreme or zero value without mapped context; investigate source records
store_day,2013-07-13,30,0.0,2529.6762136731827,-2529.6762136731827,-1.9615054972282904,0,0,0,0.0,0,2529.6762136731827,1289.660527206142,0,4840.674995422363,3756.1989974975586,5665.454032897949,1909.2550354003906,-2.5353736958495037,1,241,Weekday IQR,Potential data issue,Extreme or zero value without mapped context; investigate source records
store_day,2013-07-14,30,0.0,2398.369213649205,-2398.369213649205,-1.7711676209467737,0,0,0,0.0,0,2398.369213649205,1354.1175805636974,0,5115.251508712769,3919.9844999313354,6019.5927448272705,2099.608244895935,-2.4362885415161344,1,240,Weekday IQR,Potential data issue,Extreme or zero value without mapped context; investigate source records
store_day,2013-07-15,30,0.0,2277.78832081386,-2277.78832081386,-1.6121791717660623,0,0,0,0.0,0,2277.78832081386,1412.8630121915394,0,4430.370975494385,3236.362995147705,5117.847991943359,1881.4849967956543,-2.3547203315677363,1,241,Weekday IQR,Potential data issue,Extreme or zero value without mapped context; investigate source records
store_day,2013-07-18,30,0.0,1981.8437493188042,-1981.8437493188042,-1.2669882671060733,0,0,0,0.0,0,1981.8437493188042,1564.2163394658198,0,4073.801513671875,3074.917000770569,4862.765506744385,1787.848505973816,-2.2786055418341684,1,240,Weekday IQR,Potential data issue,Extreme or zero value without mapped context; investigate source records
store_day,2013-07-19,30,0.0,1867.7393922805786,-1867.7393922805786,-1.1755768730504237,0,0,0,0.0,0,1867.7393922805786,1588.7854168431452,0,3746.673505783081,2834.564000606537,4447.1947565078735,1612.6307559013367,-2.3233300568479973,1,240,Weekday IQR,Potential data issue,Extreme or zero value without mapped context; investigate source records
store_day,2013-07-20,30,0.0,1772.0882139205933,-1772.0882139205933,-1.0948784596158019,0,0,0,0.0,0,1772.0882139205933,1618.5250502986676,0,4840.674995422363,3756.1989974975586,5665.454032897949,1909.2550354003906,-2.5353736958495037,1,241,Weekday IQR,Potential data issue,Extreme or zero value without mapped context; investigate source records
store_day,2013-07-21,30,0.0,1642.8486424854823,-1642.8486424854823,-1.0203610280072797,0,0,0,0.0,0,1642.8486424854823,1610.0660426965676,0,5115.251508712769,3919.9844999313354,6019.5927448272705,2099.608244895935,-2.4362885415161344,1,240,Weekday IQR,Potential data issue,Extreme or zero value without mapped context; investigate source records
store_day,2013-07-22,30,0.0,1512.8008210318428,-1512.8008210318428,-0.9516898140610536,0,0,0,0.0,0,1512.8008210318428,1589.5944231833423,0,4430.370975494385,3236.362995147705,5117.847991943359,1881.4849967956543,-2.3547203315677363,1,241,Weekday IQR,Potential data issue,Extreme or zero value without mapped context; investigate source records
store_day,2013-07-25,30,0.0,1242.6547850881304,-1242.6547850881304,-0.7725484341657798,1,0,0,0.0,0,1242.6547850881304,1608.5137580143892,0,4073.801513671875,3074.917000770569,4862.765506744385,1787.848505973816,-2.2786055418341684,1,240,Weekday IQR,Business event,"Known business context overlaps the flag; review, do not treat as error"
store_day,2013-07-26,30,0.0,1153.5230706759862,-1153.5230706759862,-0.7184140998084065,0,0,0,0.0,0,1153.5230706759862,1605.652048009106,0,3746.673505783081,2834.564000606537,4447.1947565078735,1612.6307559013367,-2.3233300568479973,1,240,Weekday IQR,Potential data issue,Extreme or zero value without mapped context; investigate source records
store_day,2013-07-27,30,0.0,1058.1887136868068,-1058.1887136868068,-0.664900157305627,0,0,0,0.0,0,1058.1887136868068,1591.500170454015,0,4840.674995422363,3756.1989974975586,5665.454032897949,1909.2550354003906,-2.5353736958495037,1,241,Weekday IQR,Potential data issue,Extreme or zero value without mapped context; investigate source records
store_day,2013-07-28,30,0.0,927.9988207817078,-927.9988207817078,-0.610727682031322,0,0,0,0.0,0,927.9988207817078,1519.4969019500152,0,5115.251508712769,3919.9844999313354,6019.5927448272705,2099.608244895935,-2.4362885415161344,1,240,Weekday IQR,Potential data issue,Extreme or zero value without mapped context; investigate source records
store_day,2013-07-29,30,0.0,784.4240350723267,-784.4240350723267,-0.5595502496618474,0,0,0,0.0,0,784.4240350723267,1401.883093692438,0,4430.370975494385,3236.362995147705,5117.847991943359,1881.4849967956543,-2.3547203315677363,1,241,Weekday IQR,Potential data issue,Extreme or zero value without mapped context; investigate source records
store_day,2013-10-28,30,5352.025001525879,2988.5204642159597,2363.504537309919,4.165844832930422,0,0,0,0.0,0,2988.5204642159597,567.352993713723,1,4430.370975494385,3236.362995147705,5117.847991943359,1881.4849967956543,0.48985457104423236,0,241,Rolling z-score,Unexplained anomaly,No mapped business context; investigate before drawing conclusions
store_day,2013-12-16,30,5074.203994750977,3289.245858601161,1784.9581361498153,3.2896383657328325,0,0,0,0.0,0,3289.245858601161,542.6001091011049,1,4430.370975494385,3236.362995147705,5117.847991943359,1881.4849967956543,0.3421940756121361,0,241,Rolling z-score,Unexplained anomaly,No mapped business context; investigate before drawing conclusions
store_day,2013-12-18,30,6918.956928253174,3432.2648226874217,3486.692105565752,5.3883530202231515,0,0,0,0.0,0,3432.2648226874217,647.079375178235,1,4027.0940017700195,2853.373748779297,4757.7375111579895,1904.3637623786926,1.5185454499885052,0,240,Rolling z-score,Unexplained anomaly,No mapped business context; investigate before drawing conclusions
store_day,2014-01-01,30,0.0,4209.813248293741,-4209.813248293741,-3.7426215411654895,1,0,0,0.0,0,4209.813248293741,1124.830069508648,1,4027.0940017700195,2853.373748779297,4757.7375111579895,1904.3637623786926,-2.1146663685407865,0,240,Rolling z-score,Business event,"Known business context overlaps the flag; review, do not treat as error"
store_day,2014-03-01,30,5315.117988586426,3234.4292939731054,2080.6886946133204,3.170850599644041,0,0,0,0.0,0,3234.4292939731054,656.1925985560147,1,4840.674995422363,3756.1989974975586,5665.454032897949,1909.2550354003906,0.2484963948593525,0,241,Rolling z-score,Unexplained anomaly,No mapped business context; investigate before drawing conclusions
store_day,2014-05-04,30,4415.4650020599365,2887.258828095027,1528.2061739649093,3.531636178458512,0,0,0,0.0,0,2887.258828095027,432.71902787901,1,5115.251508712769,3919.9844999313354,6019.5927448272705,2099.608244895935,-0.3332938458181356,0,240,Rolling z-score,Unexplained anomaly,No mapped business context; investigate before drawing conclusions
store_day,2014-06-01,30,5390.092002868652,3259.800696781703,2130.291306086949,3.352118367230568,0,0,1,0.06060606060606061,0,3259.800696781703,635.5059913492672,1,5115.251508712769,3919.9844999313354,6019.5927448272705,2099.608244895935,0.13090084534770247,0,240,Rolling z-score,Unexplained anomaly,No mapped business context; investigate before drawing conclusions
store_day,2014-07-01,30,5993.402984619141,3297.03732081822,2696.3656638009206,4.985538665141095,0,1,1,0.09090909090909091,0,3297.03732081822,540.8373788481312,1,4829.025758743286,3205.7682485580444,5961.024208068848,2755.255959510803,0.4226021984841619,0,242,Rolling z-score,Business event,"Known business context overlaps the flag; review, do not treat as error"
store_day,2014-09-01,30,5130.846992492676,3274.917320864541,1855.9296716281347,3.3865744919631267,0,0,1,0.09090909090909091,0,3274.917320864541,548.0256453925781,1,4430.370975494385,3236.362995147705,5117.847991943359,1881.4849967956543,0.37229954965958667,0,241,Rolling z-score,Unexplained anomaly,No mapped business context; investigate before drawing conclusions
store_day,2014-09-07,30,6189.933963775635,3572.3053584780014,2617.6286052976334,3.6196934792472875,0,0,1,0.12121212121212122,0,3572.3053584780014,723.1630579509642,1,5115.251508712769,3919.9844999313354,6019.5927448272705,2099.608244895935,0.5118490354928721,0,240,Rolling z-score,Unexplained anomaly,No mapped business context; investigate before drawing conclusions
store_day,2014-12-18,30,9577.391929626465,5046.737430776869,4530.654498849596,4.984734858588412,0,0,1,0.3333333333333333,1,5046.737430776869,908.90581492886,1,4073.801513671875,3074.917000770569,4862.765506744385,1787.848505973816,3.078331523932371,1,240,Rolling z-score + weekday IQR,Business event,"Known business context overlaps the flag; review, do not treat as error"
store_day,2014-12-22,30,8320.333000183105,5393.330822467804,2927.0021777153015,2.406338058102343,1,0,1,0.24242424242424243,0,5393.330822467804,1216.3719756082646,0,4430.370975494385,3236.362995147705,5117.847991943359,1881.4849967956543,2.067495638452441,1,241,Weekday IQR,Business event,"Known business context overlaps the flag; review, do not treat as error"
store_day,2014-12-24,30,8943.754051208496,5679.5241795267375,3264.2298716817586,2.3090615683032203,1,0,1,0.18181818181818182,0,5679.5241795267375,1413.6608206945427,0,4027.0940017700195,2853.373748779297,4757.7375111579895,1904.3637623786926,2.5817861831697537,1,240,Weekday IQR,Business event,"Known business context overlaps the flag; review, do not treat as error"
store_day,2014-12-31,30,8325.32500076294,5825.622786453792,2499.702214309147,1.6087315698292952,1,0,1,0.18181818181818182,0,5825.622786453792,1553.8342512756146,0,4027.0940017700195,2853.373748779297,4757.7375111579895,1904.3637623786926,2.257043052333714,1,240,Weekday IQR,Business event,"Known business context overlaps the flag; review, do not treat as error"
store_day,2015-01-01,30,0.0,5926.6122515542165,-5926.6122515542165,-3.6536264405997896,1,0,0,0.0,0,5926.6122515542165,1622.1177364211562,1,4073.801513671875,3074.917000770569,4862.765506744385,1787.848505973816,-2.2786055418341684,1,240,Rolling z-score + weekday IQR,Business event,"Known business context overlaps the flag; review, do not treat as error"
store_day,2015-02-01,30,5389.885997772217,3585.4986065796443,1804.3873911925725,3.5643552767403457,0,0,1,0.12121212121212122,0,3585.4986065796443,506.2310715677902,1,5115.251508712769,3919.9844999313354,6019.5927448272705,2099.608244895935,0.13080272937919438,0,240,Rolling z-score,Unexplained anomaly,No mapped business context; investigate before drawing conclusions
store_day,2015-05-17,30,5438.3339920043945,3626.09803547178,1812.2359565326146,3.161732333284976,0,0,1,0.09090909090909091,0,3626.09803547178,573.1781711735662,1,5115.251508712769,3919.9844999313354,6019.5927448272705,2099.608244895935,0.15387750742407627,0,240,Rolling z-score,Unexplained anomaly,No mapped business context; investigate before drawing conclusions
store_day,2015-12-15,30,8485.119968414307,5201.515037230083,3283.6049311842235,3.852304747872296,0,0,1,0.12121212121212122,0,5201.515037230083,852.3741360280034,1,4829.025758743286,3205.7682485580444,5961.024208068848,2755.255959510803,1.3269526546347301,0,242,Rolling z-score,Unexplained anomaly,No mapped business context; investigate before drawing conclusions
store_day,2015-12-17,30,8907.265022277832,5384.497641801834,3522.767380475998,3.4815667054692,0,0,1,0.18181818181818182,0,5384.497641801834,1011.8339467522123,1,4073.801513671875,3074.917000770569,4862.765506744385,1787.848505973816,2.7035084306392267,1,240,Rolling z-score + weekday IQR,Unexplained anomaly,No mapped business context; investigate before drawing conclusions
store_day,2015-12-21,30,8815.45198059082,5668.83628991672,3146.6156906741007,2.562795041271401,1,0,1,0.09090909090909091,0,5668.83628991672,1227.8062193818928,0,4430.370975494385,3236.362995147705,5117.847991943359,1881.4849967956543,2.3306489355826066,1,241,Weekday IQR,Business event,"Known business context overlaps the flag; review, do not treat as error"
store_day,2015-12-23,30,8734.454002380371,5878.361714294979,2856.0922880853923,2.028763480609572,1,0,1,0.12121212121212122,0,5878.361714294979,1407.7995367046126,0,4027.0940017700195,2853.373748779297,4757.7375111579895,1904.3637623786926,2.4718806845654884,1,240,Weekday IQR,Business event,"Known business context overlaps the flag; review, do not treat as error"
store_day,2015-12-24,30,8489.067985534668,6030.361536026001,2458.706449508667,1.662397241450353,1,0,1,0.12121212121212122,0,6030.361536026001,1479.0125898931212,0,4073.801513671875,3074.917000770569,4862.765506744385,1787.848505973816,2.469597651652179,1,240,Weekday IQR,Business event,"Known business context overlaps the flag; review, do not treat as error"
store_day,2015-12-31,30,8629.610000610352,6183.206427029201,2446.4035735811503,1.6288993143780985,1,0,1,0.06060606060606061,0,6183.206427029201,1501.875255264116,0,4073.801513671875,3074.917000770569,4862.765506744385,1787.848505973816,2.5482072288093516,1,240,Weekday IQR,Business event,"Known business context overlaps the flag; review, do not treat as error"
store_day,2016-01-01,30,0.0,6256.266176632473,-6256.266176632473,-3.984148448768451,1,0,0,0.0,0,6256.266176632473,1570.2894249752067,1,3746.673505783081,2834.564000606537,4447.1947565078735,1612.6307559013367,-2.3233300568479973,1,240,Rolling z-score + weekday IQR,Business event,"Known business context overlaps the flag; review, do not treat as error"
store_day,2016-04-17,30,10458.344017028809,4937.752000944955,5520.592016083853,9.571007442540038,0,1,1,0.3333333333333333,1,4937.752000944955,576.8036488558773,1,5115.251508712769,3919.9844999313354,6019.5927448272705,2099.608244895935,2.544804499270227,1,240,Rolling z-score + weekday IQR,Business event,"Known business context overlaps the flag; review, do not treat as error"
store_day,2016-04-18,30,16785.351989746094,5101.485537256513,11683.86645248958,9.870353500127239,0,1,1,0.30303030303030304,1,5101.485537256513,1183.7333335973187,1,4430.370975494385,3236.362995147705,5117.847991943359,1881.4849967956543,6.566611498520266,1,241,Rolling z-score + weekday IQR,Business event,"Known business context overlaps the flag; review, do not treat as error"
store_day,2016-04-19,30,15664.517036437988,5504.462465286255,10160.054571151733,4.053365480140417,0,1,1,0.2727272727272727,1,5504.462465286255,2506.5725311302963,1,4829.025758743286,3205.7682485580444,5961.024208068848,2755.255959510803,3.932662314109847,1,242,Rolling z-score + weekday IQR,Business event,"Known business context overlaps the flag; review, do not treat as error"
store_day,2016-04-20,30,9290.612003326416,5856.17371736254,3434.4382859638763,1.0874670467982621,0,1,1,0.30303030303030304,1,5856.17371736254,3158.1998701253565,0,4027.0940017700195,2853.373748779297,4757.7375111579895,1904.3637623786926,2.7639246794855357,1,240,Weekday IQR,Business event,"Known business context overlaps the flag; review, do not treat as error"
store_day,2016-04-21,30,9256.662002563477,6013.253860473633,3243.4081420898438,1.0081110263734485,0,1,1,0.2727272727272727,1,6013.253860473633,3217.3124360692623,0,4073.801513671875,3074.917000770569,4862.765506744385,1787.848505973816,2.8989371703328803,1,240,Weekday IQR,Business event,"Known business context overlaps the flag; review, do not treat as error"
store_day,2016-04-22,30,11063.34998703003,6180.459396634783,4882.890590395246,1.4972909123559583,0,1,1,0.3333333333333333,1,6180.459396634783,3261.150221443682,0,3746.673505783081,2834.564000606537,4447.1947565078735,1612.6307559013367,4.537105877754073,1,240,Weekday IQR,Business event,"Known business context overlaps the flag; review, do not treat as error"
store_day,2016-05-31,30,7865.240936279297,5181.966961179461,2683.273975099836,3.4039299562694776,0,0,1,0.42424242424242425,1,5181.966961179461,788.2870709950092,1,4829.025758743286,3205.7682485580444,5961.024208068848,2755.255959510803,1.1019720933931278,0,242,Rolling z-score,Business event,"Known business context overlaps the flag; review, do not treat as error"
store_day,2016-12-12,30,8321.76598739624,5581.618319988251,2740.1476674079895,3.824317441319093,0,0,1,0.3939393939393939,1,5581.618319988251,716.5063333400616,1,4430.370975494385,3236.362995147705,5117.847991943359,1881.4849967956543,2.0682572640915375,1,241,Rolling z-score + weekday IQR,Business event,"Known business context overlaps the flag; review, do not treat as error"
store_day,2016-12-16,30,9462.401008605957,5704.767181464604,3757.6338271413533,4.244642529058079,0,0,1,0.45454545454545453,1,5704.767181464604,885.2650844958677,1,3746.673505783081,2834.564000606537,4447.1947565078735,1612.6307559013367,3.544349803516071,1,240,Rolling z-score + weekday IQR,Business event,"Known business context overlaps the flag; review, do not treat as error"
store_day,2016-12-22,30,7943.409118652344,6135.151683194296,1808.2574354580474,1.6189155932365227,1,0,1,0.3939393939393939,1,6135.151683194296,1116.9559691762522,0,4073.801513671875,3074.917000770569,4862.765506744385,1787.848505973816,2.16439345506668,1,240,Weekday IQR,Business event,"Known business context overlaps the flag; review, do not treat as error"
store_day,2016-12-23,30,7860.156105041504,6231.143079689571,1629.0130253519328,1.4122735542683194,1,0,1,0.3939393939393939,1,6231.143079689571,1153.4684767186648,0,3746.673505783081,2834.564000606537,4447.1947565078735,1612.6307559013367,2.5507901199362295,1,240,Weekday IQR,Business event,"Known business context overlaps the flag; review, do not treat as error"
store_day,2016-12-24,30,9266.013961791992,6356.143511908395,2909.870449883597,2.5690607105470153,1,0,1,0.42424242424242425,1,6356.143511908395,1132.6592781312727,0,4840.674995422363,3756.1989974975586,5665.454032897949,1909.2550354003906,2.317835430216157,1,241,Weekday IQR,Business event,"Known business context overlaps the flag; review, do not treat as error"
store_day,2016-12-30,30,7643.0080909729,6441.527293205261,1201.4807977676392,0.9210979813177637,0,0,1,0.48484848484848486,1,6441.527293205261,1304.4006415568813,0,3746.673505783081,2834.564000606537,4447.1947565078735,1612.6307559013367,2.416135603845697,1,240,Weekday IQR,Business event,"Known business context overlaps the flag; review, do not treat as error"
store_day,2016-12-31,30,9211.635036468506,6500.748045785086,2710.8869906834198,2.0530165805785474,1,0,1,0.45454545454545453,1,6500.748045785086,1320.4408655674285,0,4840.674995422363,3756.1989974975586,5665.454032897949,1909.2550354003906,2.2893536798395857,1,241,Weekday IQR,Business event,"Known business context overlaps the flag; review, do not treat as error"
store_day,2017-01-01,30,0.0,6644.394369670323,-6644.394369670323,-4.781908988816182,0,0,0,0.0,0,6644.394369670323,1389.4857441264728,1,5115.251508712769,3919.9844999313354,6019.5927448272705,2099.608244895935,-2.4362885415161344,1,240,Rolling z-score + weekday IQR,Potential data issue,Extreme or zero value without mapped context; investigate source records
store_day,2017-02-20,30,631.7060012817383,5538.234567369734,-4906.528566087995,-5.512229024207343,0,0,1,0.21212121212121213,0,5538.234567369734,890.1169643969125,1,4430.370975494385,3236.362995147705,5117.847991943359,1881.4849967956543,-2.0189717062225476,0,241,Rolling z-score,Unexplained anomaly,No mapped business context; investigate before drawing conclusions
store_day,2017-04-02,30,2784.1980028152466,5475.354503631592,-2691.156500816345,-3.629514592157746,0,0,1,0.30303030303030304,1,5475.354503631592,741.464576731858,1,5115.251508712769,3919.9844999313354,6019.5927448272705,2099.608244895935,-1.110232592944051,0,240,Rolling z-score,Business event,"Known business context overlaps the flag; review, do not treat as error"
store_day,2017-04-03,30,1507.5389986038208,5396.722218683788,-3889.183220079967,-4.340868129183215,0,0,1,0.24242424242424243,0,5396.722218683788,895.9459500585573,1,4430.370975494385,3236.362995147705,5117.847991943359,1881.4849967956543,-1.5534707860378485,0,241,Rolling z-score,Unexplained anomaly,No mapped business context; investigate before drawing conclusions
store_day,2017-05-07,30,7777.526031494141,4901.949502740587,2875.5765287535532,3.5132978422960734,0,0,1,0.42424242424242425,1,4901.949502740587,818.4835609821953,1,5115.251508712769,3919.9844999313354,6019.5927448272705,2099.608244895935,1.267986315663056,0,240,Rolling z-score,Business event,"Known business context overlaps the flag; review, do not treat as error"
store_day,2017-05-11,30,9955.818000793457,5227.77161012377,4728.046390669687,5.0023153041852675,0,0,1,0.48484848484848486,1,5227.77161012377,945.171606178821,1,4073.801513671875,3074.917000770569,4862.765506744385,1787.848505973816,3.2899971487895896,1,240,Rolling z-score + weekday IQR,Business event,"Known business context overlaps the flag; review, do not treat as error"
store_day,2017-05-12,30,7497.582012176514,5417.387002808707,2080.195009367807,1.6089831443123455,0,0,1,0.42424242424242425,1,5417.387002808707,1292.863145721051,0,3746.673505783081,2834.564000606537,4447.1947565078735,1612.6307559013367,2.3259562008644457,1,240,Weekday IQR,Business event,"Known business context overlaps the flag; review, do not treat as error"
store_day,2017-05-15,30,8925.890014648438,5676.245111601694,3249.644903046744,2.399661467123264,0,0,1,0.42424242424242425,1,5676.245111601694,1354.209728150716,0,4430.370975494385,3236.362995147705,5117.847991943359,1881.4849967956543,2.3893462062202695,1,241,Weekday IQR,Business event,"Known business context overlaps the flag; review, do not treat as error"
store_day,2017-05-17,30,8209.397006988525,5890.804719924927,2318.5922870635986,1.5632410295367216,0,0,1,0.3939393939393939,1,5890.804719924927,1483.195644980436,0,4027.0940017700195,2853.373748779297,4757.7375111579895,1904.3637623786926,2.196168131236911,1,240,Weekday IQR,Business event,"Known business context overlaps the flag; review, do not treat as error"
store_day,2017-05-23,30,10466.657035827637,6224.892826897757,4241.76420892988,3.005740784394933,0,0,1,0.3939393939393939,1,6224.892826897757,1411.2208980069329,1,4829.025758743286,3205.7682485580444,5961.024208068848,2755.255959510803,2.046137041324217,1,242,Rolling z-score + weekday IQR,Business event,"Known business context overlaps the flag; review, do not treat as error"
store_day,2017-05-26,30,8356.704006195068,6541.83243560791,1814.8715705871582,1.1608064671327238,1,0,1,0.36363636363636365,1,6541.83243560791,1563.4574944004426,0,3746.673505783081,2834.564000606537,4447.1947565078735,1612.6307559013367,2.858701834590358,1,240,Weekday IQR,Business event,"Known business context overlaps the flag; review, do not treat as error"
store_day,2017-05-31,30,10117.223999023438,6830.865470068796,3286.3585289546418,2.0578849466235587,0,0,1,0.3939393939393939,1,6830.865470068796,1596.959312203863,0,4027.0940017700195,2853.373748779297,4757.7375111579895,1904.3637623786926,3.1979867069337584,1,240,Weekday IQR,Business event,"Known business context overlaps the flag; review, do not treat as error"
store_day,2017-06-22,30,7921.803001403809,6151.7574626377655,1770.0455387660431,1.2587446437048813,0,0,1,0.36363636363636365,1,6151.7574626377655,1406.199063184287,0,4073.801513671875,3074.917000770569,4862.765506744385,1787.848505973816,2.1523084729351725,1,240,Weekday IQR,Business event,"Known business context overlaps the flag; review, do not treat as error"
store_day,2017-06-27,30,10989.973037719727,6220.099926812308,4769.873110907419,3.2569900829923943,0,0,1,0.30303030303030304,1,6220.099926812308,1464.5034186057599,1,4829.025758743286,3205.7682485580444,5961.024208068848,2755.255959510803,2.2360707569507694,1,242,Rolling z-score + weekday IQR,Business event,"Known business context overlaps the flag; review, do not treat as error"
store_day,2017-06-30,30,7566.33998298645,6133.480286598206,1432.8596963882446,0.9995923185438755,0,0,1,0.3939393939393939,1,6133.480286598206,1433.4440849600742,0,3746.673505783081,2834.564000606537,4447.1947565078735,1612.6307559013367,2.3685933455166364,1,240,Weekday IQR,Business event,"Known business context overlaps the flag; review, do not treat as error"
store_day,2017-07-10,30,15979.329010009766,6357.594786439623,9621.734223570144,6.668419933249192,0,0,1,0.3939393939393939,1,6357.594786439623,1442.8806703662328,1,4430.370975494385,3236.362995147705,5117.847991943359,1881.4849967956543,6.138214258516194,1,241,Rolling z-score + weekday IQR,Business event,"Known business context overlaps the flag; review, do not treat as error"
store_day,2017-07-13,30,7960.580024719238,6809.909393106188,1150.6706316130503,0.4897909762937427,0,0,1,0.42424242424242425,1,6809.909393106188,2349.3095775675497,0,4073.801513671875,3074.917000770569,4862.765506744385,1787.848505973816,2.1739976838419484,1,240,Weekday IQR,Business event,"Known business context overlaps the flag; review, do not treat as error"
store_day,2017-07-22,30,9825.698989868164,6810.186358247484,3015.5126316206797,1.3139850627209102,0,0,1,0.3939393939393939,1,6810.186358247484,2294.936766919072,0,4840.674995422363,3756.1989974975586,5665.454032897949,1909.2550354003906,2.610978576468905,1,241,Weekday IQR,Business event,"Known business context overlaps the flag; review, do not treat as error"
store_day,2017-07-27,30,11637.966003417969,6574.256638595036,5063.709364822933,2.2599010569461147,0,0,1,0.36363636363636365,1,6574.256638595036,2240.677462076904,0,4073.801513671875,3074.917000770569,4862.765506744385,1787.848505973816,4.230875526909368,1,240,Weekday IQR,Business event,"Known business context overlaps the flag; review, do not treat as error"
store_day,2017-08-01,30,10509.94401550293,6683.184317588806,3826.7596979141235,1.5809429520326443,0,0,1,0.36363636363636365,1,6683.184317588806,2420.555209151599,0,4829.025758743286,3205.7682485580444,5961.024208068848,2755.255959510803,2.0618477340189814,1,242,Weekday IQR,Business event,"Known business context overlaps the flag; review, do not treat as error"
store_day,2017-08-03,30,7581.165992736816,6910.036069461277,671.1299232755391,0.2695835855535937,0,0,1,0.42424242424242425,1,6910.036069461277,2489.50588700482,0,4073.801513671875,3074.917000770569,4862.765506744385,1787.848505973816,1.9617794613725,1,240,Weekday IQR,Business event,"Known business context overlaps the flag; review, do not treat as error"
store_day,2017-08-15,30,10982.769035339355,6368.831639289856,4613.9373960494995,2.688472347329102,0,0,1,0.36363636363636365,1,6368.831639289856,1716.1929899086656,0,4829.025758743286,3205.7682485580444,5961.024208068848,2755.255959510803,2.2334561169731284,1,242,Weekday IQR,Business event,"Known business context overlaps the flag; review, do not treat as error"
store_day,2013-05-05,31,11805.402992248535,6069.013892650604,5736.389099597931,4.242801067815066,0,0,0,0.0,0,6069.013892650604,1352.0287677668623,1,14429.926460266113,10535.782282829285,17291.472396850586,6755.690114021301,-0.3884908016385227,0,240,Rolling z-score,Unexplained anomaly,No mapped business context; investigate before drawing conclusions
store_day,2013-06-02,31,12853.001983642578,6264.927321365902,6588.0746622766765,3.4132603240245474,0,0,0,0.0,0,6264.927321365902,1930.1412833664945,1,14429.926460266113,10535.782282829285,17291.472396850586,6755.690114021301,-0.23342167121470825,0,240,Rolling z-score,Unexplained anomaly,No mapped business context; investigate before drawing conclusions
store_day,2013-08-04,31,11503.304992675781,6232.143001215799,5271.161991459982,3.0569514311445007,0,0,0,0.0,0,6232.143001215799,1724.31983634313,1,14429.926460266113,10535.782282829285,17291.472396850586,6755.690114021301,-0.43320836482955116,0,240,Rolling z-score,Unexplained anomaly,No mapped business context; investigate before drawing conclusions
store_day,2013-09-01,31,12831.963989257812,6742.224394900458,6089.739594357355,3.251947500374065,0,0,0,0.0,0,6742.224394900458,1872.6438829830013,1,14429.926460266113,10535.782282829285,17291.472396850586,6755.690114021301,-0.23653578598754274,0,240,Rolling z-score,Unexplained anomaly,No mapped business context; investigate before drawing conclusions
store_day,2013-12-01,31,12887.27498626709,6821.747462000166,6065.527524266924,3.4808808132558298,0,0,0,0.0,0,6821.747462000166,1742.5266332499198,1,14429.926460266113,10535.782282829285,17291.472396850586,6755.690114021301,-0.22834846595424513,0,240,Rolling z-score,Unexplained anomaly,No mapped business context; investigate before drawing conclusions
store_day,2013-12-21,31,14616.895004272461,7855.279784475054,6761.615219797407,3.266805529589904,1,0,0,0.0,0,7855.279784475054,2069.794225139022,1,12666.243041992188,9537.601997375488,14560.396850585938,5022.794853210449,0.3883598712046668,0,241,Rolling z-score,Business event,"Known business context overlaps the flag; review, do not treat as error"
store_day,2014-03-01,31,18048.067977905273,7681.877015454428,10366.190962450844,5.315596387037304,0,0,0,0.0,0,7681.877015454428,1950.1463632058294,1,12666.243041992188,9537.601997375488,14560.396850585938,5022.794853210449,1.0714801406776853,0,241,Rolling z-score,Unexplained anomaly,No mapped business context; investigate before drawing conclusions
store_day,2014-05-04,31,12227.454116821289,7321.579615116119,4905.87450170517,3.466885494300392,0,0,0,0.0,0,7321.579615116119,1415.0667824969978,1,14429.926460266113,10535.782282829285,17291.472396850586,6755.690114021301,-0.3260173729510826,0,240,Rolling z-score,Unexplained anomaly,No mapped business context; investigate before drawing conclusions
store_day,2014-06-01,31,16227.196823120117,7526.0830380576,8701.113785062516,3.8972384161075153,0,0,0,0.0,0,7526.0830380576,2232.6357425556266,1,14429.926460266113,10535.782282829285,17291.472396850586,6755.690114021301,0.2660380112941837,0,240,Rolling z-score,Unexplained anomaly,No mapped business context; investigate before drawing conclusions
store_day,2014-07-01,31,15816.99600982666,7439.622337341309,8377.373672485352,3.7504998897657997,0,1,1,0.12121212121212122,0,7439.622337341309,2233.6685558490917,1,11115.56854057312,7436.522945404053,12983.065947532654,5546.543002128601,0.8476320236675835,0,242,Rolling z-score,Business event,"Known business context overlaps the flag; review, do not treat as error"
store_day,2014-12-22,31,20887.002227783203,12423.635854993548,8463.366372789655,2.460075073174548,1,0,1,0.18181818181818182,0,12423.635854993548,3440.287845308841,0,10261.858993530273,7207.458003997803,11890.965995788574,4683.5079917907715,2.268629252448512,1,241,Weekday IQR,Business event,"Known business context overlaps the flag; review, do not treat as error"
store_day,2014-12-23,31,52419.51411437988,12811.002152034214,39608.51196234567,10.539779783985146,1,0,1,0.24242424242424243,0,12811.002152034214,3758.0018533716916,1,11115.56854057312,7436.522945404053,12983.065947532654,5546.543002128601,7.44679083132602,1,242,Rolling z-score + weekday IQR,Business event,"Known business context overlaps the flag; review, do not treat as error"
store_day,2014-12-24,31,26236.734252929688,14339.29919052124,11897.435062408447,1.4278415342026358,1,0,1,0.18181818181818182,0,14339.29919052124,8332.461815556062,0,8151.644584655762,5756.123454093933,10047.871283531189,4291.747829437256,4.21392178362103,1,240,Weekday IQR,Business event,"Known business context overlaps the flag; review, do not treat as error"
store_day,2014-12-30,31,24081.11099243164,15500.828324999127,8580.282667432513,1.038839436075212,0,0,1,0.21212121212121213,0,15500.828324999127,8259.488780912337,0,11115.56854057312,7436.522945404053,12983.065947532654,5546.543002128601,2.3375898188984965,1,242,Weekday IQR,Unexplained anomaly,No mapped business context; investigate before drawing conclusions
store_day,2014-12-31,31,23803.641845703125,15831.561541148594,7972.080304554531,0.9473449278046733,1,0,1,0.09090909090909091,0,15831.561541148594,8415.182338104249,0,8151.644584655762,5756.123454093933,10047.871283531189,4291.747829437256,3.646998351974396,1,240,Weekday IQR,Business event,"Known business context overlaps the flag; review, do not treat as error"
store_day,2015-01-01,31,0.0,16176.737865720477,-16176.737865720477,-1.8941296775556669,1,0,0,0.0,0,16176.737865720477,8540.45953527121,0,8988.953969955444,6428.278720855713,10693.936056137085,4265.657335281372,-2.1072845902570636,1,240,Weekday IQR,Business event,"Known business context overlaps the flag; review, do not treat as error"
store_day,2015-02-01,31,17187.431079864502,8478.439292362758,8708.991787501744,4.158778482542855,0,0,1,0.09090909090909091,0,8478.439292362758,2094.1225468149228,1,14429.926460266113,10535.782282829285,17291.472396850586,6755.690114021301,0.4081751195004108,0,240,Rolling z-score,Unexplained anomaly,No mapped business context; investigate before drawing conclusions
store_day,2015-05-01,31,12504.027954101562,8069.621384893145,4434.406569208418,3.052807177845838,1,0,1,0.18181818181818182,0,8069.621384893145,1452.5668707112652,1,8990.18698501587,6329.68100643158,10757.632051467896,4427.951045036316,0.7935591277651252,0,240,Rolling z-score,Business event,"Known business context overlaps the flag; review, do not treat as error"
store_day,2015-05-03,31,13787.704833984375,8298.031486374992,5489.673347609383,3.0922430211634464,0,0,1,0.12121212121212122,0,8298.031486374992,1775.3046284001027,1,14429.926460266113,10535.782282829285,17291.472396850586,6755.690114021301,-0.09506380775945007,0,240,Rolling z-score,Unexplained anomaly,No mapped business context; investigate before drawing conclusions
store_day,2015-05-30,31,18090.097747802734,9560.6794695173,8529.418278285435,3.8033464728028634,0,0,1,0.030303030303030304,0,9560.6794695173,2242.6088023476095,1,12666.243041992188,9537.601997375488,14560.396850585938,5022.794853210449,1.0798479460780186,0,241,Rolling z-score,Unexplained anomaly,No mapped business context; investigate before drawing conclusions
store_day,2015-05-31,31,21483.980041503906,9760.214537484306,11723.7655040196,4.320902545789906,0,0,1,0.21212121212121213,0,9760.214537484306,2713.2677443611205,1,14429.926460266113,10535.782282829285,17291.472396850586,6755.690114021301,1.0441647651358732,0,240,Rolling z-score,Unexplained anomaly,No mapped business context; investigate before drawing conclusions
store_day,2015-12-21,31,19953.317749023438,13545.340940747943,6407.9768082754945,1.765669689507186,1,0,1,0.12121212121212122,0,13545.340940747943,3629.2047410430528,0,10261.858993530273,7207.458003997803,11890.965995788574,4683.5079917907715,2.0692734532492105,1,241,Weekday IQR,Business event,"Known business context overlaps the flag; review, do not treat as error"
store_day,2015-12-22,31,23353.54278564453,13859.023181370327,9494.519604274205,2.50368023173875,1,0,1,0.15151515151515152,0,13859.023181370327,3792.2253344950814,0,11115.56854057312,7436.522945404053,12983.065947532654,5546.543002128601,2.2064147416462534,1,242,Weekday IQR,Business event,"Known business context overlaps the flag; review, do not treat as error"
store_day,2015-12-23,31,28307.072509765625,14287.765635899135,14019.30687386649,3.3709905554974067,1,0,1,0.15151515151515152,0,14287.765635899135,4158.809300430647,1,8151.644584655762,5756.123454093933,10047.871283531189,4291.747829437256,4.696321574828568,1,240,Rolling z-score + weekday IQR,Business event,"Known business context overlaps the flag; review, do not treat as error"
store_day,2015-12-24,31,29650.436431884766,15024.055046898979,14626.381384985787,3.090316652883868,1,0,1,0.12121212121212122,0,15024.055046898979,4732.971739752469,1,8988.953969955444,6428.278720855713,10693.936056137085,4265.657335281372,4.843680783038435,1,240,Rolling z-score + weekday IQR,Business event,"Known business context overlaps the flag; review, do not treat as error"
store_day,2015-12-30,31,25680.716667175293,16489.345809391565,9191.370857783728,1.7514533936380758,0,0,1,0.15151515151515152,0,16489.345809391565,5247.853520493422,0,8151.644584655762,5756.123454093933,10047.871283531189,4291.747829437256,4.0843667380191775,1,240,Weekday IQR,Unexplained anomaly,No mapped business context; investigate before drawing conclusions
store_day,2015-12-31,31,28772.37257385254,16734.643337249756,12037.729236602783,2.183033514119821,1,0,1,0.06060606060606061,0,16734.643337249756,5514.220995116644,0,8988.953969955444,6428.278720855713,10693.936056137085,4265.657335281372,4.6378358712191625,1,240,Weekday IQR,Business event,"Known business context overlaps the flag; review, do not treat as error"
store_day,2016-03-01,31,19314.76528930664,11645.574019568307,7669.191269738334,3.7192588586882165,0,0,1,0.21212121212121213,0,11645.574019568307,2062.0213760661068,1,11115.56854057312,7436.522945404053,12983.065947532654,5546.543002128601,1.4782535257703597,0,242,Rolling z-score,Unexplained anomaly,No mapped business context; investigate before drawing conclusions
store_day,2016-04-02,31,19729.107131958008,11663.733000891549,8065.374131066459,3.8748635650256267,0,0,1,0.15151515151515152,0,11663.733000891549,2081.4601587173865,1,12666.243041992188,9537.601997375488,14560.396850585938,5022.794853210449,1.4061621659605326,0,241,Rolling z-score,Unexplained anomaly,No mapped business context; investigate before drawing conclusions
store_day,2016-04-03,31,19253.382049560547,11808.329760142735,7445.052289417812,3.0088641036252466,0,0,1,0.15151515151515152,0,11808.329760142735,2474.3730633921286,1,14429.926460266113,10535.782282829285,17291.472396850586,6755.690114021301,0.7139841389828475,0,240,Rolling z-score,Unexplained anomaly,No mapped business context; investigate before drawing conclusions
store_day,2016-04-18,31,20813.401557922363,12085.974217414856,8727.427340507507,2.791032216608803,0,1,1,0.3333333333333333,1,12085.974217414856,3126.9532786374,0,10261.858993530273,7207.458003997803,11890.965995788574,4683.5079917907715,2.2529143929906343,1,241,Weekday IQR,Business event,"Known business context overlaps the flag; review, do not treat as error"
store_day,2016-07-03,31,22810.312896728516,12112.89961024693,10697.413286481586,3.2628649898055415,0,0,1,0.45454545454545453,1,12112.89961024693,3278.5338406291594,1,14429.926460266113,10535.782282829285,17291.472396850586,6755.690114021301,1.2404930207010347,0,240,Rolling z-score,Business event,"Known business context overlaps the flag; review, do not treat as error"
store_day,2016-12-20,31,21343.55174255371,13329.87797505515,8013.673767498562,2.477229028789574,0,0,1,0.45454545454545453,1,13329.87797505515,3234.934547579644,0,11115.56854057312,7436.522945404053,12983.065947532654,5546.543002128601,1.8440284692745355,1,242,Weekday IQR,Business event,"Known business context overlaps the flag; review, do not treat as error"
store_day,2016-12-21,31,21201.023147583008,13667.510178838458,7533.51296874455,2.118273955172754,1,0,1,0.5151515151515151,1,13667.510178838458,3556.4394068802876,0,8151.644584655762,5756.123454093933,10047.871283531189,4291.747829437256,3.0405743956858506,1,240,Weekday IQR,Business event,"Known business context overlaps the flag; review, do not treat as error"
store_day,2016-12-22,31,21350.976112365723,14107.012789726257,7243.963322639465,1.9566610679238199,1,0,1,0.5151515151515151,1,14107.012789726257,3702.2064993228046,0,8988.953969955444,6428.278720855713,10693.936056137085,4265.657335281372,2.8980345045917413,1,240,Weekday IQR,Business event,"Known business context overlaps the flag; review, do not treat as error"
store_day,2016-12-23,31,34909.574966430664,14545.388652665275,20364.18631376539,5.345449785235858,1,0,1,0.5454545454545454,1,14545.388652665275,3809.6300838914076,1,8990.18698501587,6329.68100643158,10757.632051467896,4427.951045036316,5.853585036914566,1,240,Rolling z-score + weekday IQR,Business event,"Known business context overlaps the flag; review, do not treat as error"
store_day,2016-12-24,31,30259.863792419434,15483.37458051954,14776.489211899894,2.8090390527813205,1,0,1,0.42424242424242425,1,15483.37458051954,5260.335984745108,0,12666.243041992188,9537.601997375488,14560.396850585938,5022.794853210449,3.5027551919986992,1,241,Weekday IQR,Business event,"Known business context overlaps the flag; review, do not treat as error"
store_day,2016-12-29,31,20060.0440826416,16527.620314053125,3532.4237685884764,0.613052504646775,0,0,1,0.48484848484848486,1,16527.620314053125,5762.024854011106,0,8988.953969955444,6428.278720855713,10693.936056137085,4265.657335281372,2.595400718458292,1,240,Weekday IQR,Business event,"Known business context overlaps the flag; review, do not treat as error"
store_day,2016-12-30,31,24805.721298217773,16885.045316968644,7920.675981249129,1.4006820016658266,0,0,1,0.5151515151515151,1,16885.045316968644,5654.870964165381,0,8990.18698501587,6329.68100643158,10757.632051467896,4427.951045036316,3.571750037961902,1,240,Weekday IQR,Business event,"Known business context overlaps the flag; review, do not treat as error"
store_day,2016-12-31,31,29792.11025238037,17201.523072923934,12590.587179456437,2.1540626212125487,1,0,1,0.5151515151515151,1,17201.523072923934,5845.042319321728,0,12666.243041992188,9537.601997375488,14560.396850585938,5022.794853210449,3.409629043368503,1,241,Weekday IQR,Business event,"Known business context overlaps the flag; review, do not treat as error"
store_day,2017-01-01,31,0.0,17776.217054639543,-17776.217054639543,-2.8377796237148485,0,0,0,0.0,0,17776.217054639543,6264.128794951756,0,14429.926460266113,10535.782282829285,17291.472396850586,6755.690114021301,-2.1359663064350873,1,240,Weekday IQR,Potential data issue,Extreme or zero value without mapped context; investigate source records
store_day,2017-01-02,31,22469.19595336914,17113.625277655465,5355.570675713676,0.7538932581888715,1,0,1,0.45454545454545453,1,17113.625277655465,7103.8845586439165,0,10261.858993530273,7207.458003997803,11890.965995788574,4683.5079917907715,2.6064516130293414,1,241,Weekday IQR,Business event,"Known business context overlaps the flag; review, do not treat as error"
store_day,2017-04-01,31,24555.492462158203,12539.244533675057,12016.247928483146,6.02800348068616,0,0,1,0.45454545454545453,1,12539.244533675057,1993.4042783789753,1,12666.243041992188,9537.601997375488,14560.396850585938,5022.794853210449,2.367058533670093,1,241,Rolling z-score + weekday IQR,Business event,"Known business context overlaps the flag; review, do not treat as error"
store_day,2017-05-01,31,19669.467880249023,12699.918652534485,6969.549227714539,3.0142376459314777,1,0,1,0.45454545454545453,1,12699.918652534485,2312.209602027171,1,10261.858993530273,7207.458003997803,11890.965995788574,4683.5079917907715,2.0086672005702475,1,241,Rolling z-score + weekday IQR,Business event,"Known business context overlaps the flag; review, do not treat as error"
store_day,2017-05-07,31,29116.46364593506,12757.58579649244,16358.877849442619,6.230930517272871,0,0,1,0.45454545454545453,1,12757.58579649244,2625.4309535460056,1,14429.926460266113,10535.782282829285,17291.472396850586,6755.690114021301,2.1739506901282115,1,240,Rolling z-score + weekday IQR,Business event,"Known business context overlaps the flag; review, do not treat as error"
store_day,2017-08-01,31,21631.13271713257,13935.4379429136,7695.694774218968,2.202663436314747,0,0,1,0.48484848484848486,1,13935.4379429136,3493.8132841096026,0,11115.56854057312,7436.522945404053,12983.065947532654,5546.543002128601,1.8958771567305766,1,242,Weekday IQR,Business event,"Known business context overlaps the flag; review, do not treat as error"
store_day,2013-01-01,32,0.0,3233.942897796631,-3233.942897796631,,1,0,0,0.0,0,,,0,3233.942897796631,2566.20174741745,3906.833504676819,1340.631757259369,-2.4122529399182118,1,242,Weekday IQR,Business event,"Known business context overlaps the flag; review, do not treat as error"
store_day,2013-02-02,32,4242.4169998168945,2264.426285352026,1977.9907144648687,4.873961539358155,0,0,0,0.0,0,2264.426285352026,405.8281335402879,1,3848.958995819092,3257.8300018310547,4546.680004119873,1288.8500022888184,0.3052783514754052,0,241,Rolling z-score,Unexplained anomaly,No mapped business context; investigate before drawing conclusions
store_day,2013-05-05,32,4188.168998718262,2557.5382145472936,1630.6307841709681,3.832929738703859,0,0,0,0.0,0,2557.5382145472936,425.42673498689834,1,4027.853002548218,3274.5872507095337,4600.6399974823,1326.052746772766,0.1208971487448047,0,240,Rolling z-score,Unexplained anomaly,No mapped business context; investigate before drawing conclusions
store_day,2013-08-03,32,4259.944000244141,2543.8884288924082,1716.0555713517324,3.3519678919867,0,0,0,0.0,0,2543.8884288924082,511.9546566821772,1,3848.958995819092,3257.8300018310547,4546.680004119873,1288.8500022888184,0.3188772965784976,0,241,Rolling z-score,Unexplained anomaly,No mapped business context; investigate before drawing conclusions
store_day,2013-11-02,32,3829.998001098633,2410.282963718687,1419.715037379946,3.5863455811451326,1,0,0,0.0,0,2410.282963718687,395.86676890368886,1,3848.958995819092,3257.8300018310547,4546.680004119873,1288.8500022888184,-0.014711560450624118,0,241,Rolling z-score,Business event,"Known business context overlaps the flag; review, do not treat as error"
store_day,2013-12-24,32,6733.40901184082,2854.411893435887,3878.997118404933,5.104643018937404,1,0,0,0.0,0,2854.411893435887,759.8958642190019,1,3233.942897796631,2566.20174741745,3906.833504676819,1340.631757259369,2.6103112171518967,1,242,Rolling z-score + weekday IQR,Business event,"Known business context overlaps the flag; review, do not treat as error"
store_day,2013-12-31,32,6281.706008911133,3086.0302510942734,3195.6757578168595,3.184251687640878,1,0,0,0.0,0,3086.0302510942734,1003.587678141248,1,3233.942897796631,2566.20174741745,3906.833504676819,1340.631757259369,2.2733782745419915,1,242,Rolling z-score + weekday IQR,Business event,"Known business context overlaps the flag; review, do not treat as error"
store_day,2014-01-01,32,0.0,3198.4258584976196,-3198.4258584976196,-2.7303733395926226,1,0,0,0.0,0,3198.4258584976196,1171.424366081318,0,2770.6295013427734,2226.8167502582073,3477.6595001220703,1250.842749863863,-2.2150102414106954,1,240,Weekday IQR,Business event,"Known business context overlaps the flag; review, do not treat as error"
store_day,2014-03-01,32,6190.111999511719,2601.439899103982,3588.6721004077367,6.129286305777142,0,0,0,0.0,0,2601.439899103982,585.4959160620779,1,3848.958995819092,3257.8300018310547,4546.680004119873,1288.8500022888184,1.8164666171665165,0,241,Rolling z-score,Unexplained anomaly,No mapped business context; investigate before drawing conclusions
store_day,2014-04-12,32,8094.118999481201,3075.9787784985133,5018.140220982688,7.512747292165354,0,0,0,0.0,0,3075.9787784985133,667.9500888065063,1,3848.958995819092,3257.8300018310547,4546.680004119873,1288.8500022888184,3.2937579983111265,1,241,Rolling z-score + weekday IQR,Potential data issue,Extreme or zero value without mapped context; investigate source records
store_day,2014-05-18,32,6720.306003570557,2478.195439713342,4242.110563857215,9.470608162084405,0,0,0,0.0,0,2478.195439713342,447.92377545937455,1,4027.853002548218,3274.5872507095337,4600.6399974823,1326.052746772766,2.030426774179987,1,240,Rolling z-score + weekday IQR,Potential data issue,Extreme or zero value without mapped context; investigate source records
store_day,2014-07-01,32,4705.665988922119,2429.8323107446945,2275.8336781774246,4.910639556747635,0,1,1,0.12121212121212122,0,2429.8323107446945,463.4495470249361,1,3233.942897796631,2566.20174741745,3906.833504676819,1340.631757259369,1.0977832526764153,0,242,Rolling z-score,Business event,"Known business context overlaps the flag; review, do not treat as error"
store_day,2014-07-06,32,4756.720001220703,2600.2297465460642,2156.490254674639,3.221266840838249,0,0,1,0.06060606060606061,0,2600.2297465460642,669.4540878561521,1,4027.853002548218,3274.5872507095337,4600.6399974823,1326.052746772766,0.5496515884804278,0,240,Rolling z-score,Unexplained anomaly,No mapped business context; investigate before drawing conclusions
store_day,2014-09-01,32,4693.3640060424805,2523.753929410662,2169.6100766318186,4.213296223457706,0,0,1,0.21212121212121213,0,2523.753929410662,514.9436359476512,1,3291.191999435425,2657.9620037078857,3926.7660064697266,1268.8040027618408,1.1051131644879029,0,241,Rolling z-score,Unexplained anomaly,No mapped business context; investigate before drawing conclusions
store_day,2014-09-03,32,8805.895000457764,2673.489680017744,6132.40532044002,8.469987970688729,0,0,1,0.09090909090909091,0,2673.489680017744,724.0158240675008,1,2770.6295013427734,2226.8167502582073,3477.6595001220703,1250.842749863863,4.824959412181784,1,240,Rolling z-score + weekday IQR,Potential data issue,Extreme or zero value without mapped context; investigate source records
store_day,2014-09-12,32,8508.544998168945,3159.253894192832,5349.291103976113,4.020883644414437,0,0,1,0.15151515151515152,0,3159.253894192832,1330.3769959638146,1,2996.210983276367,2537.553747177124,3622.4614963531494,1084.9077491760254,5.08092417911028,1,240,Rolling z-score + weekday IQR,Unexplained anomaly,No mapped business context; investigate before drawing conclusions
store_day,2014-09-27,32,9600.903007507324,3712.8282500675746,5888.07475743975,3.8083702397558636,0,0,1,0.09090909090909091,0,3712.8282500675746,1546.0877978652638,1,3848.958995819092,3257.8300018310547,4546.680004119873,1288.8500022888184,4.46284982850881,1,241,Rolling z-score + weekday IQR,Unexplained anomaly,No mapped business context; investigate before drawing conclusions
store_day,2014-12-22,32,6390.234031677246,3690.4802589416504,2699.7537727355957,3.491222292902161,1,0,1,0.18181818181818182,0,3690.4802589416504,773.2975864138865,1,3291.191999435425,2657.9620037078857,3926.7660064697266,1268.8040027618408,2.4424907436420837,1,241,Rolling z-score + weekday IQR,Business event,"Known business context overlaps the flag; review, do not treat as error"
store_day,2014-12-23,32,7184.516944885254,3813.4035091400146,3371.1134357452393,3.696108473908639,1,0,1,0.3939393939393939,1,3813.4035091400146,912.0710226830228,1,3233.942897796631,2566.20174741745,3906.833504676819,1340.631757259369,2.946800287026406,1,242,Rolling z-score + weekday IQR,Business event,"Known business context overlaps the flag; review, do not treat as error"
store_day,2014-12-24,32,9927.50806427002,3968.854935509818,5958.653128760201,5.4576214639916785,1,0,1,0.2727272727272727,1,3968.854935509818,1091.8040336938411,1,2770.6295013427734,2226.8167502582073,3477.6595001220703,1250.842749863863,5.721645317691752,1,240,Rolling z-score + weekday IQR,Business event,"Known business context overlaps the flag; review, do not treat as error"
store_day,2014-12-31,32,8907.28991317749,4269.960939884186,4637.328973293304,3.0888244485028666,1,0,1,0.18181818181818182,0,4269.960939884186,1501.3248731377362,1,2770.6295013427734,2226.8167502582073,3477.6595001220703,1250.842749863863,4.906020690852314,1,240,Rolling z-score + weekday IQR,Business event,"Known business context overlaps the flag; review, do not treat as error"
store_day,2015-01-01,32,0.0,4439.684365340641,-4439.684365340641,-2.554713600414868,1,0,0,0.0,0,4439.684365340641,1737.840345242483,0,2963.498998641968,2451.051749229431,3477.204001426697,1026.1522521972656,-2.887972025882442,1,240,Weekday IQR,Business event,"Known business context overlaps the flag; review, do not treat as error"
store_day,2015-02-01,32,4600.213001251221,2776.351428100041,1823.8615731511795,3.554089287822021,0,0,1,0.15151515151515152,0,2776.351428100041,513.1726936069349,1,4027.853002548218,3274.5872507095337,4600.6399974823,1326.052746772766,0.43162687162781704,0,240,Rolling z-score,Unexplained anomaly,No mapped business context; investigate before drawing conclusions
store_day,2015-02-06,32,7308.660999298096,2892.288249356406,4416.372749941689,7.2625498027449735,0,0,1,0.12121212121212122,0,2892.288249356406,608.1022326721209,1,2996.210983276367,2537.553747177124,3622.4614963531494,1084.9077491760254,3.97494627473809,1,240,Rolling z-score + weekday IQR,Potential data issue,Extreme or zero value without mapped context; investigate source records
store_day,2015-02-07,32,8330.522998809814,3052.51510654177,5278.007892268044,5.113526005354706,0,0,1,0.15151515151515152,0,3052.51510654177,1032.1660409551253,1,3848.958995819092,3257.8300018310547,4546.680004119873,1288.8500022888184,3.4771804283136816,1,241,Rolling z-score + weekday IQR,Unexplained anomaly,No mapped business context; investigate before drawing conclusions
store_day,2015-03-08,32,7440.833999633789,2786.1835350309098,4654.650464602879,7.9011845652557975,0,0,1,0.12121212121212122,0,2786.1835350309098,589.1079275721471,1,4027.853002548218,3274.5872507095337,4600.6399974823,1326.052746772766,2.5737897722332637,1,240,Rolling z-score + weekday IQR,Potential data issue,Extreme or zero value without mapped context; investigate source records
store_day,2015-05-30,32,5000.087005615234,3047.7413215637207,1952.3456840515137,3.903669939488221,0,0,1,0.06060606060606061,0,3047.7413215637207,500.13082927484135,1,3848.958995819092,3257.8300018310547,4546.680004119873,1288.8500022888184,0.8931435060339833,0,241,Rolling z-score,Unexplained anomaly,No mapped business context; investigate before drawing conclusions
store_day,2015-05-31,32,5519.694999694824,3098.0700360706874,2421.624963624137,3.940074475659048,0,0,1,0.12121212121212122,0,3098.0700360706874,614.6140075738231,1,4027.853002548218,3274.5872507095337,4600.6399974823,1326.052746772766,1.1250246272460307,0,240,Rolling z-score,Unexplained anomaly,No mapped business context; investigate before drawing conclusions
store_day,2015-08-01,32,6179.413009643555,3547.5385008539474,2631.8745087896073,4.386979420681035,0,0,1,0.2727272727272727,1,3547.5385008539474,599.928619765678,1,3848.958995819092,3257.8300018310547,4546.680004119873,1288.8500022888184,1.8081654262993372,0,241,Rolling z-score,Business event,"Known business context overlaps the flag; review, do not treat as error"
store_day,2015-12-17,32,5224.5609130859375,3548.2685003961838,1676.2924126897537,2.814556366744341,0,0,1,0.15151515151515152,0,3548.2685003961838,595.5796204674194,0,2963.498998641968,2451.051749229431,3477.204001426697,1026.1522521972656,2.203437072425104,1,240,Weekday IQR,Unexplained anomaly,No mapped business context; investigate before drawing conclusions
store_day,2015-12-20,32,6036.673992156982,3683.5661410604203,2353.107851096562,3.4106414986855538,0,0,1,0.09090909090909091,0,3683.5661410604203,689.9311616314525,1,4027.853002548218,3274.5872507095337,4600.6399974823,1326.052746772766,1.5148876954537907,0,240,Rolling z-score,Unexplained anomaly,No mapped business context; investigate before drawing conclusions
store_day,2015-12-23,32,6299.447078704834,3899.258249214717,2400.188829490117,2.671204418760833,1,0,1,0.15151515151515152,0,3899.258249214717,898.5418010814614,0,2770.6295013427734,2226.8167502582073,3477.6595001220703,1250.842749863863,2.8211520414905262,1,240,Weekday IQR,Business event,"Known business context overlaps the flag; review, do not treat as error"
store_day,2015-12-24,32,9802.20895767212,4029.9436808313644,5772.265276840755,5.939984327747859,1,0,1,0.12121212121212122,0,4029.9436808313644,971.7643950466962,1,2963.498998641968,2451.051749229431,3477.204001426697,1026.1522521972656,6.664420357102613,1,240,Rolling z-score + weekday IQR,Business event,"Known business context overlaps the flag; review, do not treat as error"
store_day,2015-12-31,32,9776.686004638672,4350.587537084307,5426.098467554365,3.866657369147853,1,0,1,0.06060606060606061,0,4350.587537084307,1403.3047021050604,1,2963.498998641968,2451.051749229431,3477.204001426697,1026.1522521972656,6.639547875481298,1,240,Rolling z-score + weekday IQR,Business event,"Known business context overlaps the flag; review, do not treat as error"
store_day,2016-01-01,32,0.0,4564.067608697073,-4564.067608697073,-2.6345350606492617,1,0,0,0.0,0,4564.067608697073,1732.3996468554465,0,2996.210983276367,2537.553747177124,3622.4614963531494,1084.9077491760254,-2.761719589109723,1,240,Weekday IQR,Business event,"Known business context overlaps the flag; review, do not treat as error"
store_day,2016-03-01,32,6535.408988952637,4025.7882145472936,2509.620774405343,4.020892739393526,0,0,1,0.24242424242424243,0,4025.7882145472936,624.1451680165612,1,3233.942897796631,2566.20174741745,3906.833504676819,1340.631757259369,2.4626196368084985,1,242,Rolling z-score + weekday IQR,Unexplained anomaly,No mapped business context; investigate before drawing conclusions
store_day,2016-04-01,32,5547.993003845215,3648.538286958422,1899.454716886793,4.628954355447397,0,0,1,0.12121212121212122,0,3648.538286958422,410.3420710233396,1,2996.210983276367,2537.553747177124,3622.4614963531494,1084.9077491760254,2.3520728121878527,1,240,Rolling z-score + weekday IQR,Unexplained anomaly,No mapped business context; investigate before drawing conclusions
store_day,2016-04-02,32,6228.983016967773,3699.437072822026,2529.5459441457474,4.68925587562669,0,0,1,0.15151515151515152,0,3699.437072822026,539.434403077373,1,3848.958995819092,3257.8300018310547,4546.680004119873,1288.8500022888184,1.8466260751228536,0,241,Rolling z-score,Unexplained anomaly,No mapped business context; investigate before drawing conclusions
store_day,2016-04-17,32,7210.121002197266,3730.8503225190298,3479.270679678236,4.486055408931015,0,1,1,0.3939393939393939,1,3730.8503225190298,775.5746112166978,1,4027.853002548218,3274.5872507095337,4600.6399974823,1326.052746772766,2.399804990709291,1,240,Rolling z-score + weekday IQR,Business event,"Known business context overlaps the flag; review, do not treat as error"
store_day,2016-04-18,32,7527.9890060424805,3852.5733586038864,3675.415647438594,3.6139426735352207,0,1,1,0.30303030303030304,1,3852.5733586038864,1017.0099471564776,1,3291.191999435425,2657.9620037078857,3926.7660064697266,1268.8040027618408,3.339205265261382,1,241,Rolling z-score + weekday IQR,Business event,"Known business context overlaps the flag; review, do not treat as error"
store_day,2016-04-19,32,6539.0389976501465,3986.9389303071157,2552.100067343031,2.0730094373127477,0,1,1,0.3333333333333333,1,3986.9389303071157,1231.1087549371366,0,3233.942897796631,2566.20174741745,3906.833504676819,1340.631757259369,2.4653273219560816,1,242,Weekday IQR,Business event,"Known business context overlaps the flag; review, do not treat as error"
store_day,2016-04-20,32,6084.976993560791,4087.987822873252,1996.9891706875392,1.5124268562856154,0,1,1,0.2727272727272727,1,4087.987822873252,1320.3872718790285,0,2770.6295013427734,2226.8167502582073,3477.6595001220703,1250.842749863863,2.6496915720051453,1,240,Weekday IQR,Business event,"Known business context overlaps the flag; review, do not treat as error"
store_day,2016-04-21,32,5448.498992919922,4177.047037192753,1271.4519557271688,0.9288435723413183,0,1,1,0.2727272727272727,1,4177.047037192753,1368.8547712315476,0,2963.498998641968,2451.051749229431,3477.204001426697,1026.1522521972656,2.4216679239916945,1,240,Weekday IQR,Business event,"Known business context overlaps the flag; review, do not treat as error"
store_day,2016-04-22,32,5798.375999450684,4236.168465818678,1562.2075336320058,1.1260919497376167,0,1,1,0.30303030303030304,1,4236.168465818678,1387.2823919893979,0,2996.210983276367,2537.553747177124,3622.4614963531494,1084.9077491760254,2.5828601724916496,1,240,Weekday IQR,Business event,"Known business context overlaps the flag; review, do not treat as error"
store_day,2016-05-31,32,6095.912986755371,3973.283036708832,2122.6299500465393,3.388793253276932,0,0,1,0.42424242424242425,1,3973.283036708832,626.3674976317825,1,3233.942897796631,2566.20174741745,3906.833504676819,1340.631757259369,2.1347921033956543,1,242,Rolling z-score + weekday IQR,Business event,"Known business context overlaps the flag; review, do not treat as error"
store_day,2016-07-02,32,5606.594985961914,3673.081536769867,1933.5134491920471,3.16425227670852,0,0,1,0.36363636363636365,1,3673.081536769867,611.049082092564,1,3848.958995819092,3257.8300018310547,4546.680004119873,1288.8500022888184,1.36372424023083,0,241,Rolling z-score,Business event,"Known business context overlaps the flag; review, do not treat as error"
store_day,2016-07-03,32,7135.252006530762,3709.0351792063034,3426.2168273244583,4.952088466608154,0,0,1,0.3333333333333333,1,3709.0351792063034,691.8731057466721,1,4027.853002548218,3274.5872507095337,4600.6399974823,1326.052746772766,2.343344947284387,1,240,Rolling z-score + weekday IQR,Business event,"Known business context overlaps the flag; review, do not treat as error"
store_day,2016-09-04,32,6172.697998046875,4026.98378440312,2145.714213643755,3.4222058388816756,0,0,1,0.3939393939393939,1,4026.98378440312,626.9974147273799,1,4027.853002548218,3274.5872507095337,4600.6399974823,1326.052746772766,1.6174658215659956,0,240,Rolling z-score,Business event,"Known business context overlaps the flag; review, do not treat as error"
store_day,2016-11-20,32,5656.429004669189,3910.1591779163905,1746.269826752799,3.018593089403266,0,0,1,0.36363636363636365,1,3910.1591779163905,578.5045466654839,1,4027.853002548218,3274.5872507095337,4600.6399974823,1326.052746772766,1.2281381763164858,0,240,Rolling z-score,Business event,"Known business context overlaps the flag; review, do not treat as error"
store_day,2016-12-01,32,5726.695007324219,4147.066928318569,1579.6280790056499,2.8058316548324735,0,0,1,0.3333333333333333,1,4147.066928318569,562.9803471227727,0,2963.498998641968,2451.051749229431,3477.204001426697,1026.1522521972656,2.692773906372579,1,240,Weekday IQR,Business event,"Known business context overlaps the flag; review, do not treat as error"
store_day,2016-12-03,32,6748.656993865967,4255.691500527518,2492.965493338449,3.8925231433370393,0,0,1,0.36363636363636365,1,4255.691500527518,640.4497549631119,1,3848.958995819092,3257.8300018310547,4546.680004119873,1288.8500022888184,2.2498335670538965,1,241,Rolling z-score + weekday IQR,Business event,"Known business context overlaps the flag; review, do not treat as error"
store_day,2016-12-05,32,6644.777004241943,4414.471607957567,2230.305396284376,2.558325935329283,0,0,1,0.36363636363636365,1,4414.471607957567,871.7831318851531,0,3291.191999435425,2657.9620037078857,3926.7660064697266,1268.8040027618408,2.6431072076590847,1,241,Weekday IQR,Business event,"Known business context overlaps the flag; review, do not treat as error"
store_day,2016-12-21,32,6397.009002685547,4714.121753692627,1682.88724899292,1.7106289613670482,1,0,1,0.3939393939393939,1,4714.121753692627,983.7827413187495,0,2770.6295013427734,2226.8167502582073,3477.6595001220703,1250.842749863863,2.899148995137442,1,240,Weekday IQR,Business event,"Known business context overlaps the flag; review, do not treat as error"
store_day,2016-12-22,32,6956.409004211426,4794.736396653311,2161.6726075581146,2.1058039570246563,1,0,1,0.3939393939393939,1,4794.736396653311,1026.5307937840503,0,2963.498998641968,2451.051749229431,3477.204001426697,1026.1522521972656,3.8911477288283223,1,240,Weekday IQR,Business event,"Known business context overlaps the flag; review, do not treat as error"
store_day,2016-12-23,32,6524.4739990234375,4918.0996823992045,1606.374316624233,1.4984869941230157,1,0,1,0.45454545454545453,1,4918.0996823992045,1071.9975034313582,0,2996.210983276367,2537.553747177124,3622.4614963531494,1084.9077491760254,3.2521318226611844,1,240,Weekday IQR,Business event,"Known business context overlaps the flag; review, do not treat as error"
store_day,2016-12-24,32,9975.116996765137,5021.468646458217,4953.648350306919,4.575288814224103,1,0,1,0.3939393939393939,1,5021.468646458217,1082.6963174229647,1,3848.958995819092,3257.8300018310547,4546.680004119873,1288.8500022888184,4.753197028410475,1,241,Rolling z-score + weekday IQR,Business event,"Known business context overlaps the flag; review, do not treat as error"
store_day,2016-12-30,32,6076.781993865967,5165.202789579119,911.5792042868479,0.625786134448386,0,0,1,0.36363636363636365,1,5165.202789579119,1456.6944745274373,0,2996.210983276367,2537.553747177124,3622.4614963531494,1084.9077491760254,2.8394773776196702,1,240,Weekday IQR,Business event,"Known business context overlaps the flag; review, do not treat as error"
store_day,2016-12-31,32,10167.915016174316,5177.705896241324,4990.2091199329925,3.4105221936438674,1,0,1,0.3333333333333333,1,5177.705896241324,1463.1803684588715,1,3848.958995819092,3257.8300018310547,4546.680004119873,1288.8500022888184,4.902786211842835,1,241,Rolling z-score + weekday IQR,Business event,"Known business context overlaps the flag; review, do not treat as error"
store_day,2017-01-01,32,0.0,5360.977682386126,-5360.977682386126,-3.0810079587008374,0,0,0,0.0,0,5360.977682386126,1740.0077358601432,1,4027.853002548218,3274.5872507095337,4600.6399974823,1326.052746772766,-3.037475705510857,1,240,Rolling z-score + weekday IQR,Potential data issue,Extreme or zero value without mapped context; investigate source records
store_day,2017-01-05,32,5115.680995941162,4954.9983260290965,160.68266991206565,0.08105533838098819,0,0,1,0.36363636363636365,1,4954.9983260290965,1982.3823220230283,0,2963.498998641968,2451.051749229431,3477.204001426697,1026.1522521972656,2.0973320408261045,1,240,Weekday IQR,Business event,"Known business context overlaps the flag; review, do not treat as error"
store_day,2017-03-02,32,5912.299999237061,4088.879286493574,1823.4207127434865,2.1209538097206364,0,0,1,0.42424242424242425,1,4088.879286493574,859.7173141567191,0,2963.498998641968,2451.051749229431,3477.204001426697,1026.1522521972656,2.8736486172309457,1,240,Weekday IQR,Business event,"Known business context overlaps the flag; review, do not treat as error"
store_day,2017-03-04,32,7254.3750076293945,4138.183501243591,3116.191506385803,3.3731038532132693,0,0,1,0.3939393939393939,1,4138.183501243591,923.8350320632056,1,3848.958995819092,3257.8300018310547,4546.680004119873,1288.8500022888184,2.6422128298582126,1,241,Rolling z-score + weekday IQR,Business event,"Known business context overlaps the flag; review, do not treat as error"
store_day,2017-03-07,32,6551.346004486084,4155.337108543941,2396.0088959421428,2.285866321409982,0,0,1,0.3939393939393939,1,4155.337108543941,1048.1841713579392,0,3233.942897796631,2566.20174741745,3906.833504676819,1340.631757259369,2.4745073274044804,1,242,Weekday IQR,Business event,"Known business context overlaps the flag; review, do not treat as error"
store_day,2017-03-08,32,8954.244998931885,4208.655787399837,4745.589211532048,4.1975656493941775,0,0,1,0.36363636363636365,1,4208.655787399837,1130.5574725715046,1,2770.6295013427734,2226.8167502582073,3477.6595001220703,1250.842749863863,4.943559450827942,1,240,Rolling z-score + weekday IQR,Business event,"Known business context overlaps the flag; review, do not treat as error"
store_day,2017-03-13,32,6671.287994384766,4522.671501500266,2148.6164928845,1.5427634588029744,0,0,1,0.3333333333333333,1,4522.671501500266,1392.7063676706507,0,3291.191999435425,2657.9620037078857,3926.7660064697266,1268.8040027618408,2.6640016800008453,1,241,Weekday IQR,Business event,"Known business context overlaps the flag; review, do not treat as error"
store_day,2017-03-14,32,6285.111000061035,4623.375394003732,1661.735606057303,1.1512609723869422,0,0,1,0.3333333333333333,1,4623.375394003732,1443.4047934518087,0,3233.942897796631,2566.20174741745,3906.833504676819,1340.631757259369,2.2759181152786176,1,242,Weekday IQR,Business event,"Known business context overlaps the flag; review, do not treat as error"
store_day,2017-03-23,32,16794.209007263184,4862.184465203966,11932.024542059218,8.904515819689646,0,0,1,0.3939393939393939,1,4862.184465203966,1339.9970064262395,1,2963.498998641968,2451.051749229431,3477.204001426697,1026.1522521972656,13.478224092970587,1,240,Rolling z-score + weekday IQR,Business event,"Known business context overlaps the flag; review, do not treat as error"
store_day,2017-03-25,32,7982.9559898376465,5319.645823001862,2663.310166835785,1.0192869724314562,0,0,1,0.42424242424242425,1,5319.645823001862,2612.9149482628986,0,3848.958995819092,3257.8300018310547,4546.680004119873,1288.8500022888184,3.2075082334462124,1,241,Weekday IQR,Business event,"Known business context overlaps the flag; review, do not treat as error"
store_day,2017-03-28,32,8165.495006561279,5376.894822052547,2788.600184508732,1.047625546330664,0,0,1,0.3333333333333333,1,5376.894822052547,2661.829118501241,0,3233.942897796631,2566.20174741745,3906.833504676819,1340.631757259369,3.6785284863355305,1,242,Weekday IQR,Business event,"Known business context overlaps the flag; review, do not treat as error"
store_day,2017-03-31,32,8361.71499633789,5469.655179909298,2892.059816428593,1.0675072710761293,0,0,1,0.36363636363636365,1,5469.655179909298,2709.171070575636,0,2996.210983276367,2537.553747177124,3622.4614963531494,1084.9077491760254,4.945585481472098,1,240,Weekday IQR,Business event,"Known business context overlaps the flag; review, do not treat as error"
store_day,2017-04-01,32,7476.546989440918,5616.641679559435,1859.905309881483,0.6759256675506534,0,0,1,0.36363636363636365,1,5616.641679559435,2751.641784253004,0,3848.958995819092,3257.8300018310547,4546.680004119873,1288.8500022888184,2.8145928441476777,1,241,Weekday IQR,Business event,"Known business context overlaps the flag; review, do not treat as error"
store_day,2017-04-03,32,6794.057998657227,5677.887000152043,1116.170998505184,0.4074303451132757,0,0,1,0.3333333333333333,1,5677.887000152043,2739.53821037768,0,3291.191999435425,2657.9620037078857,3926.7660064697266,1268.8040027618408,2.7607620969015043,1,241,Weekday IQR,Business event,"Known business context overlaps the flag; review, do not treat as error"
store_day,2017-04-04,32,7564.812999725342,5760.4151074545725,1804.3978922707693,0.6592557494498114,0,0,1,0.3333333333333333,1,5760.4151074545725,2737.022610385496,0,3233.942897796631,2566.20174741745,3906.833504676819,1340.631757259369,3.2304695741224543,1,242,Weekday IQR,Business event,"Known business context overlaps the flag; review, do not treat as error"
store_day,2017-04-06,32,7883.900989532471,5652.030786105564,2231.8702034269063,0.8302845473078861,0,0,1,0.3333333333333333,1,5652.030786105564,2688.078696229528,0,2963.498998641968,2451.051749229431,3477.204001426697,1026.1522521972656,4.795001892121379,1,240,Weekday IQR,Business event,"Known business context overlaps the flag; review, do not treat as error"
store_day,2017-04-08,32,10584.376007080078,5830.403891972133,4753.972115107945,1.77605943083576,0,0,1,0.2727272727272727,1,5830.403891972133,2676.696529727538,0,3848.958995819092,3257.8300018310547,4546.680004119873,1288.8500022888184,5.225912246809033,1,241,Weekday IQR,Business event,"Known business context overlaps the flag; review, do not treat as error"
store_day,2017-04-11,32,23975.160984039307,5899.69114276341,18075.469841275895,6.351763067452707,0,0,1,0.36363636363636365,1,5899.69114276341,2845.7405682993826,1,3233.942897796631,2566.20174741745,3906.833504676819,1340.631757259369,15.471226885333227,1,242,Rolling z-score + weekday IQR,Business event,"Known business context overlaps the flag; review, do not treat as error"
store_day,2017-04-12,32,25127.47099685669,6531.478642191206,18595.992354665483,4.1812892439053035,0,0,1,0.36363636363636365,1,6531.478642191206,4447.430270883848,1,2770.6295013427734,2226.8167502582073,3477.6595001220703,1250.842749863863,17.873422936613856,1,240,Rolling z-score + weekday IQR,Business event,"Known business context overlaps the flag; review, do not treat as error"
store_day,2017-05-03,32,15186.360996246338,6016.363141809191,9169.997854437148,1.6818702396468375,0,0,1,0.42424242424242425,1,6016.363141809191,5452.262391159667,0,2770.6295013427734,2226.8167502582073,3477.6595001220703,1250.842749863863,9.925893159835516,1,240,Weekday IQR,Business event,"Known business context overlaps the flag; review, do not treat as error"
store_day,2017-05-04,32,12826.941005706787,6383.518284320831,6443.422721385956,1.1275463381242226,0,0,1,0.3939393939393939,1,6383.518284320831,5714.552478708046,0,2963.498998641968,2451.051749229431,3477.204001426697,1026.1522521972656,9.612064862640567,1,240,Weekday IQR,Business event,"Known business context overlaps the flag; review, do not treat as error"
store_day,2017-05-11,32,6470.126991271973,5004.913214342935,1465.2137769290375,0.5509816611681145,0,0,1,0.42424242424242425,1,5004.913214342935,2659.2786660497836,0,2963.498998641968,2451.051749229431,3477.204001426697,1026.1522521972656,3.4172589741155655,1,240,Weekday IQR,Business event,"Known business context overlaps the flag; review, do not treat as error"
store_day,2017-05-15,32,8038.039005279541,5233.720321587154,2804.318683692387,1.0663372261133313,0,0,1,0.42424242424242425,1,5233.720321587154,2629.860999895676,0,3291.191999435425,2657.9620037078857,3926.7660064697266,1268.8040027618408,3.74119800655698,1,241,Weekday IQR,Business event,"Known business context overlaps the flag; review, do not treat as error"
store_day,2017-05-18,32,5629.283996582031,5438.231107507433,191.05288907459817,0.07256921302947798,0,0,1,0.3333333333333333,1,5438.231107507433,2632.698924225505,0,2963.498998641968,2451.051749229431,3477.204001426697,1026.1522521972656,2.5978454875793595,1,240,Weekday IQR,Business event,"Known business context overlaps the flag; review, do not treat as error"
store_day,2017-05-19,32,5291.464004516602,5488.980214323316,-197.51620980671487,-0.07533652964282068,0,0,1,0.3939393939393939,1,5488.980214323316,2621.785350920229,0,2996.210983276367,2537.553747177124,3622.4614963531494,1084.9077491760254,2.1156204506636183,1,240,Weekday IQR,Business event,"Known business context overlaps the flag; review, do not treat as error"
store_day,2017-05-20,32,7435.203994750977,5497.8479999133515,1937.355994837625,0.7392679100754316,0,0,1,0.42424242424242425,1,5497.8479999133515,2620.641270145144,0,3848.958995819092,3257.8300018310547,4546.680004119873,1288.8500022888184,2.7825154149538056,1,241,Weekday IQR,Business event,"Known business context overlaps the flag; review, do not treat as error"
store_day,2017-05-26,32,5536.422004699707,5578.7724650246755,-42.35046032496848,-0.015878056713055755,1,0,1,0.36363636363636365,1,5578.7724650246755,2667.231959824514,0,2996.210983276367,2537.553747177124,3622.4614963531494,1084.9077491760254,2.341407390031641,1,240,Weekday IQR,Business event,"Known business context overlaps the flag; review, do not treat as error"
store_day,2017-05-27,32,8854.170997619629,5653.899607794626,3200.271389825003,1.2150001744924126,0,0,1,0.42424242424242425,1,5653.899607794626,2633.9678438004935,0,3848.958995819092,3257.8300018310547,4546.680004119873,1288.8500022888184,3.883471306134908,1,241,Weekday IQR,Business event,"Known business context overlaps the flag; review, do not treat as error"
store_day,2017-07-06,32,10458.704990386963,4039.8577147892543,6418.847275597709,6.829978776134325,0,0,1,0.3939393939393939,1,4039.8577147892543,939.8048641127241,1,2963.498998641968,2451.051749229431,3477.204001426697,1026.1522521972656,7.304185100890984,1,240,Rolling z-score + weekday IQR,Business event,"Known business context overlaps the flag; review, do not treat as error"
store_day,2017-07-08,32,10458.573997497559,4288.330000059946,6170.243997437613,4.040018094855531,0,0,1,0.42424242424242425,1,4288.330000059946,1527.281277599886,1,3848.958995819092,3257.8300018310547,4546.680004119873,1288.8500022888184,5.128304294480126,1,241,Rolling z-score + weekday IQR,Business event,"Known business context overlaps the flag; review, do not treat as error"
store_day,2017-07-09,32,6970.516008377075,4432.9617855889455,2537.5542227881297,1.3459563928720284,0,0,1,0.42424242424242425,1,4432.9617855889455,1885.3168172658598,0,4027.853002548218,3274.5872507095337,4600.6399974823,1326.052746772766,2.2191145963012855,1,240,Weekday IQR,Business event,"Known business context overlaps the flag; review, do not treat as error"
store_day,2017-07-11,32,10994.12300491333,4487.746000221798,6506.377004691532,3.3650788008927606,0,0,1,0.3333333333333333,1,4487.746000221798,1933.4991510348527,1,3233.942897796631,2566.20174741745,3906.833504676819,1340.631757259369,5.788450157991711,1,242,Rolling z-score + weekday IQR,Business event,"Known business context overlaps the flag; review, do not treat as error"
store_day,2017-07-27,32,5094.712993621826,4887.717143944332,206.99584967749433,0.0928565045852815,0,0,1,0.3939393939393939,1,4887.717143944332,2229.201396304819,0,2963.498998641968,2451.051749229431,3477.204001426697,1026.1522521972656,2.076898423617315,1,240,Weekday IQR,Business event,"Known business context overlaps the flag; review, do not treat as error"
store_day,2017-07-29,32,7712.361000061035,4953.165251118796,2759.1957489422393,1.247494277545136,0,0,1,0.42424242424242425,1,4953.165251118796,2211.7903052604647,0,3848.958995819092,3257.8300018310547,4546.680004119873,1288.8500022888184,2.9975575104791705,1,241,Weekday IQR,Business event,"Known business context overlaps the flag; review, do not treat as error"
store_day,2017-08-01,32,7240.670997619629,5041.824322223663,2198.8466753959656,0.9692143234281252,0,0,1,0.36363636363636365,1,5041.824322223663,2268.689826640833,0,3233.942897796631,2566.20174741745,3906.833504676819,1340.631757259369,2.9886865488058296,1,242,Weekday IQR,Business event,"Known business context overlaps the flag; review, do not treat as error"
store_day,2017-08-02,32,6825.165992736816,5162.151787008558,1663.0142057282583,0.7250892149936897,0,0,1,0.3333333333333333,1,5162.151787008558,2293.5304667891537,0,2770.6295013427734,2226.8167502582073,3477.6595001220703,1250.842749863863,3.2414438120501745,1,240,Weekday IQR,Business event,"Known business context overlaps the flag; review, do not treat as error"
store_day,2017-08-15,32,6504.9119873046875,4787.167930058071,1717.7440572466166,1.4582397626568424,0,0,1,0.3333333333333333,1,4787.167930058071,1177.9572202289767,0,3233.942897796631,2566.20174741745,3906.833504676819,1340.631757259369,2.439871405250644,1,242,Weekday IQR,Business event,"Known business context overlaps the flag; review, do not treat as error"
store_day,2013-01-01,33,0.0,8954.181972503662,-8954.181972503662,,1,0,0,0.0,0,,,0,8954.181972503662,6389.526992797852,10288.763736724854,3899.236743927002,-2.296393515076933,1,242,Weekday IQR,Business event,"Known business context overlaps the flag; review, do not treat as error"
store_day,2013-05-05,33,9333.251996994019,5461.650392532349,3871.60160446167,3.978488582689619,0,0,0,0.0,0,5461.650392532349,973.1337727867277,1,10821.753524780273,8514.655015945435,12634.201482772827,4119.546466827393,-0.3613265537292512,0,240,Rolling z-score,Unexplained anomaly,No mapped business context; investigate before drawing conclusions
store_day,2013-10-20,33,9005.957977294922,5636.279393468584,3369.6785838263377,3.1665103464976196,0,0,0,0.0,0,5636.279393468584,1064.1615580234677,1,10821.753524780273,8514.655015945435,12634.201482772827,4119.546466827393,-0.4407755955921428,0,240,Rolling z-score,Unexplained anomaly,No mapped business context; investigate before drawing conclusions
store_day,2013-12-17,33,11362.545013427734,6315.1493562970845,5047.39565713065,3.095394429500041,0,0,0,0.0,0,6315.1493562970845,1630.6146993828797,1,8954.181972503662,6389.526992797852,10288.763736724854,3899.236743927002,0.6176498630597536,0,242,Rolling z-score,Unexplained anomaly,No mapped business context; investigate before drawing conclusions
store_day,2014-01-01,33,0.0,7841.524323872158,-7841.524323872158,-3.401620775324974,1,0,0,0.0,0,7841.524323872158,2305.2317826707235,1,7060.231502532959,5393.834747314453,8092.866006851196,2699.031259536743,-2.6158391006352275,1,240,Rolling z-score + weekday IQR,Business event,"Known business context overlaps the flag; review, do not treat as error"
store_day,2014-03-01,33,17506.328002929688,6757.093243360519,10749.234759569168,6.080028097039965,0,0,0,0.0,0,6757.093243360519,1767.9580732204815,1,9927.852951049805,8314.078002929688,11545.219985961914,3231.1419830322266,2.3454478607492057,1,241,Rolling z-score + weekday IQR,Potential data issue,Extreme or zero value without mapped context; investigate source records
store_day,2014-05-04,33,9569.165008544922,6153.396629265377,3415.768379279545,3.2572800273950664,0,0,0,0.0,0,6153.396629265377,1048.656655415416,1,10821.753524780273,8514.655015945435,12634.201482772827,4119.546466827393,-0.30405981005962873,0,240,Rolling z-score,Unexplained anomaly,No mapped business context; investigate before drawing conclusions
store_day,2014-06-01,33,12162.77099609375,6560.50165278571,5602.26934330804,3.082601249005987,0,0,1,0.09090909090909091,0,6560.50165278571,1817.3837258758472,1,10821.753524780273,8514.655015945435,12634.201482772827,4119.546466827393,0.3255255116338671,0,240,Rolling z-score,Unexplained anomaly,No mapped business context; investigate before drawing conclusions
store_day,2014-07-01,33,13975.14892578125,6642.314679827009,7332.834245954241,4.194157398942207,0,1,1,0.15151515151515152,0,6642.314679827009,1748.3450305903227,1,8954.181972503662,6389.526992797852,10288.763736724854,3899.236743927002,1.287679431390685,0,242,Rolling z-score,Business event,"Known business context overlaps the flag; review, do not treat as error"
store_day,2014-09-01,33,13403.008934020996,7038.957001822336,6364.05193219866,3.7089921914725634,0,0,1,0.21212121212121213,0,7038.957001822336,1715.8439823169244,1,8803.584976196289,6845.603988647461,10028.087966918945,3182.4839782714844,1.4452308288831703,0,241,Rolling z-score,Unexplained anomaly,No mapped business context; investigate before drawing conclusions
store_day,2014-09-02,33,13988.049072265625,7210.989356313433,6777.059715952192,3.2587976223254587,0,0,1,0.24242424242424243,0,7210.989356313433,2079.6196945535153,1,8954.181972503662,6389.526992797852,10288.763736724854,3899.236743927002,1.2909878087300366,0,242,Rolling z-score,Unexplained anomaly,No mapped business context; investigate before drawing conclusions
store_day,2014-11-01,33,15667.64599609375,9416.549995149884,6251.096000943866,3.161388937821809,0,0,1,0.21212121212121213,0,9416.549995149884,1977.3258285805412,1,9927.852951049805,8314.078002929688,11545.219985961914,3231.1419830322266,1.7763976560564216,0,241,Rolling z-score,Unexplained anomaly,No mapped business context; investigate before drawing conclusions
store_day,2014-12-22,33,16900.172119140625,10863.868602207729,6036.303516932896,2.1591256971163535,1,0,1,0.30303030303030304,1,10863.868602207729,2795.7165833349836,0,8803.584976196289,6845.603988647461,10028.087966918945,3182.4839782714844,2.5441093178234535,1,241,Weekday IQR,Business event,"Known business context overlaps the flag; review, do not treat as error"
store_day,2014-12-23,33,20182.689041137695,11142.32232093811,9040.366720199585,3.018429700347023,1,0,1,0.36363636363636365,1,11142.32232093811,2995.056243701893,1,8954.181972503662,6389.526992797852,10288.763736724854,3899.236743927002,2.879667946841712,1,242,Rolling z-score + weekday IQR,Business event,"Known business context overlaps the flag; review, do not treat as error"
store_day,2014-12-24,33,20183.192337036133,11526.899463108608,8656.292873927525,2.5270869150563904,1,0,1,0.2727272727272727,1,11526.899463108608,3425.4037019278244,0,7060.231502532959,5393.834747314453,8092.866006851196,2699.031259536743,4.862100351055428,1,240,Weekday IQR,Business event,"Known business context overlaps the flag; review, do not treat as error"
store_day,2014-12-26,33,12198.193954467773,11985.36576298305,212.828191484723,0.057619516770012445,1,0,1,0.30303030303030304,1,11985.36576298305,3693.682339166848,0,6557.2080078125,4819.005747795105,7760.726016044617,2941.7202682495117,1.91758067806086,1,240,Weekday IQR,Business event,"Known business context overlaps the flag; review, do not treat as error"
store_day,2014-12-30,33,17316.06900024414,12111.511664322445,5204.557335921696,1.5129562484494954,0,0,1,0.30303030303030304,1,12111.511664322445,3439.991963584816,0,8954.181972503662,6389.526992797852,10288.763736724854,3899.236743927002,2.1444932885298598,1,242,Weekday IQR,Business event,"Known business context overlaps the flag; review, do not treat as error"
store_day,2014-12-31,33,18925.241897583008,12276.48320545469,6648.758692128318,1.8586845464203974,1,0,1,0.30303030303030304,1,12276.48320545469,3577.1313130746294,0,7060.231502532959,5393.834747314453,8092.866006851196,2699.031259536743,4.3960255566238,1,240,Weekday IQR,Business event,"Known business context overlaps the flag; review, do not treat as error"
store_day,2015-01-01,33,0.0,12480.835422992706,-12480.835422992706,-3.293795763987491,1,0,0,0.0,0,12480.835422992706,3789.1952984611667,1,6915.498504638672,5534.209890365601,7906.667263031006,2372.4573726654053,-2.9149094876546746,1,240,Rolling z-score + weekday IQR,Business event,"Known business context overlaps the flag; review, do not treat as error"
store_day,2015-05-02,33,10342.275009155273,6741.219965594156,3601.0550435611176,3.0907826532865394,0,0,1,0.15151515151515152,0,6741.219965594156,1165.0948796842727,1,9927.852951049805,8314.078002929688,11545.219985961914,3231.1419830322266,0.12825869623858477,0,241,Rolling z-score,Unexplained anomaly,No mapped business context; investigate before drawing conclusions
store_day,2015-05-03,33,11117.355987548828,6815.574323177338,4301.7816643714905,3.2550781123944597,0,0,1,0.15151515151515152,0,6815.574323177338,1321.5601948203534,1,10821.753524780273,8514.655015945435,12634.201482772827,4119.546466827393,0.07175606954524985,0,240,Rolling z-score,Unexplained anomaly,No mapped business context; investigate before drawing conclusions
store_day,2015-05-30,33,13054.920013427734,7481.594146456037,5573.325866971697,3.067729304530492,0,0,1,0.18181818181818182,0,7481.594146456037,1816.7593401219865,1,9927.852951049805,8314.078002929688,11545.219985961914,3231.1419830322266,0.9677900503286987,0,241,Rolling z-score,Unexplained anomaly,No mapped business context; investigate before drawing conclusions
store_day,2015-05-31,33,15626.799011230469,7578.474325180054,8048.324686050415,3.9563808058826666,0,0,1,0.15151515151515152,0,7578.474325180054,2034.2644151148231,1,10821.753524780273,8514.655015945435,12634.201482772827,4119.546466827393,1.16640157481965,0,240,Rolling z-score,Unexplained anomaly,No mapped business context; investigate before drawing conclusions
store_day,2015-10-01,33,11609.579963684082,10212.812419073922,1396.7675446101603,0.7009647700584634,0,0,1,0.21212121212121213,0,10212.812419073922,1992.6358702644413,0,6915.498504638672,5534.209890365601,7906.667263031006,2372.4573726654053,1.978573572334288,1,240,Weekday IQR,Unexplained anomaly,No mapped business context; investigate before drawing conclusions
store_day,2015-12-16,33,14901.242080688477,9442.706223760333,5458.535856928143,2.572798513304595,0,0,1,0.21212121212121213,0,9442.706223760333,2121.633633065577,0,7060.231502532959,5393.834747314453,8092.866006851196,2699.031259536743,2.9051203280622007,1,240,Weekday IQR,Unexplained anomaly,No mapped business context; investigate before drawing conclusions
store_day,2015-12-19,33,16594.419006347656,9941.80954865047,6652.609457697186,2.9554201390198336,0,0,1,0.18181818181818182,0,9941.80954865047,2250.9860340545447,0,9927.852951049805,8314.078002929688,11545.219985961914,3231.1419830322266,2.0632228760933904,1,241,Weekday IQR,Unexplained anomaly,No mapped business context; investigate before drawing conclusions
store_day,2015-12-22,33,16199.559219360352,10415.994972637722,5783.56424672263,2.1090425891369766,1,0,1,0.06060606060606061,0,10415.994972637722,2742.270012237768,0,8954.181972503662,6389.526992797852,10288.763736724854,3899.236743927002,1.8581526905595684,1,242,Weekday IQR,Business event,"Known business context overlaps the flag; review, do not treat as error"
store_day,2015-12-23,33,15612.552841186523,10694.483264786857,4918.069576399666,1.6840881347443506,1,0,1,0.12121212121212122,0,10694.483264786857,2920.3160303402074,0,7060.231502532959,5393.834747314453,8092.866006851196,2699.031259536743,3.1686633151931223,1,240,Weekday IQR,Business event,"Known business context overlaps the flag; review, do not treat as error"
store_day,2015-12-24,33,22169.688720703125,11015.2507950919,11154.437925611224,3.780440008750498,1,0,1,0.15151515151515152,0,11015.2507950919,2950.566045167309,1,6915.498504638672,5534.209890365601,7906.667263031006,2372.4573726654053,6.429700441330457,1,240,Rolling z-score + weekday IQR,Business event,"Known business context overlaps the flag; review, do not treat as error"
store_day,2015-12-30,33,13952.352325439453,11889.435600961957,2062.9167244774962,0.6304903493101602,0,0,1,0.15151515151515152,0,11889.435600961957,3271.924347033384,0,7060.231502532959,5393.834747314453,8092.866006851196,2699.031259536743,2.5535535383496986,1,240,Weekday IQR,Unexplained anomaly,No mapped business context; investigate before drawing conclusions
store_day,2015-12-31,33,19359.112091064453,11934.024508748736,7425.087582315717,2.255576356756694,1,0,1,0.12121212121212122,0,11934.024508748736,3291.880392376648,0,6915.498504638672,5534.209890365601,7906.667263031006,2372.4573726654053,5.245031472344494,1,240,Weekday IQR,Business event,"Known business context overlaps the flag; review, do not treat as error"
store_day,2016-01-01,33,0.0,12252.427369935172,-12252.427369935172,-3.439330560695756,1,0,0,0.0,0,12252.427369935172,3562.4454101488227,1,6557.2080078125,4819.005747795105,7760.726016044617,2941.7202682495117,-2.229038593025164,1,240,Rolling z-score + weekday IQR,Business event,"Known business context overlaps the flag; review, do not treat as error"
store_day,2016-01-29,33,12502.84602355957,9647.439658437457,2855.406365122113,0.9487304165415381,0,0,1,0.15151515151515152,0,9647.439658437457,3009.713102201457,0,6557.2080078125,4819.005747795105,7760.726016044617,2941.7202682495117,2.0211432337463746,1,240,Weekday IQR,Unexplained anomaly,No mapped business context; investigate before drawing conclusions
store_day,2016-03-01,33,15167.21694946289,8981.685885974339,6185.531063488552,3.878986927161919,0,0,1,0.15151515151515152,0,8981.685885974339,1594.6253956607757,1,8954.181972503662,6389.526992797852,10288.763736724854,3899.236743927002,1.593397730116267,0,242,Rolling z-score,Unexplained anomaly,No mapped business context; investigate before drawing conclusions
store_day,2016-04-02,33,13940.144027709961,9093.567138263157,4846.576889446804,3.4455447323905366,0,0,1,0.15151515151515152,0,9093.567138263157,1406.621380905487,1,9927.852951049805,8314.078002929688,11545.219985961914,3231.1419830322266,1.2417563504575153,0,241,Rolling z-score,Unexplained anomaly,No mapped business context; investigate before drawing conclusions
store_day,2016-07-02,33,14880.007934570312,8766.058828217643,6113.949106352669,3.1044625104562855,0,0,1,0.3939393939393939,1,8766.058828217643,1969.4066479334156,1,9927.852951049805,8314.078002929688,11545.219985961914,3231.1419830322266,1.5326330472402259,0,241,Rolling z-score,Business event,"Known business context overlaps the flag; review, do not treat as error"
store_day,2016-09-01,33,12310.988998413086,8542.138049125671,3768.8509492874146,2.3786394609688983,0,0,1,0.45454545454545453,1,8542.138049125671,1584.4565816427837,0,6915.498504638672,5534.209890365601,7906.667263031006,2372.4573726654053,2.274220205572206,1,240,Weekday IQR,Business event,"Known business context overlaps the flag; review, do not treat as error"
store_day,2016-09-03,33,14200.272033691406,8877.740549223763,5322.531484467643,3.158735670129868,0,0,1,0.45454545454545453,1,8877.740549223763,1685.0195902111723,1,9927.852951049805,8314.078002929688,11545.219985961914,3231.1419830322266,1.3222628733362565,0,241,Rolling z-score,Business event,"Known business context overlaps the flag; review, do not treat as error"
store_day,2016-12-16,33,13036.220230102539,9649.131422315326,3387.088807787213,1.3736124165341839,0,0,1,0.42424242424242425,1,9649.131422315326,2465.825706739978,0,6557.2080078125,4819.005747795105,7760.726016044617,2941.7202682495117,2.2024569406612593,1,240,Weekday IQR,Business event,"Known business context overlaps the flag; review, do not treat as error"
store_day,2016-12-21,33,17201.689910888672,10356.618396350315,6845.0715145383565,2.289423870635331,1,0,1,0.42424242424242425,1,10356.618396350315,2989.8664036549953,0,7060.231502532959,5393.834747314453,8092.866006851196,2699.031259536743,3.7574438504637304,1,240,Weekday IQR,Business event,"Known business context overlaps the flag; review, do not treat as error"
store_day,2016-12-22,33,15181.458892822266,10724.20060634613,4457.258286476135,1.4029009598874673,1,0,1,0.45454545454545453,1,10724.20060634613,3177.172454735273,0,6915.498504638672,5534.209890365601,7906.667263031006,2372.4573726654053,3.4841344183549916,1,240,Weekday IQR,Business event,"Known business context overlaps the flag; review, do not treat as error"
store_day,2016-12-23,33,16704.263999938965,11033.382139069694,5670.881860869271,1.786351942986408,1,0,1,0.42424242424242425,1,11033.382139069694,3174.560244488406,0,6557.2080078125,4819.005747795105,7760.726016044617,2941.7202682495117,3.4493612807598906,1,240,Weekday IQR,Business event,"Known business context overlaps the flag; review, do not treat as error"
store_day,2016-12-24,33,20081.42985534668,11373.276353427342,8708.153501919338,2.6745353843456714,1,0,1,0.42424242424242425,1,11373.276353427342,3255.9500064531017,0,9927.852951049805,8314.078002929688,11545.219985961914,3231.1419830322266,3.1424112458123465,1,241,Weekday IQR,Business event,"Known business context overlaps the flag; review, do not treat as error"
store_day,2016-12-30,33,17113.259078979492,12088.530994279045,5024.728084700448,1.4848452361386983,0,0,1,0.45454545454545453,1,12088.530994279045,3384.0079507323762,0,6557.2080078125,4819.005747795105,7760.726016044617,2941.7202682495117,3.5883939017248685,1,240,Weekday IQR,Business event,"Known business context overlaps the flag; review, do not treat as error"
store_day,2016-12-31,33,20484.431030273438,12295.731319836208,8188.699710437229,2.3329968339503155,1,0,1,0.36363636363636365,1,12295.731319836208,3509.9489168923665,0,9927.852951049805,8314.078002929688,11545.219985961914,3231.1419830322266,3.2671353145914495,1,241,Weekday IQR,Business event,"Known business context overlaps the flag; review, do not treat as error"
store_day,2017-01-01,33,0.0,12698.13032409123,-12698.13032409123,-3.3597721952201876,0,0,0,0.0,0,12698.13032409123,3779.4616974794744,1,10821.753524780273,8514.655015945435,12634.201482772827,4119.546466827393,-2.6269283795976905,1,240,Rolling z-score + weekday IQR,Potential data issue,Extreme or zero value without mapped context; investigate source records
store_day,2017-01-10,33,16923.788948059082,12635.105719293866,4288.683228765216,0.9917317910183606,0,0,1,0.42424242424242425,1,12635.105719293866,4324.438590761902,0,8954.181972503662,6389.526992797852,10288.763736724854,3899.236743927002,2.043888970826907,1,242,Weekday IQR,Business event,"Known business context overlaps the flag; review, do not treat as error"
store_day,2017-02-01,33,12173.321044921875,9913.229071617126,2260.0919733047485,0.8825898235823345,0,0,1,0.3939393939393939,1,9913.229071617126,2560.7500935500084,0,7060.231502532959,5393.834747314453,8092.866006851196,2699.031259536743,1.8944165705092713,1,240,Weekday IQR,Business event,"Known business context overlaps the flag; review, do not treat as error"
store_day,2017-03-01,33,12666.931030273438,9214.92946597508,3452.001564298358,1.855225136906735,0,0,1,0.3939393939393939,1,9214.92946597508,1860.6914576707222,0,7060.231502532959,5393.834747314453,8092.866006851196,2699.031259536743,2.0773007011051816,1,240,Weekday IQR,Business event,"Known business context overlaps the flag; review, do not treat as error"
store_day,2017-04-01,33,17362.281036376953,9078.139882223946,8284.141154153007,5.774541936505964,0,0,1,0.36363636363636365,1,9078.139882223946,1434.5971066175237,1,9927.852951049805,8314.078002929688,11545.219985961914,3231.1419830322266,2.3008670384550536,1,241,Rolling z-score + weekday IQR,Business event,"Known business context overlaps the flag; review, do not treat as error"
store_day,2017-04-12,33,15519.199028015137,9867.438061305455,5651.760966709682,2.7319024036206234,0,0,1,0.45454545454545453,1,9867.438061305455,2068.8004663780575,0,7060.231502532959,5393.834747314453,8092.866006851196,2699.031259536743,3.134075418946448,1,240,Weekday IQR,Business event,"Known business context overlaps the flag; review, do not treat as error"
store_day,2017-06-04,33,15154.802032470703,9348.435352597919,5806.3666798727845,3.2387825400411474,0,0,1,0.48484848484848486,1,9348.435352597919,1792.7621283888411,1,10821.753524780273,8514.655015945435,12634.201482772827,4119.546466827393,1.0518265888204588,0,240,Rolling z-score,Business event,"Known business context overlaps the flag; review, do not treat as error"
store_day,2017-06-06,33,16544.257904052734,9495.940494537354,7048.317409515381,3.575142705761521,0,0,1,0.45454545454545453,1,9495.940494537354,1971.4786204636434,1,8954.181972503662,6389.526992797852,10288.763736724854,3899.236743927002,1.946554269465811,1,242,Rolling z-score + weekday IQR,Business event,"Known business context overlaps the flag; review, do not treat as error"
store_day,2017-06-29,33,17461.875,9832.646359920502,7629.228640079498,3.0051507864693887,0,0,1,0.7878787878787878,1,9832.646359920502,2538.717416254085,1,6915.498504638672,5534.209890365601,7906.667263031006,2372.4573726654053,4.445338667355148,1,240,Rolling z-score + weekday IQR,Business event,"Known business context overlaps the flag; review, do not treat as error"
store_day,2013-01-01,34,0.0,9628.190013885498,-9628.190013885498,,1,0,0,0.0,0,,,0,9628.190013885498,7995.19366645813,11116.699515342712,3121.5058488845825,-3.084469637411049,1,242,Weekday IQR,Business event,"Known business context overlaps the flag; review, do not treat as error"
store_day,2013-02-02,34,9723.313007354736,6114.970284734453,3608.342722620283,4.44613513588585,0,0,0,0.0,0,6114.970284734453,811.5683874510385,1,11902.737205505371,10400.368072509766,13363.148040771484,2962.7799682617188,-0.7356010981231645,0,241,Rolling z-score,Unexplained anomaly,No mapped business context; investigate before drawing conclusions
store_day,2013-03-16,34,10567.473030090332,7030.559640135084,3536.913389955248,3.114721135691017,0,0,0,0.0,0,7030.559640135084,1135.547368727944,1,11902.737205505371,10400.368072509766,13363.148040771484,2962.7799682617188,-0.4506794934888286,0,241,Rolling z-score,Unexplained anomaly,No mapped business context; investigate before drawing conclusions
store_day,2013-06-15,34,12126.896995544434,7304.811037063599,4822.085958480835,3.4662527057873107,0,0,0,0.0,0,7304.811037063599,1391.152454184833,1,11902.737205505371,10400.368072509766,13363.148040771484,2962.7799682617188,0.07565860186727887,0,241,Rolling z-score,Unexplained anomaly,No mapped business context; investigate before drawing conclusions
store_day,2013-08-17,34,11693.36801147461,8033.94028363909,3659.4277278355194,3.017580163684668,0,0,0,0.0,0,8033.94028363909,1212.7027383978798,1,11902.737205505371,10400.368072509766,13363.148040771484,2962.7799682617188,-0.0706664673966997,0,241,Rolling z-score,Unexplained anomaly,No mapped business context; investigate before drawing conclusions
store_day,2013-12-20,34,29824.028030395508,9506.922681672233,20317.105348723275,10.547756825568879,0,0,0,0.0,0,9506.922681672233,1926.2015312556753,1,10294.453552246094,8721.854975700378,11557.559440612793,2835.7044649124146,6.887027445842322,1,240,Rolling z-score + weekday IQR,Potential data issue,Extreme or zero value without mapped context; investigate source records
store_day,2014-01-01,34,0.0,11771.66953754425,-11771.66953754425,-2.7907846699307806,1,0,0,0.0,0,11771.66953754425,4218.050093358232,0,8611.795059204102,7300.2570152282715,9919.42352104187,2619.1665058135986,-3.2879906795116094,1,240,Weekday IQR,Business event,"Known business context overlaps the flag; review, do not treat as error"
store_day,2014-03-01,34,18412.97886657715,9153.387791872025,9259.591074705124,5.508688304966933,0,0,0,0.0,0,9153.387791872025,1680.906699033266,1,11902.737205505371,10400.368072509766,13363.148040771484,2962.7799682617188,2.1973422700341048,1,241,Rolling z-score + weekday IQR,Unexplained anomaly,No mapped business context; investigate before drawing conclusions
store_day,2014-04-02,34,8330.447998046875,12262.579924992153,-3932.131926945278,-3.028496462018889,0,0,0,0.0,0,12262.579924992153,1298.3775864555569,1,8611.795059204102,7300.2570152282715,9919.42352104187,2619.1665058135986,-0.10741854728698548,0,240,Rolling z-score,Unexplained anomaly,No mapped business context; investigate before drawing conclusions
store_day,2014-07-01,34,14624.246765136719,8299.125257560185,6325.121507576534,4.127895528139492,0,1,1,0.2727272727272727,1,8299.125257560185,1532.287206509649,1,9628.190013885498,7995.19366645813,11116.699515342712,3121.5058488845825,1.6005277558702884,0,242,Rolling z-score,Business event,"Known business context overlaps the flag; review, do not treat as error"
store_day,2014-09-01,34,14296.994186401367,9185.478922707694,5111.515263693673,3.122831745403382,0,0,1,0.24242424242424243,0,9185.478922707694,1636.8205783797068,1,10089.911991119385,8548.151901245117,11712.353057861328,3164.201156616211,1.3295874652233002,0,241,Rolling z-score,Unexplained anomaly,No mapped business context; investigate before drawing conclusions
store_day,2014-10-01,34,14103.71501159668,11174.809541429791,2928.9054701668883,1.7141822809047311,0,0,1,0.12121212121212122,0,11174.809541429791,1708.6312831451253,0,8611.795059204102,7300.2570152282715,9919.42352104187,2619.1665058135986,2.096819709706317,1,240,Weekday IQR,Unexplained anomaly,No mapped business context; investigate before drawing conclusions
store_day,2014-10-02,34,13614.95980834961,11295.653508867535,2319.306299482074,1.2936362949361517,0,0,1,0.2727272727272727,1,11295.653508867535,1792.8580920006923,0,8796.084058761597,7557.737526893616,9844.256150722504,2286.518623828888,2.107516509757777,1,240,Weekday IQR,Business event,"Known business context overlaps the flag; review, do not treat as error"
store_day,2014-11-01,34,17795.59991455078,11536.170838764736,6259.429075786045,3.553357142644466,0,0,1,0.2727272727272727,1,11536.170838764736,1761.5536025539152,1,11902.737205505371,10400.368072509766,13363.148040771484,2962.7799682617188,1.9889640041352072,0,241,Rolling z-score,Business event,"Known business context overlaps the flag; review, do not treat as error"
store_day,2014-12-01,34,24405.201293945312,10734.757153919765,13670.444140025547,7.106890886483316,0,1,1,0.21212121212121213,0,10734.757153919765,1923.5477733344035,1,10089.911991119385,8548.151901245117,11712.353057861328,3164.201156616211,4.52414008916382,1,241,Rolling z-score + weekday IQR,Business event,"Known business context overlaps the flag; review, do not treat as error"
store_day,2014-12-18,34,14449.175094604492,12178.434278760638,2270.740815843854,0.7067268175048689,0,0,1,0.36363636363636365,1,12178.434278760638,3213.038984229872,0,8796.084058761597,7557.737526893616,9844.256150722504,2286.518623828888,2.4723573107734045,1,240,Weekday IQR,Business event,"Known business context overlaps the flag; review, do not treat as error"
store_day,2014-12-20,34,17917.43588256836,12564.713160378593,5352.7227221897665,1.6798554732073185,0,0,1,0.30303030303030304,1,12564.713160378593,3186.418598243995,0,11902.737205505371,10400.368072509766,13363.148040771484,2962.7799682617188,2.0300861830761767,1,241,Weekday IQR,Business event,"Known business context overlaps the flag; review, do not treat as error"
store_day,2014-12-22,34,16791.425094604492,12949.430082048688,3841.9950125558044,1.1283397549687113,1,0,1,0.30303030303030304,1,12949.430082048688,3404.998357664303,0,10089.911991119385,8548.151901245117,11712.353057861328,3164.201156616211,2.1179162675775296,1,241,Weekday IQR,Business event,"Known business context overlaps the flag; review, do not treat as error"
store_day,2014-12-23,34,20235.490936279297,13186.61305291312,7048.877883366176,2.0526874570438705,1,0,1,0.30303030303030304,1,13186.61305291312,3433.9752304607796,0,9628.190013885498,7995.19366645813,11116.699515342712,3121.5058488845825,3.3981358472175023,1,242,Weekday IQR,Business event,"Known business context overlaps the flag; review, do not treat as error"
store_day,2014-12-24,34,19110.900161743164,13577.057482038226,5533.842679704938,1.5398098255869153,1,0,1,0.30303030303030304,1,13577.057482038226,3593.848141341515,0,8611.795059204102,7300.2570152282715,9919.42352104187,2619.1665058135986,4.008567259559429,1,240,Weekday IQR,Business event,"Known business context overlaps the flag; review, do not treat as error"
store_day,2014-12-30,34,18662.975067138672,14272.510405676705,4390.464661461967,1.3229648010645283,0,0,1,0.3333333333333333,1,14272.510405676705,3318.6556875354236,0,9628.190013885498,7995.19366645813,11116.699515342712,3121.5058488845825,2.894367491408546,1,242,Weekday IQR,Business event,"Known business context overlaps the flag; review, do not treat as error"
store_day,2014-12-31,34,18130.715927124023,14067.430897576469,4063.2850295475546,1.4473799757269603,1,0,1,0.2727272727272727,1,14067.430897576469,2807.3381542443485,0,8611.795059204102,7300.2570152282715,9919.42352104187,2619.1665058135986,3.6343320849557954,1,240,Weekday IQR,Business event,"Known business context overlaps the flag; review, do not treat as error"
store_day,2015-01-01,34,0.0,14263.139040538243,-14263.139040538243,-4.927530953811058,1,0,0,0.0,0,14263.139040538243,2894.5813175474477,1,8796.084058761597,7557.737526893616,9844.256150722504,2286.518623828888,-3.846933047950478,1,240,Rolling z-score + weekday IQR,Business event,"Known business context overlaps the flag; review, do not treat as error"
store_day,2015-05-01,34,13218.413818359375,8812.24854006086,4406.165278298515,3.974037201659959,1,0,1,0.2727272727272727,1,8812.24854006086,1108.7378035761858,1,10294.453552246094,8721.854975700378,11557.559440612793,2835.7044649124146,1.031123060351634,0,240,Rolling z-score,Business event,"Known business context overlaps the flag; review, do not treat as error"
store_day,2015-05-30,34,13771.112991333008,8931.647438321796,4839.465553011212,3.7598246886953794,0,0,1,0.36363636363636365,1,8931.647438321796,1287.1519163013043,1,11902.737205505371,10400.368072509766,13363.148040771484,2962.7799682617188,0.6306157749958814,0,241,Rolling z-score,Business event,"Known business context overlaps the flag; review, do not treat as error"
store_day,2015-07-04,34,15468.582260131836,10377.31514957973,5091.267110552106,3.0146787907582464,0,0,1,0.24242424242424243,0,10377.31514957973,1688.8257303430858,1,11902.737205505371,10400.368072509766,13363.148040771484,2962.7799682617188,1.2035470378580182,0,241,Rolling z-score,Unexplained anomaly,No mapped business context; investigate before drawing conclusions
store_day,2015-08-01,34,17190.77423095703,10294.43185870988,6896.342372247151,4.048988326390043,0,0,1,0.12121212121212122,0,10294.43185870988,1703.22604471318,1,11902.737205505371,10400.368072509766,13363.148040771484,2962.7799682617188,1.784822728011822,0,241,Rolling z-score,Unexplained anomaly,No mapped business context; investigate before drawing conclusions
store_day,2015-12-19,34,17457.18904876709,11056.262161936078,6400.926886831012,4.34911151794706,0,0,1,0.18181818181818182,0,11056.262161936078,1471.7780540730957,1,11902.737205505371,10400.368072509766,13363.148040771484,2962.7799682617188,1.8747432825801607,0,241,Rolling z-score,Unexplained anomaly,No mapped business context; investigate before drawing conclusions
store_day,2015-12-22,34,18913.89031982422,11669.632843017578,7244.257476806641,3.277955516955323,1,0,1,0.21212121212121213,0,11669.632843017578,2209.992612570702,1,9628.190013885498,7995.19366645813,11116.699515342712,3121.5058488845825,2.9747502505102816,1,242,Rolling z-score + weekday IQR,Business event,"Known business context overlaps the flag; review, do not treat as error"
store_day,2015-12-23,34,18614.007873535156,12018.943820544651,6595.064052990505,2.594205829334324,1,0,1,0.30303030303030304,1,12018.943820544651,2542.228522662292,0,8611.795059204102,7300.2570152282715,9919.42352104187,2619.1665058135986,3.818853361223799,1,240,Weekday IQR,Business event,"Known business context overlaps the flag; review, do not treat as error"
store_day,2015-12-24,34,19640.42293548584,12346.91117300306,7293.51176248278,2.62597353666196,1,0,1,0.18181818181818182,0,12346.91117300306,2777.450595238679,0,8796.084058761597,7557.737526893616,9844.256150722504,2286.518623828888,4.742729301966001,1,240,Weekday IQR,Business event,"Known business context overlaps the flag; review, do not treat as error"
store_day,2015-12-29,34,15837.47216796875,13066.184811592102,2771.287356376648,0.9861168911329908,0,0,1,0.21212121212121213,0,13066.184811592102,2810.3031002669472,0,9628.190013885498,7995.19366645813,11116.699515342712,3121.5058488845825,1.989194464044344,1,242,Weekday IQR,Unexplained anomaly,No mapped business context; investigate before drawing conclusions
store_day,2015-12-30,34,15048.175003051758,13215.718499728611,1832.4565033231465,0.6444631377213281,0,0,1,0.24242424242424243,0,13215.718499728611,2843.3845104039415,0,8611.795059204102,7300.2570152282715,9919.42352104187,2619.1665058135986,2.4574153378799055,1,240,Weekday IQR,Unexplained anomaly,No mapped business context; investigate before drawing conclusions
store_day,2015-12-31,34,18392.006191253662,13274.288039752415,5117.718151501247,1.7867193438224078,1,0,1,0.18181818181818182,0,13274.288039752415,2864.3100379451234,0,8796.084058761597,7557.737526893616,9844.256150722504,2286.518623828888,4.1967391091804105,1,240,Weekday IQR,Business event,"Known business context overlaps the flag; review, do not treat as error"
store_day,2016-01-01,34,0.0,13546.782045909336,-13546.782045909336,-4.550211978327416,1,0,0,0.0,0,13546.782045909336,2977.1760327721945,1,10294.453552246094,8721.854975700378,11557.559440612793,2835.7044649124146,-3.6302984600914874,1,240,Rolling z-score + weekday IQR,Business event,"Known business context overlaps the flag; review, do not treat as error"
store_day,2016-04-02,34,15812.156814575195,10856.149826186043,4956.006988389152,3.128634928314778,0,0,1,0.21212121212121213,0,10856.149826186043,1584.0796711486814,1,11902.737205505371,10400.368072509766,13363.148040771484,2962.7799682617188,1.3195106119755173,0,241,Rolling z-score,Unexplained anomaly,No mapped business context; investigate before drawing conclusions
store_day,2016-04-18,34,19746.794429779053,10499.956639221737,9246.837790557316,4.64026045284156,0,1,1,0.36363636363636365,1,10499.956639221737,1992.7411154033007,1,10089.911991119385,8548.151901245117,11712.353057861328,3164.201156616211,3.051917991518186,1,241,Rolling z-score + weekday IQR,Business event,"Known business context overlaps the flag; review, do not treat as error"
store_day,2016-04-19,34,20494.40421295166,10810.839228698185,9683.564984253475,3.653078123740614,0,1,1,0.3939393939393939,1,10810.839228698185,2650.7960290588776,1,9628.190013885498,7995.19366645813,11116.699515342712,3121.5058488845825,3.481080838899924,1,242,Rolling z-score + weekday IQR,Business event,"Known business context overlaps the flag; review, do not treat as error"
store_day,2016-04-20,34,19269.851905822754,11160.680091517312,8109.171814305442,2.517896820670542,0,1,1,0.36363636363636365,1,11160.680091517312,3220.613230746241,0,8611.795059204102,7300.2570152282715,9919.42352104187,2619.1665058135986,4.06925517066656,1,240,Weekday IQR,Business event,"Known business context overlaps the flag; review, do not treat as error"
store_day,2016-04-21,34,13977.199966430664,11474.956198283604,2502.24376814706,0.7024849617683595,0,1,1,0.36363636363636365,1,11474.956198283604,3561.989087778026,0,8796.084058761597,7557.737526893616,9844.256150722504,2286.518623828888,2.265940829728749,1,240,Weekday IQR,Business event,"Known business context overlaps the flag; review, do not treat as error"
store_day,2016-09-03,34,16947.836769104004,10905.317373888833,6042.519395215171,4.601518736960652,0,0,1,0.45454545454545453,1,10905.317373888833,1313.1576204786497,1,11902.737205505371,10400.368072509766,13363.148040771484,2962.7799682617188,1.7028262704768535,0,241,Rolling z-score,Business event,"Known business context overlaps the flag; review, do not treat as error"
store_day,2016-10-01,34,17443.375072479248,10483.062759331295,6960.312313147953,3.277291258843725,0,0,1,0.3939393939393939,1,10483.062759331295,2123.8003471207044,1,11902.737205505371,10400.368072509766,13363.148040771484,2962.7799682617188,1.8700807776233896,0,241,Rolling z-score,Business event,"Known business context overlaps the flag; review, do not treat as error"
store_day,2016-11-02,34,16272.392883300781,10531.463027341026,5740.9298559597555,2.920648727523475,1,0,1,0.48484848484848486,1,10531.463027341026,1965.635169289153,0,8611.795059204102,7300.2570152282715,9919.42352104187,2619.1665058135986,2.9248227659802972,1,240,Weekday IQR,Business event,"Known business context overlaps the flag; review, do not treat as error"
store_day,2016-12-01,34,13438.546203613281,10514.958236966815,2923.587966646466,2.2483486183800214,0,0,1,0.5151515151515151,1,10514.958236966815,1300.3268010781032,0,8796.084058761597,7557.737526893616,9844.256150722504,2286.518623828888,2.0303627079484063,1,240,Weekday IQR,Business event,"Known business context overlaps the flag; review, do not treat as error"
store_day,2016-12-03,34,15606.672016143799,10818.663467066628,4788.008549077171,3.175107834803664,0,0,1,0.45454545454545453,1,10818.663467066628,1507.9829719777822,1,11902.737205505371,10400.368072509766,13363.148040771484,2962.7799682617188,1.2501552090658792,0,241,Rolling z-score,Business event,"Known business context overlaps the flag; review, do not treat as error"
store_day,2016-12-21,34,15848.719802856445,12217.163386753627,3631.556416102818,1.68857401162347,1,0,1,0.5151515151515151,1,12217.163386753627,2150.6646383899265,0,8611.795059204102,7300.2570152282715,9919.42352104187,2619.1665058135986,2.763064023455171,1,240,Weekday IQR,Business event,"Known business context overlaps the flag; review, do not treat as error"
store_day,2016-12-22,34,16404.024055480957,12476.041418892997,3927.98263658796,1.8394950801236136,1,0,1,0.5151515151515151,1,12476.041418892997,2135.35914231638,0,8796.084058761597,7557.737526893616,9844.256150722504,2286.518623828888,3.3273028775857902,1,240,Weekday IQR,Business event,"Known business context overlaps the flag; review, do not treat as error"
store_day,2016-12-23,34,20043.17404937744,12760.000488826206,7283.173560551235,3.453255003373736,1,0,1,0.5454545454545454,1,12760.000488826206,2109.0749317486757,1,10294.453552246094,8721.854975700378,11557.559440612793,2835.7044649124146,3.4378478497167557,1,240,Rolling z-score + weekday IQR,Business event,"Known business context overlaps the flag; review, do not treat as error"
store_day,2016-12-24,34,18867.510984420776,13095.038633891514,5772.472350529262,2.3308335899384396,1,0,1,0.5151515151515151,1,13095.038633891514,2476.569917066332,0,11902.737205505371,10400.368072509766,13363.148040771484,2962.7799682617188,2.350756334768147,1,241,Weekday IQR,Business event,"Known business context overlaps the flag; review, do not treat as error"
store_day,2016-12-30,34,19289.0750579834,13625.385493210384,5663.689564773014,2.283597324822631,0,0,1,0.5151515151515151,1,13625.385493210384,2480.1612364881003,0,10294.453552246094,8721.854975700378,11557.559440612793,2835.7044649124146,3.1719178133801464,1,240,Weekday IQR,Business event,"Known business context overlaps the flag; review, do not treat as error"
store_day,2017-01-01,34,0.0,13922.092231682369,-13922.092231682369,-5.0712118166109335,0,0,0,0.0,0,13922.092231682369,2745.3186210996087,1,11214.080528259277,9581.43349647522,12374.1294631958,2792.695966720581,-4.015503535613222,1,240,Rolling z-score + weekday IQR,Potential data issue,Extreme or zero value without mapped context; investigate source records
store_day,2017-01-02,34,17098.081787109375,13364.711088248661,3733.3706988607137,0.9876717773209289,1,0,1,0.48484848484848486,1,13364.711088248661,3779.9710233570963,0,10089.911991119385,8548.151901245117,11712.353057861328,3164.201156616211,2.2148306789333554,1,241,Weekday IQR,Business event,"Known business context overlaps the flag; review, do not treat as error"
store_day,2017-02-04,34,15438.22095489502,11220.657732963562,4217.5632219314575,3.231849616324418,0,0,1,0.45454545454545453,1,11220.657732963562,1304.999836820406,1,11902.737205505371,10400.368072509766,13363.148040771484,2962.7799682617188,1.1932994644431656,0,241,Rolling z-score,Business event,"Known business context overlaps the flag; review, do not treat as error"
store_day,2017-02-25,34,17732.586082458496,11692.0182694367,6040.567813021797,3.409432930563002,0,0,1,0.5151515151515151,1,11692.0182694367,1771.7221414953347,1,11902.737205505371,10400.368072509766,13363.148040771484,2962.7799682617188,1.9676955222474835,0,241,Rolling z-score,Business event,"Known business context overlaps the flag; review, do not treat as error"
store_day,2017-04-01,34,19407.655075073242,11949.497930662972,7458.15714441027,6.6373756311784895,0,0,1,0.3939393939393939,1,11949.497930662972,1123.660548813334,1,11902.737205505371,10400.368072509766,13363.148040771484,2962.7799682617188,2.5330662249519165,1,241,Rolling z-score + weekday IQR,Business event,"Known business context overlaps the flag; review, do not treat as error"
store_day,2017-05-13,34,16257.338928222656,11323.565340382713,4933.7735878399435,3.148428047378341,1,0,1,0.48484848484848486,1,11323.565340382713,1567.05934313736,1,11902.737205505371,10400.368072509766,13363.148040771484,2962.7799682617188,1.4697688553875827,0,241,Rolling z-score,Business event,"Known business context overlaps the flag; review, do not treat as error"
store_day,2013-02-02,35,4704.760999679565,2363.319714810167,2341.4412848693983,4.650134005512136,0,0,0,0.0,0,2363.319714810167,503.5212495153732,1,5477.930999755859,4301.845012664795,6532.314891815186,2230.4698791503906,-0.34663996465659624,0,241,Rolling z-score,Unexplained anomaly,No mapped business context; investigate before drawing conclusions
store_day,2013-02-09,35,6958.475997924805,2679.657285928726,4278.8187119960785,5.693362653976183,0,0,0,0.0,0,2679.657285928726,751.545083643635,1,5477.930999755859,4301.845012664795,6532.314891815186,2230.4698791503906,0.6637816596442452,0,241,Rolling z-score,Unexplained anomaly,No mapped business context; investigate before drawing conclusions
store_day,2013-02-10,35,7170.796001434326,2812.209678547723,4358.586322886604,3.957836361735983,0,0,0,0.0,0,2812.209678547723,1101.2548080625659,1,5299.084497451782,4084.707996368408,6211.739990234375,2127.031993865967,0.8799639635794253,0,240,Rolling z-score,Unexplained anomaly,No mapped business context; investigate before drawing conclusions
store_day,2013-03-16,35,5521.034004211426,2953.1192512427056,2567.91475296872,3.4569109317470557,0,0,0,0.0,0,2953.1192512427056,742.8350928529553,1,5477.930999755859,4301.845012664795,6532.314891815186,2230.4698791503906,0.019324629692818264,0,241,Rolling z-score,Unexplained anomaly,No mapped business context; investigate before drawing conclusions
store_day,2013-08-17,35,4756.88899230957,2671.017677937235,2085.8713143723353,4.159022290486834,0,0,0,0.0,0,2671.017677937235,501.5292462229563,1,5477.930999755859,4301.845012664795,6532.314891815186,2230.4698791503906,-0.32326910763795724,0,241,Rolling z-score,Unexplained anomaly,No mapped business context; investigate before drawing conclusions
store_day,2013-08-18,35,4998.368000030518,2746.7898204837525,2251.578179546765,3.530728285050872,0,0,0,0.0,0,2746.7898204837525,637.7092763212515,1,5299.084497451782,4084.707996368408,6211.739990234375,2127.031993865967,-0.14137845518472913,0,240,Rolling z-score,Unexplained anomaly,No mapped business context; investigate before drawing conclusions
store_day,2013-08-31,35,5183.427997589111,2955.287749511855,2228.1402480772563,3.0383282770958355,0,0,0,0.0,0,2955.287749511855,733.3441435126978,1,5477.930999755859,4301.845012664795,6532.314891815186,2230.4698791503906,-0.13203630540795616,0,241,Rolling z-score,Unexplained anomaly,No mapped business context; investigate before drawing conclusions
store_day,2013-11-16,35,4654.8230056762695,2798.021642761571,1856.8013629146985,3.1731262642947833,0,0,0,0.0,0,2798.021642761571,585.1646635711064,1,5477.930999755859,4301.845012664795,6532.314891815186,2230.4698791503906,-0.3690289663956907,0,241,Rolling z-score,Unexplained anomaly,No mapped business context; investigate before drawing conclusions
store_day,2014-01-01,35,0.0,3404.88525056839,-3404.88525056839,-3.5235906141027966,1,0,0,0.0,0,3404.88525056839,966.3112499337178,1,3656.5494985580444,2768.980755329132,4435.8552503585815,1666.8744950294495,-2.1936561567542867,1,240,Rolling z-score + weekday IQR,Business event,"Known business context overlaps the flag; review, do not treat as error"
store_day,2014-02-01,35,7403.167999267578,3944.0181357179367,3459.1498635496414,3.8203383426139936,0,0,0,0.0,0,3944.0181357179367,905.4564159840314,1,5477.930999755859,4301.845012664795,6532.314891815186,2230.4698791503906,0.8631531039751417,0,241,Rolling z-score,Unexplained anomaly,No mapped business context; investigate before drawing conclusions
store_day,2014-03-01,35,10115.03401184082,3531.850682803563,6583.183329037258,6.097972429178001,0,0,0,0.0,0,3531.850682803563,1079.5692183745512,1,5477.930999755859,4301.845012664795,6532.314891815186,2230.4698791503906,2.078980332992115,1,241,Rolling z-score + weekday IQR,Potential data issue,Extreme or zero value without mapped context; investigate source records
store_day,2014-03-02,35,9021.289993286133,3628.703040395464,5392.586952890669,3.630909438188001,0,0,0,0.0,0,3628.703040395464,1485.1890537875354,1,5299.084497451782,4084.707996368408,6211.739990234375,2127.031993865967,1.7499527541516153,0,240,Rolling z-score,Unexplained anomaly,No mapped business context; investigate before drawing conclusions
store_day,2014-07-01,35,5697.33797454834,3167.937249319894,2529.400725228446,3.0737991719116358,0,1,1,0.18181818181818182,0,3167.937249319894,822.8906912143445,1,4550.969751358032,3090.0357093811035,5514.274001121521,2424.2382917404175,0.472877698160317,0,242,Rolling z-score,Business event,"Known business context overlaps the flag; review, do not treat as error"
store_day,2014-11-01,35,7918.7349853515625,4294.889928340912,3623.8450570106506,4.446034849784189,0,0,1,0.2727272727272727,1,4294.889928340912,815.0734709572852,1,5477.930999755859,4301.845012664795,6532.314891815186,2230.4698791503906,1.0943003572527197,0,241,Rolling z-score,Business event,"Known business context overlaps the flag; review, do not treat as error"
store_day,2014-12-08,35,50977.86098861694,4211.65336397716,46766.207624639785,46.261979717009,0,0,1,0.12121212121212122,0,4211.65336397716,1010.8994018568859,1,4928.026954650879,3362.421012878418,5829.624000549316,2467.2029876708984,18.66479339725438,1,241,Rolling z-score + weekday IQR,Potential data issue,Extreme or zero value without mapped context; investigate source records
store_day,2014-12-24,35,7377.4439697265625,6199.854576723917,1177.589393002646,0.1331857455935049,1,0,1,0.36363636363636365,1,6199.854576723917,8841.707404610375,0,3656.5494985580444,2768.980755329132,4435.8552503585815,1666.8744950294495,2.2322583267450975,1,240,Weekday IQR,Business event,"Known business context overlaps the flag; review, do not treat as error"
store_day,2014-12-31,35,10417.76309967041,6575.402464798519,3842.3606348718913,0.4373235073913243,1,0,1,0.24242424242424243,0,6575.402464798519,8786.083002470945,0,3656.5494985580444,2768.980755329132,4435.8552503585815,1666.8744950294495,4.056222361835894,1,240,Weekday IQR,Business event,"Known business context overlaps the flag; review, do not treat as error"
store_day,2015-01-01,35,0.0,6755.6416801043915,-6755.6416801043915,-0.7666248125787837,1,0,0,0.0,0,6755.6416801043915,8812.187616755667,0,4010.259006500244,2852.5730543136597,4725.066740036011,1872.493685722351,-2.141667572541484,1,240,Weekday IQR,Business event,"Known business context overlaps the flag; review, do not treat as error"
store_day,2015-01-02,35,9191.49609375,6636.008108615875,2555.4879851341248,0.2876961040236168,1,0,1,0.21212121212121213,0,6636.008108615875,8882.595034809183,0,3837.1119985580444,2887.7722549438477,4742.544995307922,1854.7727403640747,2.8868140978505754,1,240,Weekday IQR,Business event,"Known business context overlaps the flag; review, do not treat as error"
store_day,2015-02-14,35,7870.518005371094,3944.7495000702993,3925.7685053007945,4.796179523858813,0,0,1,0.15151515151515152,0,3944.7495000702993,818.5199252388032,1,5477.930999755859,4301.845012664795,6532.314891815186,2230.4698791503906,1.0726829480999742,0,241,Rolling z-score,Unexplained anomaly,No mapped business context; investigate before drawing conclusions
store_day,2015-04-02,35,6638.031993865967,4124.238571780069,2513.793422085898,3.6095987003982377,0,0,1,0.3333333333333333,1,4124.238571780069,696.4190844285703,1,4010.259006500244,2852.5730543136597,4725.066740036011,1872.493685722351,1.4033547922763798,0,240,Rolling z-score,Business event,"Known business context overlaps the flag; review, do not treat as error"
store_day,2015-05-02,35,7428.568016052246,4535.456535816193,2893.1114802360535,3.037860099764206,0,0,1,0.24242424242424243,0,4535.456535816193,952.3517822498186,1,5477.930999755859,4301.845012664795,6532.314891815186,2230.4698791503906,0.874540846541001,0,241,Rolling z-score,Unexplained anomaly,No mapped business context; investigate before drawing conclusions
store_day,2015-05-31,35,8107.288009643555,4293.50982100623,3813.778188637325,3.3134348760179,0,0,1,0.24242424242424243,0,4293.50982100623,1151.004420289298,1,5299.084497451782,4084.707996368408,6211.739990234375,2127.031993865967,1.3202450740234277,0,240,Rolling z-score,Unexplained anomaly,No mapped business context; investigate before drawing conclusions
store_day,2015-08-02,35,8940.829025268555,5137.690286704472,3803.138738564083,3.663270158065126,0,0,1,0.18181818181818182,0,5137.690286704472,1038.1813446630517,1,5299.084497451782,4084.707996368408,6211.739990234375,2127.031993865967,1.712124941382642,0,240,Rolling z-score,Unexplained anomaly,No mapped business context; investigate before drawing conclusions
store_day,2015-10-09,35,7737.399002075195,5577.88410956519,2159.5148925100057,2.2977668990171027,1,0,1,0.21212121212121213,0,5577.88410956519,939.8320140453602,0,3837.1119985580444,2887.7722549438477,4742.544995307922,1854.7727403640747,2.1028382176630225,1,240,Weekday IQR,Business event,"Known business context overlaps the flag; review, do not treat as error"
store_day,2015-12-14,35,45574.54693984985,5209.164818355015,40365.38212149484,48.741353941023974,0,0,1,0.21212121212121213,0,5209.164818355015,828.1547158155704,1,4928.026954650879,3362.421012878418,5829.624000549316,2467.2029876708984,16.47473685315626,1,241,Rolling z-score + weekday IQR,Potential data issue,Extreme or zero value without mapped context; investigate source records
store_day,2015-12-24,35,8723.488998413086,7042.048959187099,1681.4400392259868,0.22159337474368587,1,0,1,0.21212121212121213,0,7042.048959187099,7587.952668579944,0,4010.259006500244,2852.5730543136597,4725.066740036011,1872.493685722351,2.517087255274039,1,240,Weekday IQR,Business event,"Known business context overlaps the flag; review, do not treat as error"
store_day,2015-12-30,35,7951.837028503418,7340.03121304512,611.8058154582977,0.0809216372498539,0,0,1,0.21212121212121213,0,7340.03121304512,7560.472529359288,0,3656.5494985580444,2768.980755329132,4435.8552503585815,1666.8744950294495,2.5768511923085646,1,240,Weekday IQR,Unexplained anomaly,No mapped business context; investigate before drawing conclusions
store_day,2015-12-31,35,11136.403945922852,7379.6733919892995,3756.730553933552,0.4968777533247563,1,0,1,0.21212121212121213,0,7379.6733919892995,7560.673684414636,0,4010.259006500244,2852.5730543136597,4725.066740036011,1872.493685722351,3.805697714101267,1,240,Weekday IQR,Business event,"Known business context overlaps the flag; review, do not treat as error"
store_day,2016-01-01,35,0.0,7593.181890044893,-7593.181890044893,-1.0017387250488201,1,0,0,0.0,0,7593.181890044893,7580.002350088678,0,3837.1119985580444,2887.7722549438477,4742.544995307922,1854.7727403640747,-2.0687774383641497,1,240,Weekday IQR,Business event,"Known business context overlaps the flag; review, do not treat as error"
store_day,2016-01-02,35,10606.395980834961,7415.218675715582,3191.1773051193786,0.4143803496109463,0,0,1,0.18181818181818182,0,7415.218675715582,7701.082611942177,0,5477.930999755859,4301.845012664795,6532.314891815186,2230.4698791503906,2.299275605117155,1,241,Weekday IQR,Unexplained anomaly,No mapped business context; investigate before drawing conclusions
store_day,2016-02-06,35,11245.18099975586,5362.33235686166,5882.8486428942,5.144613422518397,0,0,1,0.12121212121212122,0,5362.33235686166,1143.4967333297554,1,5477.930999755859,4301.845012664795,6532.314891815186,2230.4698791503906,2.5856659414727474,1,241,Rolling z-score + weekday IQR,Unexplained anomaly,No mapped business context; investigate before drawing conclusions
store_day,2016-03-24,35,8136.678005218506,5549.982033320835,2586.6959718976705,2.9315654675803082,0,0,1,0.18181818181818182,0,5549.982033320835,882.3599542645417,0,4010.259006500244,2852.5730543136597,4725.066740036011,1872.493685722351,2.2037024905247757,1,240,Weekday IQR,Unexplained anomaly,No mapped business context; investigate before drawing conclusions
store_day,2016-03-25,35,7912.515983581543,5692.043783596584,2220.472199984959,2.297858428439729,1,0,1,0.18181818181818182,0,5692.043783596584,966.3224559455057,0,3837.1119985580444,2887.7722549438477,4742.544995307922,1854.7727403640747,2.1972524699837535,1,240,Weekday IQR,Business event,"Known business context overlaps the flag; review, do not treat as error"
store_day,2016-11-02,35,7870.580024719238,4967.05214030402,2903.527884415218,2.3038787766119717,1,0,1,0.48484848484848486,1,4967.05214030402,1260.278064059028,0,3656.5494985580444,2768.980755329132,4435.8552503585815,1666.8744950294495,2.5281030687836776,1,240,Weekday IQR,Business event,"Known business context overlaps the flag; review, do not treat as error"
store_day,2016-11-03,35,7690.632995605469,5109.983069760458,2580.6499258450103,1.9052476179150735,1,0,1,0.42424242424242425,1,5109.983069760458,1354.4958154410579,0,4010.259006500244,2852.5730543136597,4725.066740036011,1872.493685722351,1.9654934044199184,1,240,Weekday IQR,Business event,"Known business context overlaps the flag; review, do not treat as error"
store_day,2016-12-12,35,36463.254484176636,5239.363543169839,31223.890941006797,30.303503827264677,0,0,1,0.36363636363636365,1,5239.363543169839,1030.3723001468243,1,4928.026954650879,3362.421012878418,5829.624000549316,2467.2029876708984,12.781772593140301,1,241,Rolling z-score + weekday IQR,Business event,"Known business context overlaps the flag; review, do not treat as error"
store_day,2016-12-16,35,7967.746116638184,6316.465525831495,1651.2805908066885,0.27537606127427267,0,0,1,0.36363636363636365,1,6316.465525831495,5996.456566215552,0,3837.1119985580444,2887.7722549438477,4742.544995307922,1854.7727403640747,2.227029774693224,1,240,Weekday IQR,Business event,"Known business context overlaps the flag; review, do not treat as error"
store_day,2016-12-30,35,7841.932014465332,7122.733526979174,719.1984874861582,0.12183417164409155,0,0,1,0.42424242424242425,1,7122.733526979174,5903.093342212061,0,3837.1119985580444,2887.7722549438477,4742.544995307922,1854.7727403640747,2.1591971505474996,1,240,Weekday IQR,Business event,"Known business context overlaps the flag; review, do not treat as error"
store_day,2016-12-31,35,12324.641082763672,7188.209348065512,5136.43173469816,0.8705160157389163,1,0,1,0.42424242424242425,1,7188.209348065512,5900.444841716352,0,5477.930999755859,4301.845012664795,6532.314891815186,2230.4698791503906,3.0696267844763705,1,241,Weekday IQR,Business event,"Known business context overlaps the flag; review, do not treat as error"
store_day,2017-01-01,35,0.0,7464.6393866539,-7464.6393866539,-1.2535068088693855,0,0,0,0.0,0,7464.6393866539,5955.005057680313,0,5299.084497451782,4084.707996368408,6211.739990234375,2127.031993865967,-2.491304556176648,1,240,Weekday IQR,Potential data issue,Extreme or zero value without mapped context; investigate source records
store_day,2017-02-01,35,7088.6820068359375,5448.083353996277,1640.5986528396606,1.5311666041474714,0,0,1,0.42424242424242425,1,5448.083353996277,1071.4697201439546,0,3656.5494985580444,2768.980755329132,4435.8552503585815,1666.8744950294495,2.059022750970376,1,240,Weekday IQR,Business event,"Known business context overlaps the flag; review, do not treat as error"
store_day,2017-02-25,35,11792.189987182617,5576.840929916927,6215.34905726569,5.972429471814828,0,0,1,0.45454545454545453,1,5576.840929916927,1040.6734958691854,1,5477.930999755859,4301.845012664795,6532.314891815186,2230.4698791503906,2.8309097766574305,1,241,Rolling z-score + weekday IQR,Business event,"Known business context overlaps the flag; review, do not treat as error"
store_day,2017-02-26,35,11544.41301727295,5772.968179089682,5771.444838183267,3.6838818310824397,0,0,1,0.42424242424242425,1,5772.968179089682,1566.6748019676397,1,5299.084497451782,4084.707996368408,6211.739990234375,2127.031993865967,2.936170465621455,1,240,Rolling z-score + weekday IQR,Business event,"Known business context overlaps the flag; review, do not treat as error"
store_day,2017-02-27,35,9717.372970581055,5931.3189652987885,3786.054005282266,1.996566729400557,1,0,1,0.42424242424242425,1,5931.3189652987885,1896.282227651354,0,4928.026954650879,3362.421012878418,5829.624000549316,2467.2029876708984,1.9412046920595856,1,241,Weekday IQR,Business event,"Known business context overlaps the flag; review, do not treat as error"
store_day,2017-04-01,35,9474.308975219727,5788.083321911948,3686.225653307779,5.483209319450021,0,0,1,0.3939393939393939,1,5788.083321911948,672.2752020850294,1,5477.930999755859,4301.845012664795,6532.314891815186,2230.4698791503906,1.7917202168119524,0,241,Rolling z-score,Business event,"Known business context overlaps the flag; review, do not treat as error"
store_day,2017-04-14,35,9135.605995178223,5790.40421465465,3345.201780523573,3.2357002952108744,1,0,1,0.5151515151515151,1,5790.40421465465,1033.841664963461,1,3837.1119985580444,2887.7722549438477,4742.544995307922,1854.7727403640747,2.856680972990865,1,240,Rolling z-score + weekday IQR,Business event,"Known business context overlaps the flag; review, do not treat as error"
store_day,2017-05-26,35,7626.652008056641,5709.171320302145,1917.4806877544952,1.5892265478792724,1,0,1,0.48484848484848486,1,5709.171320302145,1206.549620199372,0,3837.1119985580444,2887.7722549438477,4742.544995307922,1854.7727403640747,2.0431290190057165,1,240,Weekday IQR,Business event,"Known business context overlaps the flag; review, do not treat as error"
store_day,2013-01-05,36,0.0,10554.728912353516,-10554.728912353516,,0,0,0,0.0,0,,,0,10554.728912353516,7789.481887817383,12557.750877380371,4768.268989562988,-2.2135347094419804,1,241,Weekday IQR,Potential data issue,Extreme or zero value without mapped context; investigate source records
store_day,2013-01-12,36,0.0,10554.728912353516,-10554.728912353516,,0,0,0,0.0,0,,,0,10554.728912353516,7789.481887817383,12557.750877380371,4768.268989562988,-2.2135347094419804,1,241,Weekday IQR,Potential data issue,Extreme or zero value without mapped context; investigate source records
store_day,2013-01-19,36,0.0,0.0,0.0,,0,0,0,0.0,0,0.0,0.0,0,10554.728912353516,7789.481887817383,12557.750877380371,4768.268989562988,-2.2135347094419804,1,241,Weekday IQR,Potential data issue,Extreme or zero value without mapped context; investigate source records
store_day,2013-01-26,36,0.0,0.0,0.0,,0,0,0,0.0,0,0.0,0.0,0,10554.728912353516,7789.481887817383,12557.750877380371,4768.268989562988,-2.2135347094419804,1,241,Weekday IQR,Potential data issue,Extreme or zero value without mapped context; investigate source records
store_day,2013-02-02,36,0.0,0.0,0.0,,0,0,0,0.0,0,0.0,0.0,0,10554.728912353516,7789.481887817383,12557.750877380371,4768.268989562988,-2.2135347094419804,1,241,Weekday IQR,Potential data issue,Extreme or zero value without mapped context; investigate source records
store_day,2013-02-09,36,0.0,0.0,0.0,,0,0,0,0.0,0,0.0,0.0,0,10554.728912353516,7789.481887817383,12557.750877380371,4768.268989562988,-2.2135347094419804,1,241,Weekday IQR,Potential data issue,Extreme or zero value without mapped context; investigate source records
store_day,2013-02-16,36,0.0,0.0,0.0,,0,0,0,0.0,0,0.0,0.0,0,10554.728912353516,7789.481887817383,12557.750877380371,4768.268989562988,-2.2135347094419804,1,241,Weekday IQR,Potential data issue,Extreme or zero value without mapped context; investigate source records
store_day,2013-02-23,36,0.0,0.0,0.0,,0,0,0,0.0,0,0.0,0.0,0,10554.728912353516,7789.481887817383,12557.750877380371,4768.268989562988,-2.2135347094419804,1,241,Weekday IQR,Potential data issue,Extreme or zero value without mapped context; investigate source records
store_day,2013-03-02,36,0.0,0.0,0.0,,0,0,0,0.0,0,0.0,0.0,0,10554.728912353516,7789.481887817383,12557.750877380371,4768.268989562988,-2.2135347094419804,1,241,Weekday IQR,Potential data issue,Extreme or zero value without mapped context; investigate source records
store_day,2013-03-09,36,0.0,0.0,0.0,,0,0,0,0.0,0,0.0,0.0,0,10554.728912353516,7789.481887817383,12557.750877380371,4768.268989562988,-2.2135347094419804,1,241,Weekday IQR,Potential data issue,Extreme or zero value without mapped context; investigate source records
store_day,2013-03-16,36,0.0,0.0,0.0,,0,0,0,0.0,0,0.0,0.0,0,10554.728912353516,7789.481887817383,12557.750877380371,4768.268989562988,-2.2135347094419804,1,241,Weekday IQR,Potential data issue,Extreme or zero value without mapped context; investigate source records
store_day,2013-03-23,36,0.0,0.0,0.0,,0,0,0,0.0,0,0.0,0.0,0,10554.728912353516,7789.481887817383,12557.750877380371,4768.268989562988,-2.2135347094419804,1,241,Weekday IQR,Potential data issue,Extreme or zero value without mapped context; investigate source records
store_day,2013-03-30,36,0.0,0.0,0.0,,0,0,0,0.0,0,0.0,0.0,0,10554.728912353516,7789.481887817383,12557.750877380371,4768.268989562988,-2.2135347094419804,1,241,Weekday IQR,Potential data issue,Extreme or zero value without mapped context; investigate source records
store_day,2013-04-06,36,0.0,0.0,0.0,,0,0,0,0.0,0,0.0,0.0,0,10554.728912353516,7789.481887817383,12557.750877380371,4768.268989562988,-2.2135347094419804,1,241,Weekday IQR,Potential data issue,Extreme or zero value without mapped context; investigate source records
store_day,2013-04-13,36,0.0,0.0,0.0,,0,0,0,0.0,0,0.0,0.0,0,10554.728912353516,7789.481887817383,12557.750877380371,4768.268989562988,-2.2135347094419804,1,241,Weekday IQR,Potential data issue,Extreme or zero value without mapped context; investigate source records
store_day,2013-04-20,36,0.0,0.0,0.0,,0,0,0,0.0,0,0.0,0.0,0,10554.728912353516,7789.481887817383,12557.750877380371,4768.268989562988,-2.2135347094419804,1,241,Weekday IQR,Potential data issue,Extreme or zero value without mapped context; investigate source records
store_day,2013-04-27,36,0.0,0.0,0.0,,0,0,0,0.0,0,0.0,0.0,0,10554.728912353516,7789.481887817383,12557.750877380371,4768.268989562988,-2.2135347094419804,1,241,Weekday IQR,Potential data issue,Extreme or zero value without mapped context; investigate source records
store_day,2013-05-04,36,0.0,0.0,0.0,,0,0,0,0.0,0,0.0,0.0,0,10554.728912353516,7789.481887817383,12557.750877380371,4768.268989562988,-2.2135347094419804,1,241,Weekday IQR,Potential data issue,Extreme or zero value without mapped context; investigate source records
store_day,2013-05-10,36,8884.131999969482,519.9281786509922,8364.20382131849,3.0402005693064336,0,0,0,0.0,0,519.9281786509922,2751.201320650575,1,8193.249513626099,5235.528250217438,10216.407704353333,4980.879454135895,0.13870692770324056,0,240,Rolling z-score,Unexplained anomaly,No mapped business context; investigate before drawing conclusions
store_day,2013-05-11,36,11565.197006225586,837.2186072213309,10727.978399004254,3.384742030160134,1,0,0,0.0,0,837.2186072213309,3169.5113847411017,1,10554.728912353516,7789.481887817383,12557.750877380371,4768.268989562988,0.2119150777952818,0,241,Rolling z-score,Business event,"Known business context overlaps the flag; review, do not treat as error"
store_day,2013-09-01,36,8761.535995483398,4967.800640719278,3793.7353547641205,3.2540584511878095,0,0,0,0.0,0,4967.800640719278,1165.8473293186594,1,11281.318552017212,7870.686509132385,13252.171281814575,5381.48477268219,-0.4682318473379098,0,240,Rolling z-score,Unexplained anomaly,No mapped business context; investigate before drawing conclusions
store_day,2013-12-01,36,8477.018003463745,4833.543393407549,3643.474610056196,3.4929941357486936,0,0,0,0.0,0,4833.543393407549,1043.0806547218117,1,11281.318552017212,7870.686509132385,13252.171281814575,5381.48477268219,-0.5211016414631185,0,240,Rolling z-score,Unexplained anomaly,No mapped business context; investigate before drawing conclusions
store_day,2013-12-10,36,10771.79485321045,4959.5406785692485,5812.254174641201,4.9928337587061495,0,0,0,0.0,0,4959.5406785692485,1164.119306897852,1,11416.84079360962,6829.460796356201,13788.861400604248,6959.400604248047,-0.09268699663666885,0,242,Rolling z-score,Unexplained anomaly,No mapped business context; investigate before drawing conclusions
store_day,2013-12-21,36,11769.315002441406,5633.521781103952,6135.793221337454,3.9028985940365506,1,0,0,0.0,0,5633.521781103952,1572.1118736501799,1,10554.728912353516,7789.481887817383,12557.750877380371,4768.268989562988,0.2547226452086562,0,241,Rolling z-score,Business event,"Known business context overlaps the flag; review, do not treat as error"
store_day,2014-03-01,36,18638.037811279297,6342.542015961239,12295.495795318058,9.317943073979713,0,0,0,0.0,0,6342.542015961239,1319.5504305722943,1,10554.728912353516,7789.481887817383,12557.750877380371,4768.268989562988,1.6952292155956195,0,241,Rolling z-score,Unexplained anomaly,No mapped business context; investigate before drawing conclusions
store_day,2014-03-02,36,16208.491119384766,6691.696437631334,9516.794681753432,3.602424636788674,0,0,0,0.0,0,6691.696437631334,2641.7748159298158,1,11281.318552017212,7870.686509132385,13252.171281814575,5381.48477268219,0.9155786507803864,0,240,Rolling z-score,Unexplained anomaly,No mapped business context; investigate before drawing conclusions
store_day,2014-06-01,36,10982.676181793213,6055.6752468283685,4927.000934964844,3.9123498897460336,0,0,0,0.0,0,6055.6752468283685,1259.3456806810998,1,11281.318552017212,7870.686509132385,13252.171281814575,5381.48477268219,-0.05549441888974303,0,240,Rolling z-score,Unexplained anomaly,No mapped business context; investigate before drawing conclusions
store_day,2014-07-01,36,15451.778968811035,6520.537572656359,8931.241396154677,5.5824719971572865,0,1,1,0.2727272727272727,1,6520.537572656359,1599.8721356242638,1,11416.84079360962,6829.460796356201,13788.861400604248,6959.400604248047,0.5797824273456069,0,242,Rolling z-score,Business event,"Known business context overlaps the flag; review, do not treat as error"
store_day,2014-09-01,36,11766.075969696045,6539.217554977962,5226.858414718083,3.745232418566766,0,0,1,0.15151515151515152,0,6539.217554977962,1395.603217788633,1,9254.246021270752,6351.552108764648,11260.671039581299,4909.11893081665,0.5116661429116041,0,241,Rolling z-score,Unexplained anomaly,No mapped business context; investigate before drawing conclusions
store_day,2014-09-02,36,13483.24787902832,6698.630520616259,6784.617358412062,3.976099846717725,0,0,1,0.24242424242424243,0,6698.630520616259,1706.3498453170816,1,11416.84079360962,6829.460796356201,13788.861400604248,6959.400604248047,0.296923140788498,0,242,Rolling z-score,Unexplained anomaly,No mapped business context; investigate before drawing conclusions
store_day,2014-11-01,36,15887.71199798584,9198.498866762433,6689.213131223407,4.444329312283832,0,0,1,0.2727272727272727,1,9198.498866762433,1505.1119440530351,1,10554.728912353516,7789.481887817383,12557.750877380371,4768.268989562988,1.1184316776812318,0,241,Rolling z-score,Business event,"Known business context overlaps the flag; review, do not treat as error"
store_day,2014-12-23,36,18091.08218383789,10780.993174757275,7310.089009080615,3.2428433000235755,1,0,1,0.30303030303030304,1,10780.993174757275,2254.222092392645,1,11416.84079360962,6829.460796356201,13788.861400604248,6959.400604248047,0.9590253198176704,0,242,Rolling z-score,Business event,"Known business context overlaps the flag; review, do not treat as error"
store_day,2014-12-30,36,23181.38296508789,11914.15648160662,11267.22648348127,4.566792111462976,0,0,1,0.36363636363636365,1,11914.15648160662,2467.208098919091,1,11416.84079360962,6829.460796356201,13788.861400604248,6959.400604248047,1.6904533652362455,0,242,Rolling z-score,Business event,"Known business context overlaps the flag; review, do not treat as error"
store_day,2014-12-31,36,22157.643951416016,12312.183439663479,9845.460511752537,3.0205725614714263,1,0,1,0.3333333333333333,1,12312.183439663479,3259.468299929358,1,8033.8594760894775,5155.465772628784,10173.530572891235,5018.064800262451,2.814587901413279,1,240,Rolling z-score + weekday IQR,Business event,"Known business context overlaps the flag; review, do not treat as error"
store_day,2015-01-01,36,0.0,12615.935254641941,-12615.935254641941,-3.3655035320008384,1,0,0,0.0,0,12615.935254641941,3748.6025893847727,1,8444.579000473022,5704.210131645203,10569.940265655518,4865.730134010315,-1.7355214465034532,0,240,Rolling z-score,Business event,"Known business context overlaps the flag; review, do not treat as error"
store_day,2015-02-01,36,13183.519989013672,7853.22392143522,5330.296067578452,3.221238513703696,0,0,1,0.21212121212121213,0,7853.22392143522,1654.7349862180233,1,11281.318552017212,7870.686509132385,13252.171281814575,5381.48477268219,0.3534714892537701,0,240,Rolling z-score,Unexplained anomaly,No mapped business context; investigate before drawing conclusions
store_day,2015-02-14,36,14929.616889953613,8389.433407715389,6540.183482238224,3.63745709665618,0,0,1,0.06060606060606061,0,8389.433407715389,1798.0097932290241,1,10554.728912353516,7789.481887817383,12557.750877380371,4768.268989562988,0.9175002474013229,0,241,Rolling z-score,Unexplained anomaly,No mapped business context; investigate before drawing conclusions
store_day,2015-04-02,36,12585.844909667969,8198.920691830772,4386.924217837197,3.722267299570977,0,0,1,0.30303030303030304,1,8198.920691830772,1178.5623827560228,1,8444.579000473022,5704.210131645203,10569.940265655518,4865.730134010315,0.8511088357014431,0,240,Rolling z-score,Business event,"Known business context overlaps the flag; review, do not treat as error"
store_day,2015-05-01,36,14163.62279510498,8120.940070969717,6042.682724135263,5.84776085368124,1,0,1,0.18181818181818182,0,8120.940070969717,1033.3327362953492,1,8193.249513626099,5235.528250217438,10216.407704353333,4980.879454135895,1.1986584570966392,0,240,Rolling z-score,Business event,"Known business context overlaps the flag; review, do not treat as error"
store_day,2015-05-02,36,12721.479774475098,8221.13895865849,4500.340815816608,3.1651534232769207,0,0,1,0.09090909090909091,0,8221.13895865849,1421.8397069540317,1,10554.728912353516,7789.481887817383,12557.750877380371,4768.268989562988,0.4544103671299309,0,241,Rolling z-score,Unexplained anomaly,No mapped business context; investigate before drawing conclusions
store_day,2015-05-30,36,13595.056922912598,8547.725031444004,5047.331891468593,3.2120830895726007,0,0,1,0.15151515151515152,0,8547.725031444004,1571.3578231689487,1,10554.728912353516,7789.481887817383,12557.750877380371,4768.268989562988,0.6376167152511519,0,241,Rolling z-score,Unexplained anomaly,No mapped business context; investigate before drawing conclusions
store_day,2015-05-31,36,15281.19200515747,8578.924215316772,6702.267789840698,4.029547853095148,0,0,1,0.15151515151515152,0,8578.924215316772,1663.280356552311,1,11281.318552017212,7870.686509132385,13252.171281814575,5381.48477268219,0.7432657755429602,0,240,Rolling z-score,Unexplained anomaly,No mapped business context; investigate before drawing conclusions
store_day,2015-08-01,36,17892.1280670166,10670.922706604004,7221.205360412598,4.179546280042504,0,0,1,0.18181818181818182,0,10670.922706604004,1727.7486302506406,1,10554.728912353516,7789.481887817383,12557.750877380371,4768.268989562988,1.5387972387303508,0,241,Rolling z-score,Unexplained anomaly,No mapped business context; investigate before drawing conclusions
store_day,2015-09-01,36,20242.56792449951,10790.568441935948,9451.999482563564,4.692315354482369,0,0,1,0.15151515151515152,0,10790.568441935948,2014.3572561751357,1,11416.84079360962,6829.460796356201,13788.861400604248,6959.400604248047,1.268173458142736,0,242,Rolling z-score,Unexplained anomaly,No mapped business context; investigate before drawing conclusions
store_day,2015-10-01,36,20508.03709793091,14718.843433380127,5789.193664550781,2.268530167922963,0,0,1,0.24242424242424243,0,14718.843433380127,2551.95797984529,0,8444.579000473022,5704.210131645203,10569.940265655518,4865.730134010315,2.479269866024245,1,240,Weekday IQR,Unexplained anomaly,No mapped business context; investigate before drawing conclusions
store_day,2015-10-02,36,18121.53978729248,15047.822612489972,3073.7171748025085,1.1448885330526437,0,0,1,0.2727272727272727,1,15047.822612489972,2684.7305096217383,0,8193.249513626099,5235.528250217438,10216.407704353333,4980.879454135895,1.9932805772728315,1,240,Weekday IQR,Business event,"Known business context overlaps the flag; review, do not treat as error"
store_day,2015-10-03,36,20787.869926452637,15344.113287789482,5443.756638663155,2.1423948815117853,0,0,1,0.2727272727272727,1,15344.113287789482,2540.967907289695,0,10554.728912353516,7789.481887817383,12557.750877380371,4768.268989562988,2.1460913879854306,1,241,Weekday IQR,Business event,"Known business context overlaps the flag; review, do not treat as error"
store_day,2015-12-01,36,16576.126174926758,10251.403028692517,6324.723146234241,3.493900411718535,0,0,1,0.3333333333333333,1,10251.403028692517,1810.218495358692,1,11416.84079360962,6829.460796356201,13788.861400604248,6959.400604248047,0.741340479547605,0,242,Rolling z-score,Business event,"Known business context overlaps the flag; review, do not treat as error"
store_day,2015-12-22,36,19705.835914611816,11366.604094709668,8339.231819902148,3.7375351836875135,1,0,1,0.24242424242424243,0,11366.604094709668,2231.2115900069,1,11416.84079360962,6829.460796356201,13788.861400604248,6959.400604248047,1.1910501481898543,0,242,Rolling z-score,Business event,"Known business context overlaps the flag; review, do not treat as error"
store_day,2015-12-30,36,18716.631118774414,12956.489326068333,5760.141792706081,1.916570787013085,0,0,1,0.21212121212121213,0,12956.489326068333,3005.4417148260304,0,8033.8594760894775,5155.465772628784,10173.530572891235,5018.064800262451,2.1288628321671363,1,240,Weekday IQR,Unexplained anomaly,No mapped business context; investigate before drawing conclusions
store_day,2015-12-31,36,22842.500885009766,13032.93593120575,9809.564953804016,3.1383210771024324,1,0,1,0.15151515151515152,0,13032.93593120575,3125.736568312204,1,8444.579000473022,5704.210131645203,10569.940265655518,4865.730134010315,2.9590465332013873,1,240,Rolling z-score + weekday IQR,Business event,"Known business context overlaps the flag; review, do not treat as error"
store_day,2016-01-01,36,0.0,13463.538388252258,-13463.538388252258,-3.7406112776904727,1,0,0,0.0,0,13463.538388252258,3599.2882950844637,1,8193.249513626099,5235.528250217438,10216.407704353333,4980.879454135895,-1.6449403341457698,0,240,Rolling z-score,Business event,"Known business context overlaps the flag; review, do not treat as error"
store_day,2016-02-06,36,19823.175704956055,11752.551177978516,8070.624526977539,4.181185165353797,0,0,1,0.18181818181818182,0,11752.551177978516,1930.224136891252,1,10554.728912353516,7789.481887817383,12557.750877380371,4768.268989562988,1.943775993529256,1,241,Rolling z-score + weekday IQR,Unexplained anomaly,No mapped business context; investigate before drawing conclusions
store_day,2016-03-01,36,19223.159790039062,11970.905605043683,7252.25418499538,3.1092793408121273,0,0,1,0.2727272727272727,1,11970.905605043683,2332.455012903771,1,11416.84079360962,6829.460796356201,13788.861400604248,6959.400604248047,1.1216941573480386,0,242,Rolling z-score,Business event,"Known business context overlaps the flag; review, do not treat as error"
store_day,2016-04-01,36,16799.99607849121,11437.154959269932,5362.841119221279,3.144609483340239,0,0,1,0.2727272727272727,1,11437.154959269932,1705.4076659225773,1,8193.249513626099,5235.528250217438,10216.407704353333,4980.879454135895,1.7279572099899874,0,240,Rolling z-score,Business event,"Known business context overlaps the flag; review, do not treat as error"
store_day,2016-04-18,36,21697.035285949707,11906.733780452183,9790.301505497524,4.212519419669993,0,1,1,0.3939393939393939,1,11906.733780452183,2324.0964682044105,1,9254.246021270752,6351.552108764648,11260.671039581299,4909.11893081665,2.5346277896365916,1,241,Rolling z-score + weekday IQR,Business event,"Known business context overlaps the flag; review, do not treat as error"
store_day,2016-04-19,36,23629.435985565186,12260.329899924142,11369.106085641044,3.827892402771425,0,1,1,0.3333333333333333,1,12260.329899924142,2970.069398348219,1,11416.84079360962,6829.460796356201,13788.861400604248,6959.400604248047,1.75483434370784,0,242,Rolling z-score,Business event,"Known business context overlaps the flag; review, do not treat as error"
store_day,2016-07-02,36,16793.27593231201,10355.267168317523,6438.008763994489,3.125424989131168,0,0,1,0.45454545454545453,1,10355.267168317523,2059.882667599769,1,10554.728912353516,7789.481887817383,12557.750877380371,4768.268989562988,1.3083462853319983,0,241,Rolling z-score,Business event,"Known business context overlaps the flag; review, do not treat as error"
store_day,2016-07-03,36,18139.46305847168,10508.744276319232,7630.718782152448,3.229160321882654,0,0,1,0.42424242424242425,1,10508.744276319232,2363.0659433173055,1,11281.318552017212,7870.686509132385,13252.171281814575,5381.48477268219,1.2743963415576653,0,240,Rolling z-score,Business event,"Known business context overlaps the flag; review, do not treat as error"
store_day,2016-12-01,36,16234.175888061523,10139.990164279938,6094.185723781586,3.83479486688236,0,0,1,0.5151515151515151,1,10139.990164279938,1589.1816734218385,1,8444.579000473022,5704.210131645203,10569.940265655518,4865.730134010315,1.6009101764894527,0,240,Rolling z-score,Business event,"Known business context overlaps the flag; review, do not treat as error"
store_day,2016-12-19,36,21796.342163085938,11456.547254766736,10339.794908319202,4.453558466755653,0,0,1,0.48484848484848486,1,11456.547254766736,2321.6928632468544,1,9254.246021270752,6351.552108764648,11260.671039581299,4909.11893081665,2.5548568528423816,1,241,Rolling z-score + weekday IQR,Business event,"Known business context overlaps the flag; review, do not treat as error"
store_day,2016-12-30,36,21775.80696105957,13902.067049435207,7873.739911624363,2.501591810166578,0,0,1,0.48484848484848486,1,13902.067049435207,3147.491880819701,0,8193.249513626099,5235.528250217438,10216.407704353333,4980.879454135895,2.7269396042410015,1,240,Weekday IQR,Business event,"Known business context overlaps the flag; review, do not treat as error"
store_day,2016-12-31,36,22355.149703979492,14099.982444899422,8255.16725908007,2.3869644754870216,1,0,1,0.5151515151515151,1,14099.982444899422,3458.437418678272,0,10554.728912353516,7789.481887817383,12557.750877380371,4768.268989562988,2.474780851804983,1,241,Weekday IQR,Business event,"Known business context overlaps the flag; review, do not treat as error"
store_day,2017-01-01,36,0.0,14482.005788530621,-14482.005788530621,-3.8549988015214014,0,0,0,0.0,0,14482.005788530621,3756.6823063123134,1,11281.318552017212,7870.686509132385,13252.171281814575,5381.48477268219,-2.0963208163821454,0,240,Rolling z-score,Potential data issue,Extreme or zero value without mapped context; investigate source records
store_day,2017-02-25,36,21443.163024902344,12168.013921328953,9275.14910357339,5.155195408197946,0,0,1,0.5151515151515151,1,12168.013921328953,1799.1847775205129,1,10554.728912353516,7789.481887817383,12557.750877380371,4768.268989562988,2.2835192679737544,1,241,Rolling z-score + weekday IQR,Business event,"Known business context overlaps the flag; review, do not treat as error"
store_day,2017-04-01,36,17606.852073669434,12210.711358751569,5396.140714917865,3.3511036923758004,0,0,1,0.42424242424242425,1,12210.711358751569,1610.2577569279015,1,10554.728912353516,7789.481887817383,12557.750877380371,4768.268989562988,1.4789692395189822,0,241,Rolling z-score,Business event,"Known business context overlaps the flag; review, do not treat as error"
store_day,2017-05-01,36,18774.44781112671,12802.007361343929,5972.44044978278,3.2463038141244005,1,0,1,0.42424242424242425,1,12802.007361343929,1839.7663286465006,1,9254.246021270752,6351.552108764648,11260.671039581299,4909.11893081665,1.939289294886208,1,241,Rolling z-score + weekday IQR,Business event,"Known business context overlaps the flag; review, do not treat as error"
store_day,2017-08-01,36,18634.74920654297,11198.471129621777,7436.278076921191,3.506997132452484,0,0,0,0.0,0,11198.471129621777,2120.411792786644,1,11416.84079360962,6829.460796356201,13788.861400604248,6959.400604248047,1.0371451254763964,0,242,Rolling z-score,Unexplained anomaly,No mapped business context; investigate before drawing conclusions
store_day,2013-01-01,37,0.0,11419.486989021301,-11419.486989021301,,1,0,0,0.0,0,,,0,11419.486989021301,8476.107766628265,13181.766654014587,4705.658887386322,-2.4267562231575313,1,242,Weekday IQR,Business event,"Known business context overlaps the flag; review, do not treat as error"
store_day,2013-02-10,37,3260.7250022888184,7520.4882872104645,-4259.763284921646,-3.4732352012993024,0,0,0,0.0,0,7520.4882872104645,1226.454022845361,1,11105.748925209045,8661.795995235443,13474.087759494781,4812.291764259338,-1.6302053797288114,0,240,Rolling z-score,Unexplained anomaly,No mapped business context; investigate before drawing conclusions
store_day,2013-02-11,37,2676.579997062683,7382.360501459667,-4705.780504396984,-3.2087444545671477,1,0,0,0.0,0,7382.360501459667,1466.5488545524522,1,12459.55603981018,8925.577978134155,13976.954878807068,5051.376900672913,-1.9366949319193092,0,241,Rolling z-score,Business event,"Known business context overlaps the flag; review, do not treat as error"
store_day,2013-06-01,37,12039.938972473145,7537.086997798511,4502.851974674633,4.305913746042097,0,0,0,0.0,0,7537.086997798511,1045.7366868562005,1,13730.485040664673,10409.680038452148,15989.915050506592,5580.235012054443,-0.3029524857895061,0,241,Rolling z-score,Unexplained anomaly,No mapped business context; investigate before drawing conclusions
store_day,2013-07-01,37,10819.74199295044,7646.801601920809,3172.9403910296305,3.0048232684384226,0,0,0,0.0,0,7646.801601920809,1055.9490883730332,1,12459.55603981018,8925.577978134155,13976.954878807068,5051.376900672913,-0.3246271420850215,0,241,Rolling z-score,Unexplained anomaly,No mapped business context; investigate before drawing conclusions
store_day,2013-08-11,37,4260.555997848511,7419.998102869306,-3159.4421050207957,-3.7843515656191697,0,0,0,0.0,0,7419.998102869306,834.8701356724687,1,11105.748925209045,8661.795995235443,13474.087759494781,4812.291764259338,-1.4224392997530733,0,240,Rolling z-score,Unexplained anomaly,No mapped business context; investigate before drawing conclusions
store_day,2013-09-01,37,9806.760990142822,6596.920351300921,3209.8406388419016,4.039839567168204,0,0,0,0.0,0,6596.920351300921,794.5465619299074,1,11105.748925209045,8661.795995235443,13474.087759494781,4812.291764259338,-0.2699312507844484,0,240,Rolling z-score,Unexplained anomaly,No mapped business context; investigate before drawing conclusions
store_day,2013-09-02,37,10224.535026550293,6682.559958457947,3541.975068092346,3.576333677329453,0,0,0,0.0,0,6682.559958457947,990.3927842485986,1,12459.55603981018,8925.577978134155,13976.954878807068,5051.376900672913,-0.44245778076115294,0,241,Rolling z-score,Unexplained anomaly,No mapped business context; investigate before drawing conclusions
store_day,2013-11-04,37,11531.950979232788,7397.874354549816,4134.076624682972,4.353433235241341,0,0,0,0.0,0,7397.874354549816,949.6129609195192,1,12459.55603981018,8925.577978134155,13976.954878807068,5051.376900672913,-0.18363410191265334,0,241,Rolling z-score,Unexplained anomaly,No mapped business context; investigate before drawing conclusions
store_day,2013-12-04,37,17648.48399925232,8401.8348586389,9246.64914061342,7.7073348501388566,0,0,0,0.0,0,8401.8348586389,1199.7206972844615,1,14671.04543209076,9420.45050573349,16538.03497362137,7117.584467887878,0.41832149384313605,0,240,Rolling z-score,Unexplained anomaly,No mapped business context; investigate before drawing conclusions
store_day,2014-01-01,37,0.0,10185.038066727775,-10185.038066727775,-4.12267596652114,1,0,0,0.0,0,10185.038066727775,2470.4920176693563,1,14671.04543209076,9420.45050573349,16538.03497362137,7117.584467887878,-2.061239385114645,0,240,Rolling z-score,Business event,"Known business context overlaps the flag; review, do not treat as error"
store_day,2014-01-02,37,20653.863983154297,9846.308208465576,10807.55577468872,3.450903432728363,0,0,0,0.0,0,9846.308208465576,3131.8047535581195,1,11280.212482452393,8007.83898639679,12586.112518310547,4578.273531913757,2.047420591050539,1,240,Rolling z-score + weekday IQR,Unexplained anomaly,No mapped business context; investigate before drawing conclusions
store_day,2014-03-01,37,18269.96600151062,8963.186320986066,9306.779680524554,8.547436818452109,0,0,0,0.0,0,8963.186320986066,1088.838663356152,1,13730.485040664673,10409.680038452148,15989.915050506592,5580.235012054443,0.8134927921565569,0,241,Rolling z-score,Unexplained anomaly,No mapped business context; investigate before drawing conclusions
store_day,2014-03-05,37,21469.550024032593,8959.713815961566,12509.836208071027,6.095309438867816,0,0,0,0.0,0,8959.713815961566,2052.3709802655544,1,14671.04543209076,9420.45050573349,16538.03497362137,7117.584467887878,0.9551702017186273,0,240,Rolling z-score,Unexplained anomaly,No mapped business context; investigate before drawing conclusions
store_day,2014-06-01,37,13643.116998672485,8791.218080316272,4851.8989183562135,4.538367108667692,0,0,0,0.0,0,8791.218080316272,1069.0847175165086,1,11105.748925209045,8661.795995235443,13474.087759494781,4812.291764259338,0.5272681287340788,0,240,Rolling z-score,Unexplained anomaly,No mapped business context; investigate before drawing conclusions
store_day,2014-07-01,37,17130.82395553589,8938.188088110515,8192.635867425373,7.455637159281348,0,1,1,0.30303030303030304,1,8938.188088110515,1098.8512037802902,1,11419.486989021301,8476.107766628265,13181.766654014587,4705.658887386322,1.213716740459879,0,242,Rolling z-score,Business event,"Known business context overlaps the flag; review, do not treat as error"
store_day,2014-07-02,37,19789.73211669922,9207.386264903205,10582.345851796013,5.5755837775660515,0,0,1,0.3333333333333333,1,9207.386264903205,1897.9798840751341,1,14671.04543209076,9420.45050573349,16538.03497362137,7117.584467887878,0.7191606517214139,0,240,Rolling z-score,Business event,"Known business context overlaps the flag; review, do not treat as error"
store_day,2014-08-03,37,7943.562990188599,13883.738115889686,-5940.175125701087,-3.584282028889577,0,0,1,0.18181818181818182,0,13883.738115889686,1657.2845210903715,1,11105.748925209045,8661.795995235443,13474.087759494781,4812.291764259338,-0.6571060297103869,0,240,Rolling z-score,Unexplained anomaly,No mapped business context; investigate before drawing conclusions
store_day,2014-09-01,37,19368.535078048706,8110.51899770328,11258.016080345427,10.995257271516518,0,0,1,0.15151515151515152,0,8110.51899770328,1023.8974680028263,1,12459.55603981018,8925.577978134155,13976.954878807068,5051.376900672913,1.3677417413296076,0,241,Rolling z-score,Unexplained anomaly,No mapped business context; investigate before drawing conclusions
store_day,2014-09-02,37,17131.401029586792,8455.98317878587,8675.417850800923,3.6905863277154545,0,0,1,0.24242424242424243,0,8455.98317878587,2350.6882322872466,1,11419.486989021301,8476.107766628265,13181.766654014587,4705.658887386322,1.2138393745191496,0,242,Rolling z-score,Unexplained anomaly,No mapped business context; investigate before drawing conclusions
store_day,2014-09-03,37,19221.01708984375,8748.451072795051,10472.566017048699,3.6536639260366908,0,0,1,0.3333333333333333,1,8748.451072795051,2866.3189141232283,1,14671.04543209076,9420.45050573349,16538.03497362137,7117.584467887878,0.6392578378635219,0,240,Rolling z-score,Business event,"Known business context overlaps the flag; review, do not treat as error"
store_day,2014-10-01,37,21388.525276184082,14689.572908878326,6698.952367305756,3.578141025378171,0,0,1,0.30303030303030304,1,14689.572908878326,1872.1879098093257,1,14671.04543209076,9420.45050573349,16538.03497362137,7117.584467887878,0.9437864593529319,0,240,Rolling z-score,Business event,"Known business context overlaps the flag; review, do not treat as error"
store_day,2014-11-04,37,19665.541091918945,14345.503153221947,5320.037938696998,3.430813580293499,0,0,1,0.18181818181818182,0,14345.503153221947,1550.6636586887591,1,11419.486989021301,8476.107766628265,13181.766654014587,4705.658887386322,1.7523697106480607,0,242,Rolling z-score,Unexplained anomaly,No mapped business context; investigate before drawing conclusions
store_day,2014-11-05,37,21289.207843780518,14575.350727183479,6713.857116597039,3.667121005847642,0,0,1,0.3333333333333333,1,14575.350727183479,1830.8250820987444,1,14671.04543209076,9420.45050573349,16538.03497362137,7117.584467887878,0.9298326477962653,0,240,Rolling z-score,Business event,"Known business context overlaps the flag; review, do not treat as error"
store_day,2014-12-20,37,24581.94495010376,16057.961354153496,8523.983595950263,4.960535134809848,0,0,1,0.15151515151515152,0,16057.961354153496,1718.3596858601854,1,13730.485040664673,10409.680038452148,15989.915050506592,5580.235012054443,1.9446241755047458,1,241,Rolling z-score + weekday IQR,Unexplained anomaly,No mapped business context; investigate before drawing conclusions
store_day,2014-12-23,37,23176.946002960205,16692.89467413085,6484.051328829355,2.5918780931335825,1,0,1,0.24242424242424243,0,16692.89467413085,2501.6806716361157,0,11419.486989021301,8476.107766628265,13181.766654014587,4705.658887386322,2.4985786890450497,1,242,Weekday IQR,Business event,"Known business context overlaps the flag; review, do not treat as error"
store_day,2015-01-01,37,0.0,17126.056849854333,-17126.056849854333,-6.09857985316717,1,0,0,0.0,0,17126.056849854333,2808.2040839327983,1,11280.212482452393,8007.83898639679,12586.112518310547,4578.273531913757,-2.4638572605637146,1,240,Rolling z-score + weekday IQR,Business event,"Known business context overlaps the flag; review, do not treat as error"
store_day,2015-02-15,37,4536.540008544922,10091.349718706948,-5554.809710162026,-4.037317339157515,0,0,1,0.12121212121212122,0,10091.349718706948,1375.8665082594603,1,11105.748925209045,8661.795995235443,13474.087759494781,4812.291764259338,-1.3650894913424254,0,240,Rolling z-score,Unexplained anomaly,No mapped business context; investigate before drawing conclusions
store_day,2015-02-16,37,4389.623992919922,9883.372325692859,-5493.748332772937,-3.1780243545935796,1,0,1,0.18181818181818182,0,9883.372325692859,1728.6677884743594,1,12459.55603981018,8925.577978134155,13976.954878807068,5051.376900672913,-1.5975707625014544,0,241,Rolling z-score,Business event,"Known business context overlaps the flag; review, do not treat as error"
store_day,2015-06-01,37,18138.134092330933,11059.728214144707,7078.405878186226,4.771876767343923,0,0,1,0.24242424242424243,0,11059.728214144707,1483.358901182635,1,12459.55603981018,8925.577978134155,13976.954878807068,5051.376900672913,1.1241643940218136,0,241,Rolling z-score,Unexplained anomaly,No mapped business context; investigate before drawing conclusions
store_day,2015-06-02,37,17768.255962371826,11290.198110393116,6478.0578519787105,3.2445134351476717,0,0,1,0.3333333333333333,1,11290.198110393116,1996.6192100800674,1,11419.486989021301,8476.107766628265,13181.766654014587,4705.658887386322,1.3491774744592335,0,242,Rolling z-score,Business event,"Known business context overlaps the flag; review, do not treat as error"
store_day,2015-06-03,37,19514.092876434326,11495.273466944695,8018.819409489632,3.426382036559874,0,0,1,0.48484848484848486,1,11495.273466944695,2340.316790109201,1,14671.04543209076,9420.45050573349,16538.03497362137,7117.584467887878,0.6804341369173419,0,240,Rolling z-score,Business event,"Known business context overlaps the flag; review, do not treat as error"
store_day,2015-07-01,37,22909.546920776367,15137.647490126747,7771.899430649621,4.094026307481372,0,0,1,0.36363636363636365,1,15137.647490126747,1898.3511211071968,1,14671.04543209076,9420.45050573349,16538.03497362137,7117.584467887878,1.1574855944253175,0,240,Rolling z-score,Business event,"Known business context overlaps the flag; review, do not treat as error"
store_day,2015-08-09,37,8667.782989501953,15314.76999436106,-6646.987004859107,-3.9628171370603877,0,0,1,0.24242424242424243,0,15314.76999436106,1677.3388160398017,1,11105.748925209045,8661.795995235443,13474.087759494781,4812.291764259338,-0.5066122452952144,0,240,Rolling z-score,Unexplained anomaly,No mapped business context; investigate before drawing conclusions
store_day,2015-10-03,37,17765.573108673096,12393.569607121604,5372.003501551491,3.556564706467286,0,0,1,0.21212121212121213,0,12393.569607121604,1510.4472840837107,1,13730.485040664673,10409.680038452148,15989.915050506592,5580.235012054443,0.7231036075168539,0,241,Rolling z-score,Unexplained anomaly,No mapped business context; investigate before drawing conclusions
store_day,2015-11-04,37,18821.18791770935,12673.284138577324,6147.903779132026,4.2863366513618555,0,0,1,0.2727272727272727,1,12673.284138577324,1434.3025943094585,1,14671.04543209076,9420.45050573349,16538.03497362137,7117.584467887878,0.5830829973767959,0,240,Rolling z-score,Business event,"Known business context overlaps the flag; review, do not treat as error"
store_day,2015-12-16,37,18999.51417160034,13262.317234992981,5737.196936607361,3.4049307759914593,0,0,1,0.2727272727272727,1,13262.317234992981,1684.9672765922192,1,14671.04543209076,9420.45050573349,16538.03497362137,7117.584467887878,0.608137319485025,0,240,Rolling z-score,Business event,"Known business context overlaps the flag; review, do not treat as error"
store_day,2015-12-21,37,22967.905186653137,13815.071717228207,9152.83346942493,4.596896855485105,1,0,1,0.24242424242424243,0,13815.071717228207,1991.0895887306226,1,12459.55603981018,8925.577978134155,13976.954878807068,5051.376900672913,2.0802940175466023,1,241,Rolling z-score + weekday IQR,Business event,"Known business context overlaps the flag; review, do not treat as error"
store_day,2016-01-01,37,0.0,14964.389321548599,-14964.389321548599,-5.055676706262552,1,0,0,0.0,0,14964.389321548599,2959.9181654578424,1,12626.445491790771,8804.445296287537,14043.4740691185,5239.028772830963,-2.410073706269787,1,240,Rolling z-score + weekday IQR,Business event,"Known business context overlaps the flag; review, do not treat as error"
store_day,2016-02-07,37,6365.05806350708,13588.844762461526,-7223.7866989544455,-3.8539517929580467,0,0,1,0.15151515151515152,0,13588.844762461526,1874.3842909902953,1,11105.748925209045,8661.795995235443,13474.087759494781,4812.291764259338,-0.9851212465775352,0,240,Rolling z-score,Unexplained anomaly,No mapped business context; investigate before drawing conclusions
store_day,2016-02-08,37,5178.480013370514,13356.913693836757,-8178.4336804662435,-3.5290845496486916,1,0,1,0.12121212121212122,0,13356.913693836757,2317.43772794573,1,12459.55603981018,8925.577978134155,13976.954878807068,5051.376900672913,-1.4414042289083058,0,241,Rolling z-score,Business event,"Known business context overlaps the flag; review, do not treat as error"
store_day,2016-12-07,37,21916.471199035645,14223.511408754757,7692.959790280887,4.700240383103801,0,0,1,0.5454545454545454,1,14223.511408754757,1636.7162449680595,1,14671.04543209076,9420.45050573349,16538.03497362137,7117.584467887878,1.0179613321954637,0,240,Rolling z-score,Business event,"Known business context overlaps the flag; review, do not treat as error"
store_day,2016-12-21,37,22761.445881843567,14907.596542205129,7853.849339638438,3.4579225782365577,1,0,1,0.5151515151515151,1,14907.596542205129,2271.262343775111,1,14671.04543209076,9420.45050573349,16538.03497362137,7117.584467887878,1.1366778274643516,0,240,Rolling z-score,Business event,"Known business context overlaps the flag; review, do not treat as error"
store_day,2017-01-01,37,0.0,15843.030608926501,-15843.030608926501,-5.538994068166996,0,0,0,0.0,0,15843.030608926501,2860.2721746855727,1,11105.748925209045,8661.795995235443,13474.087759494781,4812.291764259338,-2.30778794579558,1,240,Rolling z-score + weekday IQR,Potential data issue,Extreme or zero value without mapped context; investigate source records
store_day,2017-04-01,37,21037.620918273926,14745.231636932918,6292.3892813410075,3.203999527001982,0,0,1,0.36363636363636365,1,14745.231636932918,1963.9170444038316,1,13730.485040664673,10409.680038452148,15989.915050506592,5580.235012054443,1.3094674080615516,0,241,Rolling z-score,Business event,"Known business context overlaps the flag; review, do not treat as error"
store_day,2013-01-01,38,0.0,8841.525994300842,-8841.525994300842,,1,0,0,0.0,0,,,0,8841.525994300842,6645.107251405716,10438.47097158432,3793.363720178604,-2.330787830143679,1,242,Weekday IQR,Business event,"Known business context overlaps the flag; review, do not treat as error"
store_day,2013-06-02,38,12824.239959716797,7041.893002305712,5782.346957411085,3.0678822600160545,0,0,0,0.0,0,7041.893002305712,1884.8008063323869,1,15018.625507354736,11658.520228862762,17562.679973125458,5904.159744262695,-0.3716677127122637,0,240,Rolling z-score,Unexplained anomaly,No mapped business context; investigate before drawing conclusions
store_day,2013-09-01,38,11147.534971237183,6981.488821915218,4166.046149321965,3.3960139220053556,0,0,0,0.0,0,6981.488821915218,1226.745898280035,1,15018.625507354736,11658.520228862762,17562.679973125458,5904.159744262695,-0.6556547762582551,0,240,Rolling z-score,Unexplained anomaly,No mapped business context; investigate before drawing conclusions
store_day,2013-12-09,38,20015.633003234863,8576.733251878193,11438.89975135667,4.104084501940072,0,0,0,0.0,0,8576.733251878193,2787.198885878033,1,10341.869974136353,7725.489981651306,11758.517952919006,4033.0279712677,2.3986352433002742,1,241,Rolling z-score + weekday IQR,Unexplained anomaly,No mapped business context; investigate before drawing conclusions
store_day,2014-01-01,38,0.0,11261.836964130402,-11261.836964130402,-3.4146517663737477,1,0,0,0.0,0,11261.836964130402,3298.09237797918,1,11863.000403404236,7805.346496105194,13483.43246793747,5678.085971832275,-2.089260441327227,0,240,Rolling z-score,Business event,"Known business context overlaps the flag; review, do not treat as error"
store_day,2014-01-02,38,17685.513996124268,11004.201642308917,6681.31235381535,1.7309428250468784,0,0,0,0.0,0,11004.201642308917,3859.926657967113,0,8327.780981063843,6376.545506000519,9895.517753601074,3518.9722476005554,2.659223306305153,1,240,Weekday IQR,Unexplained anomaly,No mapped business context; investigate before drawing conclusions
store_day,2014-03-01,38,22716.352977752686,8807.179077233586,13909.1739005191,5.877914678552381,0,0,0,0.0,0,8807.179077233586,2366.3449813709553,1,14976.076900482178,11752.036052703857,17635.595901489258,5883.5598487854,1.3155770105522777,0,241,Rolling z-score,Unexplained anomaly,No mapped business context; investigate before drawing conclusions
store_day,2014-07-02,38,16539.62512397766,8651.09861278534,7888.526511192322,3.1418001433769853,0,0,1,0.30303030303030304,1,8651.09861278534,2510.830145520741,1,11863.000403404236,7805.346496105194,13483.43246793747,5678.085971832275,0.8236269658073377,0,240,Rolling z-score,Business event,"Known business context overlaps the flag; review, do not treat as error"
store_day,2014-07-05,38,18824.21893310547,9263.580827304295,9560.638105801174,3.200485610658317,0,1,1,0.12121212121212122,0,9263.580827304295,2987.2460835200004,1,14976.076900482178,11752.036052703857,17635.595901489258,5883.5598487854,0.654049951309274,0,241,Rolling z-score,Business event,"Known business context overlaps the flag; review, do not treat as error"
store_day,2014-09-01,38,15360.972034454346,8299.218568563461,7061.753465890884,4.447241382235449,0,0,1,0.24242424242424243,0,8299.218568563461,1587.8952498731305,1,10341.869974136353,7725.489981651306,11758.517952919006,4033.0279712677,1.24449969007786,0,241,Rolling z-score,Unexplained anomaly,No mapped business context; investigate before drawing conclusions
store_day,2014-09-03,38,15469.976024627686,8720.982463700431,6748.993560927254,3.109639414226347,0,0,1,0.3333333333333333,1,8720.982463700431,2170.3460311350436,1,11863.000403404236,7805.346496105194,13483.43246793747,5678.085971832275,0.6352449820444522,0,240,Rolling z-score,Business event,"Known business context overlaps the flag; review, do not treat as error"
store_day,2014-09-06,38,17648.37292098999,9207.572608266559,8440.800312723431,3.3746643753546657,0,0,1,0.3333333333333333,1,9207.572608266559,2501.2266032637194,1,14976.076900482178,11752.036052703857,17635.595901489258,5883.5598487854,0.4541971339102602,0,241,Rolling z-score,Business event,"Known business context overlaps the flag; review, do not treat as error"
store_day,2014-09-07,38,19800.052919387817,9459.087068830218,10340.965850557599,3.494509423401825,0,0,1,0.36363636363636365,1,9459.087068830218,2959.203881754282,1,15018.625507354736,11658.520228862762,17562.679973125458,5904.159744262695,0.8098404547199765,0,240,Rolling z-score,Business event,"Known business context overlaps the flag; review, do not treat as error"
store_day,2014-11-03,38,21342.13989830017,13123.294042076383,8218.845856223788,2.2899732554429004,1,0,1,0.15151515151515152,0,13123.294042076383,3589.057573789958,0,10341.869974136353,7725.489981651306,11758.517952919006,4033.0279712677,2.7275461520556,1,241,Weekday IQR,Business event,"Known business context overlaps the flag; review, do not treat as error"
store_day,2014-12-08,38,23006.21191215515,13666.168374282974,9340.043537872178,2.232300966639179,1,0,1,0.36363636363636365,1,13666.168374282974,4184.043136411842,0,10341.869974136353,7725.489981651306,11758.517952919006,4033.0279712677,3.1401572288222988,1,241,Weekday IQR,Business event,"Known business context overlaps the flag; review, do not treat as error"
store_day,2014-12-12,38,19576.96103286743,14186.640041606766,5390.320991260665,1.217896312141406,0,0,1,0.36363636363636365,1,14186.640041606766,4425.927673418239,0,10168.30751132965,7776.89209318161,11675.130182266235,3898.2380890846252,2.4135656433820074,1,240,Weekday IQR,Business event,"Known business context overlaps the flag; review, do not treat as error"
store_day,2014-12-22,38,22056.433967590332,15683.053540655545,6373.3804269347875,1.3398067746597255,1,0,1,0.3333333333333333,1,15683.053540655545,4756.939991256167,0,10341.869974136353,7725.489981651306,11758.517952919006,4033.0279712677,2.904657264197388,1,241,Weekday IQR,Business event,"Known business context overlaps the flag; review, do not treat as error"
store_day,2014-12-23,38,22082.381076812744,16093.197575449944,5989.183501362801,1.2490724692402235,1,0,1,0.24242424242424243,0,16093.197575449944,4794.904738398291,0,8841.525994300842,6645.107251405716,10438.47097158432,3793.363720178604,3.490531375116457,1,242,Weekday IQR,Business event,"Known business context overlaps the flag; review, do not treat as error"
store_day,2014-12-26,38,20427.622970581055,16762.48083623818,3665.1421343428738,0.7837760835205293,1,0,1,0.3333333333333333,1,16762.48083623818,4676.261768386651,0,10168.30751132965,7776.89209318161,11675.130182266235,3898.2380890846252,2.6317826733000986,1,240,Weekday IQR,Business event,"Known business context overlaps the flag; review, do not treat as error"
store_day,2014-12-30,38,18461.00006866455,16863.91168529647,1597.0883833680818,0.3867497277463624,0,0,1,0.30303030303030304,1,16863.91168529647,4129.513917629651,0,8841.525994300842,6645.107251405716,10438.47097158432,3793.363720178604,2.5358691609753654,1,242,Weekday IQR,Business event,"Known business context overlaps the flag; review, do not treat as error"
store_day,2015-01-01,38,0.0,17167.893860578537,-17167.893860578537,-4.269709954030487,1,0,0,0.0,0,17167.893860578537,4020.8571648696,1,8327.780981063843,6376.545506000519,9895.517753601074,3518.9722476005554,-2.3665378397747294,1,240,Rolling z-score + weekday IQR,Business event,"Known business context overlaps the flag; review, do not treat as error"
store_day,2015-05-31,38,19317.57398223877,10161.837004968098,9155.736977270672,3.07384862985189,0,0,1,0.3333333333333333,1,10161.837004968098,2978.590711446917,1,15018.625507354736,11658.520228862762,17562.679973125458,5904.159744262695,0.7281219785866212,0,240,Rolling z-score,Business event,"Known business context overlaps the flag; review, do not treat as error"
store_day,2015-08-01,38,22824.454948425293,13646.563653877804,9177.89129454749,3.1209879099823907,0,0,1,0.3333333333333333,1,13646.563653877804,2940.7006881354027,1,14976.076900482178,11752.036052703857,17635.595901489258,5883.5598487854,1.3339505757833552,0,241,Rolling z-score,Business event,"Known business context overlaps the flag; review, do not treat as error"
store_day,2015-10-03,38,25619.564960479736,14217.19393852779,11402.371021951947,3.627137424385077,0,0,1,0.24242424242424243,0,14217.19393852779,3143.6280702502017,1,14976.076900482178,11752.036052703857,17635.595901489258,5883.5598487854,1.8090218054286973,0,241,Rolling z-score,Unexplained anomaly,No mapped business context; investigate before drawing conclusions
store_day,2015-12-15,38,23399.498423576355,12698.396421125957,10701.102002450398,3.638399934044663,0,0,1,0.3333333333333333,1,12698.396421125957,2941.156056628006,1,8841.525994300842,6645.107251405716,10438.47097158432,3793.363720178604,3.8377475779174888,1,242,Rolling z-score + weekday IQR,Business event,"Known business context overlaps the flag; review, do not treat as error"
store_day,2015-12-21,38,18006.0550365448,13872.449157408306,4133.605879136494,1.1240768501241614,1,0,1,0.18181818181818182,0,13872.449157408306,3677.333875063712,0,10341.869974136353,7725.489981651306,11758.517952919006,4033.0279712677,1.900355047624271,1,241,Weekday IQR,Business event,"Known business context overlaps the flag; review, do not treat as error"
store_day,2015-12-22,38,16886.235107421875,14184.849728993007,2701.3853784288676,0.7416780577691738,1,0,1,0.2727272727272727,1,14184.849728993007,3642.2614234458006,0,8841.525994300842,6645.107251405716,10438.47097158432,3793.363720178604,2.1207323385120214,1,242,Weekday IQR,Business event,"Known business context overlaps the flag; review, do not treat as error"
store_day,2015-12-24,38,18248.23406982422,14802.053909437996,3446.1801603862223,0.9140233179146845,1,0,1,0.30303030303030304,1,14802.053909437996,3770.341623503188,0,8327.780981063843,6376.545506000519,9895.517753601074,3518.9722476005554,2.819133653448029,1,240,Weekday IQR,Business event,"Known business context overlaps the flag; review, do not treat as error"
store_day,2016-01-01,38,0.0,15226.296990326473,-15226.296990326473,-4.290165487192874,1,0,0,0.0,0,15226.296990326473,3549.116470164253,1,10168.30751132965,7776.89209318161,11675.130182266235,3898.2380890846252,-2.6084367550052203,1,240,Rolling z-score + weekday IQR,Business event,"Known business context overlaps the flag; review, do not treat as error"
store_day,2016-09-03,38,16152.554025650024,10785.346550873348,5367.2074747766765,3.2741813789218197,0,0,1,0.3939393939393939,1,10785.346550873348,1639.2517254325371,1,14976.076900482178,11752.036052703857,17635.595901489258,5883.5598487854,0.19996008460944237,0,241,Rolling z-score,Business event,"Known business context overlaps the flag; review, do not treat as error"
store_day,2016-10-01,38,20000.23996734619,11021.294888394219,8978.945078951972,3.320884981307122,0,0,1,0.3333333333333333,1,11021.294888394219,2703.7808082765337,1,14976.076900482178,11752.036052703857,17635.595901489258,5883.5598487854,0.8539325163661248,0,241,Rolling z-score,Business event,"Known business context overlaps the flag; review, do not treat as error"
store_day,2016-11-15,38,16516.327962875366,12205.532470566886,4310.79549230848,1.2113338292145097,0,0,1,0.45454545454545453,1,12205.532470566886,3558.717991970734,0,8841.525994300842,6645.107251405716,10438.47097158432,3793.363720178604,2.0232180551917045,1,242,Weekday IQR,Business event,"Known business context overlaps the flag; review, do not treat as error"
store_day,2016-12-03,38,23672.224882125854,13295.52985210078,10376.695030025074,3.288413808467261,0,0,1,0.48484848484848486,1,13295.52985210078,3155.532008564847,1,14976.076900482178,11752.036052703857,17635.595901489258,5883.5598487854,1.4780419006766636,0,241,Rolling z-score,Business event,"Known business context overlaps the flag; review, do not treat as error"
store_day,2016-12-05,38,26825.17823791504,13665.971098950931,13159.207138964108,3.4571099283915836,0,0,1,0.3939393939393939,1,13665.971098950931,3806.418485826516,1,10341.869974136353,7725.489981651306,11758.517952919006,4033.0279712677,4.0870800751221905,1,241,Rolling z-score + weekday IQR,Business event,"Known business context overlaps the flag; review, do not treat as error"
store_day,2016-12-21,38,24313.559953689575,14493.338679228511,9820.221274461064,2.215031694861604,1,0,1,0.5454545454545454,1,14493.338679228511,4433.44503703575,0,11863.000403404236,7805.346496105194,13483.43246793747,5678.085971832275,2.1927388229149405,1,240,Weekday IQR,Business event,"Known business context overlaps the flag; review, do not treat as error"
store_day,2016-12-22,38,18789.357236862183,14943.13396002565,3846.223276836532,0.8067005886516221,1,0,1,0.48484848484848486,1,14943.13396002565,4767.844886868607,0,8327.780981063843,6376.545506000519,9895.517753601074,3518.9722476005554,2.9729067238116653,1,240,Weekday IQR,Business event,"Known business context overlaps the flag; review, do not treat as error"
store_day,2016-12-23,38,22315.5269241333,15339.771219849586,6975.755704283714,1.5162832991492339,1,0,1,0.5757575757575758,1,15339.771219849586,4600.562248623141,0,10168.30751132965,7776.89209318161,11675.130182266235,3898.2380890846252,3.116079401824333,1,240,Weekday IQR,Business event,"Known business context overlaps the flag; review, do not treat as error"
store_day,2017-01-01,38,0.0,16160.32842196737,-16160.32842196737,-3.5113044756344407,0,0,0,0.0,0,16160.32842196737,4602.371720853811,1,15018.625507354736,11658.520228862762,17562.679973125458,5904.159744262695,-2.543736307600574,1,240,Rolling z-score + weekday IQR,Potential data issue,Extreme or zero value without mapped context; investigate source records
store_day,2017-01-02,38,24049.41088294983,15314.891819034305,8734.519063915524,1.649988633056633,1,0,1,0.48484848484848486,1,15314.891819034305,5293.684386015844,0,10341.869974136353,7725.489981651306,11758.517952919006,4033.0279712677,3.3988211850920513,1,241,Weekday IQR,Business event,"Known business context overlaps the flag; review, do not treat as error"
store_day,2017-03-14,38,16923.09493637085,12814.994407057762,4108.1005293130875,1.1875462149195526,0,0,1,0.48484848484848486,1,12814.994407057762,3459.3184481594094,0,8841.525994300842,6645.107251405716,10438.47097158432,3793.363720178604,2.130449263032837,1,242,Weekday IQR,Business event,"Known business context overlaps the flag; review, do not treat as error"
store_day,2017-04-01,38,23653.82302093506,13619.999315176692,10033.823705758366,3.0226225025541695,0,0,1,0.45454545454545453,1,13619.999315176692,3319.5755332594817,1,14976.076900482178,11752.036052703857,17635.595901489258,5883.5598487854,1.474914225992672,0,241,Rolling z-score,Business event,"Known business context overlaps the flag; review, do not treat as error"
store_day,2017-05-01,38,19396.212091445923,12624.189102492162,6772.02298895376,1.8754190424989585,1,0,1,0.5151515151515151,1,12624.189102492162,3610.938587852971,0,10341.869974136353,7725.489981651306,11758.517952919006,4033.0279712677,2.2450481826099318,1,241,Weekday IQR,Business event,"Known business context overlaps the flag; review, do not treat as error"
store_day,2017-06-18,38,26689.467977523804,13514.328928147044,13175.13904937676,4.127480852533834,0,0,1,0.45454545454545453,1,13514.328928147044,3192.0533420012416,1,15018.625507354736,11658.520228862762,17562.679973125458,5904.159744262695,1.9767152271769213,1,240,Rolling z-score + weekday IQR,Business event,"Known business context overlaps the flag; review, do not treat as error"
store_day,2017-07-14,38,18230.862983703613,13420.002863747733,4810.86011995588,1.0811502051319668,0,0,1,0.5454545454545454,1,13420.002863747733,4449.761094360297,0,10168.30751132965,7776.89209318161,11675.130182266235,3898.2380890846252,2.068256296338019,1,240,Weekday IQR,Business event,"Known business context overlaps the flag; review, do not treat as error"
store_day,2017-08-01,38,17483.792979240417,13719.888250112534,3763.904729127884,1.0021242797968828,0,0,1,0.3939393939393939,1,13719.888250112534,3755.926091213734,0,8841.525994300842,6645.107251405716,10438.47097158432,3793.363720178604,2.278259513836619,1,242,Weekday IQR,Business event,"Known business context overlaps the flag; review, do not treat as error"
store_day,2013-04-11,39,15585.634002685547,7395.308821661131,8190.3251810244155,3.6405559234442255,0,0,0,0.0,0,7395.308821661131,2249.7457402812765,1,10090.26447546482,6984.155734539032,11991.663986444473,5007.508251905441,1.0974259553400927,0,240,Rolling z-score,Unexplained anomaly,No mapped business context; investigate before drawing conclusions
store_day,2013-09-01,39,12430.188009887934,6625.5814645489945,5804.606545338939,5.266469584804982,0,0,0,0.0,0,6625.5814645489945,1102.181727601088,1,15331.314930438995,10673.433971911669,18785.1160697937,8111.682097882032,-0.35764800512936135,0,240,Rolling z-score,Unexplained anomaly,No mapped business context; investigate before drawing conclusions
store_day,2014-01-01,39,0.0,9252.739640440259,-9252.739640440259,-4.052262043585393,1,0,0,0.0,0,9252.739640440259,2283.351752902324,1,10170.173027038574,6581.705745816231,12227.2562084198,5645.550462603569,-1.8014493173706176,0,240,Rolling z-score,Business event,"Known business context overlaps the flag; review, do not treat as error"
store_day,2014-03-01,39,17898.027109146118,8052.3647575719015,9845.662351574218,5.832702619977863,0,0,0,0.0,0,8052.3647575719015,1688.0103432414637,1,15081.673852920532,10449.85699748993,18067.999992370605,7618.142994880676,0.3696902589145609,0,241,Rolling z-score,Unexplained anomaly,No mapped business context; investigate before drawing conclusions
store_day,2014-03-09,39,20286.214015960693,9099.1148952416,11187.099120719093,3.4399822462161143,0,0,0,0.0,0,9099.1148952416,3252.080481817775,1,15331.314930438995,10673.433971911669,18785.1160697937,8111.682097882032,0.6108349693358208,0,240,Rolling z-score,Unexplained anomaly,No mapped business context; investigate before drawing conclusions
store_day,2014-05-18,39,15297.53670501709,8144.056798172848,7153.479906844242,3.4052154198764124,0,0,1,0.12121212121212122,0,8144.056798172848,2100.742251162444,1,15331.314930438995,10673.433971911669,18785.1160697937,8111.682097882032,-0.004164145612994997,0,240,Rolling z-score,Unexplained anomaly,No mapped business context; investigate before drawing conclusions
store_day,2014-07-01,39,15499.50884771347,8030.829530058162,7468.679317655308,3.6859861373123777,0,1,1,0.21212121212121213,0,8030.829530058162,2026.2364098583037,1,12368.18060874939,7981.011483550072,15135.496197342873,7154.484713792801,0.4376734823302281,0,242,Rolling z-score,Business event,"Known business context overlaps the flag; review, do not treat as error"
store_day,2014-09-01,39,15921.372158527374,7272.849270372519,8648.522888154856,8.359144081543798,0,0,1,0.18181818181818182,0,7272.849270372519,1034.6182340904948,1,12171.183906555176,7929.538084030151,14934.269172668457,7004.731088638306,0.535379332128112,0,241,Rolling z-score,Unexplained anomaly,No mapped business context; investigate before drawing conclusions
store_day,2014-09-02,39,15143.556025981903,7562.329344011843,7581.22668197006,3.918657682007035,0,0,1,0.30303030303030304,1,7562.329344011843,1934.6488765222157,1,12368.18060874939,7981.011483550072,15135.496197342873,7154.484713792801,0.3879210772345345,0,242,Rolling z-score,Business event,"Known business context overlaps the flag; review, do not treat as error"
store_day,2015-01-01,39,0.0,14191.573525131813,-14191.573525131813,-4.674475126942645,1,0,0,0.0,0,14191.573525131813,3035.9715561079165,1,10090.26447546482,6984.155734539032,11991.663986444473,5007.508251905441,-2.015027028986983,0,240,Rolling z-score,Business event,"Known business context overlaps the flag; review, do not treat as error"
store_day,2015-05-30,39,16468.92808532715,10132.276536788258,6336.65154853889,3.5074882056725327,0,0,1,0.15151515151515152,0,10132.276536788258,1806.6066589449551,1,15081.673852920532,10449.85699748993,18067.999992370605,7618.142994880676,0.18209873893661993,0,241,Rolling z-score,Unexplained anomaly,No mapped business context; investigate before drawing conclusions
store_day,2015-05-31,39,18708.4008102417,10291.451642496246,8416.949167745453,3.9270540996146064,0,0,1,0.2727272727272727,1,10291.451642496246,2143.32396606695,1,15331.314930438995,10673.433971911669,18785.1160697937,8111.682097882032,0.41632374630219593,0,240,Rolling z-score,Business event,"Known business context overlaps the flag; review, do not treat as error"
store_day,2015-09-05,39,20166.847858428955,12470.202362213817,7696.645496215138,4.183639408836848,0,0,1,0.3939393939393939,1,12470.202362213817,1839.70097421828,1,15081.673852920532,10449.85699748993,18067.999992370605,7618.142994880676,0.6675083427714096,0,241,Rolling z-score,Business event,"Known business context overlaps the flag; review, do not treat as error"
store_day,2015-09-06,39,20451.105144500732,12745.678786839757,7705.426357660976,3.2856632385929063,0,0,1,0.3939393939393939,1,12745.678786839757,2345.166195717868,1,15331.314930438995,10673.433971911669,18785.1160697937,8111.682097882032,0.6311625816054255,0,240,Rolling z-score,Business event,"Known business context overlaps the flag; review, do not treat as error"
store_day,2015-10-03,39,23456.938220977783,14181.913637651396,9275.024583326387,3.0157638359836882,0,0,1,0.21212121212121213,0,14181.913637651396,3075.5142271613054,1,15081.673852920532,10449.85699748993,18067.999992370605,7618.142994880676,1.0993839802804113,0,241,Rolling z-score,Unexplained anomaly,No mapped business context; investigate before drawing conclusions
store_day,2016-01-01,39,0.0,15907.466146792684,-15907.466146792684,-5.154210142160056,1,0,0,0.0,0,15907.466146792684,3086.3053131407814,1,10344.978526830673,6753.221744954586,13007.58189201355,6254.360147058964,-1.6540426652109685,0,240,Rolling z-score,Business event,"Known business context overlaps the flag; review, do not treat as error"
store_day,2016-04-03,39,26575.58362007141,14071.992275016648,12503.591345054763,3.4715486962836493,0,0,1,0.15151515151515152,0,14071.992275016648,3601.732955219688,1,15331.314930438995,10673.433971911669,18785.1160697937,8111.682097882032,1.3861821202988593,0,240,Rolling z-score,Unexplained anomaly,No mapped business context; investigate before drawing conclusions
store_day,2016-04-17,39,27689.601784706116,14414.073763540813,13275.528021165303,3.3380811676334154,0,1,1,0.30303030303030304,1,14414.073763540813,3976.993774114005,1,15331.314930438995,10673.433971911669,18785.1160697937,8111.682097882032,1.523517157741411,0,240,Rolling z-score,Business event,"Known business context overlaps the flag; review, do not treat as error"
store_day,2016-04-18,39,27893.539176940918,14753.17489692143,13140.364280019488,2.821144119595363,0,1,1,0.30303030303030304,1,14753.17489692143,4657.813894989602,0,12171.183906555176,7929.538084030151,14934.269172668457,7004.731088638306,2.2445337403297962,1,241,Weekday IQR,Business event,"Known business context overlaps the flag; review, do not treat as error"
store_day,2016-05-31,39,26134.67186355591,14973.115572197097,11161.556291358811,4.144844022878497,0,0,1,0.48484848484848486,1,14973.115572197097,2692.8772783124828,1,12368.18060874939,7981.011483550072,15135.496197342873,7154.484713792801,1.9241764858714052,1,242,Rolling z-score + weekday IQR,Business event,"Known business context overlaps the flag; review, do not treat as error"
store_day,2016-09-03,39,20145.615795135498,13740.560958674976,6405.054836460522,3.1197334420771026,0,0,1,0.48484848484848486,1,13740.560958674976,2053.077596333381,1,15081.673852920532,10449.85699748993,18067.999992370605,7618.142994880676,0.6647213035536206,0,241,Rolling z-score,Business event,"Known business context overlaps the flag; review, do not treat as error"
store_day,2016-10-07,39,102862.54017353058,14878.99508525644,87983.54508827414,21.307643944301027,0,0,1,0.45454545454545453,1,14878.99508525644,4129.2010190458595,1,10344.978526830673,6753.221744954586,13007.58189201355,6254.360147058964,14.792490274197778,1,240,Rolling z-score + weekday IQR,Business event,"Known business context overlaps the flag; review, do not treat as error"
store_day,2016-12-04,39,25648.003133773804,15859.827951295036,9788.175182478768,3.2790887621097196,0,0,1,0.45454545454545453,1,15859.827951295036,2985.029040867193,1,15331.314930438995,10673.433971911669,18785.1160697937,8111.682097882032,1.2718309320860226,0,240,Rolling z-score,Business event,"Known business context overlaps the flag; review, do not treat as error"
store_day,2016-12-22,39,21037.0320892334,16853.422535887785,4183.609553345614,1.2848134332511965,1,0,1,0.5454545454545454,1,16853.422535887785,3256.200040467407,0,10090.26447546482,6984.155734539032,11991.663986444473,5007.508251905441,2.186070808690759,1,240,Weekday IQR,Business event,"Known business context overlaps the flag; review, do not treat as error"
store_day,2017-01-01,39,0.0,18015.184829022204,-18015.184829022204,-5.6705186586252205,0,0,0,0.0,0,18015.184829022204,3176.9906623303245,1,15331.314930438995,10673.433971911669,18785.1160697937,8111.682097882032,-1.890029064926252,0,240,Rolling z-score,Potential data issue,Extreme or zero value without mapped context; investigate source records
store_day,2017-01-02,39,25960.65721130371,17253.15467717818,8707.502534125531,1.8955043170527208,1,0,1,0.5151515151515151,1,17253.15467717818,4593.765604113549,0,12171.183906555176,7929.538084030151,14934.269172668457,7004.731088638306,1.9685942444121947,1,241,Weekday IQR,Business event,"Known business context overlaps the flag; review, do not treat as error"
store_day,2017-04-01,39,28826.269388198853,16133.591124398368,12692.678263800484,3.0053428492340597,0,0,1,0.48484848484848486,1,16133.591124398368,4223.371142841601,1,15081.673852920532,10449.85699748993,18067.999992370605,7618.142994880676,1.8041923792339636,0,241,Rolling z-score,Business event,"Known business context overlaps the flag; review, do not treat as error"
store_day,2013-05-05,40,8030.000999450684,5063.2225713048665,2966.778428145817,3.860622853995907,0,0,0,0.0,0,5063.2225713048665,768.4714462784358,1,12665.382526397705,8395.13049697876,14760.05322265625,6364.92272567749,-0.7282698827193735,0,240,Rolling z-score,Unexplained anomaly,No mapped business context; investigate before drawing conclusions
store_day,2013-12-23,40,11885.393966674805,7077.799217224121,4807.594749450684,3.528606921347399,1,0,0,0.0,0,7077.799217224121,1362.4625402069162,1,12437.263973236084,8278.193004608154,15106.100982666016,6827.907978057861,-0.0808256362468221,0,241,Rolling z-score,Business event,"Known business context overlaps the flag; review, do not treat as error"
store_day,2014-01-01,40,0.0,7566.759965079172,-7566.759965079172,-5.057564880606642,1,0,0,0.0,0,7566.759965079172,1496.1271172405718,1,10162.60450553894,6160.39750289917,12677.185506820679,6516.788003921509,-1.5594499160358668,0,240,Rolling z-score,Business event,"Known business context overlaps the flag; review, do not treat as error"
store_day,2014-03-01,40,14331.5640335083,7241.932132789067,7089.631900719234,4.860345296387471,0,0,0,0.0,0,7241.932132789067,1458.6683596304806,1,13513.817001342773,8880.547996520996,15943.713020324707,7063.165023803711,0.11577628859153397,0,241,Rolling z-score,Unexplained anomaly,No mapped business context; investigate before drawing conclusions
store_day,2014-03-05,40,12876.773963928223,7149.2705952099395,5727.503368718283,3.01397659100859,0,0,0,0.0,0,7149.2705952099395,1900.314483465064,1,10162.60450553894,6160.39750289917,12677.185506820679,6516.788003921509,0.4164888372547976,0,240,Rolling z-score,Unexplained anomaly,No mapped business context; investigate before drawing conclusions
store_day,2014-07-01,40,15715.876010894775,7582.356748649052,8133.519262245723,4.907295759936684,0,1,1,0.06060606060606061,0,7582.356748649052,1657.434085927331,1,11796.403999328613,7251.077241897583,14538.937045097351,7287.859803199768,0.537808371374721,0,242,Rolling z-score,Business event,"Known business context overlaps the flag; review, do not treat as error"
store_day,2014-09-01,40,15864.879020690918,7862.309715679714,8002.569305011204,5.3040362528069975,0,0,1,0.18181818181818182,0,7862.309715679714,1508.7697224497836,1,12437.263973236084,8278.193004608154,15106.100982666016,6827.907978057861,0.5020007678002991,0,241,Rolling z-score,Unexplained anomaly,No mapped business context; investigate before drawing conclusions
store_day,2015-01-01,40,0.0,13471.81540284838,-13471.81540284838,-5.665687667936924,1,0,0,0.0,0,13471.81540284838,2377.789986392586,1,9483.245504379272,6069.552248001099,11562.447023391724,5492.894775390625,-1.7264567941236186,0,240,Rolling z-score,Business event,"Known business context overlaps the flag; review, do not treat as error"
store_day,2015-02-14,40,14629.289001464844,9179.361070905414,5449.92793055943,3.0689203010519193,0,0,1,0.18181818181818182,0,9179.361070905414,1775.8453775066703,1,13513.817001342773,8880.547996520996,15943.713020324707,7063.165023803711,0.15792806714310034,0,241,Rolling z-score,Unexplained anomaly,No mapped business context; investigate before drawing conclusions
store_day,2015-04-06,40,15046.20499420166,9143.330712727138,5902.874281474522,4.559130541213034,0,0,1,0.15151515151515152,0,9143.330712727138,1294.7368424997899,1,12437.263973236084,8278.193004608154,15106.100982666016,6827.907978057861,0.3820996166541287,0,241,Rolling z-score,Unexplained anomaly,No mapped business context; investigate before drawing conclusions
store_day,2015-05-30,40,17308.556999206543,11125.105929238456,6183.451069968087,3.448013221478916,0,0,1,0.12121212121212122,0,11125.105929238456,1793.337401216777,1,13513.817001342773,8880.547996520996,15943.713020324707,7063.165023803711,0.5372577286634309,0,241,Rolling z-score,Unexplained anomaly,No mapped business context; investigate before drawing conclusions
store_day,2015-06-07,40,21837.244987487793,12380.633605548313,9456.61138193948,3.4223631220002457,0,0,1,0.18181818181818182,0,12380.633605548313,2763.181767927781,1,12665.382526397705,8395.13049697876,14760.05322265625,6364.92272567749,1.441001384681198,0,240,Rolling z-score,Unexplained anomaly,No mapped business context; investigate before drawing conclusions
store_day,2015-08-01,40,21910.277015686035,13718.79356929234,8191.483446393695,3.289200764332068,0,0,1,0.18181818181818182,0,13718.79356929234,2490.417591781487,1,13513.817001342773,8880.547996520996,15943.713020324707,7063.165023803711,1.188767356566948,0,241,Rolling z-score,Unexplained anomaly,No mapped business context; investigate before drawing conclusions
store_day,2016-01-01,40,0.0,14323.994346891131,-14323.994346891131,-5.5786117686199885,1,0,0,0.0,0,14323.994346891131,2567.662877611312,1,9632.102987289429,6136.709499359131,11901.18600845337,5764.476509094238,-1.670941493489216,0,240,Rolling z-score,Business event,"Known business context overlaps the flag; review, do not treat as error"
store_day,2016-04-01,40,20020.355995178223,12954.830478531974,7065.525516646248,3.797762274021788,0,0,1,0.12121212121212122,0,12954.830478531974,1860.4443898390552,1,9632.102987289429,6136.709499359131,11901.18600845337,5764.476509094238,1.8021155939311966,0,240,Rolling z-score,Unexplained anomaly,No mapped business context; investigate before drawing conclusions
store_day,2016-09-03,40,20691.546966552734,13748.653785978046,6942.893180574689,3.3255506076903885,0,0,1,0.42424242424242425,1,13748.653785978046,2087.742452187959,1,13513.817001342773,8880.547996520996,15943.713020324707,7063.165023803711,1.016220057300113,0,241,Rolling z-score,Business event,"Known business context overlaps the flag; review, do not treat as error"
store_day,2016-11-22,40,22192.924026489258,13812.95924459185,8379.964781897408,3.5304686612358744,0,0,1,0.45454545454545453,1,13812.95924459185,2373.6125670533274,1,11796.403999328613,7251.077241897583,14538.937045097351,7287.859803199768,1.4265532416795401,0,242,Rolling z-score,Business event,"Known business context overlaps the flag; review, do not treat as error"
store_day,2016-12-16,40,30500.983123779297,15335.866490227836,15165.11663355146,6.412117896799088,0,0,1,0.48484848484848486,1,15335.866490227836,2365.071397255788,1,9632.102987289429,6136.709499359131,11901.18600845337,5764.476509094238,3.6202559076381693,1,240,Rolling z-score + weekday IQR,Business event,"Known business context overlaps the flag; review, do not treat as error"
store_day,2016-12-22,40,19929.883865356445,15944.348269871303,3985.535595485142,1.0913484294387343,1,0,1,0.42424242424242425,1,15944.348269871303,3651.936895657466,0,9483.245504379272,6069.552248001099,11562.447023391724,5492.894775390625,1.9018457094391117,1,240,Weekday IQR,Business event,"Known business context overlaps the flag; review, do not treat as error"
store_day,2017-01-01,40,0.0,17352.303898130143,-17352.303898130143,-5.0036818773924745,0,0,0,0.0,0,17352.303898130143,3467.9070978774535,1,12665.382526397705,8395.13049697876,14760.05322265625,6364.92272567749,-1.9898721590605934,0,240,Rolling z-score,Potential data issue,Extreme or zero value without mapped context; investigate source records
store_day,2017-03-25,40,22495.412048339844,14388.383665084839,8107.028383255005,3.048510836196951,0,0,1,0.45454545454545453,1,14388.383665084839,2659.340517014073,1,13513.817001342773,8880.547996520996,15943.713020324707,7063.165023803711,1.2716105339076775,0,241,Rolling z-score,Business event,"Known business context overlaps the flag; review, do not treat as error"
store_day,2017-04-01,40,24161.98203277588,14943.06142125811,9218.92061151777,3.383754551997672,0,0,1,0.3939393939393939,1,14943.06142125811,2724.464930848835,1,13513.817001342773,8880.547996520996,15943.713020324707,7063.165023803711,1.5075628270821249,0,241,Rolling z-score,Business event,"Known business context overlaps the flag; review, do not treat as error"
store_day,2017-07-08,40,23845.65399169922,14726.935740334648,9118.718251364571,3.3845856916994017,0,0,1,0.45454545454545453,1,14726.935740334648,2694.1903919667225,1,13513.817001342773,8880.547996520996,15943.713020324707,7063.165023803711,1.462777233086997,0,241,Rolling z-score,Business event,"Known business context overlaps the flag; review, do not treat as error"
store_day,2017-07-29,40,28247.90101623535,16092.416142599923,12155.484873635429,4.000820353319317,0,0,1,0.45454545454545453,1,16092.416142599923,3038.248109178539,1,13513.817001342773,8880.547996520996,15943.713020324707,7063.165023803711,2.0860455568059013,1,241,Rolling z-score + weekday IQR,Business event,"Known business context overlaps the flag; review, do not treat as error"
store_day,2013-05-05,41,8620.747971534729,4259.878679905619,4360.86929162911,3.6598981246889375,0,0,0,0.0,0,4259.878679905619,1191.527507886507,1,12840.094509124756,8570.67149758339,15494.627185106277,6923.955687522888,-0.6093838158429259,0,240,Rolling z-score,Unexplained anomaly,No mapped business context; investigate before drawing conclusions
store_day,2013-06-02,41,9653.831031799316,4579.436963336809,5074.394068462508,3.1490214760327033,0,0,0,0.0,0,4579.436963336809,1611.419327268446,1,12840.094509124756,8570.67149758339,15494.627185106277,6923.955687522888,-0.46017964601754346,0,240,Rolling z-score,Unexplained anomaly,No mapped business context; investigate before drawing conclusions
store_day,2013-10-20,41,8274.420993089676,4786.125318569796,3488.29567451988,3.1364419196062836,0,0,0,0.0,0,4786.125318569796,1112.1824551298448,1,12840.094509124756,8570.67149758339,15494.627185106277,6923.955687522888,-0.6594024748399991,0,240,Rolling z-score,Unexplained anomaly,No mapped business context; investigate before drawing conclusions
store_day,2013-12-22,41,12046.777933597565,6358.309396190302,5688.468537407262,3.1184416208375865,1,0,0,0.0,0,6358.309396190302,1824.1382167928443,1,12840.094509124756,8570.67149758339,15494.627185106277,6923.955687522888,-0.1145756286333207,0,240,Rolling z-score,Business event,"Known business context overlaps the flag; review, do not treat as error"
store_day,2013-12-23,41,18817.431785583496,6501.860893326147,12315.57089225735,5.870279432754665,1,0,0,0.0,0,6501.860893326147,2097.953092920858,1,8808.67602968216,5424.230018615723,10576.994924068451,5152.764905452728,1.9424048912671972,1,241,Rolling z-score + weekday IQR,Business event,"Known business context overlaps the flag; review, do not treat as error"
store_day,2014-03-01,41,14416.763092517853,5578.359362359558,8838.403730158294,5.388447477070907,0,0,0,0.0,0,5578.359362359558,1640.2505114446692,1,10883.961044311523,7081.005003929138,12805.451049804688,5724.446045875549,0.6171430422951939,0,241,Rolling z-score,Unexplained anomaly,No mapped business context; investigate before drawing conclusions
store_day,2014-05-04,41,10209.028986930847,5760.31199440573,4448.716992525117,4.169081342474856,0,0,0,0.0,0,5760.31199440573,1067.0736853227872,1,12840.094509124756,8570.67149758339,15494.627185106277,6923.955687522888,-0.3799945639362111,0,240,Rolling z-score,Unexplained anomaly,No mapped business context; investigate before drawing conclusions
store_day,2014-06-01,41,13222.404987335205,6076.744046177183,7145.660941158022,3.7166497921206165,0,0,1,0.18181818181818182,0,6076.744046177183,1922.6080854609945,1,12840.094509124756,8570.67149758339,15494.627185106277,6923.955687522888,0.055215615966373185,0,240,Rolling z-score,Unexplained anomaly,No mapped business context; investigate before drawing conclusions
store_day,2014-07-06,41,15951.661955833435,6647.742360080992,9303.919595752443,4.06920923393991,0,0,1,0.12121212121212122,0,6647.742360080992,2286.4195623443416,1,12840.094509124756,8570.67149758339,15494.627185106277,6923.955687522888,0.449391588729516,0,240,Rolling z-score,Unexplained anomaly,No mapped business context; investigate before drawing conclusions
store_day,2014-09-07,41,13941.999091625214,6812.575289530413,7129.4238020948005,3.2507054217730573,0,0,1,0.21212121212121213,0,6812.575289530413,2193.1928234229676,1,12840.094509124756,8570.67149758339,15494.627185106277,6923.955687522888,0.15914379470771495,0,240,Rolling z-score,Unexplained anomaly,No mapped business context; investigate before drawing conclusions
store_day,2014-10-19,41,15045.021987915039,8794.021285516876,6251.000702398163,3.0799079153491884,0,0,1,0.21212121212121213,0,8794.021285516876,2029.6063629842156,1,12840.094509124756,8570.67149758339,15494.627185106277,6923.955687522888,0.31844910312808733,0,240,Rolling z-score,Unexplained anomaly,No mapped business context; investigate before drawing conclusions
store_day,2014-12-23,41,22068.792932987213,11230.115024753979,10838.677908233234,3.341362078965104,1,0,1,0.2727272727272727,1,11230.115024753979,3243.7903023039694,1,7730.3785264492035,4851.358999967575,9390.08397603035,4538.724976062775,3.159128275486789,1,242,Rolling z-score + weekday IQR,Business event,"Known business context overlaps the flag; review, do not treat as error"
store_day,2015-01-01,41,0.0,12622.857915452549,-12622.857915452549,-3.6810210233602985,1,0,0,0.0,0,12622.857915452549,3429.173002638682,1,7053.580986022949,4635.994255781174,8422.279023468494,3786.2847676873207,-1.8629293407139336,0,240,Rolling z-score,Business event,"Known business context overlaps the flag; review, do not treat as error"
store_day,2015-02-01,41,12645.2490234375,6847.705958877291,5797.543064560209,3.101819229976849,0,0,1,0.2727272727272727,1,6847.705958877291,1869.0783165347389,1,12840.094509124756,8570.67149758339,15494.627185106277,6923.955687522888,-0.02814077594955893,0,240,Rolling z-score,Business event,"Known business context overlaps the flag; review, do not treat as error"
store_day,2015-05-03,41,11279.070000648499,6705.952999242714,4573.117001405784,3.0450106178794116,0,0,1,0.21212121212121213,0,6705.952999242714,1501.839426947735,1,12840.094509124756,8570.67149758339,15494.627185106277,6923.955687522888,-0.22545270058403982,0,240,Rolling z-score,Unexplained anomaly,No mapped business context; investigate before drawing conclusions
store_day,2015-05-31,41,15631.020988464355,7771.122748851776,7859.898239612579,3.79326220615609,0,0,1,0.30303030303030304,1,7771.122748851776,2072.0682653724125,1,12840.094509124756,8570.67149758339,15494.627185106277,6923.955687522888,0.4030826604463843,0,240,Rolling z-score,Business event,"Known business context overlaps the flag; review, do not treat as error"
store_day,2015-06-07,41,18734.288046836853,8409.832391262054,10324.455655574799,3.958957389406168,0,0,1,0.12121212121212122,0,8409.832391262054,2607.87238660415,1,12840.094509124756,8570.67149758339,15494.627185106277,6923.955687522888,0.851275456359947,0,240,Rolling z-score,Unexplained anomaly,No mapped business context; investigate before drawing conclusions
store_day,2015-12-20,41,20005.619849205017,11251.91249754599,8753.707351659026,3.340514311758524,0,0,1,0.18181818181818182,0,11251.91249754599,2620.466950507053,1,12840.094509124756,8570.67149758339,15494.627185106277,6923.955687522888,1.0348889657096862,0,240,Rolling z-score,Unexplained anomaly,No mapped business context; investigate before drawing conclusions
store_day,2015-12-22,41,18148.476970672607,11748.248527382102,6400.228443290505,2.0185388671947937,1,0,1,0.24242424242424243,0,11748.248527382102,3170.7234115263973,0,7730.3785264492035,4851.358999967575,9390.08397603035,4538.724976062775,2.2953799798772634,1,242,Weekday IQR,Business event,"Known business context overlaps the flag; review, do not treat as error"
store_day,2015-12-23,41,22016.242164611816,12093.49413482632,9922.748029785496,2.9848013429424243,1,0,1,0.2727272727272727,1,12093.49413482632,3324.4249414614737,0,8941.902992248535,5239.387996673584,11117.870439529419,5878.482442855835,2.224101083818431,1,240,Weekday IQR,Business event,"Known business context overlaps the flag; review, do not treat as error"
store_day,2015-12-24,41,17514.38092660904,12562.65860686132,4951.72231974772,1.3192785146863217,1,0,1,0.12121212121212122,0,12562.65860686132,3753.3562963579875,0,7053.580986022949,4635.994255781174,8422.279023468494,3786.2847676873207,2.762813835308957,1,240,Weekday IQR,Business event,"Known business context overlaps the flag; review, do not treat as error"
store_day,2015-12-31,41,15583.680919647217,13323.14320842709,2260.5377112201277,0.6248268994860943,1,0,1,0.15151515151515152,0,13323.14320842709,3617.8623440818055,0,7053.580986022949,4635.994255781174,8422.279023468494,3786.2847676873207,2.252894448516214,1,240,Weekday IQR,Business event,"Known business context overlaps the flag; review, do not treat as error"
store_day,2016-01-01,41,0.0,13459.311420908996,-13459.311420908996,-3.708808645549405,1,0,0,0.0,0,13459.311420908996,3629.012091810199,1,7821.134485244751,5108.940224647522,9447.065517187119,4338.125292539597,-1.8028834940970906,0,240,Rolling z-score,Business event,"Known business context overlaps the flag; review, do not treat as error"
store_day,2016-04-03,41,15396.888969421387,9818.271934688091,5578.617034733295,3.259647826424032,0,0,1,0.2727272727272727,1,9818.271934688091,1711.4171014152987,1,12840.094509124756,8570.67149758339,15494.627185106277,6923.955687522888,0.3692678832280841,0,240,Rolling z-score,Business event,"Known business context overlaps the flag; review, do not treat as error"
store_day,2016-11-12,41,21393.23398590088,11593.147972311292,9800.086013589587,3.3022483367668043,0,0,1,0.5151515151515151,1,11593.147972311292,2967.701097605744,1,10883.961044311523,7081.005003929138,12805.451049804688,5724.446045875549,1.8358585018302798,1,241,Rolling z-score + weekday IQR,Business event,"Known business context overlaps the flag; review, do not treat as error"
store_day,2016-12-20,41,20509.202995300293,13493.727265085492,7015.475730214801,2.2847799375671154,0,0,1,0.5454545454545454,1,13493.727265085492,3070.525793256499,0,7730.3785264492035,4851.358999967575,9390.08397603035,4538.724976062775,2.815509760174186,1,242,Weekday IQR,Business event,"Known business context overlaps the flag; review, do not treat as error"
store_day,2016-12-21,41,20880.21697998047,13872.48690877642,7007.730071204049,2.1498813083686996,1,0,1,0.5151515151515151,1,13872.48690877642,3259.589282406208,0,8941.902992248535,5239.387996673584,11117.870439529419,5878.482442855835,2.0308496459389205,1,240,Weekday IQR,Business event,"Known business context overlaps the flag; review, do not treat as error"
store_day,2016-12-22,41,21054.581016540527,14139.629911014012,6914.951105526516,1.9667715229102756,1,0,1,0.48484848484848486,1,14139.629911014012,3515.889377579714,0,7053.580986022949,4635.994255781174,8422.279023468494,3786.2847676873207,3.697820129643722,1,240,Weekday IQR,Business event,"Known business context overlaps the flag; review, do not treat as error"
store_day,2016-12-23,41,25670.46714782715,14401.159553255353,11269.307594571796,3.00591095644122,1,0,1,0.6060606060606061,1,14401.159553255353,3749.0490429942197,1,7821.134485244751,5108.940224647522,9447.065517187119,4338.125292539597,4.114526773414873,1,240,Rolling z-score + weekday IQR,Business event,"Known business context overlaps the flag; review, do not treat as error"
store_day,2016-12-29,41,14132.783878326416,15415.94809114933,-1283.1642128229141,-0.3066891084047523,0,0,1,0.42424242424242425,1,15415.94809114933,4183.924950896727,0,7053.580986022949,4635.994255781174,8422.279023468494,3786.2847676873207,1.8696963716829664,1,240,Weekday IQR,Business event,"Known business context overlaps the flag; review, do not treat as error"
store_day,2016-12-30,41,17987.7550201416,15528.08355145795,2459.6714686836513,0.5995876939741791,0,0,1,0.6060606060606061,1,15528.08355145795,4102.271433191849,0,7821.134485244751,5108.940224647522,9447.065517187119,4338.125292539597,2.343551614883206,1,240,Weekday IQR,Business event,"Known business context overlaps the flag; review, do not treat as error"
store_day,2017-01-01,41,0.0,15809.542404021535,-15809.542404021535,-3.8323405639575974,0,0,0,0.0,0,15809.542404021535,4125.296836274715,1,12840.094509124756,8570.67149758339,15494.627185106277,6923.955687522888,-1.8544449283901214,0,240,Rolling z-score,Potential data issue,Extreme or zero value without mapped context; investigate source records
store_day,2017-03-08,41,18637.787884235382,11766.868836283684,6870.919047951698,3.434547294591076,0,0,1,0.48484848484848486,1,11766.868836283684,2000.5312079331152,1,8941.902992248535,5239.387996673584,11117.870439529419,5878.482442855835,1.6493857022181517,0,240,Rolling z-score,Business event,"Known business context overlaps the flag; review, do not treat as error"
store_day,2017-05-01,41,18565.81285095215,11726.164025783539,6839.64882516861,2.8784401448599395,1,0,1,0.48484848484848486,1,11726.164025783539,2376.165034170414,0,8808.67602968216,5424.230018615723,10576.994924068451,5152.764905452728,1.8935730622883356,1,241,Weekday IQR,Business event,"Known business context overlaps the flag; review, do not treat as error"
store_day,2017-05-26,41,17364.39893054962,13325.374125914914,4039.024804634708,1.1020019061851947,1,0,1,0.6060606060606061,1,13325.374125914914,3665.170433884837,0,7821.134485244751,5108.940224647522,9447.065517187119,4338.125292539597,2.199859110043849,1,240,Weekday IQR,Business event,"Known business context overlaps the flag; review, do not treat as error"
store_day,2017-07-16,41,24372.706901550293,13107.811735187259,11264.895166363034,3.876463167020579,0,0,1,0.3939393939393939,1,13107.811735187259,2905.9724498868773,1,12840.094509124756,8570.67149758339,15494.627185106277,6923.955687522888,1.6656103696919298,0,240,Rolling z-score,Business event,"Known business context overlaps the flag; review, do not treat as error"
store_day,2015-08-22,42,18821.289085388184,560.1865686007908,18261.102516787392,6.1604904296122704,0,0,1,0.3939393939393939,1,560.1865686007908,2964.2286966326333,1,0.0,0.0,14808.453859329224,14808.453859329224,1.2709827281212684,0,241,Rolling z-score,Business event,"Known business context overlaps the flag; review, do not treat as error"
store_day,2015-08-23,42,18367.80011177063,1232.3754645075117,17135.424647263117,3.77016193137678,0,0,1,0.3333333333333333,1,1232.3754645075117,4545.010256629916,1,0.0,0.0,15401.975243091583,15401.975243091583,1.1925613320284578,0,240,Rolling z-score,Business event,"Known business context overlaps the flag; review, do not treat as error"
store_day,2015-12-10,42,22150.053997039795,10771.341335075242,11378.712661964553,4.270033568505896,0,0,1,0.2727272727272727,1,10771.341335075242,2664.78295297009,1,0.0,0.0,9357.160808086395,9357.160808086395,2.3671768019523474,0,240,Rolling z-score,Business event,"Known business context overlaps the flag; review, do not treat as error"
store_day,2016-01-01,42,0.0,12372.068482943943,-12372.068482943943,-3.9400699679339466,1,0,0,0.0,0,12372.068482943943,3140.0631419323454,1,0.0,0.0,10618.426358699799,10618.426358699799,0.0,0,240,Rolling z-score,Business event,"Known business context overlaps the flag; review, do not treat as error"
store_day,2016-09-03,42,17279.768074035645,10151.165833745685,7128.60224028996,6.719024145442709,0,0,1,0.3333333333333333,1,10151.165833745685,1060.9579733576422,1,0.0,0.0,14808.453859329224,14808.453859329224,1.1668853641428278,0,241,Rolling z-score,Business event,"Known business context overlaps the flag; review, do not treat as error"
store_day,2016-09-04,42,16637.557067871094,10376.207372120449,6261.349695750645,3.658003935944436,0,0,1,0.3333333333333333,1,10376.207372120449,1711.6847891346154,1,0.0,0.0,15401.975243091583,15401.975243091583,1.0802222965092558,0,240,Rolling z-score,Business event,"Known business context overlaps the flag; review, do not treat as error"
store_day,2017-01-01,42,0.0,14761.188373940331,-14761.188373940331,-5.0523992253235495,0,0,0,0.0,0,14761.188373940331,2921.619554518684,1,0.0,0.0,15401.975243091583,15401.975243091583,0.0,0,240,Rolling z-score,Potential data issue,Extreme or zero value without mapped context; investigate source records
store_day,2013-02-01,43,5645.272003173828,3944.6008218015945,1700.6711813722336,3.2316175430383827,0,0,0,0.0,0,3944.6008218015945,526.2600412093487,1,8606.4349899292,6821.690998077393,10494.358501434326,3672.6675033569336,-0.8062703699827918,0,240,Rolling z-score,Unexplained anomaly,No mapped business context; investigate before drawing conclusions
store_day,2013-05-05,43,7413.562000274658,5135.067464351654,2278.494535923004,3.2626000268087583,0,0,0,0.0,0,5135.067464351654,698.3677181391016,1,11686.466005325317,8559.334997177124,14648.24100971222,6088.906012535095,-0.7017523338764183,0,240,Rolling z-score,Unexplained anomaly,No mapped business context; investigate before drawing conclusions
store_day,2013-10-13,43,8511.388999938965,6090.793107441494,2420.595892497471,3.473122663957268,0,0,0,0.0,0,6090.793107441494,696.9508787056343,1,11686.466005325317,8559.334997177124,14648.24100971222,6088.906012535095,-0.5214527862394152,0,240,Rolling z-score,Unexplained anomaly,No mapped business context; investigate before drawing conclusions
store_day,2013-12-01,43,9794.38599395752,6571.20421566282,3223.181778294699,3.2400676435650424,0,0,0,0.0,0,6571.20421566282,994.7884219936335,1,11686.466005325317,8559.334997177124,14648.24100971222,6088.906012535095,-0.310742193667075,0,240,Rolling z-score,Unexplained anomaly,No mapped business context; investigate before drawing conclusions
store_day,2013-12-24,43,11591.831993103027,7522.552320207868,4069.279672895159,3.1365803909659564,1,0,0,0.0,0,7522.552320207868,1297.3618290210518,1,9189.922998428345,6901.827492713928,11710.726002693176,4808.898509979248,0.49947175838507096,0,242,Rolling z-score,Business event,"Known business context overlaps the flag; review, do not treat as error"
store_day,2014-01-01,43,0.0,8291.732177870614,-8291.732177870614,-4.772399364268257,1,0,0,0.0,0,8291.732177870614,1737.4346832648127,1,8209.467987060547,6168.890997886658,10370.553269386292,4201.662271499634,-1.9538619376303346,0,240,Rolling z-score,Business event,"Known business context overlaps the flag; review, do not treat as error"
store_day,2014-03-01,43,16244.609008789062,7371.719148397446,8872.889860391617,5.937114744201154,0,0,0,0.0,0,7371.719148397446,1494.4784196832084,1,10129.678009033203,7843.030994415283,12851.177997589111,5008.147003173828,1.2209967071415087,0,241,Rolling z-score,Unexplained anomaly,No mapped business context; investigate before drawing conclusions
store_day,2014-05-03,43,10403.817008972168,6858.991459437779,3544.825549534389,4.529067893654231,0,0,0,0.0,0,6858.991459437779,782.6832436098201,1,10129.678009033203,7843.030994415283,12851.177997589111,5008.147003173828,0.054738608863764165,0,241,Rolling z-score,Unexplained anomaly,No mapped business context; investigate before drawing conclusions
store_day,2014-05-04,43,10064.918003082275,6944.889352253505,3120.02865082877,3.0859108753285844,0,0,0,0.0,0,6944.889352253505,1011.0559821325211,1,11686.466005325317,8559.334997177124,14648.24100971222,6088.906012535095,-0.2663118791626603,0,240,Rolling z-score,Unexplained anomaly,No mapped business context; investigate before drawing conclusions
store_day,2014-07-01,43,14518.28695678711,7492.305569648743,7025.981387138367,4.595527655503856,0,1,1,0.18181818181818182,0,7492.305569648743,1528.8737037027001,1,9189.922998428345,6901.827492713928,11710.726002693176,4808.898509979248,1.1080217116875186,0,242,Rolling z-score,Business event,"Known business context overlaps the flag; review, do not treat as error"
store_day,2014-09-01,43,12778.177993774414,7935.809500081198,4842.368493693216,3.3876437368370427,0,0,1,0.15151515151515152,0,7935.809500081198,1429.4208216281954,1,10050.634994506836,8070.455001831055,12271.269912719727,4200.814910888672,0.6492890206130442,0,241,Rolling z-score,Unexplained anomaly,No mapped business context; investigate before drawing conclusions
store_day,2014-11-01,43,14902.77896118164,9279.508212191718,5623.270748989922,3.6238062942964624,0,0,1,0.12121212121212122,0,9279.508212191718,1551.7580942006841,1,10129.678009033203,7843.030994415283,12851.177997589111,5008.147003173828,0.9530672620279648,0,241,Rolling z-score,Unexplained anomaly,No mapped business context; investigate before drawing conclusions
store_day,2014-11-03,43,15409.727020263672,9430.92817575591,5978.798844507763,3.2024502749740784,1,0,1,0.030303030303030304,0,9430.92817575591,1866.9450986420568,1,10050.634994506836,8070.455001831055,12271.269912719727,4200.814910888672,1.2757267671722137,0,241,Rolling z-score,Business event,"Known business context overlaps the flag; review, do not treat as error"
store_day,2014-12-31,43,16772.806175231934,11192.796677589417,5580.009497642517,2.420320555389849,1,0,1,0.09090909090909091,0,11192.796677589417,2305.483662160497,0,8209.467987060547,6168.890997886658,10370.553269386292,4201.662271499634,2.038083414332825,1,240,Weekday IQR,Business event,"Known business context overlaps the flag; review, do not treat as error"
store_day,2015-01-01,43,0.0,11379.585575376239,-11379.585575376239,-4.488458798824973,1,0,0,0.0,0,11379.585575376239,2535.2991049745815,1,8326.699639320374,6379.461798667908,10179.94200515747,3800.480206489563,-2.190959875307863,1,240,Rolling z-score + weekday IQR,Business event,"Known business context overlaps the flag; review, do not treat as error"
store_day,2015-05-02,43,12033.050003051758,8216.064747401646,3816.985255650112,4.632341748520627,0,0,1,0.09090909090909091,0,8216.064747401646,823.9861095889772,1,10129.678009033203,7843.030994415283,12851.177997589111,5008.147003173828,0.38005513672268904,0,241,Rolling z-score,Unexplained anomaly,No mapped business context; investigate before drawing conclusions
store_day,2015-05-03,43,12776.923000335693,8312.261818477085,4464.661181858608,4.1413805801131485,0,0,1,0.09090909090909091,0,8312.261818477085,1078.0610705758,1,11686.466005325317,8559.334997177124,14648.24100971222,6088.906012535095,0.17908914881679508,0,240,Rolling z-score,Unexplained anomaly,No mapped business context; investigate before drawing conclusions
store_day,2015-05-31,43,17639.136001586914,9261.516929762704,8377.61907182421,5.064841379611638,0,0,1,0.030303030303030304,0,9261.516929762704,1654.0733349612995,1,11686.466005325317,8559.334997177124,14648.24100971222,6088.906012535095,0.9776255347031089,0,240,Rolling z-score,Unexplained anomaly,No mapped business context; investigate before drawing conclusions
store_day,2015-07-04,43,17868.590965270996,11101.179387569427,6767.411577701569,3.1222337384127505,0,0,1,0.12121212121212122,0,11101.179387569427,2167.49037538167,1,10129.678009033203,7843.030994415283,12851.177997589111,5008.147003173828,1.5452647359059923,0,241,Rolling z-score,Unexplained anomaly,No mapped business context; investigate before drawing conclusions
store_day,2015-10-03,43,25715.44216156006,12008.900097302028,13706.54206425803,7.369038338536182,0,0,1,0.12121212121212122,0,12008.900097302028,1860.0177437780515,1,10129.678009033203,7843.030994415283,12851.177997589111,5008.147003173828,3.112082002115681,1,241,Rolling z-score + weekday IQR,Potential data issue,Extreme or zero value without mapped context; investigate source records
store_day,2015-12-21,43,17383.36293029785,11107.791823046548,6275.571107251304,3.2710942682841053,1,0,1,0.12121212121212122,0,11107.791823046548,1918.4928933715005,1,10050.634994506836,8070.455001831055,12271.269912719727,4200.814910888672,1.7455489211829605,0,241,Rolling z-score,Business event,"Known business context overlaps the flag; review, do not treat as error"
store_day,2015-12-24,43,16793.49314880371,11712.5090577943,5080.984091009412,2.2338822952153636,1,0,1,0.15151515151515152,0,11712.5090577943,2274.50842056097,0,8326.699639320374,6379.461798667908,10179.94200515747,3800.480206489563,2.227822024970883,1,240,Weekday IQR,Business event,"Known business context overlaps the flag; review, do not treat as error"
store_day,2015-12-31,43,18435.876007080078,12376.085822037288,6059.79018504279,2.56759329870149,1,0,1,0.09090909090909091,0,12376.085822037288,2360.105156882677,0,8326.699639320374,6379.461798667908,10179.94200515747,3800.480206489563,2.6599734292781316,1,240,Weekday IQR,Business event,"Known business context overlaps the flag; review, do not treat as error"
store_day,2016-01-01,43,0.0,12637.317786557334,-12637.317786557334,-4.845812810610315,1,0,0,0.0,0,12637.317786557334,2607.884018731979,1,8606.4349899292,6821.690998077393,10494.358501434326,3672.6675033569336,-2.343374395330546,1,240,Rolling z-score + weekday IQR,Business event,"Known business context overlaps the flag; review, do not treat as error"
store_day,2016-03-01,43,14534.00405883789,9889.080107757023,4644.9239510808675,3.9870571716165473,0,0,1,0.18181818181818182,0,9889.080107757023,1165.00058844092,1,9189.922998428345,6901.827492713928,11710.726002693176,4808.898509979248,1.1112900489207054,0,242,Rolling z-score,Unexplained anomaly,No mapped business context; investigate before drawing conclusions
store_day,2016-04-01,43,13856.634033203125,10138.499389375958,3718.1346438271667,3.5693255110445703,0,0,1,0.15151515151515152,0,10138.499389375958,1041.6911072756284,1,8606.4349899292,6821.690998077393,10494.358501434326,3672.6675033569336,1.4295329044829348,0,240,Rolling z-score,Unexplained anomaly,No mapped business context; investigate before drawing conclusions
store_day,2016-04-02,43,14061.874969482422,10261.872426986694,3800.0025424957275,3.024287623176056,0,0,1,0.12121212121212122,0,10261.872426986694,1256.4950877605447,1,10129.678009033203,7843.030994415283,12851.177997589111,5008.147003173828,0.7851600518030433,0,241,Rolling z-score,Unexplained anomaly,No mapped business context; investigate before drawing conclusions
store_day,2016-04-18,43,20648.83299255371,10035.673426219395,10613.159566334316,5.962137746237318,0,1,1,0.30303030303030304,1,10035.673426219395,1780.0929830969167,1,10050.634994506836,8070.455001831055,12271.269912719727,4200.814910888672,2.522890968268072,1,241,Rolling z-score + weekday IQR,Business event,"Known business context overlaps the flag; review, do not treat as error"
store_day,2016-04-19,43,22903.889026641846,10391.731961659023,12512.157064982823,4.665033818996427,0,1,1,0.21212121212121213,0,10391.731961659023,2682.11497503667,1,9189.922998428345,6901.827492713928,11710.726002693176,4808.898509979248,2.8517894481979162,1,242,Rolling z-score + weekday IQR,Business event,"Known business context overlaps the flag; review, do not treat as error"
store_day,2016-05-18,43,2968.3180084228516,10928.49771274839,-7960.179704325539,-4.024377910149394,0,0,1,0.3333333333333333,1,10928.49771274839,1977.990109788183,1,8209.467987060547,6168.890997886658,10370.553269386292,4201.662271499634,-1.2473991577545458,0,240,Rolling z-score,Business event,"Known business context overlaps the flag; review, do not treat as error"
store_day,2016-07-31,43,17406.585983276367,10445.519106047494,6961.066877228874,3.279592836021566,0,0,1,0.36363636363636365,1,10445.519106047494,2122.539969221685,1,11686.466005325317,8559.334997177124,14648.24100971222,6088.906012535095,0.9394331208553993,0,240,Rolling z-score,Business event,"Known business context overlaps the flag; review, do not treat as error"
store_day,2016-09-07,43,26.0,11113.68321272305,-11087.68321272305,-5.134850126856807,0,0,1,0.06060606060606061,0,11113.68321272305,2159.30025975464,1,8209.467987060547,6168.890997886658,10370.553269386292,4201.662271499634,-1.9476739105305931,0,240,Rolling z-score,Unexplained anomaly,No mapped business context; investigate before drawing conclusions
store_day,2016-11-14,43,0.0,10433.172749451229,-10433.172749451229,-4.271019206371908,0,0,0,0.0,0,10433.172749451229,2442.782915582782,1,10050.634994506836,8070.455001831055,12271.269912719727,4200.814910888672,-2.3925441152989646,1,241,Rolling z-score + weekday IQR,Potential data issue,Extreme or zero value without mapped context; investigate source records
store_day,2016-11-15,43,0.0,10091.605213505882,-10091.605213505882,-3.215496227727435,0,0,0,0.0,0,10091.605213505882,3138.428565546216,1,9189.922998428345,6901.827492713928,11710.726002693176,4808.898509979248,-1.9110245265849877,0,242,Rolling z-score,Potential data issue,Extreme or zero value without mapped context; investigate source records
store_day,2016-11-17,43,0.0,9521.574857234955,-9521.574857234955,-2.3343535550657375,0,0,0,0.0,0,9521.574857234955,4078.891492924181,0,8326.699639320374,6379.461798667908,10179.94200515747,3800.480206489563,-2.190959875307863,1,240,Weekday IQR,Potential data issue,Extreme or zero value without mapped context; investigate source records
store_day,2016-12-01,43,16780.24575805664,10492.976408822196,6287.269349234444,1.2416087664920679,0,0,1,0.5151515151515151,1,10492.976408822196,5063.808760788587,0,8326.699639320374,6379.461798667908,10179.94200515747,3800.480206489563,2.224336310001377,1,240,Weekday IQR,Business event,"Known business context overlaps the flag; review, do not treat as error"
store_day,2016-12-22,43,20071.786346435547,14129.49847289494,5942.287873540607,1.9305337652997683,1,0,1,0.48484848484848486,1,14129.49847289494,3078.054360068602,0,8326.699639320374,6379.461798667908,10179.94200515747,3800.480206489563,3.0904217543508548,1,240,Weekday IQR,Business event,"Known business context overlaps the flag; review, do not treat as error"
store_day,2016-12-23,43,20444.046966552734,14518.277808802468,5925.7691577502665,1.9006573691645539,1,0,1,0.5454545454545454,1,14518.277808802468,3117.747182573457,0,8606.4349899292,6821.690998077393,10494.358501434326,3672.6675033569336,3.2231646251133776,1,240,Weekday IQR,Business event,"Known business context overlaps the flag; review, do not treat as error"
store_day,2016-12-24,43,23250.18324279785,14883.426984718868,8366.756258078984,2.61994961300131,1,0,1,0.5151515151515151,1,14883.426984718868,3193.479835092844,0,10129.678009033203,7843.030994415283,12851.177997589111,5008.147003173828,2.6198322903560443,1,241,Weekday IQR,Business event,"Known business context overlaps the flag; review, do not treat as error"
store_day,2016-12-29,43,16774.867156982422,15601.694979735783,1173.172177246639,0.3423235112229047,0,0,1,0.48484848484848486,1,15601.694979735783,3427.0861883124508,0,8326.699639320374,6379.461798667908,10179.94200515747,3800.480206489563,2.2229210675104327,1,240,Weekday IQR,Business event,"Known business context overlaps the flag; review, do not treat as error"
store_day,2016-12-30,43,22628.988037109375,15795.563270636967,6833.424766472408,2.052318507016661,0,0,1,0.5454545454545454,1,15795.563270636967,3329.6122132649716,0,8606.4349899292,6821.690998077393,10494.358501434326,3672.6675033569336,3.8180840041640365,1,240,Weekday IQR,Business event,"Known business context overlaps the flag; review, do not treat as error"
store_day,2016-12-31,43,25254.96608734131,16004.446923460278,9250.51916388103,2.59222666172814,1,0,1,0.45454545454545453,1,16004.446923460278,3568.561075486376,0,10129.678009033203,7843.030994415283,12851.177997589111,5008.147003173828,3.0201366031633476,1,241,Weekday IQR,Business event,"Known business context overlaps the flag; review, do not treat as error"
store_day,2017-01-01,43,0.0,16422.418005875177,-16422.418005875177,-4.171298972843395,0,0,0,0.0,0,16422.418005875177,3937.0033442318136,1,11686.466005325317,8559.334997177124,14648.24100971222,6088.906012535095,-1.9193047127458776,0,240,Rolling z-score,Potential data issue,Extreme or zero value without mapped context; investigate source records
store_day,2017-01-02,43,22039.87385559082,15730.394436223167,6309.4794193676535,1.2703372932161936,1,0,1,0.42424242424242425,1,15730.394436223167,4966.774929037581,0,10050.634994506836,8070.455001831055,12271.269912719727,4200.814910888672,2.8540269246348897,1,241,Weekday IQR,Business event,"Known business context overlaps the flag; review, do not treat as error"
store_day,2017-01-03,43,23245.542098999023,15810.47817999976,7435.0639189992635,1.4716702991718509,0,0,1,0.45454545454545453,1,15810.47817999976,5052.1260931766965,0,9189.922998428345,6901.827492713928,11710.726002693176,4808.898509979248,2.922835462508302,1,242,Weekday IQR,Business event,"Known business context overlaps the flag; review, do not treat as error"
store_day,2017-02-05,43,21379.904792785645,13656.25756434032,7723.647228445325,3.01234166287056,0,0,1,0.48484848484848486,1,13656.25756434032,2564.001063904951,1,11686.466005325317,8559.334997177124,14648.24100971222,6088.906012535095,1.5919836449281137,0,240,Rolling z-score,Business event,"Known business context overlaps the flag; review, do not treat as error"
store_day,2017-03-01,43,16981.610885620117,14284.898277282715,2696.7126083374023,1.0566311893191835,0,0,1,0.48484848484848486,1,14284.898277282715,2552.179639969712,0,8209.467987060547,6168.890997886658,10370.553269386292,4201.662271499634,2.08777915304189,1,240,Weekday IQR,Business event,"Known business context overlaps the flag; review, do not treat as error"
store_day,2017-04-01,43,22024.796020507812,13332.554636274066,8692.241384233746,5.202990658628263,0,0,1,0.42424242424242425,1,13332.554636274066,1670.6240611482096,1,10129.678009033203,7843.030994415283,12851.177997589111,5008.147003173828,2.3751535256325904,1,241,Rolling z-score + weekday IQR,Business event,"Known business context overlaps the flag; review, do not treat as error"
store_day,2017-04-03,43,20286.059936523438,13666.22566958836,6619.834266935077,2.663425533391205,0,0,1,0.36363636363636365,1,13666.22566958836,2485.458738734241,0,10050.634994506836,8070.455001831055,12271.269912719727,4200.814910888672,2.4365331868076336,1,241,Weekday IQR,Business event,"Known business context overlaps the flag; review, do not treat as error"
store_day,2017-05-01,43,20400.91709136963,13731.11592415401,6669.801167215619,3.029245117942114,1,0,1,0.48484848484848486,1,13731.11592415401,2201.803059023061,1,10050.634994506836,8070.455001831055,12271.269912719727,4200.814910888672,2.4638748234382972,1,241,Rolling z-score + weekday IQR,Business event,"Known business context overlaps the flag; review, do not treat as error"
store_day,2017-05-26,43,16890.726051330566,13883.833883966718,3006.892167363849,0.9966084488299926,1,0,1,0.45454545454545453,1,13883.833883966718,3017.12490085139,0,8606.4349899292,6821.690998077393,10494.358501434326,3672.6675033569336,2.2556605121016986,1,240,Weekday IQR,Business event,"Known business context overlaps the flag; review, do not treat as error"
store_day,2017-07-01,43,23681.068069458008,14085.166579655239,9595.901489802769,3.426158667441495,0,0,1,0.48484848484848486,1,14085.166579655239,2800.7755685665798,1,10129.678009033203,7843.030994415283,12851.177997589111,5008.147003173828,2.705869067309095,1,241,Rolling z-score + weekday IQR,Business event,"Known business context overlaps the flag; review, do not treat as error"
store_day,2017-07-02,43,24735.40249633789,14358.907618386405,10376.494877951485,3.1231093637009852,0,0,1,0.3939393939393939,1,14358.907618386405,3322.4884784870305,1,11686.466005325317,8559.334997177124,14648.24100971222,6088.906012535095,2.143067484396872,1,240,Rolling z-score + weekday IQR,Business event,"Known business context overlaps the flag; review, do not treat as error"
store_day,2017-07-07,43,16679.220779418945,14957.825393949237,1721.3953854697083,0.46790579705890034,0,0,1,0.5151515151515151,1,14957.825393949237,3678.93579496092,0,8606.4349899292,6821.690998077393,10494.358501434326,3672.6675033569336,2.198071505822666,1,240,Weekday IQR,Business event,"Known business context overlaps the flag; review, do not treat as error"
store_day,2017-07-24,43,19890.556121826172,15910.299409321377,3980.2567125047954,1.1534535031192954,0,0,1,0.42424242424242425,1,15910.299409321377,3450.730091625669,0,10050.634994506836,8070.455001831055,12271.269912719727,4200.814910888672,2.3423838793311,1,241,Weekday IQR,Business event,"Known business context overlaps the flag; review, do not treat as error"
store_day,2017-08-04,43,19634.702041625977,15778.831040654864,3855.871000971112,1.3439007513370749,0,0,1,0.45454545454545453,1,15778.831040654864,2869.163513105284,0,8606.4349899292,6821.690998077393,10494.358501434326,3672.6675033569336,3.002794846420645,1,240,Weekday IQR,Business event,"Known business context overlaps the flag; review, do not treat as error"
store_day,2017-08-11,43,16143.666954040527,15922.02862398965,221.6383300508769,0.07848185790396854,1,0,1,0.5151515151515151,1,15922.02862398965,2824.070886829368,0,8606.4349899292,6821.690998077393,10494.358501434326,3672.6675033569336,2.052250021877031,1,240,Weekday IQR,Business event,"Known business context overlaps the flag; review, do not treat as error"
store_day,2013-09-01,44,39790.561920166016,20887.52885845729,18903.033061708724,3.7986973901634737,0,0,0,0.0,0,20887.52885845729,4976.188182469372,1,50396.12927246094,36180.65944290161,63678.537326812744,27497.877883911133,-0.38568675724973617,0,240,Rolling z-score,Unexplained anomaly,No mapped business context; investigate before drawing conclusions
store_day,2013-11-12,44,58409.147048950195,23770.01609625135,34639.13095269885,4.569713500608308,0,0,0,0.0,0,23770.01609625135,7580.153755391401,1,31644.67356109619,20544.92409515381,35106.8245010376,14561.900405883789,1.837979435502781,1,242,Rolling z-score + weekday IQR,Unexplained anomaly,No mapped business context; investigate before drawing conclusions
store_day,2014-01-01,44,0.0,29738.697180611747,-29738.697180611747,-4.704577551925336,1,0,0,0.0,0,29738.697180611747,6321.225838532785,1,40345.156982421875,22956.524534225464,44567.253452301025,21610.72891807556,-1.8669040334255702,0,240,Rolling z-score,Business event,"Known business context overlaps the flag; review, do not treat as error"
store_day,2014-01-04,44,66224.09790039062,30503.471701758248,35720.62619863238,3.920966510808563,0,0,0,0.0,0,30503.471701758248,9110.158452046111,1,50785.457916259766,34105.41098022461,58416.13800048828,24310.727020263672,0.63505463951211,0,241,Rolling z-score,Unexplained anomaly,No mapped business context; investigate before drawing conclusions
store_day,2014-01-05,44,67869.90354919434,31749.387739726477,36120.51580946786,3.184962457735134,0,0,0,0.0,0,31749.387739726477,11340.954968478218,1,50396.12927246094,36180.65944290161,63678.537326812744,27497.877883911133,0.6354590107099579,0,240,Rolling z-score,Unexplained anomaly,No mapped business context; investigate before drawing conclusions
store_day,2014-03-01,44,53928.67803955078,24531.745527539933,29396.932512010848,4.547654464972414,0,0,0,0.0,0,24531.745527539933,6464.196595945459,1,50785.457916259766,34105.41098022461,58416.13800048828,24310.727020263672,0.1292935468639442,0,241,Rolling z-score,Unexplained anomaly,No mapped business context; investigate before drawing conclusions
store_day,2014-03-04,44,53082.461029052734,25874.942465918404,27207.51856313433,3.0424625679736437,1,0,0,0.0,0,25874.942465918404,8942.597634407453,1,31644.67356109619,20544.92409515381,35106.8245010376,14561.900405883789,1.4721833600300223,0,242,Rolling z-score,Business event,"Known business context overlaps the flag; review, do not treat as error"
store_day,2014-03-09,44,65236.287994384766,29457.250422069006,35779.03757231576,3.1600210473780357,0,0,0,0.0,0,29457.250422069006,11322.404830816777,1,50396.12927246094,36180.65944290161,63678.537326812744,27497.877883911133,0.5396837815839864,0,240,Rolling z-score,Unexplained anomaly,No mapped business context; investigate before drawing conclusions
store_day,2014-03-16,44,72709.46408081055,33710.97968019758,38998.484400612964,3.066084366386415,0,0,0,0.0,0,33710.97968019758,12719.312236856444,1,50396.12927246094,36180.65944290161,63678.537326812744,27497.877883911133,0.8114566113992755,0,240,Rolling z-score,Unexplained anomaly,No mapped business context; investigate before drawing conclusions
store_day,2014-06-01,44,47019.778076171875,25124.625922339303,21895.152153832572,3.046707942050036,0,0,0,0.0,0,25124.625922339303,7186.495250050125,1,50396.12927246094,36180.65944290161,63678.537326812744,27497.877883911133,-0.12278588226128345,0,240,Rolling z-score,Unexplained anomaly,No mapped business context; investigate before drawing conclusions
store_day,2014-07-02,44,50616.44219970703,25728.69635636466,24887.74584334237,3.420462179126809,0,0,1,0.3333333333333333,1,25728.69635636466,7276.13537001477,1,40345.156982421875,22956.524534225464,44567.253452301025,21610.72891807556,0.4752863846574878,0,240,Rolling z-score,Business event,"Known business context overlaps the flag; review, do not treat as error"
store_day,2014-07-06,44,64146.52696228027,28197.35913985116,35949.16782242911,3.6751838760977753,0,0,1,0.18181818181818182,0,28197.35913985116,9781.597066811008,1,50396.12927246094,36180.65944290161,63678.537326812744,27497.877883911133,0.5000530494705784,0,240,Rolling z-score,Unexplained anomaly,No mapped business context; investigate before drawing conclusions
store_day,2014-08-31,44,47296.90313720703,27676.340801102775,19620.562336104256,3.161298365333847,0,0,1,0.18181818181818182,0,27676.340801102775,6206.488622288658,1,50396.12927246094,36180.65944290161,63678.537326812744,27497.877883911133,-0.11270782961281706,0,240,Rolling z-score,Unexplained anomaly,No mapped business context; investigate before drawing conclusions
store_day,2014-09-01,44,56175.481353759766,28122.819985934668,28052.661367825098,3.939969959975429,0,0,1,0.18181818181818182,0,28122.819985934668,7120.019099841067,1,35452.68495178223,22810.46304321289,39093.60259246826,16283.139549255371,1.2726536144514706,0,241,Rolling z-score,Unexplained anomaly,No mapped business context; investigate before drawing conclusions
store_day,2014-09-06,44,67905.91162109375,32456.363214765275,35449.548406328475,3.4915447269832796,0,0,1,0.24242424242424243,0,32456.363214765275,10152.969868141185,1,50785.457916259766,34105.41098022461,58416.13800048828,24310.727020263672,0.7042345418367623,0,241,Rolling z-score,Unexplained anomaly,No mapped business context; investigate before drawing conclusions
store_day,2014-09-07,44,75814.7712097168,33828.53516496931,41986.236044747486,3.4588913103215693,0,0,1,0.2727272727272727,1,33828.53516496931,12138.639892921085,1,50396.12927246094,36180.65944290161,63678.537326812744,27497.877883911133,0.924385585119213,0,240,Rolling z-score,Business event,"Known business context overlaps the flag; review, do not treat as error"
store_day,2014-12-16,44,71731.20874023438,45791.52877916609,25939.679961068287,2.3264993456510914,0,0,1,0.2727272727272727,1,45791.52877916609,11149.66140418528,0,31644.67356109619,20544.92409515381,35106.8245010376,14561.900405883789,2.752836790652755,1,242,Weekday IQR,Business event,"Known business context overlaps the flag; review, do not treat as error"
store_day,2015-01-01,44,0.0,49037.64169338771,-49037.64169338771,-4.98814894401723,1,0,0,0.0,0,49037.64169338771,9830.82948078431,1,29160.18744277954,18840.52370452881,32832.78750419617,13992.263799667358,-2.084022132535321,0,240,Rolling z-score,Business event,"Known business context overlaps the flag; review, do not treat as error"
store_day,2015-03-01,44,48394.660064697266,25796.228720801217,22598.43134389605,3.1406126983056604,0,0,1,0.18181818181818182,0,25796.228720801217,7195.548612564597,1,50396.12927246094,36180.65944290161,63678.537326812744,27497.877883911133,-0.07278631522815517,0,240,Rolling z-score,Unexplained anomaly,No mapped business context; investigate before drawing conclusions
store_day,2015-11-03,44,58456.023529052734,42491.4412751879,15964.582253864835,1.434215125111427,1,0,1,0.18181818181818182,0,42491.4412751879,11131.232668198583,0,31644.67356109619,20544.92409515381,35106.8245010376,14561.900405883789,1.841198553804373,1,242,Weekday IQR,Business event,"Known business context overlaps the flag; review, do not treat as error"
store_day,2016-01-01,44,0.0,50080.57087830135,-50080.57087830135,-4.367889856601578,1,0,0,0.0,0,50080.57087830135,11465.621277654278,1,36332.22137451172,22852.197021484375,41997.543296813965,19145.34627532959,-1.8977051055654648,0,240,Rolling z-score,Business event,"Known business context overlaps the flag; review, do not treat as error"
store_day,2016-04-03,44,78538.95443725586,42085.138305391585,36453.816131864274,3.168321333548655,0,0,1,0.24242424242424243,0,42085.138305391585,11505.71936812812,1,50396.12927246094,36180.65944290161,63678.537326812744,27497.877883911133,1.023454438324535,0,240,Rolling z-score,Unexplained anomaly,No mapped business context; investigate before drawing conclusions
store_day,2016-04-17,44,90557.92489624023,42320.55764852251,48237.367247717724,3.688949197506388,0,1,1,0.3939393939393939,1,42320.55764852251,13076.18095698489,1,50396.12927246094,36180.65944290161,63678.537326812744,27497.877883911133,1.4605416386432408,0,240,Rolling z-score,Business event,"Known business context overlaps the flag; review, do not treat as error"
store_day,2016-04-18,44,77975.54091644287,43488.15033803667,34487.3905784062,2.1952579060681328,0,1,1,0.36363636363636365,1,43488.15033803667,15709.949379103084,0,35452.68495178223,22810.46304321289,39093.60259246826,16283.139549255371,2.6114654263099535,1,241,Weekday IQR,Business event,"Known business context overlaps the flag; review, do not treat as error"
store_day,2016-04-19,44,70521.48497009277,45046.20135552542,25475.28361456735,1.5083814330071175,0,1,1,0.42424242424242425,1,45046.20135552542,16889.15221117492,0,31644.67356109619,20544.92409515381,35106.8245010376,14561.900405883789,2.6697622099714584,1,242,Weekday IQR,Business event,"Known business context overlaps the flag; review, do not treat as error"
store_day,2016-09-03,44,67785.8839263916,40332.2056388855,27453.678287506104,3.5028333626238406,0,0,1,0.45454545454545453,1,40332.2056388855,7837.563322436094,1,50785.457916259766,34105.41098022461,58416.13800048828,24310.727020263672,0.6992973100294987,0,241,Rolling z-score,Business event,"Known business context overlaps the flag; review, do not treat as error"
store_day,2016-10-02,44,84398.8256225586,43917.029669625415,40481.79595293318,3.2982581217810742,0,0,1,0.3939393939393939,1,43917.029669625415,12273.689462204014,1,50396.12927246094,36180.65944290161,63678.537326812744,27497.877883911133,1.2365571079211337,0,240,Rolling z-score,Business event,"Known business context overlaps the flag; review, do not treat as error"
store_day,2016-12-06,44,59485.27926635742,49648.48953110831,9836.789735249113,0.6975890933038434,1,0,1,0.5454545454545454,1,49648.48953110831,14101.123182217785,0,31644.67356109619,20544.92409515381,35106.8245010376,14561.900405883789,1.9118799695960105,1,242,Weekday IQR,Business event,"Known business context overlaps the flag; review, do not treat as error"
store_day,2016-12-22,44,58210.67713928223,53359.57049369812,4851.106645584106,0.4007090790067618,1,0,1,0.5151515151515151,1,53359.57049369812,12106.305795737277,0,29160.18744277954,18840.52370452881,32832.78750419617,13992.263799667358,2.076182247020908,1,240,Weekday IQR,Business event,"Known business context overlaps the flag; review, do not treat as error"
store_day,2017-01-01,44,0.0,55117.79358495985,-55117.79358495985,-5.290466168217261,0,0,0,0.0,0,55117.79358495985,10418.32455447551,1,50396.12927246094,36180.65944290161,63678.537326812744,27497.877883911133,-1.8327279466881135,0,240,Rolling z-score,Potential data issue,Extreme or zero value without mapped context; investigate source records
store_day,2017-01-02,44,83303.55976867676,52950.3200006485,30353.23976802826,2.0698941210629322,1,0,1,0.5454545454545454,1,52950.3200006485,14664.150914367186,0,35452.68495178223,22810.46304321289,39093.60259246826,16283.139549255371,2.9386762099623938,1,241,Weekday IQR,Business event,"Known business context overlaps the flag; review, do not treat as error"
store_day,2017-02-28,44,58759.47694396973,45749.804783684864,13009.672160284863,1.118561006765662,1,0,1,0.5757575757575758,1,45749.804783684864,11630.722045194969,0,31644.67356109619,20544.92409515381,35106.8245010376,14561.900405883789,1.8620374145614744,1,242,Weekday IQR,Business event,"Known business context overlaps the flag; review, do not treat as error"
store_day,2017-05-01,44,70065.70391845703,42890.73153250558,27174.97238595145,2.2668579233366835,1,0,1,0.5454545454545454,1,42890.73153250558,11987.946887271817,0,35452.68495178223,22810.46304321289,39093.60259246826,16283.139549255371,2.125696881855788,1,241,Weekday IQR,Business event,"Known business context overlaps the flag; review, do not treat as error"
store_day,2013-09-01,45,35196.207904815674,17933.762889317102,17262.44501549857,3.928429560210261,0,0,0,0.0,0,17933.762889317102,4394.235597436711,1,47938.39384460449,34501.039865493774,58536.08871841431,24035.048852920532,-0.5301501993094763,0,240,Rolling z-score,Unexplained anomaly,No mapped business context; investigate before drawing conclusions
store_day,2013-12-01,45,41950.92798614502,20756.755759784155,21194.172226360864,3.009107426275544,0,0,0,0.0,0,20756.755759784155,7043.341836616808,1,47938.39384460449,34501.039865493774,58536.08871841431,24035.048852920532,-0.24911394585045443,0,240,Rolling z-score,Unexplained anomaly,No mapped business context; investigate before drawing conclusions
store_day,2014-01-01,45,0.0,26576.103569746017,-26576.103569746017,-3.6109199186731753,1,0,0,0.0,0,26576.103569746017,7359.926048847782,1,30988.90115737915,18519.057292938232,35921.80326080322,17402.74596786499,-1.780690312586396,0,240,Rolling z-score,Business event,"Known business context overlaps the flag; review, do not treat as error"
store_day,2014-01-02,45,46013.17076873779,25911.503888436728,20101.666880301065,2.2831266373428143,0,0,0,0.0,0,25911.503888436728,8804.446740499736,0,23454.899589538574,15390.920484542847,27496.282561302185,12105.362076759338,1.8634941306305952,1,240,Weekday IQR,Unexplained anomaly,No mapped business context; investigate before drawing conclusions
store_day,2014-01-04,45,58590.415298461914,27727.11558464595,30863.299713815963,3.272804378990627,0,0,0,0.0,0,27727.11558464595,9430.230511771248,1,43403.38178253174,29581.663864135742,49813.166343688965,20231.502479553223,0.7506626624136694,0,241,Rolling z-score,Unexplained anomaly,No mapped business context; investigate before drawing conclusions
store_day,2014-03-01,45,45876.821716308594,21876.493195125036,24000.328521183557,3.663674442625434,0,0,0,0.0,0,21876.493195125036,6550.890068710534,1,43403.38178253174,29581.663864135742,49813.166343688965,20231.502479553223,0.12225685839579212,0,241,Rolling z-score,Unexplained anomaly,No mapped business context; investigate before drawing conclusions
store_day,2014-03-04,45,51657.269134521484,23187.59620666504,28469.672927856445,3.1956656858185135,1,0,0,0.0,0,23187.59620666504,8908.839574238642,1,26059.024950027466,17359.857014656067,30770.19265937805,13410.335644721985,1.9088444064835117,1,242,Rolling z-score + weekday IQR,Business event,"Known business context overlaps the flag; review, do not treat as error"
store_day,2014-07-06,45,53900.78852844238,25859.071191379004,28041.71733706338,3.1262201555344644,0,0,1,0.21212121212121213,0,25859.071191379004,8969.847273046358,1,47938.39384460449,34501.039865493774,58536.08871841431,24035.048852920532,0.24807083689839857,0,240,Rolling z-score,Unexplained anomaly,No mapped business context; investigate before drawing conclusions
store_day,2014-09-01,45,45151.434982299805,22333.872730391366,22817.56225190844,4.058532923842375,0,0,1,0.15151515151515152,0,22333.872730391366,5622.120771243158,1,31371.623153686523,21077.130935668945,37172.68589782715,16095.554962158203,0.8561253004951119,0,241,Rolling z-score,Unexplained anomaly,No mapped business context; investigate before drawing conclusions
store_day,2014-09-06,45,49681.90726470947,25041.493124144417,24640.414140565055,3.09116029984484,0,0,1,0.18181818181818182,0,25041.493124144417,7971.250841246206,1,43403.38178253174,29581.663864135742,49813.166343688965,20231.502479553223,0.31033411821603796,0,241,Rolling z-score,Unexplained anomaly,No mapped business context; investigate before drawing conclusions
store_day,2014-09-07,45,59761.67502593994,25890.564064707076,33871.110961232866,3.668394245079865,0,0,1,0.24242424242424243,0,25890.564064707076,9233.225410998717,1,47938.39384460449,34501.039865493774,58536.08871841431,24035.048852920532,0.4919183336670766,0,240,Rolling z-score,Unexplained anomaly,No mapped business context; investigate before drawing conclusions
store_day,2014-11-03,45,62997.99609375,33943.68778487614,29054.308308873857,2.7780047650323696,1,0,1,0.21212121212121213,0,33943.68778487614,10458.696354516625,0,31371.623153686523,21077.130935668945,37172.68589782715,16095.554962158203,1.9649134816674128,1,241,Weekday IQR,Business event,"Known business context overlaps the flag; review, do not treat as error"
store_day,2014-12-18,45,50431.43981170654,38964.563838005066,11466.875973701477,1.0126852440961154,0,0,1,0.36363636363636365,1,38964.563838005066,11323.237936518348,0,23454.899589538574,15390.920484542847,27496.282561302185,12105.362076759338,2.228478590818798,1,240,Weekday IQR,Business event,"Known business context overlaps the flag; review, do not treat as error"
store_day,2015-01-01,45,0.0,42915.08319609506,-42915.08319609506,-4.379760473237682,1,0,0,0.0,0,42915.08319609506,9798.500045453544,1,23454.899589538574,15390.920484542847,27496.282561302185,12105.362076759338,-1.93756282883672,0,240,Rolling z-score,Business event,"Known business context overlaps the flag; review, do not treat as error"
store_day,2015-05-31,45,52228.399185180664,26645.664186068945,25582.73499911172,3.026429165075833,0,0,1,0.2727272727272727,1,26645.664186068945,8453.108797103036,1,47938.39384460449,34501.039865493774,58536.08871841431,24035.048852920532,0.17848956192385218,0,240,Rolling z-score,Business event,"Known business context overlaps the flag; review, do not treat as error"
store_day,2015-06-07,45,61046.53059387207,29524.18558706556,31522.34500680651,3.071815180969307,0,0,1,0.3939393939393939,1,29524.18558706556,10261.797390056416,1,47938.39384460449,34501.039865493774,58536.08871841431,24035.048852920532,0.545375914543847,0,240,Rolling z-score,Business event,"Known business context overlaps the flag; review, do not treat as error"
store_day,2015-11-03,45,59873.71115112305,35015.2661082404,24858.445042882646,2.3103312109358503,1,0,1,0.21212121212121213,0,35015.2661082404,10759.688881497294,0,26059.024950027466,17359.857014656067,30770.19265937805,13410.335644721985,2.5215391394326736,1,242,Weekday IQR,Business event,"Known business context overlaps the flag; review, do not treat as error"
store_day,2015-12-22,45,52312.470375061035,43130.69699927739,9181.773375783647,0.7764148382351574,1,0,1,0.3333333333333333,1,43130.69699927739,11825.860253591274,0,26059.024950027466,17359.857014656067,30770.19265937805,13410.335644721985,1.9577023365083597,1,242,Weekday IQR,Business event,"Known business context overlaps the flag; review, do not treat as error"
store_day,2015-12-24,45,46081.17171096802,44943.540738923206,1137.6309720448116,0.09816613643561029,1,0,1,0.30303030303030304,1,44943.540738923206,11588.833108360268,0,23454.899589538574,15390.920484542847,27496.282561302185,12105.362076759338,1.8691115538682508,1,240,Weekday IQR,Business event,"Known business context overlaps the flag; review, do not treat as error"
store_day,2016-01-01,45,0.0,45423.17406436375,-45423.17406436375,-4.4070225664637075,1,0,0,0.0,0,45423.17406436375,10306.998291776916,1,33034.56245803833,21562.02235031128,38038.942293167114,16476.919942855835,-2.004899129971294,0,240,Rolling z-score,Business event,"Known business context overlaps the flag; review, do not treat as error"
store_day,2016-04-03,45,72231.14724731445,36968.63297135489,35262.51427595956,3.0866972910615913,0,0,1,0.21212121212121213,0,36968.63297135489,11424.027350551085,1,47938.39384460449,34501.039865493774,58536.08871841431,24035.048852920532,1.0107220314535834,0,240,Rolling z-score,Unexplained anomaly,No mapped business context; investigate before drawing conclusions
store_day,2016-04-18,45,114144.37831878662,37760.750413622176,76383.62790516444,6.185058554953073,0,1,1,0.3939393939393939,1,37760.750413622176,12349.701660301253,1,31371.623153686523,21077.130935668945,37172.68589782715,16095.554962158203,5.142584729740897,1,241,Rolling z-score + weekday IQR,Business event,"Known business context overlaps the flag; review, do not treat as error"
store_day,2016-04-21,45,75006.19094848633,41649.123129435946,33357.06781905038,1.7830925358217824,0,1,1,0.42424242424242425,1,41649.123129435946,18707.423843079996,0,23454.899589538574,15390.920484542847,27496.282561302185,12105.362076759338,4.258550139356779,1,240,Weekday IQR,Business event,"Known business context overlaps the flag; review, do not treat as error"
store_day,2016-11-03,45,46607.18190765381,38268.77891649519,8338.402991158619,0.6946813084254926,1,0,1,0.5454545454545454,1,38268.77891649519,12003.206204090557,0,23454.899589538574,15390.920484542847,27496.282561302185,12105.362076759338,1.91256421504025,1,240,Weekday IQR,Business event,"Known business context overlaps the flag; review, do not treat as error"
store_day,2016-12-06,45,55933.55773162842,42236.03411660875,13697.523615019665,1.0929963502061864,1,0,1,0.5757575757575758,1,42236.03411660875,12532.085411296863,0,26059.024950027466,17359.857014656067,30770.19265937805,13410.335644721985,2.227724463657173,1,242,Weekday IQR,Business event,"Known business context overlaps the flag; review, do not treat as error"
store_day,2016-12-19,45,66919.02769470215,44844.48146152496,22074.546233177185,1.780126961817146,0,0,1,0.5757575757575758,1,44844.48146152496,12400.545976026104,0,31371.623153686523,21077.130935668945,37172.68589782715,16095.554962158203,2.2085230751341043,1,241,Weekday IQR,Business event,"Known business context overlaps the flag; review, do not treat as error"
store_day,2016-12-20,45,65481.98307800293,45821.08709457942,19660.895983423507,1.5087950863134154,0,0,1,0.5151515151515151,1,45821.08709457942,13030.858969366656,0,26059.024950027466,17359.857014656067,30770.19265937805,13410.335644721985,2.939744326495771,1,242,Weekday IQR,Business event,"Known business context overlaps the flag; review, do not treat as error"
store_day,2016-12-22,45,54954.1018371582,47938.42354542868,7015.67829172952,0.5248624800145585,1,0,1,0.5757575757575758,1,47938.42354542868,13366.698056860383,0,23454.899589538574,15390.920484542847,27496.282561302185,12105.362076759338,2.6020867486561055,1,240,Weekday IQR,Business event,"Known business context overlaps the flag; review, do not treat as error"
store_day,2017-01-01,45,0.0,51553.31020137242,-51553.31020137242,-4.491664371025663,0,0,0,0.0,0,51553.31020137242,11477.551736484782,1,47938.39384460449,34501.039865493774,58536.08871841431,24035.048852920532,-1.9945203414379344,0,240,Rolling z-score,Potential data issue,Extreme or zero value without mapped context; investigate source records
store_day,2017-01-02,45,85354.27375793457,49454.22374452864,35900.05001340593,2.4004497722054996,1,0,1,0.6060606060606061,1,49454.22374452864,14955.551425856944,0,31371.623153686523,21077.130935668945,37172.68589782715,16095.554962158203,3.353885636821166,1,241,Weekday IQR,Business event,"Known business context overlaps the flag; review, do not treat as error"
store_day,2017-01-03,45,56589.77479553223,50015.04805483137,6574.726740700855,0.41094600663484177,0,0,1,0.6363636363636364,1,50015.04805483137,15999.003846125759,0,26059.024950027466,17359.857014656067,30770.19265937805,13410.335644721985,2.276658142969076,1,242,Weekday IQR,Business event,"Known business context overlaps the flag; review, do not treat as error"
store_day,2017-02-28,45,59651.05856323242,41330.17836924962,18320.880193982804,1.9291205144516848,1,0,1,0.5454545454545454,1,41330.17836924962,9497.011750554195,0,26059.024950027466,17359.857014656067,30770.19265937805,13410.335644721985,2.5049360808822145,1,242,Weekday IQR,Business event,"Known business context overlaps the flag; review, do not treat as error"
store_day,2017-05-01,45,72194.49661254883,40168.00320175716,32026.49341079167,2.4819436821192546,1,0,1,0.6060606060606061,1,40168.00320175716,12903.795376793258,0,31371.623153686523,21077.130935668945,37172.68589782715,16095.554962158203,2.536282442875675,1,241,Weekday IQR,Business event,"Known business context overlaps the flag; review, do not treat as error"
store_day,2017-06-04,45,77205.07034301758,41659.84034960611,35545.22999341147,3.0296445832472063,0,0,1,0.45454545454545453,1,41659.84034960611,11732.475218368256,1,47938.39384460449,34501.039865493774,58536.08871841431,24035.048852920532,1.217666611684746,0,240,Rolling z-score,Business event,"Known business context overlaps the flag; review, do not treat as error"
store_day,2013-01-01,46,0.0,18090.70442199707,-18090.70442199707,,1,0,0,0.0,0,,,0,18090.70442199707,14129.753532886505,22712.42475795746,8582.671225070953,-2.1078174786833355,1,242,Weekday IQR,Business event,"Known business context overlaps the flag; review, do not treat as error"
store_day,2013-03-03,46,34135.03805541992,16029.86369058064,18105.17436483928,3.086912276993715,0,0,0,0.0,0,16029.86369058064,5865.14054829947,1,38631.7299118042,30839.968788146973,46420.96809005737,15580.9993019104,-0.28860099209637563,0,240,Rolling z-score,Unexplained anomaly,No mapped business context; investigate before drawing conclusions
store_day,2013-06-02,46,33828.00704956055,15839.311071804592,17988.695977755953,3.074577188402121,0,0,0,0.0,0,15839.311071804592,5850.786913274668,1,38631.7299118042,30839.968788146973,46420.96809005737,15580.9993019104,-0.3083064679718369,0,240,Rolling z-score,Unexplained anomaly,No mapped business context; investigate before drawing conclusions
store_day,2013-09-01,46,33578.41995239258,15791.462170260293,17786.957782132286,4.035947728367316,0,0,0,0.0,0,15791.462170260293,4407.132841962683,1,38631.7299118042,30839.968788146973,46420.96809005737,15580.9993019104,-0.3243251515191346,0,240,Rolling z-score,Unexplained anomaly,No mapped business context; investigate before drawing conclusions
store_day,2013-12-23,46,53256.33899307251,20921.300907245703,32335.038085826807,3.904897425717024,1,0,0,0.0,0,20921.300907245703,8280.63699519313,1,21791.896881103516,16932.91993331909,26123.439086914062,9190.51915359497,3.4235761425578812,1,241,Rolling z-score + weekday IQR,Business event,"Known business context overlaps the flag; review, do not treat as error"
store_day,2014-01-01,46,0.0,24149.475555249624,-24149.475555249624,-2.623943034041318,1,0,0,0.0,0,24149.475555249624,9203.506037269159,0,19599.07060432434,14433.554523944855,23627.943232536316,9194.388708591461,-2.13163389383467,1,240,Weekday IQR,Business event,"Known business context overlaps the flag; review, do not treat as error"
store_day,2014-01-02,46,33804.85391998291,23569.349805116653,10235.504114866257,1.0054132670831595,0,0,0,0.0,0,23569.349805116653,10180.394918162205,0,16748.874980926514,12637.776533126831,19946.233475208282,7308.456942081451,2.3337318772242566,1,240,Weekday IQR,Unexplained anomaly,No mapped business context; investigate before drawing conclusions
store_day,2014-03-01,46,38845.67918395996,18601.174151045936,20244.505032914025,3.0476642191886723,0,0,0,0.0,0,18601.174151045936,6642.629757389538,1,34407.296936035156,27232.605026245117,40193.405853271484,12960.800827026367,0.3424466055114216,0,241,Rolling z-score,Unexplained anomaly,No mapped business context; investigate before drawing conclusions
store_day,2014-03-04,46,40359.82109069824,19412.685943296976,20947.135147401266,2.645085991913787,1,0,0,0.0,0,19412.685943296976,7919.264330701582,0,18090.70442199707,14129.753532886505,22712.42475795746,8582.671225070953,2.594660343466328,1,242,Weekday IQR,Business event,"Known business context overlaps the flag; review, do not treat as error"
store_day,2014-03-09,46,48234.282974243164,21220.34018090793,27013.942793335234,3.0007576588269402,0,0,0,0.0,0,21220.34018090793,9002.374021731417,1,38631.7299118042,30839.968788146973,46420.96809005737,15580.9993019104,0.6162989212932952,0,240,Rolling z-score,Unexplained anomaly,No mapped business context; investigate before drawing conclusions
store_day,2014-07-06,46,44763.301933288574,19996.492913382393,24766.80901990618,3.2488375134852086,0,0,1,0.30303030303030304,1,19996.492913382393,7623.2833797026215,1,38631.7299118042,30839.968788146973,46420.96809005737,15580.9993019104,0.39352880406923435,0,240,Rolling z-score,Business event,"Known business context overlaps the flag; review, do not treat as error"
store_day,2014-08-31,46,34873.625968933105,18344.508837427413,16529.117131505693,3.10671870555331,0,0,1,0.15151515151515152,0,18344.508837427413,5320.4421442983,1,38631.7299118042,30839.968788146973,46420.96809005737,15580.9993019104,-0.24119787633969725,0,240,Rolling z-score,Unexplained anomaly,No mapped business context; investigate before drawing conclusions
store_day,2014-09-06,46,41626.01689910889,20184.062819480896,21441.95407962799,3.2777798220681458,0,0,1,0.3333333333333333,1,20184.062819480896,6541.609029156507,1,34407.296936035156,27232.605026245117,40193.405853271484,12960.800827026367,0.5569655810172605,0,241,Rolling z-score,Business event,"Known business context overlaps the flag; review, do not treat as error"
store_day,2014-09-07,46,51699.41602706909,20853.70060334887,30845.715423720223,4.012803894147418,0,0,1,0.24242424242424243,0,20853.70060334887,7686.823537204991,1,38631.7299118042,30839.968788146973,46420.96809005737,15580.9993019104,0.8386937103361947,0,240,Rolling z-score,Unexplained anomaly,No mapped business context; investigate before drawing conclusions
store_day,2014-11-03,46,51756.01125335693,25015.47489820208,26740.536355154854,2.7211298997038584,1,0,1,0.30303030303030304,1,25015.47489820208,9826.997365346298,0,21791.896881103516,16932.91993331909,26123.439086914062,9190.51915359497,3.2603288096660603,1,241,Weekday IQR,Business event,"Known business context overlaps the flag; review, do not treat as error"
store_day,2014-12-22,46,43396.84597015381,30367.989426749093,13028.856543404716,1.1467326907686102,1,0,1,0.42424242424242425,1,30367.989426749093,11361.720694185478,0,21791.896881103516,16932.91993331909,26123.439086914062,9190.51915359497,2.3507865799506313,1,241,Weekday IQR,Business event,"Known business context overlaps the flag; review, do not treat as error"
store_day,2014-12-23,46,42407.807819366455,31127.342067990983,11280.465751375472,0.9808457779138192,1,0,1,0.3939393939393939,1,31127.342067990983,11500.753742722045,0,18090.70442199707,14129.753532886505,22712.42475795746,8582.671225070953,2.833279145813762,1,242,Weekday IQR,Business event,"Known business context overlaps the flag; review, do not treat as error"
store_day,2014-12-24,46,57615.32885360718,32021.622951916284,25593.705901690893,2.2521870095550525,1,0,1,0.48484848484848486,1,32021.622951916284,11363.934608053372,0,19599.07060432434,14433.554523944855,23627.943232536316,9194.388708591461,4.134723846704405,1,240,Weekday IQR,Business event,"Known business context overlaps the flag; review, do not treat as error"
store_day,2014-12-26,46,40239.95316314697,33420.87898390634,6819.074179240633,0.5672064386232331,1,0,1,0.48484848484848486,1,33420.87898390634,12022.208696700292,0,21276.58502960205,16541.413516044617,25098.622046470642,8557.208530426025,2.2160694186800214,1,240,Weekday IQR,Business event,"Known business context overlaps the flag; review, do not treat as error"
store_day,2014-12-30,46,38774.367961883545,33925.54683010919,4848.821131774355,0.44759056605831604,0,0,1,0.42424242424242425,1,33925.54683010919,10833.162044667868,0,18090.70442199707,14129.753532886505,22712.42475795746,8582.671225070953,2.4099331079427992,1,242,Weekday IQR,Business event,"Known business context overlaps the flag; review, do not treat as error"
store_day,2015-01-01,46,0.0,34186.73300640924,-34186.73300640924,-3.152535292163302,1,0,0,0.0,0,34186.73300640924,10844.203105796147,1,16748.874980926514,12637.776533126831,19946.233475208282,7308.456942081451,-2.2917115218245274,1,240,Rolling z-score + weekday IQR,Business event,"Known business context overlaps the flag; review, do not treat as error"
store_day,2015-03-01,46,45684.62910461426,20013.71379681996,25670.915307794297,3.324341544778937,0,0,1,0.18181818181818182,0,20013.71379681996,7722.105253628916,1,38631.7299118042,30839.968788146973,46420.96809005737,15580.9993019104,0.4526602598554315,0,240,Rolling z-score,Unexplained anomaly,No mapped business context; investigate before drawing conclusions
store_day,2015-05-31,46,52582.621101379395,23130.92218548911,29451.698915890283,3.3594360681462048,0,0,1,0.3333333333333333,1,23130.92218548911,8766.857984037257,1,38631.7299118042,30839.968788146973,46420.96809005737,15580.9993019104,0.8953784618849616,0,240,Rolling z-score,Business event,"Known business context overlaps the flag; review, do not treat as error"
store_day,2015-09-05,46,48556.75907897949,25900.464121614183,22656.29495736531,3.5499418998503445,0,0,1,0.3333333333333333,1,25900.464121614183,6382.159369515438,1,34407.296936035156,27232.605026245117,40193.405853271484,12960.800827026367,1.0917120270407463,0,241,Rolling z-score,Business event,"Known business context overlaps the flag; review, do not treat as error"
store_day,2015-09-06,46,55671.81799316406,26626.585773399896,29045.232219764166,3.7814830060327806,0,0,1,0.2727272727272727,1,26626.585773399896,7680.9104188560195,1,38631.7299118042,30839.968788146973,46420.96809005737,15580.9993019104,1.0936453914910684,0,240,Rolling z-score,Business event,"Known business context overlaps the flag; review, do not treat as error"
store_day,2015-10-09,46,37958.290939331055,28332.5025472641,9625.788392066956,0.7985135086713662,1,0,1,0.48484848484848486,1,28332.5025472641,12054.634376922628,0,21276.58502960205,16541.413516044617,25098.622046470642,8557.208530426025,1.9494331417091801,1,240,Weekday IQR,Business event,"Known business context overlaps the flag; review, do not treat as error"
store_day,2015-11-03,46,46648.7559967041,26058.833487919397,20589.922508784704,1.982264705577771,1,0,1,0.21212121212121213,0,26058.833487919397,10387.070127843172,0,18090.70442199707,14129.753532886505,22712.42475795746,8582.671225070953,3.3274083121447937,1,242,Weekday IQR,Business event,"Known business context overlaps the flag; review, do not treat as error"
store_day,2015-12-21,46,61537.09394073486,30109.598474570685,31427.49546616418,2.8693949658445836,1,0,1,0.3939393939393939,1,30109.598474570685,10952.655817779252,0,21791.896881103516,16932.91993331909,26123.439086914062,9190.51915359497,4.324586717615902,1,241,Weekday IQR,Business event,"Known business context overlaps the flag; review, do not treat as error"
store_day,2015-12-22,46,41574.5087223053,31402.77507543564,10171.73364686966,0.8197662792784443,1,0,1,0.3333333333333333,1,31402.77507543564,12408.089847051026,0,18090.70442199707,14129.753532886505,22712.42475795746,8582.671225070953,2.7361882663883685,1,242,Weekday IQR,Business event,"Known business context overlaps the flag; review, do not treat as error"
store_day,2015-12-23,46,46786.27495574951,32233.24077987671,14553.034175872803,1.185331289374258,1,0,1,0.3939393939393939,1,32233.24077987671,12277.609058607926,0,19599.07060432434,14433.554523944855,23627.943232536316,9194.388708591461,2.956934410008224,1,240,Weekday IQR,Business event,"Known business context overlaps the flag; review, do not treat as error"
store_day,2015-12-24,46,45634.94467163086,33128.97316803251,12505.971503598346,1.0089168683894592,1,0,1,0.2727272727272727,1,33128.97316803251,12395.442970005757,0,16748.874980926514,12637.776533126831,19946.233475208282,7308.456942081451,3.952417031340898,1,240,Weekday IQR,Business event,"Known business context overlaps the flag; review, do not treat as error"
store_day,2015-12-30,46,41995.361907958984,34513.77147054672,7481.590437412262,0.6449455062920998,0,0,1,0.36363636363636365,1,34513.77147054672,11600.345090277757,0,19599.07060432434,14433.554523944855,23627.943232536316,9194.388708591461,2.4358651796727937,1,240,Weekday IQR,Business event,"Known business context overlaps the flag; review, do not treat as error"
store_day,2015-12-31,46,33030.882080078125,34998.828214032306,-1967.9461339541813,-0.16936192862592045,1,0,1,0.36363636363636365,1,34998.828214032306,11619.766909367798,0,16748.874980926514,12637.776533126831,19946.233475208282,7308.456942081451,2.227831022086379,1,240,Weekday IQR,Business event,"Known business context overlaps the flag; review, do not treat as error"
store_day,2016-01-01,46,0.0,35232.052934850966,-35232.052934850966,-3.061560177704096,1,0,0,0.0,0,35232.052934850966,11507.875360879545,1,21276.58502960205,16541.413516044617,25098.622046470642,8557.208530426025,-2.48639319165251,1,240,Rolling z-score + weekday IQR,Business event,"Known business context overlaps the flag; review, do not treat as error"
store_day,2016-04-03,46,60796.93492889404,26336.846323081427,34460.08860581262,3.32965044508493,0,0,1,0.2727272727272727,1,26336.846323081427,10349.461354623862,1,38631.7299118042,30839.968788146973,46420.96809005737,15580.9993019104,1.42257916758729,0,240,Rolling z-score,Business event,"Known business context overlaps the flag; review, do not treat as error"
store_day,2016-09-03,46,47125.24715423584,24919.103419508254,22206.143734727586,3.9253326061103615,0,0,1,0.42424242424242425,1,24919.103419508254,5657.136850049455,1,34407.296936035156,27232.605026245117,40193.405853271484,12960.800827026367,0.9812626849168701,0,241,Rolling z-score,Business event,"Known business context overlaps the flag; review, do not treat as error"
store_day,2016-09-04,46,46396.98708343506,25388.640315260207,21008.34676817485,3.06443225621289,0,0,1,0.42424242424242425,1,25388.640315260207,6855.542890720497,1,38631.7299118042,30839.968788146973,46420.96809005737,15580.9993019104,0.49837991910305485,0,240,Rolling z-score,Business event,"Known business context overlaps the flag; review, do not treat as error"
store_day,2016-11-02,46,42152.21088409424,26416.06083672387,15736.150047370367,1.557088193872488,1,0,1,0.6060606060606061,1,26416.06083672387,10106.139208617633,0,19599.07060432434,14433.554523944855,23627.943232536316,9194.388708591461,2.4529243862287107,1,240,Weekday IQR,Business event,"Known business context overlaps the flag; review, do not treat as error"
store_day,2016-11-03,46,39207.228034973145,27060.649049145835,12146.57898582731,1.154586031275069,1,0,0,0.0,0,27060.649049145835,10520.28922644527,0,16748.874980926514,12637.776533126831,19946.233475208282,7308.456942081451,3.0729267794865716,1,240,Weekday IQR,Business event,"Known business context overlaps the flag; review, do not treat as error"
store_day,2016-11-04,46,43363.8171081543,27740.03280047008,15623.784307684218,1.4638725103969232,1,0,1,0.5454545454545454,1,27740.03280047008,10672.913246692426,0,21276.58502960205,16541.413516044617,25098.622046470642,8557.208530426025,2.581125842617817,1,240,Weekday IQR,Business event,"Known business context overlaps the flag; review, do not treat as error"
store_day,2016-12-01,46,39401.485973358154,32813.662593977795,6587.823379380359,0.5507046739756355,0,0,1,0.5454545454545454,1,32813.662593977795,11962.53398726705,0,16748.874980926514,12637.776533126831,19946.233475208282,7308.456942081451,3.0995066635748927,1,240,Weekday IQR,Business event,"Known business context overlaps the flag; review, do not treat as error"
store_day,2016-12-06,46,44637.748947143555,32459.366757529122,12178.382189614433,1.0338138761225824,1,0,1,0.48484848484848486,1,32459.366757529122,11780.05293882359,0,18090.70442199707,14129.753532886505,22712.42475795746,8582.671225070953,3.0930981542901894,1,242,Weekday IQR,Business event,"Known business context overlaps the flag; review, do not treat as error"
store_day,2016-12-20,46,39121.5619392395,33688.09930440358,5433.462634835923,0.49970202481986437,0,0,1,0.6060606060606061,1,33688.09930440358,10873.40527946552,0,18090.70442199707,14129.753532886505,22712.42475795746,8582.671225070953,2.450386012201996,1,242,Weekday IQR,Business event,"Known business context overlaps the flag; review, do not treat as error"
store_day,2016-12-21,46,42869.76665496826,34311.85205057689,8557.914604391372,0.8030754809344842,1,0,1,0.6060606060606061,1,34311.85205057689,10656.42621093737,0,19599.07060432434,14433.554523944855,23627.943232536316,9194.388708591461,2.5309671788075714,1,240,Weekday IQR,Business event,"Known business context overlaps the flag; review, do not treat as error"
store_day,2016-12-22,46,45069.42512130737,34900.246433121814,10169.178688185559,0.9541423538890779,1,0,1,0.6060606060606061,1,34900.246433121814,10657.926091149873,0,16748.874980926514,12637.776533126831,19946.233475208282,7308.456942081451,3.8750382419732987,1,240,Weekday IQR,Business event,"Known business context overlaps the flag; review, do not treat as error"
store_day,2016-12-23,46,52819.367904663086,35745.61494193758,17073.752962725506,1.6284425146096562,1,0,1,0.6666666666666666,1,35745.61494193758,10484.713343914476,0,21276.58502960205,16541.413516044617,25098.622046470642,8557.208530426025,3.68610660391265,1,240,Weekday IQR,Business event,"Known business context overlaps the flag; review, do not treat as error"
store_day,2016-12-26,46,50779.05205535889,36970.20039006642,13808.851665292466,1.2145342709424012,1,0,1,0.5454545454545454,1,36970.20039006642,11369.668189418548,0,21791.896881103516,16932.91993331909,26123.439086914062,9190.51915359497,3.1540280467090622,1,241,Weekday IQR,Business event,"Known business context overlaps the flag; review, do not treat as error"
store_day,2016-12-28,46,39333.56423950195,37176.86539241246,2156.698847089494,0.1917259074623854,0,0,1,0.6060606060606061,1,37176.86539241246,11248.864984575,0,19599.07060432434,14433.554523944855,23627.943232536316,9194.388708591461,2.146362771973869,1,240,Weekday IQR,Business event,"Known business context overlaps the flag; review, do not treat as error"
store_day,2016-12-29,46,35666.9330329895,37896.792647157396,-2229.8596141678936,-0.20868988998171653,0,0,1,0.6363636363636364,1,37896.792647157396,10685.039003869584,0,16748.874980926514,12637.776533126831,19946.233475208282,7308.456942081451,2.5885160440823665,1,240,Weekday IQR,Business event,"Known business context overlaps the flag; review, do not treat as error"
store_day,2016-12-30,46,48460.86408615112,38275.26896429062,10185.595121860504,0.9796028728396455,0,0,1,0.6060606060606061,1,38275.26896429062,10397.67787974609,0,21276.58502960205,16541.413516044617,25098.622046470642,8557.208530426025,3.176769499059489,1,240,Weekday IQR,Business event,"Known business context overlaps the flag; review, do not treat as error"
store_day,2017-01-01,46,0.0,38946.38095344816,-38946.38095344816,-3.7417477745120475,0,0,0,0.0,0,38946.38095344816,10408.606699452655,1,38631.7299118042,30839.968788146973,46420.96809005737,15580.9993019104,-2.4794128517204626,1,240,Rolling z-score + weekday IQR,Potential data issue,Extreme or zero value without mapped context; investigate source records
store_day,2017-01-02,46,72375.1460571289,37384.8075563567,34990.3385007722,2.7563977806156696,1,0,1,0.5757575757575758,1,37384.8075563567,12694.226771927219,0,21791.896881103516,16932.91993331909,26123.439086914062,9190.51915359497,5.503851124257677,1,241,Weekday IQR,Business event,"Known business context overlaps the flag; review, do not treat as error"
store_day,2017-01-03,46,36651.391021728516,37970.71163892746,-1319.320617198944,-0.09488323379797936,0,0,1,0.5151515151515151,1,37970.71163892746,13904.675930501859,0,18090.70442199707,14129.753532886505,22712.42475795746,8582.671225070953,2.162576907934395,1,242,Weekday IQR,Business event,"Known business context overlaps the flag; review, do not treat as error"
store_day,2017-02-28,46,44663.224952697754,30205.380223955428,14457.844728742326,1.5477568893882478,1,0,1,0.5757575757575758,1,30205.380223955428,9341.15998957485,0,18090.70442199707,14129.753532886505,22712.42475795746,8582.671225070953,3.096066461578925,1,242,Weekday IQR,Business event,"Known business context overlaps the flag; review, do not treat as error"
store_day,2017-04-01,46,66644.1190109253,33348.56141683034,33295.55759409496,2.5740692586984,0,0,1,0.45454545454545453,1,33348.56141683034,12934.9890184894,0,34407.296936035156,27232.605026245117,40193.405853271484,12960.800827026367,2.48725541771066,1,241,Weekday IQR,Business event,"Known business context overlaps the flag; review, do not treat as error"
store_day,2017-05-01,46,60821.48976135254,30707.69247375216,30113.79728760038,2.80886272068484,1,0,1,0.6363636363636364,1,30707.69247375216,10720.992900734647,0,21791.896881103516,16932.91993331909,26123.439086914062,9190.51915359497,4.2467234144201935,1,241,Weekday IQR,Business event,"Known business context overlaps the flag; review, do not treat as error"
store_day,2017-05-26,46,46156.94313812256,32441.04073388236,13715.902404240198,1.1622607031973329,1,0,1,0.5757575757575758,1,32441.04073388236,11801.054932433228,0,21276.58502960205,16541.413516044617,25098.622046470642,8557.208530426025,2.9075320555828297,1,240,Weekday IQR,Business event,"Known business context overlaps the flag; review, do not treat as error"
store_day,2017-06-04,46,69155.47214508057,31744.49522290911,37410.97692217145,3.3429445976216368,0,0,1,0.45454545454545453,1,31744.49522290911,11191.02510666428,1,38631.7299118042,30839.968788146973,46420.96809005737,15580.9993019104,1.9590362364969636,0,240,Rolling z-score,Business event,"Known business context overlaps the flag; review, do not treat as error"
store_day,2013-03-03,47,33821.73602294922,17058.384362357003,16763.351660592216,3.125014581900382,0,0,0,0.0,0,17058.384362357003,5364.247500694252,1,44436.71878814697,32915.79148101807,55536.27787017822,22620.486389160156,-0.4692641255620615,0,240,Rolling z-score,Unexplained anomaly,No mapped business context; investigate before drawing conclusions
store_day,2013-06-02,47,36599.64601135254,17131.15300655365,19468.49300479889,3.3887692717884117,0,0,0,0.0,0,17131.15300655365,5745.003995071183,1,44436.71878814697,32915.79148101807,55536.27787017822,22620.486389160156,-0.3464590743968262,0,240,Rolling z-score,Unexplained anomaly,No mapped business context; investigate before drawing conclusions
store_day,2013-09-01,47,35352.08704376221,15932.342928341457,19419.744115420748,5.156005970926033,0,0,0,0.0,0,15932.342928341457,3766.431657551573,1,44436.71878814697,32915.79148101807,55536.27787017822,22620.486389160156,-0.4016108048294737,0,240,Rolling z-score,Unexplained anomaly,No mapped business context; investigate before drawing conclusions
store_day,2014-01-01,47,0.0,25142.07900973729,-25142.07900973729,-4.181749813862675,1,0,0,0.0,0,25142.07900973729,6012.334579747036,1,28722.479372024536,17852.516271591187,33510.182415008545,15657.666143417358,-1.8344036147494278,0,240,Rolling z-score,Business event,"Known business context overlaps the flag; review, do not treat as error"
store_day,2014-01-02,47,43405.837173461914,24394.52151162284,19011.315661839075,2.489363869976544,0,0,0,0.0,0,24394.52151162284,7637.017589565245,0,22714.255014419556,15123.961457252502,26410.168098449707,11286.206641197205,1.833351347964285,1,240,Weekday IQR,Unexplained anomaly,No mapped business context; investigate before drawing conclusions
store_day,2014-01-04,47,54808.6227722168,26038.77892902919,28769.843843187606,3.438203214338901,0,0,0,0.0,0,26038.77892902919,8367.697326092892,1,39618.71726226807,28490.614974975586,46041.127868652344,17550.512893676758,0.8654963875968248,0,241,Rolling z-score,Unexplained anomaly,No mapped business context; investigate before drawing conclusions
store_day,2014-01-05,47,58730.15737915039,27131.956746237618,31598.200632912773,3.170786389666885,0,0,0,0.0,0,27131.956746237618,9965.414490199197,1,44436.71878814697,32915.79148101807,55536.27787017822,22620.486389160156,0.6318802498364006,0,240,Rolling z-score,Unexplained anomaly,No mapped business context; investigate before drawing conclusions
store_day,2014-03-01,47,45196.923122406006,20458.759149415153,24738.163972990853,3.9344833981519063,0,0,0,0.0,0,20458.759149415153,6287.525316439456,1,39618.71726226807,28490.614974975586,46041.127868652344,17550.512893676758,0.31783719905688346,0,241,Rolling z-score,Unexplained anomaly,No mapped business context; investigate before drawing conclusions
store_day,2014-03-04,47,47420.928787231445,21651.761146000452,25769.167641230993,3.067778904098441,1,0,0,0.0,0,21651.761146000452,8399.94290553479,1,24872.931930541992,17100.402291297913,30062.898327827454,12962.496036529541,1.7394795564949115,0,242,Rolling z-score,Business event,"Known business context overlaps the flag; review, do not treat as error"
store_day,2014-03-09,47,57066.031158447266,24602.931311471122,32463.099846976143,3.2002512246758235,0,0,0,0.0,0,24602.931311471122,10143.922326055688,1,44436.71878814697,32915.79148101807,55536.27787017822,22620.486389160156,0.5583130332843912,0,240,Rolling z-score,Unexplained anomaly,No mapped business context; investigate before drawing conclusions
store_day,2014-07-06,47,53539.36895751953,24108.82741546631,29430.541542053223,3.5207147431663635,0,0,1,0.18181818181818182,0,24108.82741546631,8359.251938594944,1,44436.71878814697,32915.79148101807,55536.27787017822,22620.486389160156,0.4024073582137735,0,240,Rolling z-score,Unexplained anomaly,No mapped business context; investigate before drawing conclusions
store_day,2014-08-31,47,35998.34999847412,20245.84107535226,15752.508923121863,3.399587805460052,0,0,1,0.18181818181818182,0,20245.84107535226,4633.652614538115,1,44436.71878814697,32915.79148101807,55536.27787017822,22620.486389160156,-0.37304099675401137,0,240,Rolling z-score,Unexplained anomaly,No mapped business context; investigate before drawing conclusions
store_day,2014-09-01,47,42963.01818084717,20433.719891684395,22529.298289162773,4.372559029271324,0,0,1,0.18181818181818182,0,20433.719891684395,5152.428620938989,1,29514.57112121582,19518.452980041504,33974.910705566406,14456.457725524902,0.930272637666019,0,241,Rolling z-score,Unexplained anomaly,No mapped business context; investigate before drawing conclusions
store_day,2014-09-06,47,47070.347984313965,23079.7357711792,23990.612213134766,3.09084144031356,0,0,1,0.2727272727272727,1,23079.7357711792,7761.838540219961,1,39618.71726226807,28490.614974975586,46041.127868652344,17550.512893676758,0.4245819348522078,0,241,Rolling z-score,Business event,"Known business context overlaps the flag; review, do not treat as error"
store_day,2014-09-07,47,57376.100509643555,23921.231980732508,33454.86852891104,3.7213071014928327,0,0,1,0.24242424242424243,0,23921.231980732508,8990.085369597782,1,44436.71878814697,32915.79148101807,55536.27787017822,22620.486389160156,0.5720204905804852,0,240,Rolling z-score,Unexplained anomaly,No mapped business context; investigate before drawing conclusions
store_day,2014-11-03,47,59148.73303222656,31329.341375078475,27819.391657148088,3.02864823622643,1,0,1,0.21212121212121213,0,31329.341375078475,9185.415237198327,1,29514.57112121582,19518.452980041504,33974.910705566406,14456.457725524902,2.0498909534863077,1,241,Rolling z-score + weekday IQR,Business event,"Known business context overlaps the flag; review, do not treat as error"
store_day,2015-01-01,47,0.0,39949.50801917485,-39949.50801917485,-4.612382621852167,1,0,0,0.0,0,39949.50801917485,8661.360362842699,1,22714.255014419556,15123.961457252502,26410.168098449707,11286.206641197205,-2.0125677064521743,0,240,Rolling z-score,Business event,"Known business context overlaps the flag; review, do not treat as error"
store_day,2015-03-01,47,46136.52897644043,22743.572093282426,23392.956883158004,3.4394597408718055,0,0,1,0.15151515151515152,0,22743.572093282426,6801.346329243136,1,44436.71878814697,32915.79148101807,55536.27787017822,22620.486389160156,0.07514472319693417,0,240,Rolling z-score,Unexplained anomaly,No mapped business context; investigate before drawing conclusions
store_day,2015-05-31,47,51045.322845458984,25106.589759417944,25938.73308604104,3.3725499855198913,0,0,1,0.42424242424242425,1,25106.589759417944,7691.133770413928,1,44436.71878814697,32915.79148101807,55536.27787017822,22620.486389160156,0.2921512801987709,0,240,Rolling z-score,Business event,"Known business context overlaps the flag; review, do not treat as error"
store_day,2015-09-05,47,54711.15897369385,33646.71242509569,21064.446548598156,3.0406140981839225,0,0,1,0.30303030303030304,1,33646.71242509569,6927.694823614542,1,39618.71726226807,28490.614974975586,46041.127868652344,17550.512893676758,0.8599430570979729,0,241,Rolling z-score,Business event,"Known business context overlaps the flag; review, do not treat as error"
store_day,2015-11-03,47,55758.33055114746,34740.672821181164,21017.657729966297,1.969220648283388,1,0,1,0.18181818181818182,0,34740.672821181164,10673.084170779866,0,24872.931930541992,17100.402291297913,30062.898327827454,12962.496036529541,2.382673717590153,1,242,Weekday IQR,Business event,"Known business context overlaps the flag; review, do not treat as error"
store_day,2015-12-22,47,52074.86922836304,39698.043548583984,12376.825679779053,1.214771721032089,1,0,1,0.2727272727272727,1,39698.043548583984,10188.60207682766,0,24872.931930541992,17100.402291297913,30062.898327827454,12962.496036529541,2.0985107514141883,1,242,Weekday IQR,Business event,"Known business context overlaps the flag; review, do not treat as error"
store_day,2016-01-01,47,0.0,42415.9069442749,-42415.9069442749,-4.8911282709530575,1,0,0,0.0,0,42415.9069442749,8672.008705265458,1,28802.53443145752,19076.117986679077,34628.76448440552,15552.64649772644,-1.8519378316525108,0,240,Rolling z-score,Business event,"Known business context overlaps the flag; review, do not treat as error"
store_day,2016-04-03,47,71078.02836608887,35139.77872576033,35938.24964032854,3.586951118153533,0,0,1,0.24242424242424243,0,35139.77872576033,10019.163477987007,1,44436.71878814697,32915.79148101807,55536.27787017822,22620.486389160156,1.177751402848196,0,240,Rolling z-score,Unexplained anomaly,No mapped business context; investigate before drawing conclusions
store_day,2016-09-03,47,52269.47511291504,32351.281775065832,19918.193337849207,3.3998878632451515,0,0,1,0.42424242424242425,1,32351.281775065832,5858.4853792317535,1,39618.71726226807,28490.614974975586,46041.127868652344,17550.512893676758,0.720819837419389,0,241,Rolling z-score,Business event,"Known business context overlaps the flag; review, do not treat as error"
store_day,2016-09-04,47,58773.33010864258,32830.1148613521,25943.215247290478,3.7758652320947674,0,0,1,0.45454545454545453,1,32830.1148613521,6870.800108746929,1,44436.71878814697,32915.79148101807,55536.27787017822,22620.486389160156,0.6337888175280695,0,240,Rolling z-score,Business event,"Known business context overlaps the flag; review, do not treat as error"
store_day,2016-10-02,47,71914.99604797363,36350.451652118136,35564.5443958555,3.0943541325353467,0,0,1,0.3939393939393939,1,36350.451652118136,11493.365940864638,1,44436.71878814697,32915.79148101807,55536.27787017822,22620.486389160156,1.214751831021387,0,240,Rolling z-score,Business event,"Known business context overlaps the flag; review, do not treat as error"
store_day,2016-11-03,47,43799.76700592041,36084.89994471414,7714.867061206271,0.6704732529025788,1,0,0,0.0,0,36084.89994471414,11506.59929804427,0,22714.255014419556,15123.961457252502,26410.168098449707,11286.206641197205,1.8682550002703273,1,240,Weekday IQR,Business event,"Known business context overlaps the flag; review, do not treat as error"
store_day,2016-12-06,47,50545.680168151855,40348.99855736324,10196.681610788619,0.8485290112580445,1,0,1,0.5757575757575758,1,40348.99855736324,12016.892145703816,0,24872.931930541992,17100.402291297913,30062.898327827454,12962.496036529541,1.9805404889044231,1,242,Weekday IQR,Business event,"Known business context overlaps the flag; review, do not treat as error"
store_day,2016-12-22,47,50107.95834350586,43435.480710847034,6672.477632658825,0.5828550673738425,1,0,1,0.5454545454545454,1,43435.480710847034,11447.919055971948,0,22714.255014419556,15123.961457252502,26410.168098449707,11286.206641197205,2.427184279002397,1,240,Weekday IQR,Business event,"Known business context overlaps the flag; review, do not treat as error"
store_day,2017-01-01,47,0.0,46396.565110206604,-46396.565110206604,-4.702475666041044,0,0,0,0.0,0,46396.565110206604,9866.412588853926,1,44436.71878814697,32915.79148101807,55536.27787017822,22620.486389160156,-1.964445769364237,0,240,Rolling z-score,Potential data issue,Extreme or zero value without mapped context; investigate source records
store_day,2017-01-02,47,74065.63250732422,44340.588538714816,29725.043968609403,2.2928713092412196,1,0,1,0.6060606060606061,1,44340.588538714816,12964.113532584748,0,29514.57112121582,19518.452980041504,33974.910705566406,14456.457725524902,3.0817412005049656,1,241,Weekday IQR,Business event,"Known business context overlaps the flag; review, do not treat as error"
store_day,2017-01-03,47,50223.83224487305,44605.560865538464,5618.271379334583,0.41611940601763103,0,0,1,0.6060606060606061,1,44605.560865538464,13501.58463673414,0,24872.931930541992,17100.402291297913,30062.898327827454,12962.496036529541,1.9557113261897876,1,242,Weekday IQR,Business event,"Known business context overlaps the flag; review, do not treat as error"
store_day,2017-02-28,47,51483.53081512451,38376.49124649593,13107.039568628585,1.4202381693022479,1,0,1,0.5757575757575758,1,38376.49124649593,9228.761662607598,0,24872.931930541992,17100.402291297913,30062.898327827454,12962.496036529541,2.0528915734740694,1,242,Weekday IQR,Business event,"Known business context overlaps the flag; review, do not treat as error"
store_day,2017-04-01,47,75189.82295227051,41720.7190555845,33469.10389668601,2.6416401262168328,0,0,1,0.42424242424242425,1,41720.7190555845,12669.81961869956,0,39618.71726226807,28490.614974975586,46041.127868652344,17550.512893676758,2.0267843968718595,1,241,Weekday IQR,Business event,"Known business context overlaps the flag; review, do not treat as error"
store_day,2017-05-01,47,71953.94198608398,38851.892700331555,33102.04928575243,3.3356326364578637,1,0,1,0.5757575757575758,1,38851.892700331555,9923.769459488132,1,29514.57112121582,19518.452980041504,33974.910705566406,14456.457725524902,2.9356687281653726,1,241,Rolling z-score + weekday IQR,Business event,"Known business context overlaps the flag; review, do not treat as error"
store_day,2017-06-04,47,75297.95555114746,38455.44353675842,36842.51201438904,3.5676713576425843,0,0,1,0.48484848484848486,1,38455.44353675842,10326.767328348742,1,44436.71878814697,32915.79148101807,55536.27787017822,22620.486389160156,1.3643047382831406,0,240,Rolling z-score,Business event,"Known business context overlaps the flag; review, do not treat as error"
store_day,2013-01-01,48,0.0,15523.96450805664,-15523.96450805664,,1,0,0,0.0,0,,,0,15523.96450805664,11813.840508937836,18768.66348838806,6954.822979450226,-2.232114973152602,1,242,Weekday IQR,Business event,"Known business context overlaps the flag; review, do not treat as error"
store_day,2013-03-03,48,31379.78214263916,13219.687230655125,18160.094911984037,3.5092491541626054,0,0,0,0.0,0,13219.687230655125,5174.923214113444,1,35175.25602531433,28764.317586898804,42720.31118392944,13955.99359703064,-0.27196013356460114,0,240,Rolling z-score,Unexplained anomaly,No mapped business context; investigate before drawing conclusions
store_day,2013-06-02,48,33189.85803985596,13278.490325314659,19911.3677145413,3.356433183192212,0,0,0,0.0,0,13278.490325314659,5932.299744338762,1,35175.25602531433,28764.317586898804,42720.31118392944,13955.99359703064,-0.14226131386881685,0,240,Rolling z-score,Unexplained anomaly,No mapped business context; investigate before drawing conclusions
store_day,2013-08-04,48,26064.887020111084,13003.81103525843,13061.075984852654,3.136061444263733,0,0,0,0.0,0,13003.81103525843,4164.802321951654,1,35175.25602531433,28764.317586898804,42720.31118392944,13955.99359703064,-0.6527925755957371,0,240,Rolling z-score,Unexplained anomaly,No mapped business context; investigate before drawing conclusions
store_day,2013-09-01,48,32618.09690475464,13097.63342014381,19520.46348461083,4.4148163998871395,0,0,0,0.0,0,13097.63342014381,4421.579906496191,1,35175.25602531433,28764.317586898804,42720.31118392944,13955.99359703064,-0.18323017295621064,0,240,Rolling z-score,Unexplained anomaly,No mapped business context; investigate before drawing conclusions
store_day,2013-12-23,48,36519.72805786133,19900.238806979996,16619.489250881332,1.9097047044402338,1,0,0,0.0,0,19900.238806979996,8702.648745766577,0,17928.425052642822,14344.318054199219,20618.732997894287,6274.414943695068,2.963033712633276,1,241,Weekday IQR,Business event,"Known business context overlaps the flag; review, do not treat as error"
store_day,2014-01-01,48,0.0,22183.931281106812,-22183.931281106812,-2.904361340695483,1,0,0,0.0,0,22183.931281106812,7638.144390048455,0,15629.952966690063,11751.900760412216,19059.129050016403,7307.228289604187,-2.13897148785216,1,240,Weekday IQR,Business event,"Known business context overlaps the flag; review, do not treat as error"
store_day,2014-01-02,48,31156.616149902344,21622.016744494438,9534.599405407906,1.1031711910705748,0,0,0,0.0,0,21622.016744494438,8642.901013536288,0,14003.001501083374,10708.23324728012,16956.360015392303,6248.126768112183,2.7454011874989193,1,240,Weekday IQR,Unexplained anomaly,No mapped business context; investigate before drawing conclusions
store_day,2014-03-01,48,38150.62713050842,16430.28136542865,21720.34576507977,3.2642868459430225,0,0,0,0.0,0,16430.28136542865,6653.9329385451,1,29167.898895263672,23150.44398498535,34233.27318572998,11082.829200744629,0.8105085869807704,0,241,Rolling z-score,Unexplained anomaly,No mapped business context; investigate before drawing conclusions
store_day,2014-03-03,48,30343.792947769165,16722.47689652443,13621.316051244736,1.8365256871150346,1,0,0,0.0,0,16722.47689652443,7416.893837538541,0,17928.425052642822,14344.318054199219,20618.732997894287,6274.414943695068,1.9787291734031864,1,241,Weekday IQR,Business event,"Known business context overlaps the flag; review, do not treat as error"
store_day,2014-03-04,48,40334.30894088745,17109.08057304791,23225.22836783954,2.963077749534372,1,0,0,0.0,0,17109.08057304791,7838.210918187762,0,15523.96450805664,11813.840508937836,18768.66348838806,6954.822979450226,3.567358149321588,1,242,Weekday IQR,Business event,"Known business context overlaps the flag; review, do not treat as error"
store_day,2014-05-01,48,30128.462951660156,16563.07176886286,13565.391182797295,1.9330985305822121,1,0,0,0.0,0,16563.07176886286,7017.433911509756,0,14003.001501083374,10708.23324728012,16956.360015392303,6248.126768112183,2.5808473561827157,1,240,Weekday IQR,Business event,"Known business context overlaps the flag; review, do not treat as error"
store_day,2014-06-01,48,39095.657958984375,16223.80219585555,22871.855763128828,3.1157145386810314,0,0,0,0.0,0,16223.80219585555,7340.805930446734,1,35175.25602531433,28764.317586898804,42720.31118392944,13955.99359703064,0.2809117033776923,0,240,Rolling z-score,Unexplained anomaly,No mapped business context; investigate before drawing conclusions
store_day,2014-07-06,48,42636.764068603516,17474.62064589773,25162.143422705787,3.2965485807980994,0,0,1,0.24242424242424243,0,17474.62064589773,7632.875052796581,1,35175.25602531433,28764.317586898804,42720.31118392944,13955.99359703064,0.5346454189314575,0,240,Rolling z-score,Unexplained anomaly,No mapped business context; investigate before drawing conclusions
store_day,2014-08-31,48,33947.603019714355,15933.121171508517,18014.48184820584,3.3688954413902477,0,0,1,0.18181818181818182,0,15933.121171508517,5347.296216700562,1,35175.25602531433,28764.317586898804,42720.31118392944,13955.99359703064,-0.08796600521951933,0,240,Rolling z-score,Unexplained anomaly,No mapped business context; investigate before drawing conclusions
store_day,2014-09-01,48,30240.215969085693,16032.763604130063,14207.45236495563,2.5108419715246533,0,0,1,0.15151515151515152,0,16032.763604130063,5658.44148141608,0,17928.425052642822,14344.318054199219,20618.732997894287,6274.414943695068,1.9622213428543713,1,241,Weekday IQR,Unexplained anomaly,No mapped business context; investigate before drawing conclusions
store_day,2014-09-07,48,49625.19018173218,18154.035130262375,31471.155051469803,4.269518867533811,0,0,1,0.21212121212121213,0,18154.035130262375,7371.124482147656,1,35175.25602531433,28764.317586898804,42720.31118392944,13955.99359703064,1.0353927189743266,0,240,Rolling z-score,Unexplained anomaly,No mapped business context; investigate before drawing conclusions
store_day,2014-11-03,48,50712.13617706299,21449.775640044892,29262.360537018096,2.9550378954382266,1,0,1,0.2727272727272727,1,21449.775640044892,9902.533088388209,0,17928.425052642822,14344.318054199219,20618.732997894287,6274.414943695068,5.224982953568177,1,241,Weekday IQR,Business event,"Known business context overlaps the flag; review, do not treat as error"
store_day,2014-12-01,48,32570.92287826538,23851.488709551948,8719.434168713433,0.7242922758973616,0,1,1,0.36363636363636365,1,23851.488709551948,12038.557442726411,0,17928.425052642822,14344.318054199219,20618.732997894287,6274.414943695068,2.3336833723973376,1,241,Weekday IQR,Business event,"Known business context overlaps the flag; review, do not treat as error"
store_day,2014-12-22,48,37415.92997550964,26807.09372942788,10608.836246081763,0.9051486695326978,1,0,1,0.3333333333333333,1,26807.09372942788,11720.545589001196,0,17928.425052642822,14344.318054199219,20618.732997894287,6274.414943695068,3.105868052677821,1,241,Weekday IQR,Business event,"Known business context overlaps the flag; review, do not treat as error"
store_day,2014-12-23,48,38913.18025302887,27553.962799412864,11359.217453616006,0.97037999953414,1,0,1,0.3939393939393939,1,27553.962799412864,11705.94762780492,0,15523.96450805664,11813.840508937836,18768.66348838806,6954.822979450226,3.363021001984026,1,242,Weekday IQR,Business event,"Known business context overlaps the flag; review, do not treat as error"
store_day,2014-12-24,48,36731.869873046875,28418.199843508857,8313.670029538018,0.7157176318613113,1,0,1,0.48484848484848486,1,28418.199843508857,11615.85192182188,0,15629.952966690063,11751.900760412216,19059.129050016403,7307.228289604187,2.887814102698555,1,240,Weekday IQR,Business event,"Known business context overlaps the flag; review, do not treat as error"
store_day,2014-12-26,48,37123.60506057739,29210.79083616393,7912.8142244134615,0.6947958553709352,1,0,1,0.45454545454545453,1,29210.79083616393,11388.68944488593,0,17562.254983901978,13613.916193962097,21070.13233757019,7456.216143608093,2.6234955773706417,1,240,Weekday IQR,Business event,"Known business context overlaps the flag; review, do not treat as error"
store_day,2014-12-30,48,32439.322078704834,29748.51134821347,2690.8107304913647,0.27184294903463124,0,0,1,0.36363636363636365,1,29748.51134821347,9898.401779582558,0,15523.96450805664,11813.840508937836,18768.66348838806,6954.822979450226,2.4321765802852027,1,242,Weekday IQR,Business event,"Known business context overlaps the flag; review, do not treat as error"
store_day,2015-01-01,48,0.0,29809.585997274942,-29809.585997274942,-3.0224694830423995,1,0,0,0.0,0,29809.585997274942,9862.659049006772,1,14003.001501083374,10708.23324728012,16956.360015392303,6248.126768112183,-2.2411519517415712,1,240,Rolling z-score + weekday IQR,Business event,"Known business context overlaps the flag; review, do not treat as error"
store_day,2015-01-02,48,33516.66293334961,28972.695671388083,4543.967261961527,0.4017102455879751,1,0,1,0.42424242424242425,1,28972.695671388083,11311.554315251817,0,17562.254983901978,13613.916193962097,21070.13233757019,7456.216143608093,2.139745903573985,1,240,Weekday IQR,Business event,"Known business context overlaps the flag; review, do not treat as error"
store_day,2015-02-01,48,42590.68991851807,17905.405166728156,24685.28475178991,3.0032928031479815,0,0,1,0.21212121212121213,0,17905.405166728156,8219.40662126429,1,35175.25602531433,28764.317586898804,42720.31118392944,13955.99359703064,0.5313440309102383,0,240,Rolling z-score,Unexplained anomaly,No mapped business context; investigate before drawing conclusions
store_day,2015-03-01,48,42710.784896850586,17394.49020934105,25316.294687509537,3.388661686610719,0,0,1,0.18181818181818182,0,17394.49020934105,7470.8829115456665,1,35175.25602531433,28764.317586898804,42720.31118392944,13955.99359703064,0.5399492926923927,0,240,Rolling z-score,Unexplained anomaly,No mapped business context; investigate before drawing conclusions
store_day,2015-05-31,48,49914.26483154297,19130.927390813828,30783.33744072914,3.70670630020113,0,0,1,0.42424242424242425,1,19130.927390813828,8304.768424479384,1,35175.25602531433,28764.317586898804,42720.31118392944,13955.99359703064,1.0561060166554244,0,240,Rolling z-score,Business event,"Known business context overlaps the flag; review, do not treat as error"
store_day,2015-09-06,48,51525.08098602295,22873.403671673364,28651.677314349585,3.825167023354894,0,0,1,0.24242424242424243,0,22873.403671673364,7490.30751844671,1,35175.25602531433,28764.317586898804,42720.31118392944,13955.99359703064,1.1715271182259144,0,240,Rolling z-score,Unexplained anomaly,No mapped business context; investigate before drawing conclusions
store_day,2015-10-01,48,26859.63306427002,23548.657994747162,3310.9750695228577,0.31283794633755707,0,0,1,0.30303030303030304,1,23548.657994747162,10583.674737303969,0,14003.001501083374,10708.23324728012,16956.360015392303,6248.126768112183,2.05767777132844,1,240,Weekday IQR,Business event,"Known business context overlaps the flag; review, do not treat as error"
store_day,2015-10-03,48,51678.77492523193,23878.43114233017,27800.343782901764,2.614312952681762,0,0,1,0.30303030303030304,1,23878.43114233017,10633.900487844876,0,29167.898895263672,23150.44398498535,34233.27318572998,11082.829200744629,2.031148872027714,1,241,Weekday IQR,Business event,"Known business context overlaps the flag; review, do not treat as error"
store_day,2015-10-04,48,60921.72533416748,24270.216249670302,36651.50908449718,3.20159838035708,0,0,1,0.3333333333333333,1,24270.216249670302,11447.878443894442,1,35175.25602531433,28764.317586898804,42720.31118392944,13955.99359703064,1.8448324105229685,0,240,Rolling z-score,Business event,"Known business context overlaps the flag; review, do not treat as error"
store_day,2015-10-09,48,34830.76788711548,24891.845833301544,9938.922053813934,0.8113955297529526,1,0,1,0.48484848484848486,1,24891.845833301544,12249.170336001309,0,17562.254983901978,13613.916193962097,21070.13233757019,7456.216143608093,2.315988776427449,1,240,Weekday IQR,Business event,"Known business context overlaps the flag; review, do not treat as error"
store_day,2015-11-02,48,32905.35792350769,22555.519473178047,10349.838450329644,1.0540153563016026,1,0,1,0.21212121212121213,0,22555.519473178047,9819.438007664165,0,17928.425052642822,14344.318054199219,20618.732997894287,6274.414943695068,2.386984763561843,1,241,Weekday IQR,Business event,"Known business context overlaps the flag; review, do not treat as error"
store_day,2015-11-03,48,45672.560943603516,22846.885222332818,22825.675721270698,2.2811672724016407,1,0,1,0.24242424242424243,0,22846.885222332818,10006.138522774592,0,15523.96450805664,11813.840508937836,18768.66348838806,6954.822979450226,4.334919310617752,1,242,Weekday IQR,Business event,"Known business context overlaps the flag; review, do not treat as error"
store_day,2015-12-21,48,34911.959955215454,26865.663734674454,8046.296220541,0.6935532115394487,1,0,1,0.30303030303030304,1,26865.663734674454,11601.555708582187,0,17928.425052642822,14344.318054199219,20618.732997894287,6274.414943695068,2.7067917973194886,1,241,Weekday IQR,Business event,"Known business context overlaps the flag; review, do not treat as error"
store_day,2015-12-22,48,39203.63484477997,27443.193411861146,11760.441432918822,1.0151774384750678,1,0,1,0.30303030303030304,1,27443.193411861146,11584.616626808194,0,15523.96450805664,11813.840508937836,18768.66348838806,6954.822979450226,3.404784047946421,1,242,Weekday IQR,Business event,"Known business context overlaps the flag; review, do not treat as error"
store_day,2015-12-23,48,43225.28212928772,28286.924868992395,14938.357260295325,1.2935002742811499,1,0,1,0.3333333333333333,1,28286.924868992395,11548.785537441938,0,15629.952966690063,11751.900760412216,19059.129050016403,7307.228289604187,3.7764427316246363,1,240,Weekday IQR,Business event,"Known business context overlaps the flag; review, do not treat as error"
store_day,2015-12-24,48,41192.30868911743,29277.69219691413,11914.616492203302,1.0271589851640086,1,0,1,0.36363636363636365,1,29277.69219691413,11599.583574008138,0,14003.001501083374,10708.23324728012,16956.360015392303,6248.126768112183,4.351593397047716,1,240,Weekday IQR,Business event,"Known business context overlaps the flag; review, do not treat as error"
store_day,2015-12-30,48,32950.93410682678,30455.778876508986,2495.155230317796,0.22675504749053046,0,0,1,0.36363636363636365,1,30455.778876508986,11003.747250309814,0,15629.952966690063,11751.900760412216,19059.129050016403,7307.228289604187,2.3703900375986406,1,240,Weekday IQR,Business event,"Known business context overlaps the flag; review, do not treat as error"
store_day,2015-12-31,48,27075.10095500946,30690.943378448486,-3615.842423439026,-0.3292080907943174,1,0,1,0.30303030303030304,1,30690.943378448486,10983.455524178267,0,14003.001501083374,10708.23324728012,16956.360015392303,6248.126768112183,2.0921629696504556,1,240,Weekday IQR,Business event,"Known business context overlaps the flag; review, do not treat as error"
store_day,2016-01-01,48,0.0,30715.4391612666,-30715.4391612666,-2.7988601263579267,1,0,0,0.0,0,30715.4391612666,10974.267299750947,0,17562.254983901978,13613.916193962097,21070.13233757019,7456.216143608093,-2.355384372669692,1,240,Weekday IQR,Business event,"Known business context overlaps the flag; review, do not treat as error"
store_day,2016-02-09,48,29215.587951660156,22970.129562718528,6245.458388941628,0.6423412412499653,1,0,1,0.15151515151515152,0,22970.129562718528,9722.960301892286,0,15523.96450805664,11813.840508937836,18768.66348838806,6954.822979450226,1.968651608252124,1,242,Weekday IQR,Business event,"Known business context overlaps the flag; review, do not treat as error"
store_day,2016-03-01,48,30029.315021514893,22992.857774768556,7036.457246746337,0.8885122343063468,0,0,1,0.30303030303030304,1,22992.857774768556,7919.3701280203895,0,15523.96450805664,11813.840508937836,18768.66348838806,6954.822979450226,2.0856534460068876,1,242,Weekday IQR,Business event,"Known business context overlaps the flag; review, do not treat as error"
store_day,2016-04-03,48,60751.40982055664,22750.00420509066,38001.40561546598,3.706661342464324,0,0,1,0.24242424242424243,0,22750.00420509066,10252.192500057547,1,35175.25602531433,28764.317586898804,42720.31118392944,13955.99359703064,1.8326286564565382,0,240,Rolling z-score,Unexplained anomaly,No mapped business context; investigate before drawing conclusions
store_day,2016-05-31,48,30289.772022247314,23029.626879079,7260.145143168313,0.851010920036797,0,0,1,0.5757575757575758,1,23029.626879079,8531.200919083847,0,15523.96450805664,11813.840508937836,18768.66348838806,6954.822979450226,2.123103284989419,1,242,Weekday IQR,Business event,"Known business context overlaps the flag; review, do not treat as error"
store_day,2016-09-03,48,40875.51398086548,21130.145005600793,19745.368975264686,3.6286523608539842,0,0,1,0.42424242424242425,1,21130.145005600793,5441.515750662243,1,29167.898895263672,23150.44398498535,34233.27318572998,11082.829200744629,1.0563742230021194,0,241,Rolling z-score,Business event,"Known business context overlaps the flag; review, do not treat as error"
store_day,2016-09-04,48,48743.369064331055,21517.76890070098,27225.600163630075,4.253693915952353,0,0,1,0.42424242424242425,1,21517.76890070098,6400.460564764115,1,35175.25602531433,28764.317586898804,42720.31118392944,13955.99359703064,0.9722068833496424,0,240,Rolling z-score,Business event,"Known business context overlaps the flag; review, do not treat as error"
store_day,2016-10-02,48,58997.23711395264,23504.14977478981,35493.08733916283,3.190906559336053,0,0,1,0.42424242424242425,1,23504.14977478981,11123.19858922727,1,35175.25602531433,28764.317586898804,42720.31118392944,13955.99359703064,1.7069355129044206,0,240,Rolling z-score,Business event,"Known business context overlaps the flag; review, do not treat as error"
store_day,2016-11-02,48,36049.614921569824,22322.324078423637,13727.290843146187,1.3613502986180306,1,0,1,0.6363636363636364,1,22322.324078423637,10083.584553572577,0,15629.952966690063,11751.900760412216,19059.129050016403,7307.228289604187,2.7944469702596137,1,240,Weekday IQR,Business event,"Known business context overlaps the flag; review, do not treat as error"
store_day,2016-11-03,48,33033.823040008545,22861.683610848017,10172.139429160528,0.977520223619178,1,0,0,0.0,0,22861.683610848017,10406.065453560772,0,14003.001501083374,10708.23324728012,16956.360015392303,6248.126768112183,3.0458443378662703,1,240,Weekday IQR,Business event,"Known business context overlaps the flag; review, do not treat as error"
store_day,2016-11-04,48,34763.40509033203,23461.196932997023,11302.208157335008,1.0770091405106135,1,0,1,0.5757575757575758,1,23461.196932997023,10494.068928678353,0,17562.254983901978,13613.916193962097,21070.13233757019,7456.216143608093,2.3069543284600047,1,240,Weekday IQR,Business event,"Known business context overlaps the flag; review, do not treat as error"
store_day,2016-12-06,48,42510.86298370361,25672.826374360495,16838.03660934312,1.5362895430820525,1,0,1,0.5757575757575758,1,25672.826374360495,10960.19736980258,0,15523.96450805664,11813.840508937836,18768.66348838806,6954.822979450226,3.8803142158163557,1,242,Weekday IQR,Business event,"Known business context overlaps the flag; review, do not treat as error"
store_day,2016-12-19,48,30101.67190170288,27584.142731291908,2517.529170410973,0.21882089039927508,0,0,1,0.5151515151515151,1,27584.142731291908,11504.97635676979,0,17928.425052642822,14344.318054199219,20618.732997894287,6274.414943695068,1.940140548290086,1,241,Weekday IQR,Business event,"Known business context overlaps the flag; review, do not treat as error"
store_day,2016-12-20,48,33618.69221687317,27983.941086258208,5634.751130614961,0.4948764428186955,0,0,1,0.45454545454545453,1,27983.941086258208,11386.177726546839,0,15523.96450805664,11813.840508937836,18768.66348838806,6954.822979450226,2.601752447514761,1,242,Weekday IQR,Business event,"Known business context overlaps the flag; review, do not treat as error"
store_day,2016-12-21,48,35677.17190361023,28610.603558642524,7066.568344967705,0.6316527101081798,1,0,1,0.5757575757575758,1,28610.603558642524,11187.42662207125,0,15629.952966690063,11751.900760412216,19059.129050016403,7307.228289604187,2.743477847194243,1,240,Weekday IQR,Business event,"Known business context overlaps the flag; review, do not treat as error"
store_day,2016-12-22,48,36401.26021385193,29163.74169421196,7237.518519639969,0.6497803890474079,1,0,1,0.5454545454545454,1,29163.74169421196,11138.407132062463,0,14003.001501083374,10708.23324728012,16956.360015392303,6248.126768112183,3.5847958186571804,1,240,Weekday IQR,Business event,"Known business context overlaps the flag; review, do not treat as error"
store_day,2016-12-23,48,46527.58829116821,29871.16991359847,16656.418377569742,1.522848308479547,1,0,1,0.6363636363636364,1,29871.16991359847,10937.674018366255,0,17562.254983901978,13613.916193962097,21070.13233757019,7456.216143608093,3.8847228606827637,1,240,Weekday IQR,Business event,"Known business context overlaps the flag; review, do not treat as error"
store_day,2016-12-26,48,45639.20785140991,31264.936332736695,14374.271518673217,1.218644287240968,1,0,1,0.5757575757575758,1,31264.936332736695,11795.29717504098,0,17928.425052642822,14344.318054199219,20618.732997894287,6274.414943695068,4.416472778328544,1,241,Weekday IQR,Business event,"Known business context overlaps the flag; review, do not treat as error"
store_day,2016-12-28,48,32047.13687133789,31589.25292481695,457.8839465209421,0.039025200105336874,0,0,1,0.5454545454545454,1,31589.25292481695,11733.03263750144,0,15629.952966690063,11751.900760412216,19059.129050016403,7307.228289604187,2.246704667487144,1,240,Weekday IQR,Business event,"Known business context overlaps the flag; review, do not treat as error"
store_day,2016-12-29,48,30811.2889251709,32170.37474315507,-1359.0858179841707,-0.1200992771935162,0,0,1,0.5151515151515151,1,32170.37474315507,11316.353018463826,0,14003.001501083374,10708.23324728012,16956.360015392303,6248.126768112183,2.690132266501053,1,240,Weekday IQR,Business event,"Known business context overlaps the flag; review, do not treat as error"
store_day,2016-12-30,48,40960.31497478485,32542.7547383649,8417.560236419951,0.7594803276156041,0,0,1,0.6060606060606061,1,32542.7547383649,11083.315696730373,0,17562.254983901978,13613.916193962097,21070.13233757019,7456.216143608093,3.138060852881936,1,240,Weekday IQR,Business event,"Known business context overlaps the flag; review, do not treat as error"
store_day,2017-01-01,48,0.0,33438.44452006476,-33438.44452006476,-3.0448932080177276,0,0,0,0.0,0,33438.44452006476,10981.811917743316,1,35175.25602531433,28764.317586898804,42720.31118392944,13955.99359703064,-2.520440825710785,1,240,Rolling z-score + weekday IQR,Potential data issue,Extreme or zero value without mapped context; investigate source records
store_day,2017-01-02,48,62877.96423339844,31981.03880725588,30896.925426142556,2.4595958606476174,1,0,1,0.6060606060606061,1,31981.03880725588,12561.78948764669,0,17928.425052642822,14344.318054199219,20618.732997894287,6274.414943695068,7.163941113892025,1,241,Weekday IQR,Business event,"Known business context overlaps the flag; review, do not treat as error"
store_day,2017-01-03,48,33423.105112075806,32233.85402904238,1189.251083033425,0.0906591518376284,0,0,1,0.5757575757575758,1,32233.85402904238,13117.827146269661,0,15523.96450805664,11813.840508937836,18768.66348838806,6954.822979450226,2.573629933774976,1,242,Weekday IQR,Business event,"Known business context overlaps the flag; review, do not treat as error"
store_day,2017-02-27,48,32531.45907974243,25296.33504598481,7235.12403375762,0.8049841622850109,1,0,1,0.5757575757575758,1,25296.33504598481,8987.90854868517,0,17928.425052642822,14344.318054199219,20618.732997894287,6274.414943695068,2.327393734418803,1,241,Weekday IQR,Business event,"Known business context overlaps the flag; review, do not treat as error"
store_day,2017-02-28,48,41204.44697570801,25763.396975142616,15441.050000565392,1.713233630476492,1,0,1,0.5757575757575758,1,25763.396975142616,9012.81046897898,0,15523.96450805664,11813.840508937836,18768.66348838806,6954.822979450226,3.6924710439835513,1,242,Weekday IQR,Business event,"Known business context overlaps the flag; review, do not treat as error"
store_day,2017-04-01,48,59607.458892822266,27493.01345569747,32114.445437124796,2.8014864436287388,0,0,1,0.42424242424242425,1,27493.01345569747,11463.35921423459,0,29167.898895263672,23150.44398498535,34233.27318572998,11082.829200744629,2.746551394612617,1,241,Weekday IQR,Business event,"Known business context overlaps the flag; review, do not treat as error"
store_day,2017-05-01,48,56213.23192214966,25390.14303435598,30823.088887793678,3.2996619677445076,1,0,1,0.6363636363636364,1,25390.14303435598,9341.286831530468,1,17928.425052642822,14344.318054199219,20618.732997894287,6274.414943695068,6.101733342959386,1,241,Rolling z-score + weekday IQR,Business event,"Known business context overlaps the flag; review, do not treat as error"
store_day,2017-05-26,48,33493.334815979004,26285.924377373285,7207.410438605719,0.6686726761319116,1,0,1,0.6060606060606061,1,26285.924377373285,10778.682449384078,0,17562.254983901978,13613.916193962097,21070.13233757019,7456.216143608093,2.13661722316541,1,240,Weekday IQR,Business event,"Known business context overlaps the flag; review, do not treat as error"
store_day,2017-06-04,48,54371.02394866943,25373.65173179763,28997.372216871805,3.018234835313374,0,0,1,0.48484848484848486,1,25373.65173179763,9607.39432121129,1,35175.25602531433,28764.317586898804,42720.31118392944,13955.99359703064,1.3754497513841872,0,240,Rolling z-score,Business event,"Known business context overlaps the flag; review, do not treat as error"
store_day,2017-08-01,48,30318.160987854004,25192.650433370047,5125.510554483957,0.6153518528137325,0,0,1,0.42424242424242425,1,25192.650433370047,8329.398101341954,0,15523.96450805664,11813.840508937836,18768.66348838806,6954.822979450226,2.1271851955844943,1,242,Weekday IQR,Business event,"Known business context overlaps the flag; review, do not treat as error"
store_day,2013-06-02,49,19038.243049621582,10370.068502562386,8668.174547059196,3.101366725147906,0,0,0,0.0,0,10370.068502562386,2794.9531014091235,1,34327.20411300659,20342.659997940063,44717.6932888031,24375.033290863037,-0.6272385715721696,0,240,Rolling z-score,Unexplained anomaly,No mapped business context; investigate before drawing conclusions
store_day,2013-08-31,49,16207.231033325195,10259.863363265991,5947.367670059204,3.0659782850278674,0,0,0,0.0,0,10259.863363265991,1939.7944529164033,1,32540.088020324707,18575.201950073242,38902.36238861084,20327.160438537598,-0.80349919194983,0,241,Rolling z-score,Unexplained anomaly,No mapped business context; investigate before drawing conclusions
store_day,2013-09-01,49,21270.390029907227,10331.895972115653,10938.494057791573,5.159150621220691,0,0,0,0.0,0,10331.895972115653,2120.2121939993776,1,34327.20411300659,20342.659997940063,44717.6932888031,24375.033290863037,-0.535663435913899,0,240,Rolling z-score,Unexplained anomaly,No mapped business context; investigate before drawing conclusions
store_day,2013-12-15,49,26454.322952270508,15226.533330372402,11227.789621898106,3.0303725473239957,0,0,0,0.0,0,15226.533330372402,3705.085578277473,1,34327.20411300659,20342.659997940063,44717.6932888031,24375.033290863037,-0.32298955520554007,0,240,Rolling z-score,Unexplained anomaly,No mapped business context; investigate before drawing conclusions
store_day,2013-12-21,49,36723.30683898926,16947.17808008194,19776.128758907318,5.088273141666648,1,0,0,0.0,0,16947.17808008194,3886.609112424674,1,32540.088020324707,18575.201950073242,38902.36238861084,20327.160438537598,0.2057945491852233,0,241,Rolling z-score,Business event,"Known business context overlaps the flag; review, do not treat as error"
store_day,2014-01-01,49,0.0,18990.942066805703,-18990.942066805703,-3.4931247432752226,1,0,0,0.0,0,18990.942066805703,5436.66300591356,1,28088.043270111084,14250.958494186401,34462.77603340149,20211.817539215088,-1.389684189242976,0,240,Rolling z-score,Business event,"Known business context overlaps the flag; review, do not treat as error"
store_day,2014-03-01,49,31336.30111694336,14505.716637066433,16830.584479876925,4.951104763342042,0,0,0,0.0,0,14505.716637066433,3399.359392370466,1,32540.088020324707,18575.201950073242,38902.36238861084,20327.160438537598,-0.059220613081752804,0,241,Rolling z-score,Unexplained anomaly,No mapped business context; investigate before drawing conclusions
store_day,2014-03-04,49,32678.60703277588,15462.943420818874,17215.663611957003,3.2686398010233852,1,0,0,0.0,0,15462.943420818874,5266.919777017619,1,23131.67364883423,12354.582271575928,27617.989850997925,15263.407579421997,0.6254785069628062,0,242,Rolling z-score,Business event,"Known business context overlaps the flag; review, do not treat as error"
store_day,2014-07-02,49,29717.52703857422,15707.683359418597,14009.843679155621,3.6888488268015966,0,0,1,0.24242424242424243,0,15707.683359418597,3797.89043599892,1,28088.043270111084,14250.958494186401,34462.77603340149,20211.817539215088,0.08062034823447227,0,240,Rolling z-score,Unexplained anomaly,No mapped business context; investigate before drawing conclusions
store_day,2014-07-06,49,34315.016021728516,17292.79454912458,17022.221472603935,3.148038396103068,0,0,1,0.15151515151515152,0,17292.79454912458,5407.247095103926,1,34327.20411300659,20342.659997940063,44717.6932888031,24375.033290863037,-0.0005000235746404035,0,240,Rolling z-score,Unexplained anomaly,No mapped business context; investigate before drawing conclusions
store_day,2014-08-31,49,26738.94800567627,15064.755538259235,11674.192467417035,3.8214398903251263,0,0,1,0.12121212121212122,0,15064.755538259235,3054.9198214455755,1,34327.20411300659,20342.659997940063,44717.6932888031,24375.033290863037,-0.31131264588568885,0,240,Rolling z-score,Unexplained anomaly,No mapped business context; investigate before drawing conclusions
store_day,2014-09-01,49,34927.146827697754,15287.359711919513,19639.787115778243,5.399085715789737,0,0,1,0.15151515151515152,0,15287.359711919513,3637.6135052535433,1,27769.025352478027,14929.343078613281,33569.0767288208,18639.73365020752,0.3840248798372735,0,241,Rolling z-score,Unexplained anomaly,No mapped business context; investigate before drawing conclusions
store_day,2014-09-07,49,40576.73159790039,18466.408812795366,22110.322785105025,3.1599091409534914,0,0,1,0.18181818181818182,0,18466.408812795366,6997.13877799452,1,34327.20411300659,20342.659997940063,44717.6932888031,24375.033290863037,0.2563905210023418,0,240,Rolling z-score,Unexplained anomaly,No mapped business context; investigate before drawing conclusions
store_day,2015-01-01,49,0.0,34940.44253294809,-34940.44253294809,-4.923833440627531,1,0,0,0.0,0,34940.44253294809,7096.18693529467,1,21479.013523101807,11510.172510147095,25699.86310195923,14189.690591812134,-1.513705558562061,0,240,Rolling z-score,Business event,"Known business context overlaps the flag; review, do not treat as error"
store_day,2015-05-31,49,38666.90083312988,21168.001330239433,17498.89950289045,3.618049562512238,0,0,1,0.24242424242424243,0,21168.001330239433,4836.556050586512,1,34327.20411300659,20342.659997940063,44717.6932888031,24375.033290863037,0.17803859663855406,0,240,Rolling z-score,Unexplained anomaly,No mapped business context; investigate before drawing conclusions
store_day,2015-08-30,49,47763.4553527832,30313.370773724146,17450.084579059057,3.067237167013551,0,0,1,0.3333333333333333,1,30313.370773724146,5689.186596564857,1,34327.20411300659,20342.659997940063,44717.6932888031,24375.033290863037,0.5512300672349514,0,240,Rolling z-score,Business event,"Known business context overlaps the flag; review, do not treat as error"
store_day,2016-01-01,49,0.0,39262.33497592381,-39262.33497592381,-6.046230633152422,1,0,0,0.0,0,39262.33497592381,6493.6879451211025,1,26770.956508636475,14282.095294952393,34101.910064697266,19819.814769744873,-1.3507167861882636,0,240,Rolling z-score,Business event,"Known business context overlaps the flag; review, do not treat as error"
store_day,2016-04-03,49,55115.143951416016,33002.98264830453,22112.161303111483,3.3190184959336353,0,0,1,0.2727272727272727,1,33002.98264830453,6662.259137815188,1,34327.20411300659,20342.659997940063,44717.6932888031,24375.033290863037,0.8528373926858088,0,240,Rolling z-score,Business event,"Known business context overlaps the flag; review, do not treat as error"
store_day,2016-04-17,49,58598.248207092285,33187.07907322475,25411.169133867537,3.2581851845528464,0,1,1,0.3939393939393939,1,33187.07907322475,7799.178896995374,1,34327.20411300659,20342.659997940063,44717.6932888031,24375.033290863037,0.9957337823691784,0,240,Rolling z-score,Business event,"Known business context overlaps the flag; review, do not treat as error"
store_day,2016-09-03,49,46541.75633239746,31273.893503461564,15267.862828935897,3.1063721654889673,0,0,1,0.42424242424242425,1,31273.893503461564,4915.014047111968,1,32540.088020324707,18575.201950073242,38902.36238861084,20327.160438537598,0.6888157524219394,0,241,Rolling z-score,Business event,"Known business context overlaps the flag; review, do not treat as error"
store_day,2016-09-04,49,49601.82763671875,31759.87901878357,17841.94861793518,3.1323867060067005,0,0,1,0.42424242424242425,1,31759.87901878357,5695.959756093095,1,34327.20411300659,20342.659997940063,44717.6932888031,24375.033290863037,0.6266503656197195,0,240,Rolling z-score,Business event,"Known business context overlaps the flag; review, do not treat as error"
store_day,2016-10-02,49,59129.571380615234,34881.64747347151,24247.923907143726,3.0017333201508714,0,0,1,0.3939393939393939,1,34881.64747347151,8077.974063973475,1,34327.20411300659,20342.659997940063,44717.6932888031,24375.033290863037,1.0175316263836978,0,240,Rolling z-score,Business event,"Known business context overlaps the flag; review, do not treat as error"
store_day,2016-12-22,49,50373.82135772705,43183.79102475302,7190.030332974027,0.8531560955088746,1,0,1,0.5757575757575758,1,43183.79102475302,8427.567207013217,0,21479.013523101807,11510.172510147095,25699.86310195923,14189.690591812134,2.036324023252374,1,240,Weekday IQR,Business event,"Known business context overlaps the flag; review, do not treat as error"
store_day,2017-01-01,49,0.0,44828.876230103626,-44828.876230103626,-5.967933013330789,0,0,0,0.0,0,44828.876230103626,7511.625236068791,1,34327.20411300659,20342.659997940063,44717.6932888031,24375.033290863037,-1.408293629936256,0,240,Rolling z-score,Potential data issue,Extreme or zero value without mapped context; investigate source records
store_day,2017-01-02,49,63407.34208679199,43095.15150329045,20312.190583501542,1.8008082949667783,1,0,1,0.5454545454545454,1,43095.15150329045,11279.48524019669,0,27769.025352478027,14929.343078613281,33569.0767288208,18639.73365020752,1.9119541836327256,1,241,Weekday IQR,Business event,"Known business context overlaps the flag; review, do not treat as error"
store_day,2017-04-01,49,65048.29463195801,38834.192714827404,26214.101917130603,3.169803894836693,0,0,1,0.45454545454545453,1,38834.192714827404,8269.944383572392,1,32540.088020324707,18575.201950073242,38902.36238861084,20327.160438537598,1.599249767813219,0,241,Rolling z-score,Business event,"Known business context overlaps the flag; review, do not treat as error"
store_day,2017-05-01,49,55619.07829284668,35804.07510662079,19815.00318622589,3.2662432129313355,1,0,1,0.6363636363636364,1,35804.07510662079,6066.603707824514,1,27769.025352478027,14929.343078613281,33569.0767288208,18639.73365020752,1.494122902344079,0,241,Rolling z-score,Business event,"Known business context overlaps the flag; review, do not treat as error"
store_day,2017-06-04,49,60462.291107177734,36711.06080354963,23751.2303036281,3.2470686406142923,0,0,1,0.42424242424242425,1,36711.06080354963,7314.668377054929,1,34327.20411300659,20342.659997940063,44717.6932888031,24375.033290863037,1.0722072327986465,0,240,Rolling z-score,Business event,"Known business context overlaps the flag; review, do not treat as error"
store_day,2013-01-01,50,0.0,13706.142568588257,-13706.142568588257,,1,0,0,0.0,0,,,0,13706.142568588257,10869.338263988495,16709.01805448532,5839.679790496826,-2.347070911472386,1,242,Weekday IQR,Business event,"Known business context overlaps the flag; review, do not treat as error"
store_day,2013-03-02,50,20274.285079956055,11543.579642057419,8730.705437898636,3.302114689150242,0,0,0,0.0,0,11543.579642057419,2643.9740165855274,1,22748.15015220642,17186.07801437378,26003.144985198975,8817.066970825195,-0.2805768721544411,0,241,Rolling z-score,Unexplained anomaly,No mapped business context; investigate before drawing conclusions
store_day,2013-08-31,50,16973.62508201599,11187.600926297051,5786.02415571894,3.292421278982757,0,0,0,0.0,0,11187.600926297051,1757.3766129669225,1,22748.15015220642,17186.07801437378,26003.144985198975,8817.066970825195,-0.6549258488449462,0,241,Rolling z-score,Unexplained anomaly,No mapped business context; investigate before drawing conclusions
store_day,2013-09-01,50,19377.21901702881,11258.881180592945,8118.337836435863,4.169571647879564,0,0,0,0.0,0,11258.881180592945,1947.0436107182484,1,22914.591506004333,17630.434985637665,27648.94405937195,10018.509073734283,-0.3530837236300481,0,240,Rolling z-score,Unexplained anomaly,No mapped business context; investigate before drawing conclusions
store_day,2013-12-01,50,20813.52297592163,11413.864471129009,9399.658504792622,3.1446874555715043,0,0,0,0.0,0,11413.864471129009,2989.0596879950863,1,22914.591506004333,17630.434985637665,27648.94405937195,10018.509073734283,-0.20971868315127987,0,240,Rolling z-score,Unexplained anomaly,No mapped business context; investigate before drawing conclusions
store_day,2014-01-01,50,0.0,16814.004399129324,-16814.004399129324,-3.7546355032192054,1,0,0,0.0,0,16814.004399129324,4478.198851716254,1,14886.318026542664,11251.092288970947,17428.78005051613,6177.687761545181,-2.4096909072042925,1,240,Rolling z-score + weekday IQR,Business event,"Known business context overlaps the flag; review, do not treat as error"
store_day,2014-01-02,50,24833.600917816162,16389.184362649918,8444.416555166245,1.5562818900010364,0,0,0,0.0,0,16389.184362649918,5426.01993213493,0,12798.849989414215,9915.067271232605,14954.55000257492,5039.482731342316,2.38809250273914,1,240,Weekday IQR,Unexplained anomaly,No mapped business context; investigate before drawing conclusions
store_day,2014-03-01,50,24147.511096954346,12266.44953588077,11881.061561073575,4.313552041968658,0,0,0,0.0,0,12266.44953588077,2754.3568375846435,1,22748.15015220642,17186.07801437378,26003.144985198975,8817.066970825195,0.15871048154429043,0,241,Rolling z-score,Unexplained anomaly,No mapped business context; investigate before drawing conclusions
store_day,2014-03-09,50,28747.483993530273,14161.98590700967,14585.498086520603,3.2096667125301424,0,0,0,0.0,0,14161.98590700967,4544.240693147553,1,22914.591506004333,17630.434985637665,27648.94405937195,10018.509073734283,0.5822116289556643,0,240,Rolling z-score,Unexplained anomaly,No mapped business context; investigate before drawing conclusions
store_day,2014-07-05,50,24695.265098571777,13380.152690546853,11315.112408024925,3.1254541020104423,0,1,1,0.15151515151515152,0,13380.152690546853,3620.309893767597,1,22748.15015220642,17186.07801437378,26003.144985198975,8817.066970825195,0.22083476884185724,0,241,Rolling z-score,Business event,"Known business context overlaps the flag; review, do not treat as error"
store_day,2014-07-06,50,27515.389038085938,13640.301119872502,13875.087918213436,3.3478611194615584,0,0,1,0.30303030303030304,1,13640.301119872502,4144.4634120441015,1,22914.591506004333,17630.434985637665,27648.94405937195,10018.509073734283,0.4592297614565827,0,240,Rolling z-score,Business event,"Known business context overlaps the flag; review, do not treat as error"
store_day,2014-09-01,50,23965.54102706909,12373.541536399296,11591.999490669796,4.711583281189867,0,0,1,0.24242424242424243,0,12373.541536399296,2460.319344656122,1,16109.240016937256,12316.896001815796,18739.14393234253,6422.247930526733,1.2232945683689116,0,241,Rolling z-score,Unexplained anomaly,No mapped business context; investigate before drawing conclusions
store_day,2014-09-06,50,27774.334894180298,13650.146424600056,14124.188469580242,3.758576346851451,0,0,1,0.21212121212121213,0,13650.146424600056,3757.855944954274,1,22748.15015220642,17186.07801437378,26003.144985198975,8817.066970825195,0.5700517823676543,0,241,Rolling z-score,Unexplained anomaly,No mapped business context; investigate before drawing conclusions
store_day,2014-09-07,50,28316.8029460907,14071.766563245228,14245.03638284547,3.0991935092337255,0,0,1,0.21212121212121213,0,14071.766563245228,4596.368810273983,1,22914.591506004333,17630.434985637665,27648.94405937195,10018.509073734283,0.5392230920117091,0,240,Rolling z-score,Unexplained anomaly,No mapped business context; investigate before drawing conclusions
store_day,2014-11-03,50,30436.613075256348,17213.060180630004,13223.552894626344,2.9578683013558074,1,0,1,0.30303030303030304,1,17213.060180630004,4470.636129595433,0,16109.240016937256,12316.896001815796,18739.14393234253,6422.247930526733,2.230896909198584,1,241,Weekday IQR,Business event,"Known business context overlaps the flag; review, do not treat as error"
store_day,2014-12-18,50,24059.947023391724,20733.762566566467,3326.1844568252563,0.5920537145920807,0,0,1,0.2727272727272727,1,20733.762566566467,5618.045077408163,0,12798.849989414215,9915.067271232605,14954.55000257492,5039.482731342316,2.2345739898939994,1,240,Weekday IQR,Business event,"Known business context overlaps the flag; review, do not treat as error"
store_day,2014-12-21,50,41009.21257209778,21662.342284747534,19346.870287350244,3.4453723673838734,1,0,1,0.2727272727272727,1,21662.342284747534,5615.3205588168785,1,22914.591506004333,17630.434985637665,27648.94405937195,10018.509073734283,1.8061191473622016,0,240,Rolling z-score,Business event,"Known business context overlaps the flag; review, do not treat as error"
store_day,2014-12-22,50,31970.586027145386,22156.93966436386,9813.646362781525,1.4791008826901104,1,0,1,0.36363636363636365,1,22156.93966436386,6634.872899901854,0,16109.240016937256,12316.896001815796,18739.14393234253,6422.247930526733,2.4697498729089444,1,241,Weekday IQR,Business event,"Known business context overlaps the flag; review, do not treat as error"
store_day,2014-12-23,50,32012.789794921875,22742.086097649164,9270.703697272711,1.372353833685348,1,0,1,0.24242424242424243,0,22742.086097649164,6755.330491100074,0,13706.142568588257,10869.338263988495,16709.01805448532,5839.679790496826,3.134871753777467,1,242,Weekday IQR,Business event,"Known business context overlaps the flag; review, do not treat as error"
store_day,2014-12-26,50,28676.35906600952,23885.671944345748,4790.687121663774,0.7451339697794175,1,0,1,0.45454545454545453,1,23885.671944345748,6429.2963627493245,0,15464.843996047974,11396.263107299805,18302.319074630737,6906.055967330933,1.9130333047485515,1,240,Weekday IQR,Business event,"Known business context overlaps the flag; review, do not treat as error"
store_day,2014-12-30,50,28494.865867614746,24148.870045934404,4345.9958216803425,0.7401781919403482,0,0,1,0.2727272727272727,1,24148.870045934404,5871.553456995922,0,13706.142568588257,10869.338263988495,16709.01805448532,5839.679790496826,2.5324544888733187,1,242,Weekday IQR,Business event,"Known business context overlaps the flag; review, do not treat as error"
store_day,2015-01-01,50,0.0,24281.994963714056,-24281.994963714056,-4.031762016033108,1,0,0,0.0,0,24281.994963714056,6022.675660704141,1,12798.849989414215,9915.067271232605,14954.55000257492,5039.482731342316,-2.5397150207130714,1,240,Rolling z-score + weekday IQR,Business event,"Known business context overlaps the flag; review, do not treat as error"
store_day,2015-11-03,50,27322.267974853516,17574.152712140763,9748.115262712752,2.0089376389796256,1,0,1,0.12121212121212122,0,17574.152712140763,4852.3732511995695,0,13706.142568588257,10869.338263988495,16709.01805448532,5839.679790496826,2.3316561686179083,1,242,Weekday IQR,Business event,"Known business context overlaps the flag; review, do not treat as error"
store_day,2015-12-21,50,34265.26276874542,21613.294383542878,12651.968385202545,1.917215128855941,1,0,1,0.24242424242424243,0,21613.294383542878,6599.138612447915,0,16109.240016937256,12316.896001815796,18739.14393234253,6422.247930526733,2.8270510494475825,1,241,Weekday IQR,Business event,"Known business context overlaps the flag; review, do not treat as error"
store_day,2015-12-22,50,33753.94998264313,22255.276944756508,11498.67303788662,1.6596871337854895,1,0,1,0.24242424242424243,0,22255.276944756508,6928.217254814723,0,13706.142568588257,10869.338263988495,16709.01805448532,5839.679790496826,3.4330319697801874,1,242,Weekday IQR,Business event,"Known business context overlaps the flag; review, do not treat as error"
store_day,2015-12-23,50,38530.21405792236,22971.49319221292,15558.720865709442,2.2079807905357085,1,0,1,0.36363636363636365,1,22971.49319221292,7046.583436051782,0,14886.318026542664,11251.092288970947,17428.78005051613,6177.687761545181,3.827305125156701,1,240,Weekday IQR,Business event,"Known business context overlaps the flag; review, do not treat as error"
store_day,2015-12-24,50,31516.908306121826,23816.71401798725,7700.194288134575,1.0341217550051431,1,0,1,0.3333333333333333,1,23816.71401798725,7446.119618764116,0,12798.849989414215,9915.067271232605,14954.55000257492,5039.482731342316,3.7142816663094056,1,240,Weekday IQR,Business event,"Known business context overlaps the flag; review, do not treat as error"
store_day,2015-12-30,50,27483.944860458374,24751.511632663864,2732.4332277945105,0.38997094964591233,0,0,1,0.21212121212121213,0,24751.511632663864,7006.760965850195,0,14886.318026542664,11251.092288970947,17428.78005051613,6177.687761545181,2.0392139130652267,1,240,Weekday IQR,Unexplained anomaly,No mapped business context; investigate before drawing conclusions
store_day,2016-01-01,50,0.0,24970.237805758203,-24970.237805758203,-3.566805405482461,1,0,0,0.0,0,24970.237805758203,7000.728934462469,1,15464.843996047974,11396.263107299805,18302.319074630737,6906.055967330933,-2.239316343395471,1,240,Rolling z-score + weekday IQR,Business event,"Known business context overlaps the flag; review, do not treat as error"
store_day,2016-04-02,50,32417.261072158813,17861.779747213637,14555.481324945176,3.0912005491444248,0,0,1,0.21212121212121213,0,17861.779747213637,4708.682304347354,1,22748.15015220642,17186.07801437378,26003.144985198975,8817.066970825195,1.0966357578939263,0,241,Rolling z-score,Unexplained anomaly,No mapped business context; investigate before drawing conclusions
store_day,2016-04-03,50,34957.82289505005,18071.209644590104,16886.613250459945,3.239341940323353,0,0,1,0.18181818181818182,0,18071.209644590104,5212.976450635006,1,22914.591506004333,17630.434985637665,27648.94405937195,10018.509073734283,1.2020981665445296,0,240,Rolling z-score,Unexplained anomaly,No mapped business context; investigate before drawing conclusions
store_day,2016-05-31,50,27884.10097885132,18444.29589349883,9439.805085352487,1.965972602134146,0,0,1,0.5151515151515151,1,18444.29589349883,4801.595441922834,0,13706.142568588257,10869.338263988495,16709.01805448532,5839.679790496826,2.427865725332319,1,242,Weekday IQR,Business event,"Known business context overlaps the flag; review, do not treat as error"
store_day,2016-09-03,50,28245.366901397705,17634.755166803086,10610.611734594619,4.244079101620311,0,0,1,0.42424242424242425,1,17634.755166803086,2500.0975430791764,1,22748.15015220642,17186.07801437378,26003.144985198975,8817.066970825195,0.6234745372107336,0,241,Rolling z-score,Business event,"Known business context overlaps the flag; review, do not treat as error"
store_day,2016-09-04,50,28726.94896888733,17844.462198393685,10882.486770493644,3.5227845652704093,0,0,1,0.3939393939393939,1,17844.462198393685,3089.171809647208,1,22914.591506004333,17630.434985637665,27648.94405937195,10018.509073734283,0.5801619203122114,0,240,Rolling z-score,Business event,"Known business context overlaps the flag; review, do not treat as error"
store_day,2016-11-03,50,24900.367010116577,18772.074854987008,6128.292155129569,1.1067308837278633,1,0,1,0.6060606060606061,1,18772.074854987008,5537.292078167459,0,12798.849989414215,9915.067271232605,14954.55000257492,5039.482731342316,2.401341103014159,1,240,Weekday IQR,Business event,"Known business context overlaps the flag; review, do not treat as error"
store_day,2016-12-20,50,32656.245985031128,23605.673861333304,9050.572123697824,1.3719198471105145,0,0,1,0.5454545454545454,1,23605.673861333304,6597.012312898451,0,13706.142568588257,10869.338263988495,16709.01805448532,5839.679790496826,3.2450586498391965,1,242,Weekday IQR,Business event,"Known business context overlaps the flag; review, do not treat as error"
store_day,2016-12-21,50,36018.69107437134,24177.977216584342,11840.713857786996,1.7767276885906274,1,0,1,0.5757575757575758,1,24177.977216584342,6664.338003973772,0,14886.318026542664,11251.092288970947,17428.78005051613,6177.687761545181,3.4207577112221976,1,240,Weekday IQR,Business event,"Known business context overlaps the flag; review, do not treat as error"
store_day,2016-12-22,50,35033.97002506256,24844.644145931517,10189.325879131044,1.4796773538624548,1,0,1,0.5151515151515151,1,24844.644145931517,6886.180864046802,0,12798.849989414215,9915.067271232605,14954.55000257492,5039.482731342316,4.412182999925829,1,240,Weekday IQR,Business event,"Known business context overlaps the flag; review, do not treat as error"
store_day,2016-12-23,50,36183.276639938354,25588.99243228776,10594.284207650595,1.5538311273851597,1,0,1,0.6363636363636364,1,25588.99243228776,6818.169633066252,0,15464.843996047974,11396.263107299805,18302.319074630737,6906.055967330933,3.000038334745452,1,240,Weekday IQR,Business event,"Known business context overlaps the flag; review, do not treat as error"
store_day,2016-12-26,50,30641.949960708618,26226.02649647849,4415.923464230127,0.6145100801768759,1,0,1,0.5151515151515151,1,26226.02649647849,7186.087920574194,0,16109.240016937256,12316.896001815796,18739.14393234253,6422.247930526733,2.2628696526481553,1,241,Weekday IQR,Business event,"Known business context overlaps the flag; review, do not treat as error"
store_day,2016-12-28,50,27728.45992088318,26402.44675186702,1326.013169016158,0.18758800325142813,0,0,1,0.6060606060606061,1,26402.44675186702,7068.752510995464,0,14886.318026542664,11251.092288970947,17428.78005051613,6177.687761545181,2.078794265757517,1,240,Weekday IQR,Business event,"Known business context overlaps the flag; review, do not treat as error"
store_day,2016-12-29,50,24298.608013153076,26839.927070958274,-2541.319057805198,-0.37710429092890196,0,0,1,0.5757575757575758,1,26839.927070958274,6739.035112926706,0,12798.849989414215,9915.067271232605,14954.55000257492,5039.482731342316,2.281932221380147,1,240,Weekday IQR,Business event,"Known business context overlaps the flag; review, do not treat as error"
store_day,2016-12-30,50,33029.53364944458,27067.81031683513,5961.72333260945,0.9128591140909946,0,0,1,0.6666666666666666,1,27067.81031683513,6530.825228760525,0,15464.843996047974,11396.263107299805,18302.319074630737,6906.055967330933,2.543374935923817,1,240,Weekday IQR,Business event,"Known business context overlaps the flag; review, do not treat as error"
store_day,2017-01-01,50,0.0,27567.72187430518,-27567.72187430518,-4.270163181377346,0,0,0,0.0,0,27567.72187430518,6455.894237140882,1,22914.591506004333,17630.434985637665,27648.94405937195,10018.509073734283,-2.287225707673406,1,240,Rolling z-score + weekday IQR,Potential data issue,Extreme or zero value without mapped context; investigate source records
store_day,2017-01-02,50,43368.65591049194,26360.923085417067,17007.732825074876,2.079664777356921,1,0,1,0.6060606060606061,1,26360.923085417067,8178.112650775513,0,16109.240016937256,12316.896001815796,18739.14393234253,6422.247930526733,4.244528736423129,1,241,Weekday IQR,Business event,"Known business context overlaps the flag; review, do not treat as error"
store_day,2017-01-03,50,26479.121021270752,26582.260797160012,-103.13977588925991,-0.012053782831960243,0,0,1,0.5757575757575758,1,26582.260797160012,8556.631335333825,0,13706.142568588257,10869.338263988495,16709.01805448532,5839.679790496826,2.1872737737210417,1,242,Weekday IQR,Business event,"Known business context overlaps the flag; review, do not treat as error"
store_day,2017-04-01,50,41051.2940196991,22669.106889384133,18382.187130314964,2.851376592998597,0,0,1,0.42424242424242425,1,22669.106889384133,6446.776330931327,0,22748.15015220642,17186.07801437378,26003.144985198975,8817.066970825195,2.075876697778975,1,241,Weekday IQR,Business event,"Known business context overlaps the flag; review, do not treat as error"
store_day,2017-05-01,50,36242.066818237305,20817.72523992402,15424.341578313284,2.9536350125288693,1,0,1,0.5151515151515151,1,20817.72523992402,5222.155585536324,0,16109.240016937256,12316.896001815796,18739.14393234253,6422.247930526733,3.1348566762119403,1,241,Weekday IQR,Business event,"Known business context overlaps the flag; review, do not treat as error"
store_day,2013-05-01,51,18905.869987487793,11984.049890654427,6921.820096833366,4.118300426327861,1,0,0,0.0,0,11984.049890654427,1680.7467596542738,1,24086.002361297607,14251.63676071167,26187.639364242554,11936.002603530884,-0.433992228878824,0,240,Rolling z-score,Business event,"Known business context overlaps the flag; review, do not treat as error"
store_day,2013-12-18,51,25110.114051818848,15113.898100580487,9996.21595123836,3.11846607742442,0,0,0,0.0,0,15113.898100580487,3205.4913226743706,1,24086.002361297607,14251.63676071167,26187.639364242554,11936.002603530884,0.08580022345322626,0,240,Rolling z-score,Unexplained anomaly,No mapped business context; investigate before drawing conclusions
store_day,2014-01-01,51,0.0,17542.44370698929,-17542.44370698929,-4.938216040211903,1,0,0,0.0,0,17542.44370698929,3552.384821591671,1,24086.002361297607,14251.63676071167,26187.639364242554,11936.002603530884,-2.0179287120943266,0,240,Rolling z-score,Business event,"Known business context overlaps the flag; review, do not treat as error"
store_day,2014-03-01,51,27007.79779815674,13801.147102083478,13206.65069607326,4.89223002461071,0,0,0,0.0,0,13801.147102083478,2699.5154826400776,1,23165.851844787598,16560.665969848633,26043.742164611816,9483.076194763184,0.40513709628219263,0,241,Rolling z-score,Unexplained anomaly,No mapped business context; investigate before drawing conclusions
store_day,2014-03-05,51,25834.687225341797,14374.92365687234,11459.763568469456,3.182363941430366,0,0,0,0.0,0,14374.92365687234,3601.022315291404,1,24086.002361297607,14251.63676071167,26187.639364242554,11936.002603530884,0.14650506724310675,0,240,Rolling z-score,Unexplained anomaly,No mapped business context; investigate before drawing conclusions
store_day,2014-04-03,51,9449.775997161865,20449.973126002722,-11000.197128840857,-3.135557055365774,0,0,0,0.0,0,20449.973126002722,3508.211438862701,1,15933.701875686646,10615.065279006958,17369.168881893158,6754.1036028862,-0.9599979893340745,0,240,Rolling z-score,Unexplained anomaly,No mapped business context; investigate before drawing conclusions
store_day,2014-05-04,51,20880.771003723145,13547.147758211408,7333.623245511737,3.4436781524227076,0,0,0,0.0,0,13547.147758211408,2129.5902000459487,1,23951.398517608643,17475.395683288574,29137.339067459106,11661.943384170532,-0.2633032430986973,0,240,Rolling z-score,Unexplained anomaly,No mapped business context; investigate before drawing conclusions
store_day,2014-05-10,51,23651.85308074951,13999.652767998832,9652.20031275068,4.147916985900466,1,0,0,0.0,0,13999.652767998832,2326.999394047732,1,23165.851844787598,16560.665969848633,26043.742164611816,9483.076194763184,0.05124932310786424,0,241,Rolling z-score,Business event,"Known business context overlaps the flag; review, do not treat as error"
store_day,2014-07-02,51,31513.391441345215,16036.632784707206,15476.758656638009,3.6992570110462824,0,0,0,0.0,0,16036.632784707206,4183.747874349673,1,24086.002361297607,14251.63676071167,26187.639364242554,11936.002603530884,0.6222677161489938,0,240,Rolling z-score,Unexplained anomaly,No mapped business context; investigate before drawing conclusions
store_day,2014-09-01,51,24259.95880126953,13541.554978506905,10718.403822762626,3.8015871905269196,0,0,1,0.21212121212121213,0,13541.554978506905,2819.454950151229,1,20081.272708892822,13574.90703201294,21988.06275177002,8413.15571975708,0.49668474370011584,0,241,Rolling z-score,Unexplained anomaly,No mapped business context; investigate before drawing conclusions
store_day,2014-09-07,51,28530.410053253174,15153.298365592957,13377.111687660217,3.0088114140292097,0,0,1,0.18181818181818182,0,15153.298365592957,4445.978775966699,1,23951.398517608643,17475.395683288574,29137.339067459106,11661.943384170532,0.39264566674709667,0,240,Rolling z-score,Unexplained anomaly,No mapped business context; investigate before drawing conclusions
store_day,2014-12-22,51,35759.6879196167,25708.51300907135,10051.17491054535,2.1915029159820762,1,0,1,0.36363636363636365,1,25708.51300907135,4586.430087427525,0,20081.272708892822,13574.90703201294,21988.06275177002,8413.15571975708,1.863559374505025,1,241,Weekday IQR,Business event,"Known business context overlaps the flag; review, do not treat as error"
store_day,2014-12-23,51,36616.891105651855,26217.65897165026,10399.232134001595,2.129249378064496,1,0,1,0.36363636363636365,1,26217.65897165026,4883.989748281424,0,17661.11100578308,11522.185774803162,20085.01645040512,8562.83067560196,2.2137282422131044,1,242,Weekday IQR,Business event,"Known business context overlaps the flag; review, do not treat as error"
store_day,2015-01-01,51,0.0,27399.345542430878,-27399.345542430878,-5.914486466843198,1,0,0,0.0,0,27399.345542430878,4632.582337626858,1,15933.701875686646,10615.065279006958,17369.168881893158,6754.1036028862,-2.359114223370481,1,240,Rolling z-score + weekday IQR,Business event,"Known business context overlaps the flag; review, do not treat as error"
store_day,2015-05-01,51,19819.60203552246,13782.00529221126,6037.5967433112,3.326275520963837,1,0,1,0.3939393939393939,1,13782.00529221126,1815.1222606964677,1,21143.703479766846,13899.555582046509,23851.07826423645,9951.522682189941,-0.1330551601529387,0,240,Rolling z-score,Business event,"Known business context overlaps the flag; review, do not treat as error"
store_day,2015-05-09,51,23200.182991027832,14814.608283587864,8385.574707439968,3.541130040437096,1,0,1,0.18181818181818182,0,14814.608283587864,2368.0504843603267,1,23165.851844787598,16560.665969848633,26043.742164611816,9483.076194763184,0.003620254180725974,0,241,Rolling z-score,Business event,"Known business context overlaps the flag; review, do not treat as error"
store_day,2015-05-17,51,24469.029975891113,15538.886815616062,8930.14316027505,3.0540929622763957,0,0,1,0.21212121212121213,0,15538.886815616062,2923.9919251242727,1,23951.398517608643,17475.395683288574,29137.339067459106,11661.943384170532,0.044386380659769235,0,240,Rolling z-score,Unexplained anomaly,No mapped business context; investigate before drawing conclusions
store_day,2015-06-07,51,34484.969871520996,18595.439944131034,15889.529927389962,3.046790186116237,0,0,1,0.30303030303030304,1,18595.439944131034,5215.1703782545155,1,23951.398517608643,17475.395683288574,29137.339067459106,11661.943384170532,0.9032432251566418,0,240,Rolling z-score,Business event,"Known business context overlaps the flag; review, do not treat as error"
store_day,2015-12-21,51,40277.989822387695,25517.407184873307,14760.582637514388,2.9535506550261874,1,0,1,0.21212121212121213,0,25517.407184873307,4997.572197516116,0,20081.272708892822,13574.90703201294,21988.06275177002,8413.15571975708,2.400611350395643,1,241,Weekday IQR,Business event,"Known business context overlaps the flag; review, do not treat as error"
store_day,2015-12-22,51,35077.657218933105,26246.093682016646,8831.56353691646,1.5781906203151899,1,0,1,0.24242424242424243,0,26246.093682016646,5596.005592247567,0,17661.11100578308,11522.185774803162,20085.01645040512,8562.83067560196,2.03397064276594,1,242,Weekday IQR,Business event,"Known business context overlaps the flag; review, do not treat as error"
store_day,2015-12-31,51,28445.40707397461,27964.412863731384,480.9942102432251,0.08485026793634667,1,0,1,0.21212121212121213,0,27964.412863731384,5668.74120661657,0,15933.701875686646,10615.065279006958,17369.168881893158,6754.1036028862,1.8524597687458324,1,240,Weekday IQR,Business event,"Known business context overlaps the flag; review, do not treat as error"
store_day,2016-01-01,51,0.0,27866.500807217188,-27866.500807217188,-4.9456105035670905,1,0,0,0.0,0,27866.500807217188,5634.592693281868,1,21143.703479766846,13899.555582046509,23851.07826423645,9951.522682189941,-2.1246701791282,0,240,Rolling z-score,Business event,"Known business context overlaps the flag; review, do not treat as error"
store_day,2016-04-17,51,41598.28109741211,20806.120247568404,20792.160849843705,6.433028456359884,0,1,1,0.3333333333333333,1,20806.120247568404,3232.0952706633766,1,23951.398517608643,17475.395683288574,29137.339067459106,11661.943384170532,1.513202559682862,0,240,Rolling z-score,Business event,"Known business context overlaps the flag; review, do not treat as error"
store_day,2016-04-18,51,41745.40884399414,21437.008859770638,20308.399984223503,4.007302137102608,0,1,1,0.30303030303030304,1,21437.008859770638,5067.848464979246,1,20081.272708892822,13574.90703201294,21988.06275177002,8413.15571975708,2.575030922609245,1,241,Rolling z-score + weekday IQR,Business event,"Known business context overlaps the flag; review, do not treat as error"
store_day,2016-04-19,51,35621.04012680054,22230.453670910425,13390.586455890112,2.1127369204206077,0,1,1,0.45454545454545453,1,22230.453670910425,6338.028330202271,0,17661.11100578308,11522.185774803162,20085.01645040512,8562.83067560196,2.097428969626903,1,242,Weekday IQR,Business event,"Known business context overlaps the flag; review, do not treat as error"
store_day,2016-12-22,51,31786.006145477295,26349.9307509831,5436.0753944941935,0.9716665574081438,1,0,1,0.5454545454545454,1,26349.9307509831,5594.589371270084,0,15933.701875686646,10615.065279006958,17369.168881893158,6754.1036028862,2.3470626454436614,1,240,Weekday IQR,Business event,"Known business context overlaps the flag; review, do not treat as error"
store_day,2016-12-23,51,40920.883991241455,26874.611181191034,14046.272810050421,2.6112089167421253,1,0,1,0.6363636363636364,1,26874.611181191034,5379.222137298479,0,21143.703479766846,13899.555582046509,23851.07826423645,9951.522682189941,1.9873522015750884,1,240,Weekday IQR,Business event,"Known business context overlaps the flag; review, do not treat as error"
store_day,2017-01-01,51,0.0,28551.58330658504,-28551.58330658504,-4.863649550634986,0,0,0,0.0,0,28551.58330658504,5870.403080924573,1,23951.398517608643,17475.395683288574,29137.339067459106,11661.943384170532,-2.053808505889279,0,240,Rolling z-score,Potential data issue,Extreme or zero value without mapped context; investigate source records
store_day,2017-04-01,51,35796.22903442383,22895.31152663912,12900.917507784707,3.6776668374551047,0,0,1,0.48484848484848486,1,22895.31152663912,3507.908159704854,1,23165.851844787598,16560.665969848633,26043.742164611816,9483.076194763184,1.3318860810810602,0,241,Rolling z-score,Business event,"Known business context overlaps the flag; review, do not treat as error"
store_day,2017-04-20,52,23105.5419921875,0.0,23105.5419921875,,0,0,0,0.0,0,0.0,0.0,0,0.0,0.0,0.0,0.0,,1,240,Weekday IQR,Unexplained anomaly,No mapped business context; investigate before drawing conclusions
store_day,2017-04-21,52,26493.171798706055,825.1979282924107,25667.973870413643,5.878336508442936,0,0,1,0.6666666666666666,1,825.1979282924107,4366.537001334859,1,0.0,0.0,0.0,0.0,,1,240,Rolling z-score + weekday IQR,Business event,"Known business context overlaps the flag; review, do not treat as error"
store_day,2017-04-22,52,30357.374740600586,1771.3826353890556,28585.99210521153,4.3841347586187975,0,0,1,0.6363636363636364,1,1771.3826353890556,6520.326969652142,1,0.0,0.0,0.0,0.0,,1,241,Rolling z-score + weekday IQR,Business event,"Known business context overlaps the flag; review, do not treat as error"
store_day,2017-04-23,52,34841.13388442993,2855.574590410505,31985.559294019426,3.784158199306998,0,0,1,0.6363636363636364,1,2855.574590410505,8452.489988361749,1,0.0,0.0,0.0,0.0,,1,240,Rolling z-score + weekday IQR,Business event,"Known business context overlaps the flag; review, do not treat as error"
store_day,2017-04-24,52,25718.94321012497,4099.9008005687165,21619.042409556252,2.0858185458215988,0,0,1,0.6060606060606061,1,4099.9008005687165,10364.776194393537,0,0.0,0.0,0.0,0.0,,1,241,Weekday IQR,Business event,"Known business context overlaps the flag; review, do not treat as error"
store_day,2017-04-25,52,19034.570892333984,5018.434486644609,14016.136405689376,1.2625533428355484,0,0,1,0.6060606060606061,1,5018.434486644609,11101.421167846072,0,0.0,0.0,0.0,0.0,,1,242,Weekday IQR,Business event,"Known business context overlaps the flag; review, do not treat as error"
store_day,2017-04-26,52,25691.462997436523,5698.240589942251,19993.22240749427,1.759585458072509,0,0,1,0.6363636363636364,1,5698.240589942251,11362.461718338656,0,0.0,0.0,0.0,0.0,,1,240,Weekday IQR,Business event,"Known business context overlaps the flag; review, do not treat as error"
store_day,2017-04-27,52,19856.85789489746,6615.792839850698,13241.065055046762,1.111813050615894,0,0,1,0.6060606060606061,1,6615.792839850698,11909.434817042138,0,0.0,0.0,0.0,0.0,,1,240,Weekday IQR,Business event,"Known business context overlaps the flag; review, do not treat as error"
store_day,2017-04-28,52,26372.07096862793,7324.966336097036,19047.104632530893,1.5753487659767453,0,0,1,0.696969696969697,1,7324.966336097036,12090.722412647041,0,0.0,0.0,0.0,0.0,,1,240,Weekday IQR,Business event,"Known business context overlaps the flag; review, do not treat as error"
store_day,2017-04-29,52,32553.916885375977,8266.826013548034,24287.090871827942,1.9400817413258908,0,0,1,0.7272727272727273,1,8266.826013548034,12518.591538947043,0,0.0,0.0,0.0,0.0,,1,241,Weekday IQR,Business event,"Known business context overlaps the flag; review, do not treat as error"
store_day,2017-04-30,52,31157.21014404297,9429.465902311462,21727.744241731507,1.6442069498818797,0,0,1,0.6363636363636364,1,9429.465902311462,13214.725946324723,0,0.0,0.0,0.0,0.0,,1,240,Weekday IQR,Business event,"Known business context overlaps the flag; review, do not treat as error"
store_day,2017-05-01,52,35185.520935058594,10542.223407455853,24643.297527602743,1.799515669891931,1,0,1,0.6363636363636364,1,10542.223407455853,13694.405633646238,0,0.0,0.0,0.0,0.0,,1,241,Weekday IQR,Business event,"Known business context overlaps the flag; review, do not treat as error"
store_day,2017-05-02,52,19679.888038635254,11798.849155136517,7881.038883498737,0.5514112655452676,0,0,1,0.6060606060606061,1,11798.849155136517,14292.487977563364,0,0.0,0.0,0.0,0.0,,1,242,Weekday IQR,Business event,"Known business context overlaps the flag; review, do not treat as error"
store_day,2017-05-03,52,26113.23809814453,12501.70229937349,13611.535798771041,0.9603052232730742,0,0,1,0.6060606060606061,1,12501.70229937349,14174.176573129436,0,0.0,0.0,0.0,0.0,,1,240,Weekday IQR,Business event,"Known business context overlaps the flag; review, do not treat as error"
store_day,2017-05-04,52,17768.008063316345,13434.317945735795,4333.690117580551,0.3056151236816591,0,0,1,0.5757575757575758,1,13434.317945735795,14180.221401918234,0,0.0,0.0,0.0,0.0,,1,240,Weekday IQR,Business event,"Known business context overlaps the flag; review, do not treat as error"
store_day,2017-05-05,52,20475.148184776306,14068.889662282807,6406.258522493499,0.45914779087047325,0,0,1,0.6060606060606061,1,14068.889662282807,13952.497757526446,0,0.0,0.0,0.0,0.0,,1,240,Weekday IQR,Business event,"Known business context overlaps the flag; review, do not treat as error"
store_day,2017-05-06,52,27962.399869918823,14800.144954596248,13162.254915322575,0.9591738161591383,0,0,1,0.6363636363636364,1,14800.144954596248,13722.491892062659,0,0.0,0.0,0.0,0.0,,1,241,Weekday IQR,Business event,"Known business context overlaps the flag; review, do not treat as error"
store_day,2017-05-07,52,31856.84485054016,15798.802092807633,16058.042757732528,1.1787763202796688,0,0,1,0.5757575757575758,1,15798.802092807633,13622.637714611285,0,0.0,0.0,0.0,0.0,,1,240,Weekday IQR,Business event,"Known business context overlaps the flag; review, do not treat as error"
store_day,2017-05-08,52,18870.190901756287,16936.546551755495,1933.6443500007917,0.14234154065968346,0,0,1,0.6363636363636364,1,16936.546551755495,13584.53998066408,0,0.0,0.0,0.0,0.0,,1,241,Weekday IQR,Business event,"Known business context overlaps the flag; review, do not treat as error"
store_day,2017-05-09,52,16336.0139169693,17610.481941103935,-1274.468024134636,-0.0967330849922498,0,0,1,0.5454545454545454,1,17610.481941103935,13175.099545690553,0,0.0,0.0,0.0,0.0,,1,242,Weekday IQR,Business event,"Known business context overlaps the flag; review, do not treat as error"
store_day,2017-05-10,52,21039.101922035217,18193.911009567124,2845.1909124680933,0.2236745580435829,0,0,1,0.696969696969697,1,18193.911009567124,12720.225927142366,0,0.0,0.0,0.0,0.0,,1,240,Weekday IQR,Business event,"Known business context overlaps the flag; review, do not treat as error"
store_day,2017-05-11,52,15560.885032653809,18945.30750678267,-3384.42247412886,-0.2770224764809736,0,0,1,0.6060606060606061,1,18945.30750678267,12217.140345871205,0,0.0,0.0,0.0,0.0,,1,240,Weekday IQR,Business event,"Known business context overlaps the flag; review, do not treat as error"
store_day,2017-05-12,52,22417.13495540619,19501.053400806017,2916.0815546001722,0.24998856532166305,0,0,1,0.6363636363636364,1,19501.053400806017,11664.859754077223,0,0.0,0.0,0.0,0.0,,1,240,Weekday IQR,Business event,"Known business context overlaps the flag; review, do not treat as error"
store_day,2017-05-13,52,31545.733039855957,20301.665363499098,11244.067676356859,1.0195191261430976,1,0,1,0.5757575757575758,1,20301.665363499098,11028.795231035876,0,0.0,0.0,0.0,0.0,,1,241,Weekday IQR,Business event,"Known business context overlaps the flag; review, do not treat as error"
store_day,2017-05-14,52,22797.34575843811,21428.298686351096,1369.0470720870144,0.13069075424960705,0,1,1,0.5757575757575758,1,21428.298686351096,10475.469974503807,0,0.0,0.0,0.0,0.0,,1,240,Weekday IQR,Business event,"Known business context overlaps the flag; review, do not treat as error"
store_day,2017-05-15,52,20191.894081115723,22242.489606295312,-2050.5955251795895,-0.21366043778089078,0,0,1,0.6666666666666666,1,22242.489606295312,9597.450732935778,0,0.0,0.0,0.0,0.0,,1,241,Weekday IQR,Business event,"Known business context overlaps the flag; review, do not treat as error"
store_day,2017-05-16,52,18907.217056274414,22963.628680620874,-4056.4116243464596,-0.47345803388825963,0,0,1,0.6363636363636364,1,22963.628680620874,8567.626556113755,0,0.0,0.0,0.0,0.0,,1,242,Weekday IQR,Business event,"Known business context overlaps the flag; review, do not treat as error"
store_day,2017-05-17,52,24600.065032958984,23638.886432630676,961.1786003283087,0.13078759359556827,0,0,1,0.696969696969697,1,23638.886432630676,7349.157316102482,0,0.0,0.0,0.0,0.0,,1,240,Weekday IQR,Business event,"Known business context overlaps the flag; review, do not treat as error"
store_day,2017-05-18,52,17247.796096801758,24517.460183807783,-7269.6640870060255,-1.2742493305989548,0,0,1,0.5454545454545454,1,24517.460183807783,5705.056233844717,0,0.0,0.0,0.0,0.0,,1,240,Weekday IQR,Business event,"Known business context overlaps the flag; review, do not treat as error"
store_day,2017-05-19,52,19915.917907714844,24308.254973258292,-4392.337065543448,-0.7490420981689461,0,0,1,0.5757575757575758,1,24308.254973258292,5863.938857749967,0,0.0,0.0,0.0,0.0,,1,240,Weekday IQR,Business event,"Known business context overlaps the flag; review, do not treat as error"
store_day,2017-05-20,52,27933.17177963257,24073.353048580033,3859.8187310525354,0.6536782739563012,0,0,1,0.5454545454545454,1,24073.353048580033,5904.768270316671,0,0.0,0.0,0.0,0.0,,1,241,Weekday IQR,Business event,"Known business context overlaps the flag; review, do not treat as error"
store_day,2017-05-21,52,29616.86018562317,23986.774371402604,5630.085814220565,0.9662945613371334,0,0,1,0.5151515151515151,1,23986.774371402604,5826.469525431043,0,0.0,0.0,0.0,0.0,,1,240,Weekday IQR,Business event,"Known business context overlaps the flag; review, do not treat as error"
store_day,2017-05-22,52,18401.887124061584,23800.193167873793,-5398.306043812208,-0.9739405638980849,0,0,1,0.5151515151515151,1,23800.193167873793,5542.746902548252,0,0.0,0.0,0.0,0.0,,1,241,Weekday IQR,Business event,"Known business context overlaps the flag; review, do not treat as error"
store_day,2017-05-23,52,15569.154083251953,23538.86973622867,-7969.715652976716,-1.4178791214906745,0,0,1,0.45454545454545453,1,23538.86973622867,5620.87101233131,0,0.0,0.0,0.0,0.0,,1,242,Weekday IQR,Business event,"Known business context overlaps the flag; review, do not treat as error"
store_day,2017-05-24,52,23713.249877929688,23415.104850190026,298.1450277396616,0.051759939852197054,0,0,1,0.5151515151515151,1,23415.104850190026,5760.150197064154,0,0.0,0.0,0.0,0.0,,1,240,Weekday IQR,Business event,"Known business context overlaps the flag; review, do not treat as error"
store_day,2017-05-25,52,17913.13589477539,23344.45438163621,-5431.318486860819,-0.9456785835561817,0,0,1,0.5454545454545454,1,23344.45438163621,5743.302831747114,0,0.0,0.0,0.0,0.0,,1,240,Weekday IQR,Business event,"Known business context overlaps the flag; review, do not treat as error"
store_day,2017-05-26,52,32691.12818145752,23275.03573877471,9416.09244268281,1.6238842377692366,1,0,1,0.5757575757575758,1,23275.03573877471,5798.499809086078,0,0.0,0.0,0.0,0.0,,1,240,Weekday IQR,Business event,"Known business context overlaps the flag; review, do not treat as error"
store_day,2017-05-27,52,26110.056871414185,23500.716353518623,2609.340517895562,0.43191091490685996,0,0,1,0.5151515151515151,1,23500.716353518623,6041.385915098387,0,0.0,0.0,0.0,0.0,,1,241,Weekday IQR,Business event,"Known business context overlaps the flag; review, do not treat as error"
store_day,2017-05-28,52,28357.71418762207,23270.57849587713,5087.135691744941,0.8768314951351972,0,0,1,0.5151515151515151,1,23270.57849587713,5801.725553848364,0,0.0,0.0,0.0,0.0,,1,240,Weekday IQR,Business event,"Known business context overlaps the flag; review, do not treat as error"
store_day,2017-05-29,52,18051.93392944336,23170.596497433526,-5118.662567990166,-0.9005860373999746,0,0,1,0.5454545454545454,1,23170.596497433526,5683.70189567666,0,0.0,0.0,0.0,0.0,,1,241,Weekday IQR,Business event,"Known business context overlaps the flag; review, do not treat as error"
store_day,2017-05-30,52,17817.59398651123,22558.68267580441,-4741.088689293181,-0.9034341656686778,0,0,1,0.5454545454545454,1,22558.68267580441,5247.851885017055,0,0.0,0.0,0.0,0.0,,1,242,Weekday IQR,Business event,"Known business context overlaps the flag; review, do not treat as error"
store_day,2017-05-31,52,25655.098175048828,22492.17217394284,3162.9260011059887,0.5970874807050255,0,0,1,0.5151515151515151,1,22492.17217394284,5297.2572752175065,0,0.0,0.0,0.0,0.0,,1,240,Weekday IQR,Business event,"Known business context overlaps the flag; review, do not treat as error"
store_day,2017-06-01,52,18482.790985107422,22475.810033832277,-3993.0190487248547,-0.7553445295210659,0,0,1,0.36363636363636365,1,22475.810033832277,5286.3546271483165,0,0.0,0.0,0.0,0.0,,1,240,Weekday IQR,Business event,"Known business context overlaps the flag; review, do not treat as error"
store_day,2017-06-02,52,21322.155029296875,22501.337995324815,-1179.18296602794,-0.22398939035357285,0,0,1,0.5151515151515151,1,22501.337995324815,5264.459018199792,0,0.0,0.0,0.0,0.0,,1,240,Weekday IQR,Business event,"Known business context overlaps the flag; review, do not treat as error"
store_day,2017-06-03,52,29456.009857177734,22531.58823977198,6924.421617405755,1.3177302281789656,0,0,1,0.3939393939393939,1,22531.58823977198,5254.809724578409,0,0.0,0.0,0.0,0.0,,1,241,Weekday IQR,Business event,"Known business context overlaps the flag; review, do not treat as error"
store_day,2017-06-04,52,30039.704040527344,22584.931453602654,7454.77258692469,1.4014921265202689,0,0,1,0.45454545454545453,1,22584.931453602654,5319.168367669653,0,0.0,0.0,0.0,0.0,,1,240,Weekday IQR,Business event,"Known business context overlaps the flag; review, do not treat as error"
store_day,2017-06-05,52,18176.889877319336,22520.03356753077,-4343.143690211433,-0.8333198146753649,0,0,1,0.48484848484848486,1,22520.03356753077,5211.856977027943,0,0.0,0.0,0.0,0.0,,1,241,Weekday IQR,Business event,"Known business context overlaps the flag; review, do not treat as error"
store_day,2017-06-06,52,16061.15998840332,22495.27281665802,-6434.1128282547,-1.2298911247101745,0,0,1,0.45454545454545453,1,22495.27281665802,5231.449108774492,0,0.0,0.0,0.0,0.0,,1,242,Weekday IQR,Business event,"Known business context overlaps the flag; review, do not treat as error"
store_day,2017-06-07,52,23134.37623310089,22485.45660492352,648.9196281773693,0.12375276380173945,0,0,1,0.45454545454545453,1,22485.45660492352,5243.677864172664,0,0.0,0.0,0.0,0.0,,1,240,Weekday IQR,Business event,"Known business context overlaps the flag; review, do not treat as error"
store_day,2017-06-08,52,14661.009872436523,22560.287830318724,-7899.277957882201,-1.5082961626507054,0,0,1,0.48484848484848486,1,22560.287830318724,5237.219422477264,0,0.0,0.0,0.0,0.0,,1,240,Weekday IQR,Business event,"Known business context overlaps the flag; review, do not treat as error"
store_day,2017-06-09,52,20330.92177581787,22528.149431739534,-2197.2276559216625,-0.41580205486343635,0,0,1,0.5454545454545454,1,22528.149431739534,5284.311682017318,0,0.0,0.0,0.0,0.0,,1,240,Weekday IQR,Business event,"Known business context overlaps the flag; review, do not treat as error"
store_day,2017-06-10,52,23342.974868774414,22453.64181818281,889.3330505916056,0.1677791457683849,0,0,1,0.48484848484848486,1,22453.64181818281,5300.617347398517,0,0.0,0.0,0.0,0.0,,1,241,Weekday IQR,Business event,"Known business context overlaps the flag; review, do not treat as error"
store_day,2017-06-11,52,27944.35284423828,22160.686169215613,5783.666675022669,1.1573091827807716,0,0,1,0.5151515151515151,1,22160.686169215613,4997.512126470585,0,0.0,0.0,0.0,0.0,,1,240,Weekday IQR,Business event,"Known business context overlaps the flag; review, do not treat as error"
store_day,2017-06-12,52,16846.790885925293,22344.507850851332,-5497.7169649260395,-1.07480672885316,0,0,1,0.45454545454545453,1,22344.507850851332,5115.074940768385,0,0.0,0.0,0.0,0.0,,1,241,Weekday IQR,Business event,"Known business context overlaps the flag; review, do not treat as error"
store_day,2017-06-13,52,15987.104080200195,22225.03987959453,-6237.935799394334,-1.1983404237388944,0,0,1,0.45454545454545453,1,22225.03987959453,5205.478907180313,0,0.0,0.0,0.0,0.0,,1,242,Weekday IQR,Business event,"Known business context overlaps the flag; review, do not treat as error"
store_day,2017-06-14,52,22800.697845458984,22120.75013044902,679.9477150099628,0.12822537219747215,0,0,1,0.5454545454545454,1,22120.75013044902,5302.754855433887,0,0.0,0.0,0.0,0.0,,1,240,Weekday IQR,Business event,"Known business context overlaps the flag; review, do not treat as error"
store_day,2017-06-15,52,16658.390110492706,22056.487016609735,-5398.096906117029,-1.0218907439929565,0,0,1,0.5151515151515151,1,22056.487016609735,5282.459928176271,0,0.0,0.0,0.0,0.0,,1,240,Weekday IQR,Business event,"Known business context overlaps the flag; review, do not treat as error"
store_day,2017-06-16,52,22425.544960021973,22035.436802812987,390.1081572089861,0.07355722941763745,0,0,1,0.5454545454545454,1,22035.436802812987,5303.464530917289,0,0.0,0.0,0.0,0.0,,1,240,Weekday IQR,Business event,"Known business context overlaps the flag; review, do not treat as error"
store_day,2017-06-17,52,29671.57373046875,22125.066340395384,7546.507390073366,1.4272354010701567,0,0,1,0.42424242424242425,1,22125.066340395384,5287.500144976023,0,0.0,0.0,0.0,0.0,,1,241,Weekday IQR,Business event,"Known business context overlaps the flag; review, do not treat as error"
store_day,2017-06-18,52,23362.807090759277,22187.15212435382,1175.6549664054583,0.21901903988247381,0,0,1,0.48484848484848486,1,22187.15212435382,5367.820838938559,0,0.0,0.0,0.0,0.0,,1,240,Weekday IQR,Business event,"Known business context overlaps the flag; review, do not treat as error"
store_day,2017-06-19,52,16150.162017822266,21963.793085251535,-5813.631067429269,-1.1236615875076434,0,0,1,0.48484848484848486,1,21963.793085251535,5173.8273623149225,0,0.0,0.0,0.0,0.0,,1,241,Weekday IQR,Business event,"Known business context overlaps the flag; review, do not treat as error"
store_day,2017-06-20,52,16051.271011352539,21883.374331457275,-5832.103320104736,-1.111256344564779,0,0,1,0.48484848484848486,1,21883.374331457275,5248.2069943896395,0,0.0,0.0,0.0,0.0,,1,242,Weekday IQR,Business event,"Known business context overlaps the flag; review, do not treat as error"
store_day,2017-06-21,52,20999.432708740234,21900.592793175154,-901.1600844349196,-0.17238921141780922,0,0,1,0.5151515151515151,1,21900.592793175154,5227.4737904034655,0,0.0,0.0,0.0,0.0,,1,240,Weekday IQR,Business event,"Known business context overlaps the flag; review, do not treat as error"
store_day,2017-06-22,52,14408.15103149414,21803.670751418387,-7395.519719924247,-1.4173717224878126,0,0,1,0.5151515151515151,1,21803.670751418387,5217.77004760855,0,0.0,0.0,0.0,0.0,,1,240,Weekday IQR,Business event,"Known business context overlaps the flag; review, do not treat as error"
store_day,2017-06-23,52,21035.95018005371,21678.492720586913,-642.5425405332026,-0.11999357972668098,0,0,1,0.48484848484848486,1,21678.492720586913,5354.80766551655,0,0.0,0.0,0.0,0.0,,1,240,Weekday IQR,Business event,"Known business context overlaps the flag; review, do not treat as error"
store_day,2017-06-24,52,23548.542793273926,21262.23636339392,2286.3064298800055,0.4665175078844162,0,0,1,0.42424242424242425,1,21262.23636339392,4900.794485180303,0,0.0,0.0,0.0,0.0,,1,241,Weekday IQR,Business event,"Known business context overlaps the flag; review, do not treat as error"
store_day,2017-06-25,52,22797.5068359375,21170.753717746054,1626.7531181914455,0.3367774444084916,0,0,1,0.5151515151515151,1,21170.753717746054,4830.350562961954,0,0.0,0.0,0.0,0.0,,1,240,Weekday IQR,Business event,"Known business context overlaps the flag; review, do not treat as error"
store_day,2017-06-26,52,25935.526947021484,20972.174883757318,4963.352063264167,1.0710131870849764,0,0,1,0.48484848484848486,1,20972.174883757318,4634.258590945215,0,0.0,0.0,0.0,0.0,,1,241,Weekday IQR,Business event,"Known business context overlaps the flag; review, do not treat as error"
store_day,2017-06-27,52,16531.712997436523,21253.73177724225,-4722.018779805727,-1.0069506425239299,0,0,1,0.3939393939393939,1,21253.73177724225,4689.424268075294,0,0.0,0.0,0.0,0.0,,1,242,Weekday IQR,Business event,"Known business context overlaps the flag; review, do not treat as error"
store_day,2017-06-28,52,23300.821241378784,21207.80745620387,2093.013785174913,0.4424566261409727,0,0,1,0.48484848484848486,1,21207.80745620387,4730.438333424462,0,0.0,0.0,0.0,0.0,,1,240,Weekday IQR,Business event,"Known business context overlaps the flag; review, do not treat as error"
store_day,2017-06-29,52,15532.131108760834,21123.726137144226,-5591.595028383392,-1.197603717130763,0,0,1,0.45454545454545453,1,21123.726137144226,4668.986033025865,0,0.0,0.0,0.0,0.0,,1,240,Weekday IQR,Business event,"Known business context overlaps the flag; review, do not treat as error"
store_day,2017-06-30,52,20330.50707244873,21018.345427274704,-687.8383548259735,-0.14440829934644725,0,0,1,0.5151515151515151,1,21018.345427274704,4763.149749279945,0,0.0,0.0,0.0,0.0,,1,240,Weekday IQR,Business event,"Known business context overlaps the flag; review, do not treat as error"
store_day,2017-07-01,52,28387.42474746704,20982.92942881584,7404.495318651199,1.5540991210906754,0,0,1,0.5151515151515151,1,20982.92942881584,4764.493601575866,0,0.0,0.0,0.0,0.0,,1,241,Weekday IQR,Business event,"Known business context overlaps the flag; review, do not treat as error"
store_day,2017-07-02,52,28386.905126571655,20944.765674897604,7442.139451674051,1.5841333343904564,0,0,1,0.5454545454545454,1,20944.765674897604,4697.924909545345,0,0.0,0.0,0.0,0.0,,1,240,Weekday IQR,Business event,"Known business context overlaps the flag; review, do not treat as error"
store_day,2017-07-03,52,23205.533233642578,20885.737142256326,2319.7960913862516,0.5055645436393814,0,0,1,0.48484848484848486,1,20885.737142256326,4588.526075596313,0,0.0,0.0,0.0,0.0,,1,241,Weekday IQR,Business event,"Known business context overlaps the flag; review, do not treat as error"
store_day,2017-07-04,52,17328.105942726135,21065.3315478393,-3737.2256051131662,-0.8165281369412016,0,0,1,0.5454545454545454,1,21065.3315478393,4576.971002019842,0,0.0,0.0,0.0,0.0,,1,242,Weekday IQR,Business event,"Known business context overlaps the flag; review, do not treat as error"
store_day,2017-07-05,52,24979.50213241577,21110.579617636544,3868.9225147792276,0.8537452509894274,0,0,1,0.6060606060606061,1,21110.579617636544,4531.706044977039,0,0.0,0.0,0.0,0.0,,1,240,Weekday IQR,Business event,"Known business context overlaps the flag; review, do not treat as error"
store_day,2017-07-06,52,16290.570892333984,21176.476971183503,-4885.906078849519,-1.0678574163741172,0,0,1,0.3939393939393939,1,21176.476971183503,4575.42926979848,0,0.0,0.0,0.0,0.0,,1,240,Weekday IQR,Business event,"Known business context overlaps the flag; review, do not treat as error"
store_day,2017-07-07,52,22566.622920036316,21234.675579036986,1331.9473409993298,0.29604004940535555,0,0,1,0.5151515151515151,1,21234.675579036986,4499.2133452036705,0,0.0,0.0,0.0,0.0,,1,240,Weekday IQR,Business event,"Known business context overlaps the flag; review, do not treat as error"
store_day,2017-07-08,52,27395.554168701172,21314.522048473358,6081.032120227814,1.3506148300813854,0,0,1,0.36363636363636365,1,21314.522048473358,4502.417702507667,0,0.0,0.0,0.0,0.0,,1,241,Weekday IQR,Business event,"Known business context overlaps the flag; review, do not treat as error"
store_day,2017-07-09,52,27596.36378479004,21459.257023470742,6137.106761319297,1.3245720520678959,0,0,1,0.36363636363636365,1,21459.257023470742,4633.275141007367,0,0.0,0.0,0.0,0.0,,1,240,Weekday IQR,Business event,"Known business context overlaps the flag; review, do not treat as error"
store_day,2017-07-10,52,18459.977073669434,21446.82884277616,-2986.851769106728,-0.6471113896266713,0,0,1,0.3939393939393939,1,21446.82884277616,4615.668673101071,0,0.0,0.0,0.0,0.0,,1,241,Weekday IQR,Business event,"Known business context overlaps the flag; review, do not treat as error"
store_day,2017-07-11,52,15976.267058372498,21504.442635195595,-5528.175576823098,-1.2107464625994018,0,0,1,0.3939393939393939,1,21504.442635195595,4565.923376686502,0,0.0,0.0,0.0,0.0,,1,242,Weekday IQR,Business event,"Known business context overlaps the flag; review, do not treat as error"
store_day,2017-07-12,52,22284.164772987366,21504.05559870175,780.1091742856152,0.17083647252593145,0,0,1,0.45454545454545453,1,21504.05559870175,4566.408816286004,0,0.0,0.0,0.0,0.0,,1,240,Weekday IQR,Business event,"Known business context overlaps the flag; review, do not treat as error"
store_day,2017-07-13,52,17766.636045455933,21485.60798897062,-3718.971943514687,-0.8152032928519858,0,0,1,0.42424242424242425,1,21485.60798897062,4562.017813377418,0,0.0,0.0,0.0,0.0,,1,240,Weekday IQR,Business event,"Known business context overlaps the flag; review, do not treat as error"
store_day,2017-07-14,52,22574.373796463013,21525.188200933593,1049.1855955294195,0.23195504152553187,0,0,1,0.5757575757575758,1,21525.188200933593,4523.228245564704,0,0.0,0.0,0.0,0.0,,1,240,Weekday IQR,Business event,"Known business context overlaps the flag; review, do not treat as error"
store_day,2017-07-15,52,26716.752082824707,21530.503516520774,5186.248566303933,1.1462810442691045,0,0,1,0.42424242424242425,1,21530.503516520774,4524.412745227595,0,0.0,0.0,0.0,0.0,,1,241,Weekday IQR,Business event,"Known business context overlaps the flag; review, do not treat as error"
store_day,2017-07-16,52,30216.529052734375,21424.974171962058,8791.554880772317,2.0169078083020557,0,0,1,0.42424242424242425,1,21424.974171962058,4358.927485224787,0,0.0,0.0,0.0,0.0,,1,240,Weekday IQR,Business event,"Known business context overlaps the flag; review, do not treat as error"
store_day,2017-07-17,52,22106.3309173584,21669.749956318312,436.58096104008655,0.0938034333085779,0,0,1,0.42424242424242425,1,21669.749956318312,4654.210892301777,0,0.0,0.0,0.0,0.0,,1,241,Weekday IQR,Business event,"Known business context overlaps the flag; review, do not treat as error"
store_day,2017-07-18,52,17041.00008392334,21882.470274158888,-4841.470190235548,-1.0694728118599688,0,0,1,0.42424242424242425,1,21882.470274158888,4526.96892950044,0,0.0,0.0,0.0,0.0,,1,242,Weekday IQR,Business event,"Known business context overlaps the flag; review, do not treat as error"
store_day,2017-07-19,52,23782.06913948059,21917.817741036415,1864.2513984441757,0.41581143187223063,0,0,1,0.42424242424242425,1,21917.817741036415,4483.405831461165,0,0.0,0.0,0.0,0.0,,1,240,Weekday IQR,Business event,"Known business context overlaps the flag; review, do not treat as error"
store_day,2017-07-20,52,18952.09308052063,22017.197613562857,-3065.1045330422276,-0.6821766393831217,0,0,1,0.42424242424242425,1,22017.197613562857,4493.124443273136,0,0.0,0.0,0.0,0.0,,1,240,Weekday IQR,Business event,"Known business context overlaps the flag; review, do not treat as error"
store_day,2017-07-21,52,22549.10303211212,22179.481258170945,369.6217739411768,0.0862518623756533,0,0,1,0.5454545454545454,1,22179.481258170945,4285.377309667363,0,0.0,0.0,0.0,0.0,,1,240,Weekday IQR,Business event,"Known business context overlaps the flag; review, do not treat as error"
store_day,2017-07-22,52,25815.778228759766,22233.522431458747,3582.255797301019,0.8369834642937054,0,0,1,0.42424242424242425,1,22233.522431458747,4279.960059096187,0,0.0,0.0,0.0,0.0,,1,241,Weekday IQR,Business event,"Known business context overlaps the flag; review, do not treat as error"
store_day,2017-07-23,52,29761.8141040802,22314.49512558324,7447.318978496962,1.7211476884363588,0,0,1,0.42424242424242425,1,22314.49512558324,4326.949412030271,0,0.0,0.0,0.0,0.0,,1,240,Weekday IQR,Business event,"Known business context overlaps the flag; review, do not treat as error"
store_day,2017-07-24,52,20484.642134189606,22563.220385159766,-2078.5782509701603,-0.45681533818047493,0,0,1,0.42424242424242425,1,22563.220385159766,4550.149868542663,0,0.0,0.0,0.0,0.0,,1,241,Weekday IQR,Business event,"Known business context overlaps the flag; review, do not treat as error"
store_day,2017-07-25,52,17653.921966552734,22368.545927558625,-4714.623961005891,-1.043748872223362,0,0,1,0.42424242424242425,1,22368.545927558625,4517.009873230275,0,0.0,0.0,0.0,0.0,,1,242,Weekday IQR,Business event,"Known business context overlaps the flag; review, do not treat as error"
store_day,2017-07-26,52,23978.732131958008,22408.624819312776,1570.107312645232,0.35141047473369147,0,0,1,0.48484848484848486,1,22408.624819312776,4468.0151149026005,0,0.0,0.0,0.0,0.0,,1,240,Weekday IQR,Business event,"Known business context overlaps the flag; review, do not treat as error"
store_day,2017-07-27,52,17526.184112548828,22432.83592254775,-4906.6518099989225,-1.0964927480467705,0,0,1,0.3939393939393939,1,22432.83592254775,4474.8602475842645,0,0.0,0.0,0.0,0.0,,1,240,Weekday IQR,Business event,"Known business context overlaps the flag; review, do not treat as error"
store_day,2017-07-28,52,27263.181121826172,22504.052101254463,4759.129020571709,1.0876170764836584,0,0,1,0.5151515151515151,1,22504.052101254463,4375.739516667303,0,0.0,0.0,0.0,0.0,,1,240,Weekday IQR,Business event,"Known business context overlaps the flag; review, do not treat as error"
store_day,2017-07-29,52,33950.49385070801,22751.647603017944,11198.846247690064,2.5201024301674613,0,0,1,0.3939393939393939,1,22751.647603017944,4443.805979325173,0,0.0,0.0,0.0,0.0,,1,241,Weekday IQR,Business event,"Known business context overlaps the flag; review, do not treat as error"
store_day,2017-07-30,52,26874.198211669922,22950.328642419405,3923.869569250517,0.8150870516244394,0,0,1,0.3939393939393939,1,22950.328642419405,4814.049691294182,0,0.0,0.0,0.0,0.0,,1,240,Weekday IQR,Business event,"Known business context overlaps the flag; review, do not treat as error"
store_day,2017-07-31,52,21818.137891292572,22896.30339545863,-1078.1655041660597,-0.22655527121289054,0,0,1,0.3939393939393939,1,22896.30339545863,4758.951307528501,0,0.0,0.0,0.0,0.0,,1,241,Weekday IQR,Business event,"Known business context overlaps the flag; review, do not treat as error"
store_day,2017-08-01,52,22481.296165943146,22846.753561803274,-365.4573958601286,-0.0767310874620812,0,0,1,0.3939393939393939,1,22846.753561803274,4762.833526121072,0,0.0,0.0,0.0,0.0,,1,242,Weekday IQR,Business event,"Known business context overlaps the flag; review, do not treat as error"
store_day,2017-08-02,52,28775.059839248657,23030.796069775308,5744.263769473349,1.2380792255686248,0,0,1,0.48484848484848486,1,23030.796069775308,4639.657665554581,0,0.0,0.0,0.0,0.0,,1,240,Weekday IQR,Business event,"Known business context overlaps the flag; review, do not treat as error"
store_day,2017-08-03,52,18792.458881378174,23166.3517021622,-4373.892820784025,-0.9202830087697796,0,0,1,0.3939393939393939,1,23166.3517021622,4752.769288472444,0,0.0,0.0,0.0,0.0,,1,240,Weekday IQR,Business event,"Known business context overlaps the flag; review, do not treat as error"
store_day,2017-08-04,52,24466.11304473877,23255.70484462806,1210.408200110709,0.2608122767298677,0,0,1,0.5151515151515151,1,23255.70484462806,4640.917273094359,0,0.0,0.0,0.0,0.0,,1,240,Weekday IQR,Business event,"Known business context overlaps the flag; review, do not treat as error"
store_day,2017-08-05,52,25913.47115802765,23323.54377765315,2589.927380374498,0.5576508221865928,0,0,1,0.42424242424242425,1,23323.54377765315,4644.353199766099,0,0.0,0.0,0.0,0.0,,1,241,Weekday IQR,Business event,"Known business context overlaps the flag; review, do not treat as error"
store_day,2017-08-06,52,26587.565170764923,23270.612241557665,3316.9529292072584,0.7203719434538784,0,0,1,0.45454545454545453,1,23270.612241557665,4604.500438070747,0,0.0,0.0,0.0,0.0,,1,240,Weekday IQR,Business event,"Known business context overlaps the flag; review, do not treat as error"
store_day,2017-08-07,52,20987.98014831543,23234.583719628197,-2246.6035713127676,-0.4912498691839987,0,0,1,0.42424242424242425,1,23234.583719628197,4573.2400398284835,0,0.0,0.0,0.0,0.0,,1,241,Weekday IQR,Business event,"Known business context overlaps the flag; review, do not treat as error"
store_day,2017-08-08,52,16838.945030212402,23324.869543722696,-6485.924513510294,-1.441363647018994,0,0,1,0.3939393939393939,1,23324.869543722696,4499.852987776112,0,0.0,0.0,0.0,0.0,,1,242,Weekday IQR,Business event,"Known business context overlaps the flag; review, do not treat as error"
store_day,2017-08-09,52,24461.117919921875,23355.679471288408,1105.4384486334675,0.24839328497553523,0,0,1,0.42424242424242425,1,23355.679471288408,4450.355607408406,0,0.0,0.0,0.0,0.0,,1,240,Weekday IQR,Business event,"Known business context overlaps the flag; review, do not treat as error"
store_day,2017-08-10,52,19425.612899780273,23433.42779796464,-4007.814898184366,-0.9006409402188275,0,0,1,0.3939393939393939,1,23433.42779796464,4449.958600827754,0,0.0,0.0,0.0,0.0,,1,240,Weekday IQR,Business event,"Known business context overlaps the flag; review, do not treat as error"
store_day,2017-08-11,52,30742.706008911133,23492.676971333367,7250.029037577766,1.6544107699116846,1,0,1,0.5454545454545454,1,23492.676971333367,4382.242408857617,0,0.0,0.0,0.0,0.0,,1,240,Weekday IQR,Business event,"Known business context overlaps the flag; review, do not treat as error"
store_day,2017-08-12,52,22525.36595916748,23784.403121777945,-1259.0371626104643,-0.274539686023031,0,0,1,0.3939393939393939,1,23784.403121777945,4585.993307010791,0,0.0,0.0,0.0,0.0,,1,241,Weekday IQR,Business event,"Known business context overlaps the flag; review, do not treat as error"
store_day,2017-08-13,52,24232.104949951172,23634.710760218757,597.3941897324148,0.13115031543541386,0,0,1,0.42424242424242425,1,23634.710760218757,4555.034334069955,0,0.0,0.0,0.0,0.0,,1,240,Weekday IQR,Business event,"Known business context overlaps the flag; review, do not treat as error"
store_day,2017-08-14,52,18840.372939109802,23420.9813279765,-4580.608388866698,-1.0478422999381776,0,0,1,0.42424242424242425,1,23420.9813279765,4371.467337343561,0,0.0,0.0,0.0,0.0,,1,241,Weekday IQR,Business event,"Known business context overlaps the flag; review, do not treat as error"
store_day,2017-08-15,52,18600.045928955078,23304.33997161048,-4704.294042655401,-1.0569788389786638,0,0,1,0.42424242424242425,1,23304.33997161048,4450.698414360935,0,0.0,0.0,0.0,0.0,,1,242,Weekday IQR,Business event,"Known business context overlaps the flag; review, do not treat as error"
store_day,2014-05-31,53,12095.130981445312,677.2163926362991,11417.914588809013,4.402821655783275,0,0,0,0.0,0,677.2163926362991,2593.3175316813354,1,8236.464962005615,0.0,12466.44302368164,12466.44302368164,0.3095242173015716,0,241,Rolling z-score,Unexplained anomaly,No mapped business context; investigate before drawing conclusions
store_day,2014-06-01,53,14788.73400592804,1109.185356259346,13679.548649668694,4.061650434023672,0,0,0,0.0,0,1109.185356259346,3367.9778385352215,1,9491.863571166992,0.0,14385.606552124023,14385.606552124023,0.36820626336252527,0,240,Rolling z-score,Unexplained anomaly,No mapped business context; investigate before drawing conclusions
store_day,2014-07-06,53,12680.882942199707,5617.7931450775695,7063.0897971221375,3.270071404509854,0,0,1,0.18181818181818182,0,5617.7931450775695,2159.919134298174,1,9491.863571166992,0.0,14385.606552124023,14385.606552124023,0.22168125893599241,0,240,Rolling z-score,Unexplained anomaly,No mapped business context; investigate before drawing conclusions
store_day,2014-11-30,53,11287.009010314941,5960.289290453707,5326.719719861235,3.2063404559393667,0,0,1,0.30303030303030304,1,5960.289290453707,1661.3082088628848,1,9491.863571166992,0.0,14385.606552124023,14385.606552124023,0.12478760854771866,0,240,Rolling z-score,Business event,"Known business context overlaps the flag; review, do not treat as error"
store_day,2014-12-24,53,15551.046997070312,7776.121930667332,7774.9250664029805,3.0297541725145103,1,0,1,0.24242424242424243,0,7776.121930667332,2566.190068136871,1,6819.1400146484375,0.0,11393.28422164917,11393.28422164917,0.7664082465203292,0,240,Rolling z-score,Business event,"Known business context overlaps the flag; review, do not treat as error"
store_day,2014-12-31,53,18074.598251342773,8700.711328370231,9373.886922972542,3.2317547596744376,1,0,1,0.24242424242424243,0,8700.711328370231,2900.5563912024236,1,6819.1400146484375,0.0,11393.28422164917,11393.28422164917,0.987902874862637,0,240,Rolling z-score,Business event,"Known business context overlaps the flag; review, do not treat as error"
store_day,2015-05-01,53,8147.903015136719,4803.2298955236165,3344.6731196131022,3.138832775375367,1,0,1,0.45454545454545453,1,4803.2298955236165,1065.5786271420973,1,6257.061525344849,0.0,10283.070033073425,10283.070033073425,0.18387908316391496,0,240,Rolling z-score,Business event,"Known business context overlaps the flag; review, do not treat as error"
store_day,2015-05-31,53,13912.769012451172,5507.216317926134,8405.552694525039,4.743309468695197,0,0,1,0.3939393939393939,1,5507.216317926134,1772.0860825126094,1,9491.863571166992,0.0,14385.606552124023,14385.606552124023,0.3073144969776361,0,240,Rolling z-score,Business event,"Known business context overlaps the flag; review, do not treat as error"
store_day,2015-12-17,53,15557.063014030457,7931.28032713277,7625.782686897686,3.7532498866644373,0,0,1,0.3333333333333333,1,7931.28032713277,2031.7812341759156,1,5128.349998474121,0.0,8244.296465873718,8244.296465873718,1.2649609410244707,0,240,Rolling z-score,Business event,"Known business context overlaps the flag; review, do not treat as error"
store_day,2015-12-23,53,19757.97184753418,9311.649613346372,10446.322234187808,3.34065579585723,1,0,1,0.36363636363636365,1,9311.649613346372,3127.0274079545593,1,6819.1400146484375,0.0,11393.28422164917,11393.28422164917,1.1356542662474591,0,240,Rolling z-score,Business event,"Known business context overlaps the flag; review, do not treat as error"
store_day,2016-04-17,53,257.19000005722046,7799.76526423863,-7542.57526418141,-5.068069442133896,0,1,0,0.0,0,7799.76526423863,1488.2541271979158,1,9491.863571166992,0.0,14385.606552124023,14385.606552124023,-0.6419384221061071,0,240,Rolling z-score,Business event,"Known business context overlaps the flag; review, do not treat as error"
store_day,2016-04-18,53,279.72799944877625,7439.857725330761,-7160.129725881985,-3.6028140292838606,0,1,0,0.0,0,7439.857725330761,1987.3714456766506,1,5943.16001033783,0.0,9800.980941772461,9800.980941772461,-0.5778433857320457,0,241,Rolling z-score,Business event,"Known business context overlaps the flag; review, do not treat as error"
store_day,2016-04-20,53,22151.526969909668,7400.131049437182,14751.395920472485,5.743157153088229,0,1,1,0.2727272727272727,1,7400.131049437182,2568.516850098785,1,6819.1400146484375,0.0,11393.28422164917,11393.28422164917,1.3457390035199068,0,240,Rolling z-score,Business event,"Known business context overlaps the flag; review, do not treat as error"
store_day,2016-04-21,53,21954.989135742188,7865.840906287943,14089.148229454244,3.7227489509675573,0,1,1,0.30303030303030304,1,7865.840906287943,3784.608743437405,1,5128.349998474121,0.0,8244.296465873718,8244.296465873718,2.0410036449950497,1,240,Rolling z-score + weekday IQR,Business event,"Known business context overlaps the flag; review, do not treat as error"
store_day,2016-05-10,53,27571.44994354248,14114.177725800446,13457.272217742035,2.1146743333709805,0,1,1,0.9090909090909091,1,14114.177725800446,6363.756350269753,0,5327.172008514404,0.0,8736.070209503174,8736.070209503174,2.5462567723906977,1,242,Weekday IQR,Business event,"Known business context overlaps the flag; review, do not treat as error"
store_day,2016-05-31,53,23219.235916137695,18332.857795715332,4886.378120422363,1.1481934979009412,0,0,1,0.9090909090909091,1,18332.857795715332,4255.7096250373725,0,5327.172008514404,0.0,8736.070209503174,8736.070209503174,2.0480677785945614,1,242,Weekday IQR,Business event,"Known business context overlaps the flag; review, do not treat as error"
store_day,2016-06-02,53,22939.434005737305,18658.177148546492,4281.256857190812,0.9898569075151442,0,0,1,0.48484848484848486,1,18658.177148546492,4325.127020569194,0,5128.349998474121,0.0,8244.296465873718,8244.296465873718,2.1604128479598037,1,240,Weekday IQR,Business event,"Known business context overlaps the flag; review, do not treat as error"
store_day,2016-11-02,53,19389.808074951172,10654.96467249734,8734.843402453831,3.3761592892565626,1,0,1,0.5151515151515151,1,10654.96467249734,2587.2130590074325,1,6819.1400146484375,0.0,11393.28422164917,11393.28422164917,1.103340162129576,0,240,Rolling z-score,Business event,"Known business context overlaps the flag; review, do not treat as error"
store_day,2017-01-01,53,0.0,15528.065641386169,-15528.065641386169,-3.038040974499893,0,0,0,0.0,0,15528.065641386169,5111.210076402054,1,9491.863571166992,0.0,14385.606552124023,14385.606552124023,-0.6598167089287956,0,240,Rolling z-score,Potential data issue,Extreme or zero value without mapped context; investigate source records
store_day,2013-05-05,54,7996.176998138428,4045.231285367693,3950.9457127707346,3.7019967564011957,0,0,0,0.0,0,4045.231285367693,1067.2472108299598,1,10150.5924949646,7899.548248291016,11768.503024101257,3868.9547758102417,-0.5568469061194935,0,240,Rolling z-score,Unexplained anomaly,No mapped business context; investigate before drawing conclusions
store_day,2013-10-13,54,7937.400997161865,3972.2444643804006,3965.1565327814646,3.1065395995855045,0,0,0,0.0,0,3972.2444643804006,1276.390145907209,1,10150.5924949646,7899.548248291016,11768.503024101257,3868.9547758102417,-0.5720386063027177,0,240,Rolling z-score,Unexplained anomaly,No mapped business context; investigate before drawing conclusions
store_day,2014-01-01,54,0.0,5115.526141916002,-5115.526141916002,-3.3406707223026313,1,0,0,0.0,0,5115.526141916002,1531.2871477467893,1,4898.833995819092,3627.488251686096,6404.7397356033325,2777.2514839172363,-1.7639144399373665,0,240,Rolling z-score,Business event,"Known business context overlaps the flag; review, do not treat as error"
store_day,2014-05-04,54,7995.782997131348,4433.907967942102,3561.8750291892457,3.192946306039156,0,0,0,0.0,0,4433.907967942102,1115.544919265412,1,10150.5924949646,7899.548248291016,11768.503024101257,3868.9547758102417,-0.5569487426696501,0,240,Rolling z-score,Unexplained anomaly,No mapped business context; investigate before drawing conclusions
store_day,2014-05-18,54,8657.766994476318,4687.411835670471,3970.355158805847,3.07267394582837,0,0,0,0.0,0,4687.411835670471,1292.1498436878467,1,10150.5924949646,7899.548248291016,11768.503024101257,3868.9547758102417,-0.3858472344576971,0,240,Rolling z-score,Unexplained anomaly,No mapped business context; investigate before drawing conclusions
store_day,2014-07-06,54,12587.106983184814,5102.581177847726,7484.525805337088,4.217291246850314,0,0,1,0.09090909090909091,0,5102.581177847726,1774.7234817910455,1,10150.5924949646,7899.548248291016,11768.503024101257,3868.9547758102417,0.6297603950953282,0,240,Rolling z-score,Unexplained anomaly,No mapped business context; investigate before drawing conclusions
store_day,2014-09-07,54,12174.715026855469,5454.296820129667,6720.418206725802,3.7657443740205063,0,0,1,0.18181818181818182,0,5454.296820129667,1784.6188002269337,1,10150.5924949646,7899.548248291016,11768.503024101257,3868.9547758102417,0.5231703778359557,0,240,Rolling z-score,Unexplained anomaly,No mapped business context; investigate before drawing conclusions
store_day,2014-12-24,54,11266.983142852783,7048.527908154896,4218.455234697887,1.836916204360032,1,0,1,0.30303030303030304,1,7048.527908154896,2296.4875723155624,0,4898.833995819092,3627.488251686096,6404.7397356033325,2777.2514839172363,2.2929681319502233,1,240,Weekday IQR,Business event,"Known business context overlaps the flag; review, do not treat as error"
store_day,2015-01-01,54,0.0,7478.597059658596,-7478.597059658596,-3.630749093314886,1,0,0,0.0,0,7478.597059658596,2059.7945127710855,1,4936.424503326416,3597.727999687195,5719.716248512268,2121.9882488250732,-2.3263203771555627,1,240,Rolling z-score + weekday IQR,Business event,"Known business context overlaps the flag; review, do not treat as error"
store_day,2015-05-03,54,9864.070999145508,5195.550071103232,4668.520928042276,3.275910948970746,0,0,1,0.15151515151515152,0,5195.550071103232,1425.106176805286,1,10150.5924949646,7899.548248291016,11768.503024101257,3868.9547758102417,-0.07405656370307097,0,240,Rolling z-score,Unexplained anomaly,No mapped business context; investigate before drawing conclusions
store_day,2015-05-31,54,13968.031997680664,5980.184178216116,7987.847819464548,4.224788237589619,0,0,1,0.09090909090909091,0,5980.184178216116,1890.7096333003137,1,10150.5924949646,7899.548248291016,11768.503024101257,3868.9547758102417,0.9866849637487973,0,240,Rolling z-score,Unexplained anomaly,No mapped business context; investigate before drawing conclusions
store_day,2015-12-23,54,10966.153095245361,7789.722571441105,3176.430523804256,1.3776281382727662,1,0,1,0.12121212121212122,0,7789.722571441105,2305.724190409453,0,4898.833995819092,3627.488251686096,6404.7397356033325,2777.2514839172363,2.184648792002258,1,240,Weekday IQR,Business event,"Known business context overlaps the flag; review, do not treat as error"
store_day,2015-12-24,54,12783.857028961182,8009.272717952728,4774.584311008453,2.071377776129347,1,0,1,0.2727272727272727,1,8009.272717952728,2305.028259948998,0,4936.424503326416,3597.727999687195,5719.716248512268,2121.9882488250732,3.6981507932382858,1,240,Weekday IQR,Business event,"Known business context overlaps the flag; review, do not treat as error"
store_day,2015-12-31,54,10824.850997924805,8336.136147831168,2488.7148500936364,1.0998765481787438,1,0,1,0.21212121212121213,0,8336.136147831168,2262.7219884037286,0,4936.424503326416,3597.727999687195,5719.716248512268,2121.9882488250732,2.774957164752802,1,240,Weekday IQR,Business event,"Known business context overlaps the flag; review, do not treat as error"
store_day,2016-01-01,54,0.0,8461.797646990844,-8461.797646990844,-3.6777726203679095,1,0,0,0.0,0,8461.797646990844,2300.7941274369377,1,5484.589996337891,3905.2140007019043,6590.304743766785,2685.0907430648804,-2.0426088058675957,0,240,Rolling z-score,Business event,"Known business context overlaps the flag; review, do not treat as error"
store_day,2016-04-03,54,13030.30099105835,7222.595643315996,5807.705347742353,3.7192991224129273,0,0,1,0.2727272727272727,1,7222.595643315996,1561.5053150053052,1,10150.5924949646,7899.548248291016,11768.503024101257,3868.9547758102417,0.7443117490280505,0,240,Rolling z-score,Business event,"Known business context overlaps the flag; review, do not treat as error"
store_day,2016-04-18,54,13905.224002838135,7221.309895481382,6683.9141073567525,3.638728898473101,0,1,1,0.3333333333333333,1,7221.309895481382,1836.8815852594803,1,6619.80099105835,4714.517999649048,8071.3989906311035,3356.8809909820557,2.170295292371516,1,241,Rolling z-score + weekday IQR,Business event,"Known business context overlaps the flag; review, do not treat as error"
store_day,2016-04-19,54,13269.655982971191,7476.427967309952,5793.22801566124,2.6029578808893192,0,1,1,0.30303030303030304,1,7476.427967309952,2225.6326382361367,0,6027.7695026397705,4078.7157487869263,7371.816268920898,3293.100520133972,2.199108844705658,1,242,Weekday IQR,Business event,"Known business context overlaps the flag; review, do not treat as error"
store_day,2016-04-20,54,11356.418014526367,7640.308287177767,3716.1097273486002,1.5027787621277664,0,1,1,0.30303030303030304,1,7640.308287177767,2472.8255555641504,0,4898.833995819092,3627.488251686096,6404.7397356033325,2777.2514839172363,2.3251707870541964,1,240,Weekday IQR,Business event,"Known business context overlaps the flag; review, do not treat as error"
store_day,2016-04-21,54,9238.60300064087,7822.678252049855,1415.9247485910146,0.5545081867068082,0,1,1,0.36363636363636365,1,7822.678252049855,2553.4785284237355,0,4936.424503326416,3597.727999687195,5719.716248512268,2121.9882488250732,2.0274280499416206,1,240,Weekday IQR,Business event,"Known business context overlaps the flag; review, do not treat as error"
store_day,2016-04-24,54,16920.77000427246,8043.7567151274,8877.013289145061,3.5139163001179687,0,1,1,0.3939393939393939,1,8043.7567151274,2526.2449446638907,1,10150.5924949646,7899.548248291016,11768.503024101257,3868.9547758102417,1.749872485363968,0,240,Rolling z-score,Business event,"Known business context overlaps the flag; review, do not treat as error"
store_day,2016-05-24,54,13200.321018218994,8093.195463793619,5107.125554425375,1.9651450702238855,0,0,1,0.7272727272727273,1,8093.195463793619,2598.8542178433318,0,6027.7695026397705,4078.7157487869263,7371.816268920898,3293.100520133972,2.1780542293581204,1,242,Weekday IQR,Business event,"Known business context overlaps the flag; review, do not treat as error"
store_day,2016-11-17,54,9304.738990783691,8199.767897810254,1104.9710929734374,0.5038627700481644,0,0,0,0.0,0,8199.767897810254,2193.000075929033,0,4936.424503326416,3597.727999687195,5719.716248512268,2121.9882488250732,2.058595041643597,1,240,Weekday IQR,Unexplained anomaly,No mapped business context; investigate before drawing conclusions
store_day,2016-12-02,54,12269.00606918335,8379.691515513829,3889.314553669521,1.9284748571076287,0,0,1,0.3939393939393939,1,8379.691515513829,2016.7826089798264,0,5484.589996337891,3905.2140007019043,6590.304743766785,2685.0907430648804,2.5266989915958775,1,240,Weekday IQR,Business event,"Known business context overlaps the flag; review, do not treat as error"
store_day,2016-12-22,54,10385.397048950195,9038.995456763676,1346.4015921865193,0.5885948425971984,1,0,1,0.42424242424242425,1,9038.995456763676,2287.4845220278658,0,4936.424503326416,3597.727999687195,5719.716248512268,2121.9882488250732,2.567861791242637,1,240,Weekday IQR,Business event,"Known business context overlaps the flag; review, do not treat as error"
store_day,2016-12-23,54,13149.344207763672,9176.097636972156,3973.246570791516,1.7680460140578418,1,0,1,0.42424242424242425,1,9176.097636972156,2247.2529216999956,0,5484.589996337891,3905.2140007019043,6590.304743766785,2685.0907430648804,2.854560588398176,1,240,Weekday IQR,Business event,"Known business context overlaps the flag; review, do not treat as error"
store_day,2016-12-24,54,17604.111038208008,9419.693784645626,8184.417253562382,3.5641715542989427,1,0,1,0.42424242424242425,1,9419.693784645626,2296.3028375249523,1,7299.169002532959,5559.0989990234375,8864.92798614502,3305.828987121582,3.117203604850614,1,241,Rolling z-score + weekday IQR,Business event,"Known business context overlaps the flag; review, do not treat as error"
store_day,2016-12-30,54,12068.755977630615,9736.678636891502,2332.0773407391134,0.8632522761440514,0,0,1,0.45454545454545453,1,9736.678636891502,2701.5015253199963,0,5484.589996337891,3905.2140007019043,6590.304743766785,2685.0907430648804,2.4521204723894243,1,240,Weekday IQR,Business event,"Known business context overlaps the flag; review, do not treat as error"
store_day,2016-12-31,54,14148.846008300781,9881.589955806732,4267.256052494049,1.57213084885254,1,0,1,0.3939393939393939,1,9881.589955806732,2714.3135417822346,0,7299.169002532959,5559.0989990234375,8864.92798614502,3305.828987121582,2.071999801699332,1,241,Weekday IQR,Business event,"Known business context overlaps the flag; review, do not treat as error"
store_day,2017-01-01,54,0.0,9948.727096489498,-9948.727096489498,-3.556260198166596,0,0,0,0.0,0,9948.727096489498,2797.525080312878,1,10150.5924949646,7899.548248291016,11768.503024101257,3868.9547758102417,-2.623600709532421,1,240,Rolling z-score + weekday IQR,Potential data issue,Extreme or zero value without mapped context; investigate source records
store_day,2017-01-02,54,13112.303993225098,9593.20345544815,3519.100537776947,1.0440601879965703,1,0,1,0.45454545454545453,1,9593.20345544815,3370.591636608317,0,6619.80099105835,4714.517999649048,8071.3989906311035,3356.8809909820557,1.9340879285289665,1,241,Weekday IQR,Business event,"Known business context overlaps the flag; review, do not treat as error"
store_day,2017-04-30,54,13321.46798324585,7975.612253393446,5345.855729852404,3.41703135364434,0,0,1,0.48484848484848486,1,7975.612253393446,1564.4737131694533,1,10150.5924949646,7899.548248291016,11768.503024101257,3868.9547758102417,0.8195690236821652,0,240,Rolling z-score,Business event,"Known business context overlaps the flag; review, do not treat as error"
store_day,2017-05-11,54,9070.579978942871,8465.506934438434,605.0730445044373,0.2897506952405244,0,0,1,0.45454545454545453,1,8465.506934438434,2088.253986766663,0,4936.424503326416,3597.727999687195,5719.716248512268,2121.9882488250732,1.948246168613564,1,240,Weekday IQR,Business event,"Known business context overlaps the flag; review, do not treat as error"
store_day,2017-05-12,54,10852.886976242065,8505.300755773273,2347.586220468793,1.123887728968052,0,0,1,0.3939393939393939,1,8505.300755773273,2088.808481452444,0,5484.589996337891,3905.2140007019043,6590.304743766785,2685.0907430648804,1.999298159203575,1,240,Weekday IQR,Business event,"Known business context overlaps the flag; review, do not treat as error"
store_day,2017-05-15,54,13391.213970184326,8786.900863034385,4604.313107149941,2.1293819083402257,0,0,1,0.48484848484848486,1,8786.900863034385,2162.2768039476923,0,6619.80099105835,4714.517999649048,8071.3989906311035,3356.8809909820557,2.0171739770688144,1,241,Weekday IQR,Business event,"Known business context overlaps the flag; review, do not treat as error"
store_day,2017-05-17,54,17721.08500289917,9037.660004411426,8683.424998487744,3.7723813560355524,0,0,1,0.45454545454545453,1,9037.660004411426,2301.8417755126634,1,4898.833995819092,3627.488251686096,6404.7397356033325,2777.2514839172363,4.616885104331513,1,240,Rolling z-score + weekday IQR,Business event,"Known business context overlaps the flag; review, do not treat as error"
store_day,2017-05-19,54,13040.337982177734,9518.96882547651,3521.3691567012247,1.3269709672434353,0,0,1,0.3939393939393939,1,9518.96882547651,2653.6896764337594,0,5484.589996337891,3905.2140007019043,6590.304743766785,2685.0907430648804,2.8139637386017657,1,240,Weekday IQR,Business event,"Known business context overlaps the flag; review, do not treat as error"
store_day,2017-06-05,54,22502.60401535034,10039.417003018516,12463.187012331826,3.9193441679379437,0,0,1,0.3939393939393939,1,10039.417003018516,3179.9164549738925,1,6619.80099105835,4714.517999649048,8071.3989906311035,3356.8809909820557,4.731416772581347,1,241,Rolling z-score + weekday IQR,Business event,"Known business context overlaps the flag; review, do not treat as error"
store_day,2017-06-11,54,23115.23699951172,10223.548217500958,12891.68878201076,3.187289147094658,0,0,1,0.3939393939393939,1,10223.548217500958,4044.7189404707924,1,10150.5924949646,7899.548248291016,11768.503024101257,3868.9547758102417,3.3509423748257814,1,240,Rolling z-score + weekday IQR,Business event,"Known business context overlaps the flag; review, do not treat as error"
store_day,2017-06-25,54,25723.127979278564,10274.040892328534,15449.08708695003,3.3960734580138547,0,0,1,0.3939393939393939,1,10274.040892328534,4549.102744080574,1,10150.5924949646,7899.548248291016,11768.503024101257,3868.9547758102417,4.024998064510264,1,240,Rolling z-score + weekday IQR,Business event,"Known business context overlaps the flag; review, do not treat as error"
store_day,2017-06-29,54,9035.37200164795,10416.361105782646,-1380.9891041346964,-0.25830532868339234,0,0,1,0.36363636363636365,1,10416.361105782646,5346.343844990476,0,4936.424503326416,3597.727999687195,5719.716248512268,2121.9882488250732,1.9316541929914481,1,240,Weekday IQR,Business event,"Known business context overlaps the flag; review, do not treat as error"
store_day,2017-07-01,54,16699.736976623535,10571.275248936245,6128.4617276872905,1.165635111192497,0,0,1,0.45454545454545453,1,10571.275248936245,5257.615928725413,0,7299.169002532959,5559.0989990234375,8864.92798614502,3305.828987121582,2.843634081107064,1,241,Weekday IQR,Business event,"Known business context overlaps the flag; review, do not treat as error"
store_day,2017-07-07,54,12429.157970428467,10408.807532991681,2020.3504374367858,0.4205900319197775,0,0,1,0.45454545454545453,1,10408.807532991681,4803.609891121108,0,5484.589996337891,3905.2140007019043,6590.304743766785,2685.0907430648804,2.5863438664138934,1,240,Weekday IQR,Business event,"Known business context overlaps the flag; review, do not treat as error"
store_day,2017-07-21,54,10845.985988616943,10148.917710712978,697.0682779039653,0.16977589876694402,0,0,1,0.3939393939393939,1,10148.917710712978,4105.814093559003,0,5484.589996337891,3905.2140007019043,6590.304743766785,2685.0907430648804,1.996728045831077,1,240,Weekday IQR,Business event,"Known business context overlaps the flag; review, do not treat as error"
store_day,2017-08-01,54,12465.412971496582,9990.763064111981,2474.6499073846007,0.8245781448592177,0,0,1,0.36363636363636365,1,9990.763064111981,3001.1102317138225,0,6027.7695026397705,4078.7157487869263,7371.816268920898,3293.100520133972,1.9548882366320572,1,242,Weekday IQR,Business event,"Known business context overlaps the flag; review, do not treat as error"
store_day,2017-08-06,54,18411.669982910156,10072.616923195976,8339.05305971418,2.872640939063383,0,0,1,0.42424242424242425,1,10072.616923195976,2902.922166956622,0,10150.5924949646,7899.548248291016,11768.503024101257,3868.9547758102417,2.1352220345391633,1,240,Weekday IQR,Business event,"Known business context overlaps the flag; review, do not treat as error"
store_day,2017-08-10,54,9757.816009521484,10349.022208350045,-591.2061988285604,-0.18081624126639945,0,0,1,0.42424242424242425,1,10349.022208350045,3269.652077091498,0,4936.424503326416,3597.727999687195,5719.716248512268,2121.9882488250732,2.272110370481378,1,240,Weekday IQR,Business event,"Known business context overlaps the flag; review, do not treat as error"
store_day,2017-08-15,54,12666.857971191406,10458.010566711426,2208.8474044799805,0.740695076435205,0,0,1,0.3333333333333333,1,10458.010566711426,2982.127834723372,0,6027.7695026397705,4078.7157487869263,7371.816268920898,3293.100520133972,2.0160600710365015,1,242,Weekday IQR,Business event,"Known business context overlaps the flag; review, do not treat as error"
